# Blender 5.0.1
# www.blender.org
mtllib plane.mtl
o Plane
v -14.030944 0.472193 13.950694
v 13.933943 0.276825 13.928576
v -13.900768 -0.006641 -13.911607
v 13.874748 -0.006641 -13.911607
v -13.900768 -0.006641 -13.568700
v -13.900768 -0.006641 -13.225792
v -13.900768 -0.006641 -12.882885
v -13.900768 -0.006641 -12.539977
v -13.900768 -0.006641 -12.197070
v -13.900768 -0.006641 -11.854162
v -13.900768 -0.006641 -11.511255
v -13.900768 -0.006641 -11.168347
v -13.900768 -0.006641 -10.825440
v -13.900768 -0.006641 -10.482533
v -13.900768 -0.002636 -10.139626
v -13.900768 0.013006 -9.796718
v -13.900768 0.032112 -9.453811
v -13.900768 0.049798 -9.110903
v -13.900768 0.057341 -8.767996
v -13.900768 0.051076 -8.425088
v -13.900768 0.031641 -8.082181
v -13.900768 0.007747 -7.739273
v -13.900768 -0.006128 -7.396366
v -13.900768 -0.006641 -7.053458
v -13.900768 -0.006641 -6.710550
v -13.900768 -0.006641 -6.367642
v -13.900768 -0.006641 -6.024734
v -13.900768 -0.006641 -5.681827
v -13.900768 -0.006641 -5.338919
v -13.900768 -0.006641 -4.996011
v -13.900768 -0.006641 -4.653103
v -13.900768 -0.006641 -4.310195
v -13.900768 -0.006641 -3.967288
v -13.900768 -0.002026 -3.624380
v -13.900768 0.028685 -3.281472
v -13.900771 0.099373 -2.938573
v -13.900784 0.188276 -2.595716
v -13.900846 0.272487 -2.253093
v -13.900975 0.315290 -1.910958
v -13.901220 0.304917 -1.569923
v -13.901616 0.250542 -1.231361
v -13.902068 0.181978 -0.897179
v -13.908147 0.150616 -0.572590
v -13.929121 0.166955 -0.260181
v -13.981736 0.241357 0.047308
v -14.070442 0.381557 0.358915
v -14.189912 0.580938 0.676148
v -14.322764 0.811058 0.998946
v -14.439204 1.035807 1.325502
v -14.522729 1.222608 1.659617
v -14.567530 1.360533 2.004278
v -14.579565 1.452136 2.349128
v -14.568059 1.516029 2.679763
v -14.544037 1.571849 2.981172
v -14.518878 1.620976 3.252923
v -14.495468 1.657268 3.502568
v -14.485878 1.701832 3.719922
v -14.486982 1.763894 3.899609
v -14.489369 1.854311 4.038019
v -14.495945 1.975633 4.131745
v -14.504642 2.117372 4.184902
v -14.518021 2.273288 4.215972
v -14.536983 2.427580 4.246304
v -14.569226 2.585769 4.300321
v -14.624401 2.742141 4.409953
v -14.705779 2.933343 4.593494
v -14.804699 3.256389 4.909058
v -14.830646 3.731682 5.380110
v -14.721403 4.109620 6.103301
v -14.533419 4.132957 7.230514
v -14.417250 4.090949 8.263917
v -14.377070 4.133586 9.045626
v -14.364890 4.174953 9.660531
v -14.364175 4.205827 10.134952
v -14.360346 4.162941 10.574220
v -14.360303 4.038221 10.996195
v -14.368195 3.821750 11.407572
v -14.386621 3.501674 11.810092
v -14.407774 3.074600 12.194147
v -14.415119 2.598490 12.544276
v -14.387634 2.128370 12.858206
v -14.316401 1.658422 13.141953
v -14.219634 1.207977 13.407818
v -14.117600 0.797900 13.671393
v -13.709967 0.653358 13.962808
v -13.377985 0.863310 13.977180
v -13.029603 1.117301 13.997019
v -12.654094 1.379189 14.017133
v -12.249142 1.592135 14.029010
v -11.826141 1.700770 14.023758
v -11.383503 1.698632 14.019154
v -10.914173 1.601588 14.056394
v -10.353619 1.482018 14.201469
v -9.689436 1.397980 14.420789
v -9.114820 1.340499 14.558724
v -8.691902 1.287939 14.590755
v -8.371765 1.250599 14.564350
v -8.108971 1.242379 14.506137
v -7.879890 1.262606 14.426744
v -7.673718 1.291639 14.332609
v -7.480693 1.314116 14.230551
v -7.290553 1.328285 14.127387
v -7.091704 1.334465 14.031750
v -6.868497 1.318684 13.956366
v -6.606951 1.285521 13.909429
v -6.312953 1.243326 13.884085
v -5.997913 1.191065 13.870906
v -5.665964 1.125800 13.865986
v -5.326741 1.028636 13.864433
v -4.984919 0.900239 13.864004
v -4.642227 0.737403 13.863923
v -4.299358 0.555064 13.863910
v -3.956450 0.374838 13.863910
v -3.612133 0.232749 13.864491
v -3.263059 0.167258 13.867129
v -2.911329 0.203664 13.870987
v -2.559895 0.338398 13.874792
v -2.211414 0.550319 13.877375
v -1.867542 0.787741 13.877983
v -1.528405 1.004770 13.876513
v -1.192654 1.180257 13.873486
v -0.857747 1.304314 13.869964
v -0.520965 1.391319 13.867117
v -0.181951 1.448704 13.865201
v 0.159004 1.489536 13.864221
v 0.501429 1.512640 13.864000
v 0.843828 1.520266 13.864125
v 1.185440 1.512123 13.864742
v 1.525488 1.494832 13.866222
v 1.862433 1.470050 13.869313
v 2.196359 1.443781 13.873614
v 2.529224 1.410033 13.878434
v 2.861639 1.355389 13.882968
v 3.195214 1.272861 13.886697
v 3.532758 1.149796 13.889365
v 3.876315 0.984016 13.890411
v 4.225939 0.789725 13.889241
v 4.577413 0.649194 13.886354
v 4.924860 0.601355 13.883487
v 5.264686 0.636481 13.883959
v 5.596026 0.727885 13.888989
v 5.917131 0.842799 13.898858
v 6.229758 0.949177 13.915749
v 6.535201 1.026153 13.942451
v 6.837807 1.049976 13.978798
v 7.143726 1.023222 14.021031
v 7.461146 0.953494 14.060852
v 7.795123 0.865738 14.089863
v 8.143197 0.811543 14.104901
v 8.497411 0.878581 14.110014
v 8.863282 1.091872 14.096107
v 9.288043 1.423709 14.053351
v 9.760458 1.714878 14.022201
v 10.204263 1.853862 14.030519
v 10.609279 1.887186 14.059632
v 10.985559 1.853259 14.091116
v 11.342513 1.787413 14.112063
v 11.686865 1.710875 14.116313
v 12.025797 1.615209 14.105226
v 12.359050 1.487138 14.081411
v 12.686912 1.310286 14.051697
v 13.006873 1.059334 14.020514
v 13.318791 0.767461 13.987602
v 13.624419 0.488629 13.954780
v 13.964905 0.474355 13.595218
v 13.999019 0.696788 13.249342
v 14.026057 0.866816 12.893712
v 14.041982 0.962915 12.536159
v 14.045465 1.023759 12.181465
v 14.036675 1.068235 11.832090
v 14.018962 1.088771 11.489108
v 13.992344 1.049543 11.146283
v 13.959815 0.891013 10.800073
v 13.925572 0.629479 10.450819
v 13.896123 0.336059 10.100112
v 13.879972 0.109547 9.751169
v 13.874751 0.003903 9.406115
v 13.874748 -0.006641 9.063206
v 13.874748 -0.006641 8.720299
v 13.874748 -0.006641 8.377391
v 13.874748 -0.006641 8.034484
v 13.874748 -0.006641 7.691577
v 13.874748 -0.006641 7.348670
v 13.874748 -0.006641 7.005762
v 13.874748 -0.006641 6.662854
v 13.874748 -0.006641 6.319946
v 13.874748 -0.006641 5.977038
v 13.874748 -0.006641 5.634131
v 13.874748 -0.006641 5.291223
v 13.874748 -0.006641 4.948315
v 13.874748 -0.006641 4.605407
v 13.874748 -0.006641 4.262499
v 13.874748 -0.004457 3.919592
v 13.874748 0.005610 3.576684
v 13.874748 0.018567 3.233776
v 13.874748 0.033308 2.890869
v 13.874748 0.047508 2.547961
v 13.874748 0.055762 2.205053
v 13.874748 0.059888 1.862146
v 13.874748 0.056128 1.519238
v 13.874748 0.044926 1.176331
v 13.874748 0.030940 0.833423
v 13.874748 0.012682 0.490515
v 13.874748 -0.002289 0.147608
v 13.874748 -0.006424 -0.195300
v 13.874748 0.024159 -0.538208
v 13.874748 0.098477 -0.881115
v 13.874748 0.186700 -1.224023
v 13.874748 0.263391 -1.566931
v 13.874748 0.310470 -1.909838
v 13.874748 0.318785 -2.252746
v 13.874748 0.289416 -2.595654
v 13.874748 0.232140 -2.938561
v 13.874748 0.158727 -3.281469
v 13.874748 0.089280 -3.624377
v 13.874748 0.033555 -3.967284
v 13.874748 0.002820 -4.310192
v 13.874748 -0.006641 -4.653100
v 13.874748 -0.006641 -4.996008
v 13.874748 -0.006641 -5.338916
v 13.874748 -0.006641 -5.681823
v 13.874748 -0.006641 -6.024731
v 13.874748 -0.006641 -6.367639
v 13.874748 -0.006641 -6.710546
v 13.874748 -0.006641 -7.053454
v 13.874748 -0.006641 -7.396361
v 13.874748 -0.006641 -7.739269
v 13.874748 -0.006641 -8.082177
v 13.874748 -0.006641 -8.425084
v 13.874748 -0.006641 -8.767992
v 13.874748 -0.006641 -9.110899
v 13.874748 -0.006641 -9.453806
v 13.874748 -0.006641 -9.796714
v 13.874748 -0.006641 -10.139621
v 13.874748 -0.006641 -10.482529
v 13.874748 -0.006641 -10.825437
v 13.874748 -0.006641 -11.168344
v 13.874748 -0.006641 -11.511251
v 13.874748 -0.006641 -11.854160
v 13.874748 -0.006641 -12.197068
v 13.874748 -0.006641 -12.539975
v 13.874748 -0.006641 -12.882883
v 13.874748 -0.006641 -13.225791
v 13.874748 -0.006641 -13.568700
v 13.531841 -0.006641 -13.911607
v 13.188933 -0.006641 -13.911607
v 12.846026 -0.006641 -13.911607
v 12.503119 -0.006641 -13.911607
v 12.160212 -0.006641 -13.911607
v 11.817304 -0.006641 -13.911607
v 11.474397 -0.006641 -13.911607
v 11.131489 -0.006641 -13.911607
v 10.788582 -0.006641 -13.911607
v 10.445674 -0.006641 -13.911607
v 10.102767 -0.006641 -13.911607
v 9.759859 -0.006641 -13.911607
v 9.416952 -0.006641 -13.911607
v 9.074044 -0.006641 -13.911607
v 8.731137 -0.006641 -13.911607
v 8.388229 -0.006641 -13.911607
v 8.045322 -0.006641 -13.911607
v 7.702415 -0.006641 -13.911607
v 7.359507 -0.006641 -13.911607
v 7.016600 -0.006641 -13.911607
v 6.673692 -0.006641 -13.911607
v 6.330784 -0.006641 -13.911607
v 5.987876 -0.006641 -13.911607
v 5.644969 -0.006641 -13.911607
v 5.302061 -0.006641 -13.911607
v 4.959153 -0.006641 -13.911607
v 4.616245 -0.006641 -13.911607
v 4.273337 -0.006641 -13.911607
v 3.930429 -0.006641 -13.911607
v 3.587521 -0.006641 -13.911607
v 3.244614 -0.006641 -13.911607
v 2.901706 -0.006641 -13.911607
v 2.558799 -0.006641 -13.911607
v 2.215891 -0.006641 -13.911607
v 1.872983 -0.006641 -13.911607
v 1.530076 -0.006641 -13.911607
v 1.187168 -0.006641 -13.911607
v 0.844260 -0.006641 -13.911607
v 0.501353 -0.006641 -13.911607
v 0.158445 -0.006641 -13.911607
v -0.184462 -0.006641 -13.911607
v -0.527370 -0.006641 -13.911607
v -0.870278 -0.006641 -13.911607
v -1.213185 -0.006641 -13.911607
v -1.556093 -0.005970 -13.911607
v -1.899001 -0.001951 -13.911607
v -2.241909 0.010032 -13.911607
v -2.584816 0.032124 -13.911607
v -2.927724 0.056697 -13.911607
v -3.270631 0.071643 -13.911607
v -3.613539 0.069278 -13.911607
v -3.956447 0.059090 -13.911607
v -4.299355 0.078683 -13.911607
v -4.642262 0.138562 -13.911607
v -4.985170 0.223791 -13.911607
v -5.328078 0.312799 -13.911607
v -5.670986 0.372885 -13.911607
v -6.013894 0.382661 -13.911607
v -6.356801 0.336886 -13.911607
v -6.699709 0.246486 -13.911607
v -7.042616 0.141536 -13.911607
v -7.385524 0.074878 -13.911607
v -7.728431 0.066802 -13.911607
v -8.071339 0.136292 -13.911607
v -8.414246 0.264734 -13.911607
v -8.757154 0.427205 -13.911607
v -9.100060 0.606275 -13.911607
v -9.442967 0.781296 -13.911607
v -9.785875 0.908644 -13.911607
v -10.128782 0.973484 -13.911607
v -10.471690 0.977764 -13.911607
v -10.814598 0.911442 -13.911607
v -11.157506 0.764235 -13.911607
v -11.500413 0.550362 -13.911607
v -11.843322 0.330825 -13.911607
v -12.186230 0.175179 -13.911607
v -12.529137 0.075845 -13.911607
v -12.872045 0.016430 -13.911607
v -13.214952 -0.006286 -13.911607
v -13.557861 -0.006641 -13.911607
v -13.812467 1.079713 13.705153
v -13.925052 1.603596 13.462739
v -14.014439 2.177474 13.208967
v -14.042803 2.770668 12.916984
v -14.014925 3.305227 12.574969
v -13.967859 3.764217 12.191479
v -13.928370 4.116043 11.788259
v -13.909687 4.358881 11.381925
v -13.915425 4.524507 10.977570
v -13.937379 4.614214 10.569709
v -13.966597 4.630156 10.145189
v -13.994340 4.598466 9.654459
v -14.025375 4.568882 9.010097
v -14.071401 4.558209 8.194285
v -14.191619 4.662135 7.097144
v -14.367516 4.648979 5.953943
v -14.485336 4.250181 5.192348
v -14.448643 3.748328 4.668228
v -14.305952 3.419904 4.282748
v -14.206265 3.242748 4.050689
v -14.162178 3.113000 3.908584
v -14.150825 2.995490 3.811605
v -14.158069 2.879676 3.747082
v -14.169136 2.763411 3.696199
v -14.179293 2.651348 3.640631
v -14.183910 2.539606 3.573579
v -14.183249 2.442292 3.483327
v -14.176149 2.362280 3.363598
v -14.172123 2.298520 3.210340
v -14.178761 2.240321 3.024090
v -14.186668 2.170419 2.814125
v -14.193120 2.094334 2.569127
v -14.193413 2.000320 2.275747
v -14.180430 1.874023 1.942515
v -14.143858 1.702479 1.590166
v -14.073717 1.485687 1.229761
v -13.968568 1.227977 0.867013
v -13.840322 0.961869 0.514263
v -13.723267 0.723651 0.193859
v -13.637423 0.554521 -0.091232
v -13.587092 0.464947 -0.365870
v -13.566936 0.454308 -0.647012
v -13.561259 0.505636 -0.941216
v -13.560401 0.570803 -1.253204
v -13.559308 0.608002 -1.579141
v -13.558523 0.590753 -1.914207
v -13.558106 0.506011 -2.254050
v -13.557937 0.367709 -2.595994
v -13.557871 0.207456 -2.938592
v -13.557862 0.080838 -3.281472
v -13.557861 0.010782 -3.624377
v -13.557861 -0.006641 -3.967284
v -13.557861 -0.006641 -4.310192
v -13.557861 -0.006641 -4.653100
v -13.557861 -0.006641 -4.996008
v -13.557861 -0.006641 -5.338916
v -13.557861 -0.006641 -5.681823
v -13.557861 -0.006641 -6.024731
v -13.557861 -0.006641 -6.367639
v -13.557861 -0.006641 -6.710546
v -13.557861 -0.003783 -7.053454
v -13.557861 0.021034 -7.396361
v -13.557861 0.067967 -7.739269
v -13.557861 0.116625 -8.082177
v -13.557861 0.156870 -8.425084
v -13.557861 0.177049 -8.767992
v -13.557861 0.167554 -9.110899
v -13.557861 0.130401 -9.453806
v -13.557861 0.078591 -9.796714
v -13.557861 0.032439 -10.139621
v -13.557861 -0.000199 -10.482529
v -13.557861 -0.006641 -10.825437
v -13.557861 -0.006641 -11.168344
v -13.557861 -0.006641 -11.511251
v -13.557861 -0.006641 -11.854160
v -13.557861 -0.006641 -12.197068
v -13.557861 -0.006641 -12.539975
v -13.557861 -0.006641 -12.882883
v -13.557861 -0.006641 -13.225791
v -13.557861 -0.006641 -13.568700
v -13.488351 1.418070 13.744987
v -13.592010 2.073502 13.520144
v -13.628692 2.775477 13.258618
v -13.587125 3.400890 12.928900
v -13.509090 3.895445 12.548225
v -13.442713 4.271794 12.141847
v -13.409624 4.550155 11.734185
v -13.413367 4.765095 11.333621
v -13.441829 4.910840 10.940714
v -13.484479 4.982102 10.549073
v -13.535185 4.986819 10.135721
v -13.587420 4.946743 9.645988
v -13.637858 4.907237 9.002469
v -13.693176 4.885026 8.181726
v -13.803886 4.964783 7.121891
v -13.968884 4.958103 5.979417
v -14.088820 4.582299 5.150967
v -14.036318 4.052182 4.606905
v -13.856380 3.675095 4.223779
v -13.735752 3.461752 3.973988
v -13.696104 3.329594 3.807991
v -13.698920 3.227403 3.680221
v -13.721630 3.140291 3.579332
v -13.744881 3.060541 3.494805
v -13.764790 2.986290 3.413575
v -13.776823 2.912529 3.330319
v -13.778078 2.845549 3.239891
v -13.769958 2.789304 3.132022
v -13.754820 2.741144 3.001181
v -13.746156 2.694939 2.843464
v -13.732647 2.644489 2.663383
v -13.715842 2.586763 2.450650
v -13.697751 2.511343 2.183068
v -13.674979 2.404427 1.852320
v -13.641586 2.239564 1.482552
v -13.588272 2.014038 1.091494
v -13.510383 1.737389 0.684285
v -13.412353 1.438278 0.290030
v -13.326325 1.154474 -0.032336
v -13.264690 0.960213 -0.283708
v -13.232957 0.848179 -0.504475
v -13.222193 0.816168 -0.739115
v -13.220011 0.837154 -1.000711
v -13.219299 0.867372 -1.286041
v -13.217678 0.873728 -1.594718
v -13.216290 0.828694 -1.920256
v -13.215476 0.714184 -2.256062
v -13.215101 0.528179 -2.596364
v -13.214984 0.314082 -2.938693
v -13.214957 0.132293 -3.281479
v -13.214953 0.026618 -3.624377
v -13.214953 -0.006243 -3.967284
v -13.214953 -0.006641 -4.310192
v -13.214953 -0.006641 -4.653100
v -13.214953 -0.006641 -4.996008
v -13.214953 -0.006641 -5.338916
v -13.214953 -0.006641 -5.681823
v -13.214953 -0.006641 -6.024731
v -13.214953 -0.006641 -6.367639
v -13.214953 -0.005192 -6.710546
v -13.214953 0.017318 -7.053454
v -13.214953 0.075998 -7.396361
v -13.214953 0.152520 -7.739269
v -13.214953 0.240425 -8.082177
v -13.214953 0.318120 -8.425084
v -13.214953 0.357689 -8.767992
v -13.214953 0.346493 -9.110899
v -13.214953 0.287181 -9.453806
v -13.214953 0.195567 -9.796714
v -13.214953 0.103074 -10.139621
v -13.214953 0.036873 -10.482529
v -13.214953 -0.001591 -10.825437
v -13.214953 -0.006641 -11.168344
v -13.214953 -0.006641 -11.511251
v -13.214953 -0.006641 -11.854160
v -13.214953 -0.006641 -12.197068
v -13.214953 -0.006641 -12.539975
v -13.214953 -0.006641 -12.882883
v -13.214953 -0.006552 -13.225791
v -13.214953 -0.005986 -13.568700
v -13.129699 1.807208 13.788236
v -13.184471 2.599734 13.566842
v -13.147302 3.330909 13.265930
v -13.048003 3.894498 12.892135
v -12.955812 4.293988 12.489311
v -12.901940 4.591550 12.081955
v -12.892428 4.843205 11.680382
v -12.916363 5.047531 11.288122
v -12.963531 5.203813 10.900053
v -13.021493 5.287444 10.515449
v -13.087173 5.293602 10.112951
v -13.156202 5.237265 9.643913
v -13.223293 5.163335 9.029521
v -13.289555 5.103206 8.224889
v -13.392527 5.120580 7.213235
v -13.547336 5.100340 6.097448
v -13.659941 4.755312 5.207623
v -13.588152 4.199735 4.655948
v -13.383922 3.744577 4.326505
v -13.250206 3.464164 4.102138
v -13.212727 3.318608 3.925390
v -13.222150 3.236675 3.772678
v -13.254427 3.182562 3.636498
v -13.282563 3.138104 3.517867
v -13.304331 3.097205 3.408553
v -13.314590 3.057305 3.303372
v -13.310819 3.020465 3.198359
v -13.297075 2.989208 3.082134
v -13.271270 2.962190 2.948611
v -13.245747 2.934060 2.792660
v -13.211754 2.902016 2.618289
v -13.175622 2.859648 2.407983
v -13.147100 2.797148 2.139652
v -13.122818 2.704172 1.804659
v -13.095236 2.553554 1.426634
v -13.058340 2.332403 1.022874
v -13.003199 2.066230 0.590554
v -12.933877 1.762495 0.164122
v -12.888401 1.462327 -0.187845
v -12.869685 1.259829 -0.433776
v -12.869334 1.137080 -0.620262
v -12.873664 1.074407 -0.815922
v -12.877732 1.059920 -1.049618
v -12.877526 1.057962 -1.315191
v -12.875734 1.036575 -1.609265
v -12.873918 0.969445 -1.926281
v -12.872782 0.832876 -2.257881
v -12.872256 0.620608 -2.596919
v -12.872094 0.371654 -2.938792
v -12.872051 0.158939 -3.281491
v -12.872046 0.033566 -3.624377
v -12.872046 -0.006202 -3.967284
v -12.872046 -0.006641 -4.310192
v -12.872046 -0.006641 -4.653100
v -12.872046 -0.006641 -4.996008
v -12.872046 -0.006641 -5.338916
v -12.872046 -0.006641 -5.681823
v -12.872046 -0.006641 -6.024731
v -12.872046 -0.006641 -6.367639
v -12.872046 0.004460 -6.710546
v -12.872046 0.050626 -7.053454
v -12.872046 0.136937 -7.396361
v -12.872046 0.257688 -7.739269
v -12.872046 0.394619 -8.082177
v -12.872046 0.506882 -8.425084
v -12.872046 0.568674 -8.767992
v -12.872046 0.564120 -9.110899
v -12.872046 0.496420 -9.453806
v -12.872046 0.377146 -9.796714
v -12.872046 0.235899 -10.139621
v -12.872046 0.112232 -10.482529
v -12.872046 0.033669 -10.825437
v -12.872046 0.004024 -11.168344
v -12.872046 0.000603 -11.511251
v -12.872046 -0.000673 -11.854160
v -12.872046 -0.003100 -12.197068
v -12.872046 -0.004190 -12.539975
v -12.872046 0.003633 -12.882883
v -12.872046 0.013818 -13.225791
v -12.872045 0.018684 -13.568700
v -12.716939 2.199681 13.826196
v -12.704987 3.049564 13.582827
v -12.606581 3.729689 13.237015
v -12.497602 4.193150 12.838299
v -12.421354 4.508473 12.432484
v -12.389666 4.767362 12.032029
v -12.394766 5.007050 11.636027
v -12.426984 5.242963 11.240273
v -12.479718 5.443678 10.847445
v -12.543564 5.564479 10.460907
v -12.614826 5.580628 10.071676
v -12.695055 5.496955 9.640670
v -12.779152 5.361770 9.083291
v -12.859284 5.232835 8.325095
v -12.954554 5.158595 7.369329
v -13.102290 5.097779 6.285428
v -13.205097 4.766392 5.351433
v -13.099759 4.171236 4.831348
v -12.876180 3.606179 4.620546
v -12.737358 3.234625 4.481300
v -12.703128 3.074683 4.307689
v -12.714995 3.027632 4.120333
v -12.747224 3.024523 3.938163
v -12.775832 3.029260 3.777324
v -12.790886 3.031083 3.632787
v -12.792376 3.028436 3.498451
v -12.780720 3.025594 3.364653
v -12.757174 3.023317 3.221312
v -12.726450 3.020380 3.059899
v -12.681288 3.010012 2.887707
v -12.630188 2.989758 2.693959
v -12.584970 2.953512 2.453387
v -12.563541 2.886057 2.151786
v -12.556045 2.780098 1.798254
v -12.547704 2.621830 1.416565
v -12.529259 2.415360 1.009450
v -12.489209 2.181896 0.571990
v -12.448639 1.895923 0.140692
v -12.445645 1.608391 -0.236379
v -12.472911 1.412303 -0.494554
v -12.502971 1.287660 -0.676555
v -12.524611 1.208286 -0.855822
v -12.533674 1.168258 -1.074226
v -12.534426 1.139434 -1.330423
v -12.532916 1.092963 -1.617158
v -12.531099 1.002858 -1.929563
v -12.529903 0.845271 -2.258999
v -12.529356 0.617309 -2.597271
v -12.529186 0.357028 -2.938857
v -12.529143 0.144305 -3.281498
v -12.529139 0.025102 -3.624377
v -12.529139 -0.006641 -3.967284
v -12.529139 -0.006641 -4.310192
v -12.529139 -0.006641 -4.653100
v -12.529139 -0.006641 -4.996008
v -12.529139 -0.006641 -5.338916
v -12.529139 -0.006641 -5.681823
v -12.529139 -0.006641 -6.024731
v -12.529139 -0.006244 -6.367639
v -12.529139 0.015956 -6.710546
v -12.529139 0.079633 -7.053454
v -12.529139 0.195831 -7.396361
v -12.529139 0.361740 -7.739269
v -12.529139 0.538842 -8.082177
v -12.529139 0.684762 -8.425084
v -12.529139 0.769031 -8.767992
v -12.529139 0.785739 -9.110899
v -12.529139 0.739328 -9.453806
v -12.529139 0.643009 -9.796714
v -12.529139 0.507218 -10.139621
v -12.529139 0.358455 -10.482529
v -12.529139 0.238660 -10.825437
v -12.529139 0.165066 -11.168344
v -12.529139 0.122390 -11.511251
v -12.529139 0.090064 -11.854160
v -12.529139 0.065932 -12.197068
v -12.529139 0.064514 -12.539975
v -12.529139 0.073918 -12.882883
v -12.529138 0.084818 -13.225791
v -12.529137 0.088729 -13.568700
v -12.257057 2.501165 13.842835
v -12.181183 3.349664 13.568871
v -12.068294 3.942973 13.193879
v -11.974737 4.332511 12.789998
v -11.912370 4.609682 12.392382
v -11.887311 4.849257 11.998476
v -11.893299 5.113046 11.597669
v -11.918403 5.417314 11.180061
v -11.960445 5.700743 10.760018
v -12.013943 5.878404 10.356314
v -12.079845 5.908828 9.976424
v -12.169438 5.788479 9.591817
v -12.279246 5.554151 9.127028
v -12.393559 5.306024 8.454041
v -12.496463 5.097302 7.570815
v -12.625831 4.940418 6.555030
v -12.705245 4.576175 5.634307
v -12.548839 3.877521 5.237621
v -12.300529 3.189509 5.217756
v -12.189905 2.791923 5.110507
v -12.189699 2.610740 4.919007
v -12.217226 2.554873 4.704389
v -12.241891 2.579837 4.486515
v -12.251837 2.640676 4.277983
v -12.243956 2.705555 4.083848
v -12.221836 2.764229 3.897445
v -12.192595 2.821280 3.705429
v -12.161082 2.871809 3.502037
v -12.120062 2.902244 3.298051
v -12.072270 2.912568 3.083924
v -12.027850 2.900258 2.838859
v -12.006238 2.866082 2.542949
v -12.008038 2.807971 2.197186
v -12.019623 2.706510 1.821481
v -12.027776 2.553456 1.435299
v -12.020897 2.372321 1.028099
v -11.998932 2.166820 0.595008
v -11.989633 1.908164 0.162147
v -12.027432 1.648210 -0.223011
v -12.089929 1.465822 -0.488286
v -12.141490 1.337366 -0.676284
v -12.173698 1.244552 -0.857762
v -12.186949 1.176789 -1.074162
v -12.189617 1.120744 -1.329837
v -12.189013 1.046786 -1.616723
v -12.187705 0.929833 -1.929465
v -12.186777 0.751339 -2.259142
v -12.186381 0.514958 -2.597160
v -12.186258 0.272491 -2.938839
v -12.186234 0.092665 -3.281492
v -12.186232 0.006680 -3.624377
v -12.186232 -0.006641 -3.967284
v -12.186232 -0.006641 -4.310192
v -12.186232 -0.006641 -4.653100
v -12.186232 -0.006641 -4.996008
v -12.186232 -0.006641 -5.338916
v -12.186232 -0.006641 -5.681823
v -12.186232 -0.006641 -6.024731
v -12.186232 -0.005036 -6.367639
v -12.186232 0.022820 -6.710546
v -12.186232 0.096319 -7.053454
v -12.186232 0.237043 -7.396361
v -12.186232 0.433562 -7.739269
v -12.186232 0.643586 -8.082177
v -12.186232 0.820698 -8.425084
v -12.186232 0.943314 -8.767992
v -12.186232 0.999479 -9.110899
v -12.186232 0.997761 -9.453806
v -12.186232 0.944741 -9.796714
v -12.186232 0.852640 -10.139621
v -12.186232 0.736612 -10.482529
v -12.186232 0.621798 -10.825437
v -12.186232 0.526273 -11.168344
v -12.186232 0.448636 -11.511251
v -12.186232 0.379614 -11.854160
v -12.186232 0.333524 -12.197068
v -12.186232 0.304843 -12.539975
v -12.186232 0.279030 -12.882883
v -12.186231 0.247698 -13.225791
v -12.186230 0.212643 -13.568700
v -11.763026 2.667352 13.834687
v -11.653158 3.478744 13.536405
v -11.546128 4.018174 13.154235
v -11.440740 4.407847 12.765766
v -11.362960 4.707988 12.386969
v -11.321240 4.980716 12.003564
v -11.303247 5.329564 11.578939
v -11.304075 5.726790 11.109056
v -11.325721 6.031465 10.637263
v -11.363681 6.196325 10.202284
v -11.427222 6.218686 9.815527
v -11.524069 6.084621 9.467070
v -11.666644 5.776686 9.108607
v -11.835770 5.353613 8.597020
v -11.993389 4.948990 7.812076
v -12.122866 4.603024 6.919323
v -12.128842 4.077399 6.183610
v -11.906222 3.221526 6.032429
v -11.721385 2.654166 5.892885
v -11.687495 2.394828 5.611315
v -11.717464 2.247178 5.350842
v -11.770561 2.160361 5.121974
v -11.808009 2.132398 4.912331
v -11.816313 2.160547 4.706884
v -11.785069 2.231910 4.499540
v -11.723377 2.342505 4.279406
v -11.646548 2.471200 4.046968
v -11.568419 2.589769 3.804206
v -11.503973 2.682122 3.548149
v -11.459772 2.736082 3.273643
v -11.449590 2.749955 2.969476
v -11.481933 2.718661 2.632878
v -11.530238 2.644590 2.268349
v -11.557952 2.554208 1.879633
v -11.564183 2.431569 1.479961
v -11.560914 2.280316 1.060811
v -11.556733 2.085419 0.623636
v -11.580411 1.839701 0.194036
v -11.646183 1.621923 -0.181616
v -11.723066 1.458564 -0.446155
v -11.781034 1.324919 -0.646109
v -11.816339 1.206988 -0.840269
v -11.834612 1.099356 -1.063226
v -11.842463 0.998460 -1.320541
v -11.844063 0.890751 -1.611439
v -11.843842 0.746060 -1.927385
v -11.843531 0.554654 -2.258380
v -11.843385 0.337515 -2.596843
v -11.843334 0.148381 -2.938735
v -11.843325 0.031927 -3.281479
v -11.843324 -0.005652 -3.624377
v -11.843324 -0.006641 -3.967284
v -11.843324 -0.006641 -4.310192
v -11.843324 -0.006641 -4.653100
v -11.843324 -0.006641 -4.996008
v -11.843324 -0.006641 -5.338916
v -11.843324 -0.006641 -5.681823
v -11.843324 -0.006641 -6.024731
v -11.843324 -0.005257 -6.367639
v -11.843324 0.021786 -6.710546
v -11.843324 0.095871 -7.053454
v -11.843324 0.242618 -7.396361
v -11.843324 0.457701 -7.739269
v -11.843324 0.700379 -8.082177
v -11.843324 0.922496 -8.425084
v -11.843324 1.080621 -8.767992
v -11.843324 1.173923 -9.110899
v -11.843324 1.210181 -9.453806
v -11.843324 1.199866 -9.796714
v -11.843324 1.152786 -10.139621
v -11.843324 1.082237 -10.482529
v -11.843324 1.005315 -10.825437
v -11.843324 0.925371 -11.168344
v -11.843324 0.853200 -11.511251
v -11.843324 0.789008 -11.854160
v -11.843324 0.736965 -12.197068
v -11.843323 0.682095 -12.539975
v -11.843322 0.616061 -12.882883
v -11.843322 0.535982 -13.225791
v -11.843322 0.438637 -13.568700
v -11.277892 2.656849 13.801561
v -11.144443 3.453774 13.498524
v -10.968315 4.058162 13.147647
v -10.793391 4.547286 12.797532
v -10.670642 4.947367 12.447684
v -10.590816 5.286309 12.074379
v -10.533850 5.705611 11.628314
v -10.507338 6.085694 11.107907
v -10.521988 6.304118 10.573091
v -10.567479 6.379573 10.086715
v -10.644861 6.345296 9.667302
v -10.758675 6.198616 9.313889
v -10.925165 5.883993 9.001441
v -11.151845 5.350707 8.662565
v -11.400594 4.689565 8.092725
v -11.586876 4.071290 7.381081
v -11.532371 3.326496 6.888116
v -11.390553 2.637896 6.560231
v -11.320974 2.268229 6.204873
v -11.317405 2.062408 5.896993
v -11.346466 1.925770 5.630131
v -11.390362 1.830220 5.395189
v -11.432958 1.764689 5.176052
v -11.447977 1.744054 4.964406
v -11.419121 1.775717 4.748329
v -11.347827 1.869932 4.520458
v -11.240479 2.029171 4.273315
v -11.123569 2.221277 4.004303
v -11.028496 2.399333 3.710573
v -10.979632 2.526880 3.387129
v -10.985333 2.588783 3.040786
v -11.024876 2.578392 2.685003
v -11.078561 2.508065 2.315281
v -11.125070 2.405165 1.919958
v -11.147771 2.280889 1.506075
v -11.154819 2.127693 1.075859
v -11.174981 1.924351 0.641781
v -11.221328 1.714490 0.228329
v -11.289551 1.555422 -0.125215
v -11.356686 1.415321 -0.391581
v -11.408336 1.271971 -0.612101
v -11.444873 1.122399 -0.827909
v -11.470969 0.956782 -1.059998
v -11.489501 0.783788 -1.315056
v -11.498666 0.617740 -1.603333
v -11.500111 0.462635 -1.922918
v -11.500373 0.296815 -2.256423
v -11.500429 0.145088 -2.596266
v -11.500420 0.040917 -2.938610
v -11.500417 -0.002296 -3.281469
v -11.500417 -0.006641 -3.624377
v -11.500417 -0.006641 -3.967284
v -11.500417 -0.006641 -4.310192
v -11.500417 -0.006641 -4.653100
v -11.500417 -0.006641 -4.996008
v -11.500417 -0.006641 -5.338916
v -11.500417 -0.006641 -5.681823
v -11.500417 -0.006641 -6.024731
v -11.500417 -0.006511 -6.367639
v -11.500417 0.013329 -6.710546
v -11.500417 0.076328 -7.053454
v -11.500417 0.210995 -7.396361
v -11.500417 0.445492 -7.739269
v -11.500417 0.732251 -8.082177
v -11.500417 0.990779 -8.425084
v -11.500417 1.178633 -8.767992
v -11.500417 1.298852 -9.110899
v -11.500417 1.361400 -9.453806
v -11.500417 1.380704 -9.796714
v -11.500417 1.365888 -10.139621
v -11.500417 1.327909 -10.482529
v -11.500417 1.279151 -10.825437
v -11.500417 1.223835 -11.168344
v -11.500417 1.170646 -11.511251
v -11.500416 1.125257 -11.854160
v -11.500415 1.082315 -12.197068
v -11.500415 1.030624 -12.539975
v -11.500415 0.959498 -12.882883
v -11.500414 0.859364 -13.225791
v -11.500413 0.721467 -13.568700
v -10.786606 2.481294 13.795180
v -10.578788 3.344414 13.497302
v -10.227939 4.121508 13.208938
v -9.968929 4.756692 12.896945
v -9.813540 5.251040 12.563996
v -9.742192 5.603803 12.204999
v -9.691126 5.935673 11.777181
v -9.658363 6.221289 11.248182
v -9.670379 6.355531 10.663916
v -9.724823 6.342059 10.106228
v -9.824027 6.218795 9.620144
v -9.956851 6.006464 9.222804
v -10.130786 5.682650 8.900796
v -10.384858 5.122046 8.632268
v -10.740088 4.226766 8.342026
v -11.060098 3.351275 7.855499
v -11.046831 2.608487 7.362713
v -11.004086 2.125896 6.879848
v -10.991221 1.865887 6.500065
v -10.998696 1.685390 6.188169
v -11.021981 1.554406 5.914231
v -11.053067 1.455714 5.662367
v -11.083647 1.379061 5.423887
v -11.105865 1.312324 5.190269
v -11.100663 1.284989 4.949798
v -11.053144 1.344575 4.694263
v -10.960532 1.493572 4.420339
v -10.826930 1.742352 4.121520
v -10.695467 2.011511 3.797682
v -10.610337 2.214368 3.455432
v -10.579287 2.328001 3.093563
v -10.591544 2.353832 2.714916
v -10.628805 2.303953 2.320972
v -10.676281 2.203731 1.912554
v -10.721916 2.064449 1.494457
v -10.769485 1.892345 1.073567
v -10.822134 1.693815 0.667292
v -10.872458 1.566802 0.284233
v -10.928924 1.473696 -0.044431
v -10.983450 1.363008 -0.319076
v -11.027534 1.226306 -0.565645
v -11.064198 1.048726 -0.808058
v -11.098521 0.825603 -1.052511
v -11.130595 0.558994 -1.308398
v -11.152640 0.318648 -1.592603
v -11.157154 0.186180 -1.916330
v -11.157466 0.093990 -2.254232
v -11.157513 0.028697 -2.595826
v -11.157509 -0.003530 -2.938564
v -11.157509 -0.006641 -3.281469
v -11.157509 -0.006641 -3.624377
v -11.157509 -0.006641 -3.967284
v -11.157509 -0.006641 -4.310192
v -11.157509 -0.006641 -4.653100
v -11.157509 -0.006641 -4.996008
v -11.157509 -0.006641 -5.338916
v -11.157509 -0.006641 -5.681823
v -11.157509 -0.006641 -6.024731
v -11.157509 -0.006641 -6.367639
v -11.157509 0.001579 -6.710546
v -11.157509 0.046191 -7.053454
v -11.157509 0.166221 -7.396361
v -11.157509 0.411291 -7.739269
v -11.157509 0.729399 -8.082177
v -11.157509 1.017122 -8.425084
v -11.157509 1.234126 -8.767992
v -11.157509 1.374894 -9.110899
v -11.157509 1.453642 -9.453806
v -11.157509 1.486250 -9.796714
v -11.157509 1.488886 -10.139621
v -11.157509 1.470323 -10.482529
v -11.157509 1.439558 -10.825437
v -11.157509 1.402104 -11.168344
v -11.157509 1.363694 -11.511251
v -11.157508 1.334360 -11.854160
v -11.157507 1.308138 -12.197068
v -11.157507 1.271670 -12.539975
v -11.157507 1.209571 -12.882883
v -11.157507 1.111642 -13.225791
v -11.157506 0.965288 -13.568700
v -10.023864 2.268811 14.022306
v -9.613147 3.201827 13.730703
v -9.302053 4.076414 13.369853
v -9.112830 4.716948 13.015853
v -8.989588 5.206356 12.663789
v -8.928163 5.555328 12.301219
v -8.911339 5.798390 11.913285
v -8.888659 6.009401 11.430865
v -8.884851 6.102331 10.854248
v -8.931332 6.022015 10.247742
v -9.037072 5.811919 9.682843
v -9.193625 5.515014 9.218878
v -9.393375 5.131799 8.865580
v -9.671596 4.545379 8.603533
v -10.175465 3.538063 8.450056
v -10.613667 2.549384 8.136304
v -10.657241 1.963218 7.639168
v -10.681281 1.624602 7.205494
v -10.694652 1.412832 6.832582
v -10.705842 1.251598 6.504976
v -10.724792 1.131732 6.201900
v -10.746678 1.033356 5.917886
v -10.764930 0.961450 5.642899
v -10.775843 0.899205 5.367195
v -10.782011 0.859569 5.083703
v -10.776834 0.862450 4.791950
v -10.724461 0.973675 4.487557
v -10.604802 1.210723 4.170216
v -10.453792 1.493109 3.840745
v -10.323671 1.735449 3.499537
v -10.238049 1.896440 3.142073
v -10.198546 1.976416 2.756571
v -10.200321 1.975902 2.345374
v -10.233380 1.911591 1.923314
v -10.284863 1.796374 1.506838
v -10.352041 1.641988 1.109231
v -10.421558 1.500090 0.736938
v -10.486666 1.459809 0.392554
v -10.553146 1.423507 0.087367
v -10.615954 1.354156 -0.196513
v -10.664351 1.235462 -0.476131
v -10.701779 1.050286 -0.752920
v -10.738762 0.787866 -1.021538
v -10.778297 0.452541 -1.290490
v -10.807859 0.153341 -1.581784
v -10.814532 0.038124 -1.911358
v -10.814603 0.004928 -2.252878
v -10.814602 -0.006535 -2.595654
v -10.814602 -0.006641 -2.938561
v -10.814602 -0.006641 -3.281469
v -10.814602 -0.006641 -3.624377
v -10.814602 -0.006641 -3.967284
v -10.814602 -0.006641 -4.310192
v -10.814602 -0.006641 -4.653100
v -10.814602 -0.006641 -4.996008
v -10.814602 -0.006641 -5.338916
v -10.814602 -0.006641 -5.681823
v -10.814602 -0.006641 -6.024731
v -10.814602 -0.006641 -6.367639
v -10.814602 -0.006315 -6.710546
v -10.814602 0.019562 -7.053454
v -10.814602 0.123903 -7.396361
v -10.814602 0.352053 -7.739269
v -10.814602 0.677607 -8.082177
v -10.814602 0.992993 -8.425084
v -10.814602 1.235358 -8.767992
v -10.814602 1.392915 -9.110899
v -10.814602 1.482422 -9.453806
v -10.814602 1.522678 -9.796714
v -10.814602 1.531409 -10.139621
v -10.814602 1.522619 -10.482529
v -10.814602 1.500410 -10.825437
v -10.814602 1.475246 -11.168344
v -10.814602 1.450598 -11.511251
v -10.814601 1.438441 -11.854160
v -10.814600 1.430121 -12.197068
v -10.814600 1.409041 -12.539975
v -10.814600 1.359271 -12.882883
v -10.814599 1.266819 -13.225791
v -10.814598 1.121160 -13.568700
v -9.172729 2.072167 14.328896
v -8.728040 2.819314 14.019542
v -8.493978 3.680405 13.568130
v -8.377837 4.277844 13.140497
v -8.290427 4.724569 12.746675
v -8.238251 5.072308 12.364342
v -8.226203 5.316573 11.978260
v -8.222924 5.472052 11.539124
v -8.223883 5.527785 10.997240
v -8.259084 5.412991 10.389443
v -8.356536 5.146981 9.780462
v -8.533488 4.801411 9.255077
v -8.780141 4.378317 8.872625
v -9.152313 3.745541 8.621492
v -9.880591 2.678170 8.532825
v -10.253048 1.919092 8.217611
v -10.337143 1.499766 7.823234
v -10.384782 1.205745 7.464563
v -10.406926 0.990983 7.119827
v -10.417600 0.838791 6.787078
v -10.430460 0.711719 6.466988
v -10.442025 0.614098 6.153486
v -10.448133 0.552911 5.835149
v -10.449782 0.515458 5.512434
v -10.450682 0.508587 5.186184
v -10.452832 0.526558 4.859922
v -10.452632 0.559233 4.536370
v -10.410998 0.662618 4.209361
v -10.301604 0.860804 3.874612
v -10.153814 1.101469 3.526776
v -10.022377 1.301715 3.169084
v -9.931650 1.425822 2.798659
v -9.882495 1.477781 2.411069
v -9.871121 1.476992 2.008419
v -9.893835 1.430580 1.608046
v -9.950164 1.351389 1.229003
v -10.029693 1.296162 0.880161
v -10.118213 1.315455 0.553176
v -10.203954 1.341909 0.240222
v -10.273542 1.328643 -0.070477
v -10.322903 1.251634 -0.383323
v -10.360512 1.090138 -0.689463
v -10.396981 0.823211 -0.983074
v -10.436582 0.457748 -1.270015
v -10.464763 0.122208 -1.575470
v -10.471596 -0.002664 -1.909938
v -10.471694 -0.006641 -2.252746
v -10.471694 -0.006641 -2.595654
v -10.471694 -0.006641 -2.938561
v -10.471694 -0.006641 -3.281469
v -10.471694 -0.006641 -3.624377
v -10.471694 -0.006641 -3.967284
v -10.471694 -0.006641 -4.310192
v -10.471694 -0.006641 -4.653100
v -10.471694 -0.006641 -4.996008
v -10.471694 -0.006641 -5.338916
v -10.471694 -0.006641 -5.681823
v -10.471694 -0.006641 -6.024731
v -10.471694 -0.006641 -6.367639
v -10.471694 -0.006641 -6.710546
v -10.471694 0.005826 -7.053454
v -10.471694 0.089529 -7.396361
v -10.471694 0.282024 -7.739269
v -10.471694 0.588110 -8.082177
v -10.471694 0.917034 -8.425084
v -10.471694 1.175404 -8.767992
v -10.471694 1.346040 -9.110899
v -10.471694 1.446601 -9.453806
v -10.471694 1.494005 -9.796714
v -10.471694 1.503850 -10.139621
v -10.471694 1.493788 -10.482529
v -10.471694 1.475783 -10.825437
v -10.471693 1.459983 -11.168344
v -10.471692 1.450615 -11.511251
v -10.471692 1.456033 -11.854160
v -10.471692 1.466170 -12.197068
v -10.471692 1.460636 -12.539975
v -10.471691 1.422822 -12.882883
v -10.471691 1.337524 -13.225791
v -10.471691 1.192748 -13.568700
v -8.631263 1.846932 14.437801
v -8.242888 2.332469 14.167283
v -7.947135 2.982082 13.757256
v -7.787080 3.607079 13.307240
v -7.710386 4.039470 12.870806
v -7.673629 4.333835 12.453496
v -7.665997 4.560310 12.036771
v -7.671124 4.713335 11.586814
v -7.682447 4.758472 11.060413
v -7.725840 4.647001 10.464013
v -7.820562 4.395698 9.847775
v -8.036075 4.061939 9.287545
v -8.344003 3.630205 8.914919
v -8.891448 2.893796 8.715893
v -9.678816 1.981771 8.616189
v -9.944890 1.480508 8.295656
v -10.032578 1.157951 7.944268
v -10.083798 0.904233 7.605284
v -10.107354 0.701376 7.278343
v -10.114738 0.540265 6.954122
v -10.120625 0.409357 6.624836
v -10.122317 0.322201 6.284103
v -10.120470 0.275462 5.933569
v -10.118954 0.254410 5.585798
v -10.118512 0.258915 5.243364
v -10.119074 0.280621 4.904857
v -10.120520 0.304933 4.569543
v -10.122183 0.330252 4.236163
v -10.102888 0.375501 3.899911
v -10.032494 0.479853 3.555875
v -9.924164 0.626868 3.198530
v -9.814186 0.765359 2.830143
v -9.729091 0.871056 2.453011
v -9.679307 0.944258 2.072675
v -9.670273 0.987771 1.697692
v -9.700501 1.005579 1.337738
v -9.758548 1.050889 0.994958
v -9.829021 1.144956 0.663781
v -9.897676 1.232922 0.337786
v -9.955016 1.272589 0.010964
v -9.998742 1.239201 -0.317771
v -10.033755 1.111138 -0.641176
v -10.067793 0.870351 -0.950922
v -10.101600 0.521902 -1.254529
v -10.123372 0.176927 -1.572571
v -10.128579 0.011906 -1.910036
v -10.128787 -0.006641 -2.252746
v -10.128787 -0.006641 -2.595654
v -10.128787 -0.006641 -2.938561
v -10.128787 -0.006641 -3.281469
v -10.128787 -0.006641 -3.624377
v -10.128787 -0.006641 -3.967284
v -10.128787 -0.006641 -4.310192
v -10.128787 -0.006641 -4.653100
v -10.128787 -0.006641 -4.996008
v -10.128787 -0.006641 -5.338916
v -10.128787 -0.006641 -5.681823
v -10.128787 -0.006641 -6.024731
v -10.128787 -0.006641 -6.367639
v -10.128787 -0.006641 -6.710546
v -10.128787 0.008261 -7.053454
v -10.128787 0.070081 -7.396361
v -10.128787 0.231537 -7.739269
v -10.128787 0.500693 -8.082177
v -10.128787 0.813395 -8.425084
v -10.128787 1.075531 -8.767992
v -10.128787 1.254578 -9.110899
v -10.128787 1.355343 -9.453806
v -10.128787 1.397867 -9.796714
v -10.128787 1.402848 -10.139621
v -10.128787 1.387505 -10.482529
v -10.128787 1.371431 -10.825437
v -10.128786 1.364467 -11.168344
v -10.128785 1.371895 -11.511251
v -10.128785 1.397976 -11.854160
v -10.128785 1.430428 -12.197068
v -10.128784 1.444576 -12.539975
v -10.128783 1.418972 -12.882883
v -10.128783 1.340318 -13.225791
v -10.128783 1.194039 -13.568700
v -8.290007 1.674100 14.433334
v -7.958732 1.995206 14.190374
v -7.669213 2.343603 13.860229
v -7.432924 2.780245 13.456788
v -7.285381 3.204723 13.022401
v -7.218152 3.528448 12.580756
v -7.203024 3.750404 12.132538
v -7.219774 3.886280 11.649891
v -7.253135 3.927573 11.104306
v -7.306647 3.827458 10.511207
v -7.430027 3.606550 9.883968
v -7.700630 3.302520 9.346158
v -8.092426 2.839210 9.019411
v -8.790287 2.129466 8.850851
v -9.434302 1.501033 8.653234
v -9.642900 1.137784 8.334885
v -9.720716 0.882359 7.998347
v -9.766440 0.674612 7.664643
v -9.783303 0.509558 7.332230
v -9.784859 0.372339 6.997993
v -9.785374 0.255289 6.659141
v -9.785052 0.171086 6.315225
v -9.784159 0.116409 5.968591
v -9.783227 0.088925 5.621945
v -9.782627 0.087716 5.276835
v -9.782550 0.096400 4.934067
v -9.782868 0.115938 4.592781
v -9.783519 0.130039 4.252705
v -9.784345 0.137913 3.913310
v -9.776205 0.150950 3.571741
v -9.739359 0.193476 3.223977
v -9.678919 0.264760 2.866985
v -9.607412 0.361340 2.499604
v -9.545048 0.475810 2.127364
v -9.510010 0.586070 1.759207
v -9.505712 0.687536 1.401952
v -9.526477 0.813118 1.054966
v -9.561784 0.975982 0.714781
v -9.605240 1.116807 0.380211
v -9.648687 1.196565 0.048931
v -9.685359 1.195058 -0.280945
v -9.715733 1.096170 -0.606477
v -9.743930 0.884277 -0.924396
v -9.768865 0.563440 -1.241241
v -9.782512 0.233401 -1.570196
v -9.785702 0.038344 -1.910004
v -9.785879 -0.006641 -2.252746
v -9.785879 -0.006641 -2.595654
v -9.785879 -0.006641 -2.938561
v -9.785879 -0.006641 -3.281469
v -9.785879 -0.006641 -3.624377
v -9.785879 -0.006641 -3.967284
v -9.785879 -0.006641 -4.310192
v -9.785879 -0.006641 -4.653100
v -9.785879 -0.006641 -4.996008
v -9.785879 -0.006641 -5.338916
v -9.785879 -0.006641 -5.681823
v -9.785879 -0.006641 -6.024731
v -9.785879 -0.006641 -6.367639
v -9.785879 -0.006641 -6.710546
v -9.785879 0.007235 -7.053454
v -9.785879 0.071544 -7.396361
v -9.785879 0.202362 -7.739269
v -9.785879 0.420927 -8.082177
v -9.785879 0.695890 -8.425084
v -9.785879 0.948521 -8.767992
v -9.785879 1.124732 -9.110899
v -9.785879 1.219784 -9.453806
v -9.785879 1.253158 -9.796714
v -9.785879 1.242588 -10.139621
v -9.785879 1.212781 -10.482529
v -9.785879 1.191962 -10.825437
v -9.785878 1.194848 -11.168344
v -9.785878 1.224148 -11.511251
v -9.785878 1.278008 -11.854160
v -9.785878 1.333850 -12.197068
v -9.785877 1.370034 -12.539975
v -9.785876 1.357859 -12.882883
v -9.785876 1.283048 -13.225791
v -9.785876 1.135174 -13.568700
v -8.038476 1.573674 14.380510
v -7.754437 1.827207 14.141914
v -7.503029 2.042556 13.853017
v -7.279437 2.241793 13.506425
v -7.092565 2.442324 13.113524
v -6.964714 2.656348 12.684342
v -6.907404 2.867903 12.215966
v -6.901260 3.013944 11.705172
v -6.939374 3.051635 11.142368
v -7.020713 2.967674 10.529681
v -7.200326 2.804368 9.910065
v -7.520408 2.531847 9.447486
v -8.013862 2.087252 9.159370
v -8.721472 1.529956 8.948896
v -9.176003 1.108703 8.672485
v -9.337770 0.844086 8.346739
v -9.397541 0.650462 8.010792
v -9.433375 0.487152 7.674694
v -9.441499 0.361624 7.338307
v -9.442215 0.255728 7.000543
v -9.442723 0.167044 6.660797
v -9.442881 0.099774 6.319083
v -9.442943 0.047928 5.976757
v -9.442874 0.016190 5.633690
v -9.442681 0.005476 5.289992
v -9.442555 0.006780 4.946583
v -9.442551 0.012876 4.603680
v -9.442602 0.018210 4.260991
v -9.442723 0.020411 3.918578
v -9.442863 0.019557 3.576240
v -9.440919 0.019863 3.233151
v -9.423131 0.037676 2.886123
v -9.388886 0.083410 2.531901
v -9.343249 0.174784 2.169088
v -9.303497 0.297162 1.805211
v -9.283002 0.425986 1.447318
v -9.282019 0.579177 1.097238
v -9.297412 0.780291 0.754116
v -9.321946 0.961772 0.416479
v -9.349578 1.074923 0.082488
v -9.375683 1.101008 -0.249175
v -9.399141 1.026304 -0.577420
v -9.419219 0.840214 -0.903458
v -9.434450 0.553883 -1.232087
v -9.441389 0.258910 -1.568405
v -9.442861 0.064648 -1.909940
v -9.442972 -0.005644 -2.252746
v -9.442972 -0.006641 -2.595654
v -9.442972 -0.006641 -2.938561
v -9.442972 -0.006641 -3.281469
v -9.442972 -0.006641 -3.624377
v -9.442972 -0.006641 -3.967284
v -9.442972 -0.006641 -4.310192
v -9.442972 -0.006641 -4.653100
v -9.442972 -0.006641 -4.996008
v -9.442972 -0.006641 -5.338916
v -9.442972 -0.006641 -5.681823
v -9.442972 -0.006641 -6.024731
v -9.442972 -0.006641 -6.367639
v -9.442972 -0.006641 -6.710546
v -9.442972 0.005501 -7.053454
v -9.442972 0.072111 -7.396361
v -9.442972 0.186875 -7.739269
v -9.442972 0.358895 -8.082177
v -9.442972 0.591505 -8.425084
v -9.442972 0.820800 -8.767992
v -9.442972 0.986219 -9.110899
v -9.442972 1.077038 -9.453806
v -9.442972 1.097793 -9.796714
v -9.442972 1.063243 -10.139621
v -9.442972 0.999931 -10.482529
v -9.442972 0.959917 -10.825437
v -9.442971 0.972121 -11.168344
v -9.442970 1.029273 -11.511251
v -9.442970 1.103789 -11.854160
v -9.442970 1.181993 -12.197068
v -9.442969 1.234142 -12.539975
v -9.442968 1.235601 -12.882883
v -9.442968 1.163652 -13.225791
v -9.442968 1.012004 -13.568700
v -7.828203 1.531730 14.302526
v -7.587420 1.751077 14.062586
v -7.369457 1.926319 13.786350
v -7.177269 2.060543 13.467421
v -7.014905 2.158388 13.105851
v -6.892284 2.227717 12.705072
v -6.818178 2.278333 12.254513
v -6.791561 2.314995 11.735727
v -6.810564 2.305707 11.152004
v -6.894980 2.225147 10.522518
v -7.121717 2.075303 9.959919
v -7.481804 1.826906 9.576393
v -8.036203 1.463835 9.283541
v -8.599730 1.067324 9.000580
v -8.909968 0.779025 8.687652
v -9.030087 0.594820 8.355328
v -9.074066 0.450786 8.017460
v -9.096850 0.330777 7.679790
v -9.099027 0.241705 7.341893
v -9.099641 0.163249 7.002674
v -9.099944 0.099036 6.661739
v -9.100017 0.050951 6.319486
v -9.100058 0.016097 5.976962
v -9.100064 -0.000788 5.634128
v -9.100064 -0.006621 5.291223
v -9.100064 -0.006641 4.948315
v -9.100064 -0.006641 4.605407
v -9.100064 -0.006641 4.262499
v -9.100064 -0.006641 3.919592
v -9.100064 -0.006641 3.576684
v -9.100064 -0.006641 3.233776
v -9.100031 -0.006597 2.890860
v -9.096279 -0.001623 2.546844
v -9.079501 0.032989 2.196868
v -9.053884 0.110269 1.841327
v -9.033536 0.210250 1.486737
v -9.024350 0.332507 1.136865
v -9.025947 0.532683 0.791685
v -9.035135 0.739697 0.450346
v -9.049090 0.885137 0.112312
v -9.064378 0.939203 -0.223044
v -9.078321 0.889361 -0.556663
v -9.089804 0.731206 -0.890156
v -9.096809 0.491030 -1.226977
v -9.099554 0.246054 -1.567392
v -9.100035 0.073327 -1.909865
v -9.100064 -0.001845 -2.252746
v -9.100064 -0.006641 -2.595654
v -9.100064 -0.006641 -2.938561
v -9.100064 -0.006641 -3.281469
v -9.100064 -0.006641 -3.624377
v -9.100064 -0.006641 -3.967284
v -9.100064 -0.006641 -4.310192
v -9.100064 -0.006641 -4.653100
v -9.100064 -0.006641 -4.996008
v -9.100064 -0.006641 -5.338916
v -9.100064 -0.006641 -5.681823
v -9.100064 -0.006641 -6.024731
v -9.100064 -0.006641 -6.367639
v -9.100064 -0.006641 -6.710546
v -9.100064 0.003538 -7.053454
v -9.100064 0.064318 -7.396361
v -9.100064 0.172100 -7.739269
v -9.100064 0.325373 -8.082177
v -9.100064 0.517028 -8.425084
v -9.100064 0.715867 -8.767992
v -9.100064 0.866672 -9.110899
v -9.100064 0.950455 -9.453806
v -9.100064 0.962346 -9.796714
v -9.100064 0.918753 -10.139621
v -9.100064 0.837310 -10.482529
v -9.100064 0.772095 -10.825437
v -9.100063 0.768103 -11.168344
v -9.100063 0.824780 -11.511251
v -9.100063 0.902218 -11.854160
v -9.100063 0.984224 -12.197068
v -9.100062 1.040805 -12.539975
v -9.100061 1.047174 -12.882883
v -9.100061 0.978243 -13.225791
v -9.100061 0.826801 -13.568700
v -7.642466 1.533171 14.207448
v -7.436397 1.736479 13.961427
v -7.249697 1.889121 13.687027
v -7.087021 1.995719 13.378798
v -6.951102 2.063147 13.035146
v -6.850954 2.094794 12.653422
v -6.787958 2.102051 12.214520
v -6.760654 2.086842 11.694829
v -6.764865 1.989788 11.100442
v -6.860471 1.817934 10.513722
v -7.133441 1.605660 10.043162
v -7.535557 1.348226 9.678817
v -8.026381 1.020818 9.350432
v -8.405926 0.722315 9.027865
v -8.627374 0.520390 8.699100
v -8.718566 0.387194 8.362061
v -8.747071 0.285498 8.022969
v -8.755974 0.208096 7.684105
v -8.756597 0.142980 7.344868
v -8.756984 0.086517 7.004344
v -8.757095 0.044860 6.662283
v -8.757141 0.013976 6.319795
v -8.757157 -0.002402 5.977036
v -8.757157 -0.006638 5.634131
v -8.757157 -0.006641 5.291223
v -8.757157 -0.006641 4.948315
v -8.757157 -0.006641 4.605407
v -8.757157 -0.006641 4.262499
v -8.757157 -0.006641 3.919592
v -8.757157 -0.006641 3.576684
v -8.757157 -0.006641 3.233776
v -8.757157 -0.006641 2.890869
v -8.757157 -0.006641 2.547961
v -8.757157 -0.006641 2.205053
v -8.753253 0.008448 1.860098
v -8.743156 0.054668 1.511755
v -8.734486 0.123004 1.163841
v -8.731161 0.268862 0.818378
v -8.732509 0.461592 0.475165
v -8.737790 0.620876 0.134299
v -8.743898 0.701092 -0.205335
v -8.749823 0.682565 -0.544253
v -8.754283 0.564782 -0.883603
v -8.756345 0.385417 -1.224734
v -8.757042 0.200131 -1.567035
v -8.757150 0.062198 -1.909845
v -8.757157 -0.001305 -2.252746
v -8.757157 -0.006641 -2.595654
v -8.757157 -0.006641 -2.938561
v -8.757157 -0.006641 -3.281469
v -8.757157 -0.006641 -3.624377
v -8.757157 -0.006641 -3.967284
v -8.757157 -0.006641 -4.310192
v -8.757157 -0.006641 -4.653100
v -8.757157 -0.006641 -4.996008
v -8.757157 -0.006641 -5.338916
v -8.757157 -0.006641 -5.681823
v -8.757157 -0.006641 -6.024731
v -8.757157 -0.006641 -6.367639
v -8.757157 -0.006641 -6.710546
v -8.757157 0.003033 -7.053454
v -8.757157 0.049675 -7.396361
v -8.757157 0.155068 -7.739269
v -8.757157 0.293615 -8.082177
v -8.757157 0.456741 -8.425084
v -8.757157 0.638008 -8.767992
v -8.757157 0.792720 -9.110899
v -8.757157 0.883533 -9.453806
v -8.757157 0.910533 -9.796714
v -8.757157 0.881622 -10.139621
v -8.757157 0.814005 -10.482529
v -8.757157 0.734209 -10.825437
v -8.757156 0.686436 -11.168344
v -8.757155 0.693434 -11.511251
v -8.757155 0.730325 -11.854160
v -8.757155 0.778083 -12.197068
v -8.757154 0.807658 -12.539975
v -8.757154 0.803281 -12.882883
v -8.757154 0.742354 -13.225791
v -8.757154 0.607799 -13.568700
v -7.471322 1.554467 14.099545
v -7.295285 1.748796 13.844763
v -7.138089 1.883998 13.566914
v -7.000499 1.971335 13.261729
v -6.888843 2.017325 12.927734
v -6.809220 2.028057 12.555061
v -6.758390 2.016006 12.119261
v -6.731299 1.967437 11.602213
v -6.730145 1.822427 11.039326
v -6.859626 1.596680 10.524455
v -7.173410 1.316489 10.099057
v -7.555602 1.015873 9.727205
v -7.908225 0.717837 9.380022
v -8.164264 0.482810 9.044737
v -8.334199 0.317767 8.707341
v -8.399397 0.221556 8.367423
v -8.411916 0.158761 8.027491
v -8.413659 0.108278 7.687723
v -8.414043 0.064013 7.347126
v -8.414188 0.031042 7.005203
v -8.414230 0.007587 6.662675
v -8.414249 -0.005135 6.319942
v -8.414249 -0.006641 5.977038
v -8.414249 -0.006641 5.634131
v -8.414249 -0.006641 5.291223
v -8.414249 -0.006641 4.948315
v -8.414249 -0.006641 4.605407
v -8.414249 -0.006641 4.262499
v -8.414249 -0.006641 3.919592
v -8.414249 -0.006641 3.576684
v -8.414249 -0.006641 3.233776
v -8.414249 -0.006641 2.890869
v -8.414249 -0.006641 2.547961
v -8.414249 -0.006641 2.205053
v -8.414249 -0.006641 1.862146
v -8.413615 -0.003495 1.518899
v -8.411537 0.011027 1.174796
v -8.409581 0.077362 0.830638
v -8.409207 0.207259 0.487314
v -8.410362 0.342179 0.144885
v -8.411754 0.430930 -0.197208
v -8.413033 0.443758 -0.539216
v -8.413737 0.378860 -0.881556
v -8.414155 0.260658 -1.224109
v -8.414229 0.134744 -1.566949
v -8.414248 0.038197 -1.909839
v -8.414249 -0.003852 -2.252746
v -8.414249 -0.006641 -2.595654
v -8.414249 -0.006641 -2.938561
v -8.414249 -0.006641 -3.281469
v -8.414249 -0.006641 -3.624377
v -8.414249 -0.006641 -3.967284
v -8.414249 -0.006641 -4.310192
v -8.414249 -0.006641 -4.653100
v -8.414249 -0.006641 -4.996008
v -8.414249 -0.006641 -5.338916
v -8.414249 -0.006641 -5.681823
v -8.414249 -0.006641 -6.024731
v -8.414249 -0.006641 -6.367639
v -8.414249 -0.006641 -6.710546
v -8.414249 -0.000455 -7.053454
v -8.414249 0.037937 -7.396361
v -8.414249 0.128061 -7.739269
v -8.414249 0.258124 -8.082177
v -8.414249 0.411402 -8.425084
v -8.414249 0.581010 -8.767992
v -8.414249 0.737248 -9.110899
v -8.414249 0.844966 -9.453806
v -8.414249 0.899494 -9.796714
v -8.414249 0.900177 -10.139621
v -8.414249 0.859289 -10.482529
v -8.414249 0.781601 -10.825437
v -8.414248 0.711258 -11.168344
v -8.414248 0.668402 -11.511251
v -8.414248 0.650060 -11.854160
v -8.414248 0.625240 -12.197068
v -8.414248 0.601646 -12.539975
v -8.414247 0.561539 -12.882883
v -8.414247 0.502207 -13.225791
v -8.414247 0.400391 -13.568700
v -7.308492 1.576749 13.983699
v -7.161175 1.760629 13.717219
v -7.030151 1.884117 13.432160
v -6.915967 1.956563 13.126832
v -6.825703 1.985902 12.794887
v -6.762739 1.981792 12.425717
v -6.720537 1.954554 11.995454
v -6.689890 1.884357 11.500028
v -6.688242 1.720406 10.990537
v -6.834294 1.463858 10.529072
v -7.143476 1.131063 10.119304
v -7.467192 0.791929 9.745489
v -7.709604 0.528347 9.396483
v -7.900165 0.311317 9.055295
v -8.028794 0.166944 8.713333
v -8.067928 0.102991 8.371902
v -8.070844 0.066985 8.031313
v -8.071161 0.036630 7.690284
v -8.071295 0.014419 7.348241
v -8.071326 -0.000035 7.005623
v -8.071342 -0.006511 6.662851
v -8.071342 -0.006641 6.319946
v -8.071342 -0.006641 5.977038
v -8.071342 -0.006641 5.634131
v -8.071342 -0.006641 5.291223
v -8.071342 -0.006641 4.948315
v -8.071342 -0.006641 4.605407
v -8.071342 -0.006641 4.262499
v -8.071342 -0.006641 3.919592
v -8.071342 -0.006641 3.576684
v -8.071342 -0.006641 3.233776
v -8.071342 -0.006641 2.890869
v -8.071342 -0.006641 2.547961
v -8.071342 -0.006641 2.205053
v -8.071342 -0.006641 1.862146
v -8.071342 -0.006641 1.519238
v -8.071342 -0.006641 1.176331
v -8.071342 0.003858 0.833423
v -8.071300 0.061828 0.490482
v -8.071221 0.148028 0.147508
v -8.071210 0.217867 -0.195411
v -8.071274 0.241843 -0.538269
v -8.071303 0.213422 -0.881151
v -8.071331 0.144653 -1.224033
v -8.071342 0.068257 -1.566932
v -8.071342 0.012022 -1.909838
v -8.071342 -0.006628 -2.252746
v -8.071342 -0.006641 -2.595654
v -8.071342 -0.006641 -2.938561
v -8.071342 -0.006641 -3.281469
v -8.071342 -0.006641 -3.624377
v -8.071342 -0.006641 -3.967284
v -8.071342 -0.006641 -4.310192
v -8.071342 -0.006641 -4.653100
v -8.071342 -0.006641 -4.996008
v -8.071342 -0.006641 -5.338916
v -8.071342 -0.006641 -5.681823
v -8.071342 -0.006641 -6.024731
v -8.071342 -0.006641 -6.367639
v -8.071342 -0.006641 -6.710546
v -8.071342 -0.005350 -7.053454
v -8.071342 0.022611 -7.396361
v -8.071342 0.099175 -7.739269
v -8.071342 0.219430 -8.082177
v -8.071342 0.366278 -8.425084
v -8.071342 0.519235 -8.767992
v -8.071342 0.672267 -9.110899
v -8.071342 0.797215 -9.453806
v -8.071342 0.870911 -9.796714
v -8.071342 0.893703 -10.139621
v -8.071342 0.870497 -10.482529
v -8.071342 0.811602 -10.825437
v -8.071342 0.743384 -11.168344
v -8.071341 0.689806 -11.511251
v -8.071341 0.637825 -11.854160
v -8.071341 0.570500 -12.197068
v -8.071340 0.487249 -12.539975
v -8.071339 0.391723 -12.882883
v -8.071339 0.306833 -13.225791
v -8.071339 0.228638 -13.568700
v -7.150581 1.590211 13.863826
v -7.031521 1.767050 13.583193
v -6.924949 1.879992 13.288924
v -6.833053 1.941062 12.978229
v -6.762289 1.958126 12.645529
v -6.711668 1.943646 12.277272
v -6.671963 1.904756 11.859022
v -6.633850 1.822653 11.400413
v -6.632761 1.650530 10.947230
v -6.775479 1.376177 10.521257
v -7.044870 1.013233 10.123664
v -7.299554 0.654792 9.753675
v -7.472407 0.403600 9.406660
v -7.618040 0.196058 9.062164
v -7.709106 0.070504 8.717670
v -7.728123 0.031616 8.375433
v -7.728333 0.014166 8.033755
v -7.728410 0.002743 7.691348
v -7.728429 -0.004219 7.348611
v -7.728436 -0.006641 7.005762
v -7.728436 -0.006641 6.662854
v -7.728436 -0.006641 6.319946
v -7.728436 -0.006641 5.977038
v -7.728436 -0.006641 5.634131
v -7.728436 -0.006641 5.291223
v -7.728436 -0.006641 4.948315
v -7.728436 -0.006641 4.605407
v -7.728436 -0.006641 4.262499
v -7.728436 -0.006641 3.919592
v -7.728436 -0.006641 3.576684
v -7.728436 -0.006641 3.233776
v -7.728436 -0.006641 2.890869
v -7.728436 -0.006641 2.547961
v -7.728436 -0.006641 2.205053
v -7.728436 -0.006641 1.862146
v -7.728436 -0.006641 1.519238
v -7.728436 -0.006641 1.176331
v -7.728436 -0.006418 0.833423
v -7.728436 0.010225 0.490515
v -7.728435 0.048614 0.147607
v -7.728434 0.086083 -0.195302
v -7.728434 0.102642 -0.538210
v -7.728434 0.090393 -0.881117
v -7.728435 0.055892 -1.224024
v -7.728436 0.018376 -1.566931
v -7.728436 -0.003694 -1.909838
v -7.728436 -0.006641 -2.252746
v -7.728436 -0.006641 -2.595654
v -7.728436 -0.006641 -2.938561
v -7.728436 -0.006641 -3.281469
v -7.728436 -0.006641 -3.624377
v -7.728436 -0.006641 -3.967284
v -7.728436 -0.006641 -4.310192
v -7.728436 -0.006641 -4.653100
v -7.728436 -0.006641 -4.996008
v -7.728436 -0.006641 -5.338916
v -7.728436 -0.006641 -5.681823
v -7.728436 -0.006641 -6.024731
v -7.728436 -0.006641 -6.367639
v -7.728436 -0.006641 -6.710546
v -7.728436 -0.006641 -7.053454
v -7.728436 0.003932 -7.396361
v -7.728436 0.062222 -7.739269
v -7.728436 0.175107 -8.082177
v -7.728436 0.315431 -8.425084
v -7.728436 0.461990 -8.767992
v -7.728436 0.611605 -9.110899
v -7.728436 0.743084 -9.453806
v -7.728436 0.830099 -9.796714
v -7.728436 0.869434 -10.139621
v -7.728436 0.863479 -10.482529
v -7.728436 0.831097 -10.825437
v -7.728435 0.768535 -11.168344
v -7.728434 0.709923 -11.511251
v -7.728434 0.654678 -11.854160
v -7.728434 0.582383 -12.197068
v -7.728433 0.477048 -12.539975
v -7.728432 0.350751 -12.882883
v -7.728432 0.224071 -13.225791
v -7.728432 0.128930 -13.568700
v -6.988312 1.594212 13.746341
v -6.899588 1.762642 13.450158
v -6.818789 1.864806 13.144114
v -6.747990 1.914702 12.825832
v -6.694286 1.923724 12.488790
v -6.651722 1.904763 12.123048
v -6.608906 1.861841 11.723666
v -6.563219 1.774668 11.308013
v -6.562041 1.600703 10.902312
v -6.684043 1.318825 10.503561
v -6.899623 0.943177 10.118534
v -7.086550 0.578910 9.758579
v -7.215893 0.318876 9.412223
v -7.321170 0.126035 9.065608
v -7.378422 0.018203 8.720168
v -7.385507 -0.000745 8.377227
v -7.385522 -0.004621 8.034434
v -7.385528 -0.006601 7.691576
v -7.385528 -0.006641 7.348670
v -7.385528 -0.006641 7.005762
v -7.385528 -0.006641 6.662854
v -7.385528 -0.006641 6.319946
v -7.385528 -0.006641 5.977038
v -7.385528 -0.006641 5.634131
v -7.385528 -0.006641 5.291223
v -7.385528 -0.006641 4.948315
v -7.385528 -0.006641 4.605407
v -7.385528 -0.006641 4.262499
v -7.385528 -0.006641 3.919592
v -7.385528 -0.006641 3.576684
v -7.385528 -0.006641 3.233776
v -7.385528 -0.006641 2.890869
v -7.385528 -0.006641 2.547961
v -7.385528 -0.006641 2.205053
v -7.385528 -0.006641 1.862146
v -7.385528 -0.006641 1.519238
v -7.385528 -0.006641 1.176331
v -7.385528 -0.006641 0.833423
v -7.385528 -0.006400 0.490515
v -7.385528 0.002636 0.147608
v -7.385528 0.015375 -0.195300
v -7.385528 0.022241 -0.538208
v -7.385528 0.018574 -0.881115
v -7.385528 0.006967 -1.224023
v -7.385528 -0.004618 -1.566931
v -7.385528 -0.006641 -1.909838
v -7.385528 -0.006641 -2.252746
v -7.385528 -0.006641 -2.595654
v -7.385528 -0.006641 -2.938561
v -7.385528 -0.006641 -3.281469
v -7.385528 -0.006641 -3.624377
v -7.385528 -0.006641 -3.967284
v -7.385528 -0.006641 -4.310192
v -7.385528 -0.006641 -4.653100
v -7.385528 -0.006641 -4.996008
v -7.385528 -0.006641 -5.338916
v -7.385528 -0.006641 -5.681823
v -7.385528 -0.006641 -6.024731
v -7.385528 -0.006641 -6.367639
v -7.385528 -0.006641 -6.710546
v -7.385528 -0.006641 -7.053454
v -7.385528 -0.006501 -7.396361
v -7.385528 0.024224 -7.739269
v -7.385528 0.115875 -8.082177
v -7.385528 0.253100 -8.425084
v -7.385528 0.402907 -8.767992
v -7.385528 0.540772 -9.110899
v -7.385528 0.670701 -9.453806
v -7.385528 0.769769 -9.796714
v -7.385528 0.823206 -10.139621
v -7.385528 0.840247 -10.482529
v -7.385528 0.825900 -10.825437
v -7.385527 0.789609 -11.168344
v -7.385526 0.749678 -11.511251
v -7.385526 0.713920 -11.854160
v -7.385526 0.655669 -12.197068
v -7.385526 0.559320 -12.539975
v -7.385525 0.434020 -12.882883
v -7.385525 0.289706 -13.225791
v -7.385525 0.164006 -13.568700
v -6.803705 1.577137 13.646538
v -6.749415 1.739937 13.330658
v -6.698737 1.832935 13.010143
v -6.649847 1.874633 12.682976
v -6.611250 1.881844 12.341806
v -6.571299 1.863156 11.982860
v -6.523158 1.822262 11.609245
v -6.474923 1.732502 11.234372
v -6.474248 1.559471 10.858612
v -6.567434 1.280478 10.480246
v -6.721110 0.904825 10.111330
v -6.844133 0.551005 9.760657
v -6.940376 0.278056 9.413311
v -7.010285 0.093400 9.066020
v -7.041109 0.002516 8.720480
v -7.042621 -0.006641 8.377391
v -7.042621 -0.006641 8.034484
v -7.042621 -0.006641 7.691577
v -7.042621 -0.006641 7.348670
v -7.042621 -0.006641 7.005762
v -7.042621 -0.006641 6.662854
v -7.042621 -0.006641 6.319946
v -7.042621 -0.006641 5.977038
v -7.042621 -0.006641 5.634131
v -7.042621 -0.006641 5.291223
v -7.042621 -0.006641 4.948315
v -7.042621 -0.006641 4.605407
v -7.042621 -0.006641 4.262499
v -7.042621 -0.006641 3.919592
v -7.042621 -0.006641 3.576684
v -7.042621 -0.006641 3.233776
v -7.042621 -0.006641 2.890869
v -7.042621 -0.006641 2.547961
v -7.042621 -0.006641 2.205053
v -7.042621 -0.006641 1.862146
v -7.042621 -0.006641 1.519238
v -7.042621 -0.006641 1.176331
v -7.042621 -0.006641 0.833423
v -7.042621 -0.006641 0.490515
v -7.042621 -0.006641 0.147608
v -7.042621 -0.006604 -0.195300
v -7.042621 -0.005971 -0.538208
v -7.042621 -0.006390 -0.881115
v -7.042621 -0.006641 -1.224023
v -7.042621 -0.006641 -1.566931
v -7.042621 -0.006641 -1.909838
v -7.042621 -0.006641 -2.252746
v -7.042621 -0.006641 -2.595654
v -7.042621 -0.006641 -2.938561
v -7.042621 -0.006641 -3.281469
v -7.042621 -0.006641 -3.624377
v -7.042621 -0.006641 -3.967284
v -7.042621 -0.006641 -4.310192
v -7.042621 -0.006641 -4.653100
v -7.042621 -0.006641 -4.996008
v -7.042621 -0.006641 -5.338916
v -7.042621 -0.006641 -5.681823
v -7.042621 -0.006641 -6.024731
v -7.042621 -0.006641 -6.367639
v -7.042621 -0.006641 -6.710546
v -7.042621 -0.006641 -7.053454
v -7.042621 -0.006641 -7.396361
v -7.042621 0.000749 -7.739269
v -7.042621 0.063458 -8.082177
v -7.042621 0.189275 -8.425084
v -7.042621 0.336340 -8.767992
v -7.042621 0.470416 -9.110899
v -7.042621 0.588355 -9.453806
v -7.042621 0.691245 -9.796714
v -7.042621 0.757708 -10.139621
v -7.042621 0.789047 -10.482529
v -7.042621 0.795395 -10.825437
v -7.042620 0.799586 -11.168344
v -7.042619 0.800901 -11.511251
v -7.042619 0.798085 -11.854160
v -7.042619 0.766643 -12.197068
v -7.042618 0.692488 -12.539975
v -7.042617 0.573281 -12.882883
v -7.042617 0.423386 -13.225791
v -7.042617 0.269971 -13.568700
v -6.569446 1.537258 13.583219
v -6.546564 1.696386 13.249435
v -6.527795 1.785281 12.913223
v -6.506972 1.824631 12.575372
v -6.483007 1.832383 12.234168
v -6.447404 1.817806 11.886817
v -6.400154 1.781119 11.535510
v -6.358470 1.692192 11.181467
v -6.357516 1.525800 10.821355
v -6.416187 1.261183 10.459634
v -6.502549 0.910432 10.106106
v -6.582648 0.559212 9.758645
v -6.648053 0.270641 9.411113
v -6.687968 0.087169 9.064599
v -6.699166 0.004087 8.720377
v -6.699713 -0.006641 8.377391
v -6.699713 -0.006641 8.034484
v -6.699713 -0.006641 7.691577
v -6.699713 -0.006641 7.348670
v -6.699713 -0.006641 7.005762
v -6.699713 -0.006641 6.662854
v -6.699713 -0.006641 6.319946
v -6.699713 -0.006641 5.977038
v -6.699713 -0.006641 5.634131
v -6.699713 -0.006641 5.291223
v -6.699713 -0.006641 4.948315
v -6.699713 -0.006641 4.605407
v -6.699713 -0.006641 4.262499
v -6.699713 -0.006641 3.919592
v -6.699713 -0.006641 3.576684
v -6.699713 -0.006641 3.233776
v -6.699713 -0.006641 2.890869
v -6.699713 -0.006641 2.547961
v -6.699713 -0.006641 2.205053
v -6.699713 -0.006641 1.862146
v -6.699713 -0.006641 1.519238
v -6.699713 -0.006641 1.176331
v -6.699713 -0.006641 0.833423
v -6.699713 -0.006641 0.490515
v -6.699713 -0.006641 0.147608
v -6.699713 -0.006641 -0.195300
v -6.699713 -0.006641 -0.538208
v -6.699713 -0.006641 -0.881115
v -6.699713 -0.006641 -1.224023
v -6.699713 -0.006641 -1.566931
v -6.699713 -0.006641 -1.909838
v -6.699713 -0.006641 -2.252746
v -6.699713 -0.006641 -2.595654
v -6.699713 -0.006641 -2.938561
v -6.699713 -0.006641 -3.281469
v -6.699713 -0.006641 -3.624377
v -6.699713 -0.006641 -3.967284
v -6.699713 -0.006641 -4.310192
v -6.699713 -0.006641 -4.653100
v -6.699713 -0.006641 -4.996008
v -6.699713 -0.006641 -5.338916
v -6.699713 -0.006641 -5.681823
v -6.699713 -0.006641 -6.024731
v -6.699713 -0.006641 -6.367639
v -6.699713 -0.006641 -6.710546
v -6.699713 -0.006641 -7.053454
v -6.699713 -0.006641 -7.396361
v -6.699713 -0.006416 -7.739269
v -6.699712 0.034013 -8.082177
v -6.699712 0.140671 -8.425084
v -6.699712 0.287490 -8.767992
v -6.699712 0.431448 -9.110899
v -6.699711 0.542105 -9.453806
v -6.699711 0.635975 -9.796714
v -6.699711 0.701490 -10.139621
v -6.699711 0.736786 -10.482529
v -6.699711 0.758344 -10.825437
v -6.699711 0.786014 -11.168344
v -6.699711 0.822208 -11.511251
v -6.699710 0.865937 -11.854160
v -6.699710 0.875256 -12.197068
v -6.699710 0.822308 -12.539975
v -6.699710 0.715253 -12.882883
v -6.699709 0.570790 -13.225791
v -6.699709 0.402871 -13.568700
v -6.289986 1.490311 13.550680
v -6.276596 1.643289 13.212479
v -6.271839 1.727374 12.870351
v -6.269701 1.768515 12.526946
v -6.263653 1.778576 12.183831
v -6.249087 1.771090 11.840603
v -6.223124 1.740593 11.495537
v -6.198948 1.658677 11.147470
v -6.192938 1.504465 10.797214
v -6.213234 1.259352 10.448473
v -6.256235 0.930601 10.101636
v -6.302062 0.578757 9.754995
v -6.337041 0.281122 9.408577
v -6.353263 0.088916 9.063710
v -6.356651 0.006339 8.720322
v -6.356805 -0.006641 8.377391
v -6.356805 -0.006641 8.034484
v -6.356805 -0.006641 7.691577
v -6.356805 -0.006641 7.348670
v -6.356805 -0.006641 7.005762
v -6.356805 -0.006641 6.662854
v -6.356805 -0.006641 6.319946
v -6.356805 -0.006641 5.977038
v -6.356805 -0.006641 5.634131
v -6.356805 -0.006641 5.291223
v -6.356805 -0.006641 4.948315
v -6.356805 -0.006641 4.605407
v -6.356805 -0.006641 4.262499
v -6.356805 -0.006641 3.919592
v -6.356805 -0.006641 3.576684
v -6.356805 -0.006641 3.233776
v -6.356805 -0.006641 2.890869
v -6.356805 -0.006641 2.547961
v -6.356805 -0.006641 2.205053
v -6.356805 -0.006641 1.862146
v -6.356805 -0.006641 1.519238
v -6.356805 -0.006641 1.176331
v -6.356805 -0.006641 0.833423
v -6.356805 -0.006641 0.490515
v -6.356805 -0.006641 0.147608
v -6.356805 -0.006641 -0.195300
v -6.356805 -0.006641 -0.538208
v -6.356805 -0.006641 -0.881115
v -6.356805 -0.006641 -1.224023
v -6.356805 -0.006641 -1.566931
v -6.356805 -0.006641 -1.909838
v -6.356805 -0.006641 -2.252746
v -6.356805 -0.006641 -2.595654
v -6.356805 -0.006641 -2.938561
v -6.356805 -0.006641 -3.281469
v -6.356805 -0.006641 -3.624377
v -6.356805 -0.006641 -3.967284
v -6.356805 -0.006641 -4.310192
v -6.356805 -0.006641 -4.653100
v -6.356805 -0.006641 -4.996008
v -6.356805 -0.006641 -5.338916
v -6.356805 -0.006641 -5.681823
v -6.356805 -0.006641 -6.024731
v -6.356805 -0.006641 -6.367639
v -6.356805 -0.006641 -6.710546
v -6.356805 -0.006641 -7.053454
v -6.356805 -0.006641 -7.396361
v -6.356805 -0.006641 -7.739269
v -6.356805 0.018160 -8.082177
v -6.356804 0.113769 -8.425084
v -6.356804 0.257574 -8.767992
v -6.356804 0.403552 -9.110899
v -6.356804 0.513997 -9.453806
v -6.356804 0.588628 -9.796714
v -6.356803 0.642090 -10.139621
v -6.356803 0.677411 -10.482529
v -6.356803 0.707786 -10.825437
v -6.356803 0.743428 -11.168344
v -6.356802 0.806415 -11.511251
v -6.356802 0.888305 -11.854160
v -6.356802 0.929041 -12.197068
v -6.356802 0.905669 -12.539975
v -6.356802 0.824832 -12.882883
v -6.356802 0.687869 -13.225791
v -6.356802 0.514834 -13.568700
v -5.984572 1.432321 13.533299
v -5.975436 1.582837 13.193644
v -5.971469 1.667867 12.851870
v -5.970656 1.711094 12.508693
v -5.971266 1.732095 12.164844
v -5.971435 1.737255 11.820542
v -5.968819 1.719972 11.475986
v -5.960668 1.649547 11.131344
v -5.954145 1.509492 10.786498
v -5.958364 1.284844 10.441731
v -5.974561 0.971473 10.097028
v -5.994465 0.612118 9.751664
v -6.007442 0.310725 9.407032
v -6.012466 0.104032 9.063415
v -6.013848 0.010737 8.720307
v -6.013897 -0.006641 8.377391
v -6.013897 -0.006641 8.034484
v -6.013897 -0.006641 7.691577
v -6.013897 -0.006641 7.348670
v -6.013897 -0.006641 7.005762
v -6.013897 -0.006641 6.662854
v -6.013897 -0.006641 6.319946
v -6.013897 -0.006641 5.977038
v -6.013897 -0.006641 5.634131
v -6.013897 -0.006641 5.291223
v -6.013897 -0.006641 4.948315
v -6.013897 -0.006641 4.605407
v -6.013897 -0.006641 4.262499
v -6.013897 -0.006641 3.919592
v -6.013897 -0.006641 3.576684
v -6.013897 -0.006641 3.233776
v -6.013897 -0.006641 2.890869
v -6.013897 -0.006641 2.547961
v -6.013897 -0.006641 2.205053
v -6.013897 -0.006641 1.862146
v -6.013897 -0.006641 1.519238
v -6.013897 -0.006641 1.176331
v -6.013897 -0.006641 0.833423
v -6.013897 -0.006641 0.490515
v -6.013897 -0.006641 0.147608
v -6.013897 -0.006641 -0.195300
v -6.013897 -0.006641 -0.538208
v -6.013897 -0.006641 -0.881115
v -6.013897 -0.006641 -1.224023
v -6.013897 -0.006641 -1.566931
v -6.013897 -0.006641 -1.909838
v -6.013897 -0.006641 -2.252746
v -6.013897 -0.006641 -2.595654
v -6.013897 -0.006641 -2.938561
v -6.013897 -0.006641 -3.281469
v -6.013897 -0.006641 -3.624377
v -6.013897 -0.006641 -3.967284
v -6.013897 -0.006641 -4.310192
v -6.013897 -0.006641 -4.653100
v -6.013897 -0.006641 -4.996008
v -6.013897 -0.006641 -5.338916
v -6.013897 -0.006641 -5.681823
v -6.013897 -0.006641 -6.024731
v -6.013897 -0.006641 -6.367639
v -6.013897 -0.006641 -6.710546
v -6.013897 -0.006641 -7.053454
v -6.013897 -0.006641 -7.396361
v -6.013897 -0.006641 -7.739269
v -6.013897 0.015008 -8.082177
v -6.013897 0.103762 -8.425084
v -6.013897 0.239517 -8.767992
v -6.013896 0.386988 -9.110899
v -6.013896 0.504820 -9.453806
v -6.013896 0.568976 -9.796714
v -6.013896 0.602665 -10.139621
v -6.013896 0.618351 -10.482529
v -6.013895 0.633511 -10.825437
v -6.013895 0.671709 -11.168344
v -6.013895 0.747871 -11.511251
v -6.013895 0.843462 -11.854160
v -6.013894 0.913671 -12.197068
v -6.013894 0.919674 -12.539975
v -6.013894 0.857140 -12.882883
v -6.013894 0.733337 -13.225791
v -6.013894 0.567659 -13.568700
v -5.662035 1.351878 13.524582
v -5.657253 1.505530 13.183392
v -5.654617 1.601240 12.841289
v -5.653872 1.655704 12.498454
v -5.653746 1.690892 12.155299
v -5.654340 1.716447 11.811762
v -5.655348 1.717435 11.467885
v -5.655021 1.661450 11.124150
v -5.653787 1.538645 10.780774
v -5.653944 1.334346 10.437573
v -5.658383 1.035315 10.093840
v -5.664608 0.676030 9.749950
v -5.668548 0.352075 9.406470
v -5.670738 0.124026 9.063246
v -5.670962 0.013972 8.720303
v -5.670990 -0.006641 8.377391
v -5.670990 -0.006641 8.034484
v -5.670990 -0.006641 7.691577
v -5.670990 -0.006641 7.348670
v -5.670990 -0.006641 7.005762
v -5.670990 -0.006641 6.662854
v -5.670990 -0.006641 6.319946
v -5.670990 -0.006641 5.977038
v -5.670990 -0.006641 5.634131
v -5.670990 -0.006641 5.291223
v -5.670990 -0.006641 4.948315
v -5.670990 -0.006641 4.605407
v -5.670990 -0.006641 4.262499
v -5.670990 -0.006641 3.919592
v -5.670990 -0.006641 3.576684
v -5.670990 -0.006641 3.233776
v -5.670990 -0.006641 2.890869
v -5.670990 -0.006641 2.547961
v -5.670990 -0.006641 2.205053
v -5.670990 -0.006641 1.862146
v -5.670990 -0.006641 1.519238
v -5.670990 -0.006641 1.176331
v -5.670990 -0.006641 0.833423
v -5.670990 -0.006641 0.490515
v -5.670990 -0.006641 0.147608
v -5.670990 -0.006641 -0.195300
v -5.670990 -0.006641 -0.538208
v -5.670990 -0.006641 -0.881115
v -5.670990 -0.006641 -1.224023
v -5.670990 -0.006641 -1.566931
v -5.670990 -0.006641 -1.909838
v -5.670990 -0.006641 -2.252746
v -5.670990 -0.006641 -2.595654
v -5.670990 -0.006641 -2.938561
v -5.670990 -0.006641 -3.281469
v -5.670990 -0.006641 -3.624377
v -5.670990 -0.006641 -3.967284
v -5.670990 -0.006641 -4.310192
v -5.670990 -0.006641 -4.653100
v -5.670990 -0.006641 -4.996008
v -5.670990 -0.006641 -5.338916
v -5.670990 -0.006641 -5.681823
v -5.670990 -0.006641 -6.024731
v -5.670990 -0.006641 -6.367639
v -5.670990 -0.006641 -6.710546
v -5.670990 -0.006641 -7.053454
v -5.670990 -0.006641 -7.396361
v -5.670990 -0.006641 -7.739269
v -5.670990 0.016026 -8.082177
v -5.670989 0.100734 -8.425084
v -5.670989 0.238969 -8.767992
v -5.670989 0.389660 -9.110899
v -5.670989 0.510326 -9.453806
v -5.670988 0.570623 -9.796714
v -5.670988 0.577513 -10.139621
v -5.670988 0.560913 -10.482529
v -5.670988 0.548365 -10.825437
v -5.670987 0.566621 -11.168344
v -5.670987 0.634348 -11.511251
v -5.670987 0.736689 -11.854160
v -5.670987 0.828155 -12.197068
v -5.670987 0.850078 -12.539975
v -5.670986 0.804239 -12.882883
v -5.670986 0.700252 -13.225791
v -5.670986 0.547967 -13.568700
v -5.325280 1.243188 13.522031
v -5.324216 1.407792 13.179426
v -5.323549 1.521767 12.836679
v -5.322845 1.595822 12.493983
v -5.322657 1.647390 12.151106
v -5.322765 1.697036 11.808048
v -5.322765 1.720061 11.464941
v -5.322345 1.681258 11.121948
v -5.322066 1.573546 10.778924
v -5.322467 1.384670 10.435800
v -5.323971 1.103633 10.092559
v -5.326044 0.755744 9.749324
v -5.327652 0.403446 9.406182
v -5.327969 0.146371 9.063224
v -5.328077 0.019675 8.720300
v -5.328082 -0.006641 8.377391
v -5.328082 -0.006641 8.034484
v -5.328082 -0.006641 7.691577
v -5.328082 -0.006641 7.348670
v -5.328082 -0.006641 7.005762
v -5.328082 -0.006641 6.662854
v -5.328082 -0.006641 6.319946
v -5.328082 -0.006641 5.977038
v -5.328082 -0.006641 5.634131
v -5.328082 -0.006641 5.291223
v -5.328082 -0.006641 4.948315
v -5.328082 -0.006641 4.605407
v -5.328082 -0.006641 4.262499
v -5.328082 -0.006641 3.919592
v -5.328082 -0.006641 3.576684
v -5.328082 -0.006641 3.233776
v -5.328082 -0.006641 2.890869
v -5.328082 -0.006641 2.547961
v -5.328082 -0.006641 2.205053
v -5.328082 -0.006641 1.862146
v -5.328082 -0.006641 1.519238
v -5.328082 -0.006641 1.176331
v -5.328082 -0.006641 0.833423
v -5.328082 -0.006641 0.490515
v -5.328082 -0.006641 0.147608
v -5.328082 -0.006641 -0.195300
v -5.328082 -0.006641 -0.538208
v -5.328082 -0.006641 -0.881115
v -5.328082 -0.006641 -1.224023
v -5.328082 -0.006641 -1.566931
v -5.328082 -0.006641 -1.909838
v -5.328082 -0.006641 -2.252746
v -5.328082 -0.006641 -2.595654
v -5.328082 -0.006641 -2.938561
v -5.328082 -0.006641 -3.281469
v -5.328082 -0.006641 -3.624377
v -5.328082 -0.006641 -3.967284
v -5.328082 -0.006641 -4.310192
v -5.328082 -0.006641 -4.653100
v -5.328082 -0.006641 -4.996008
v -5.328082 -0.006641 -5.338916
v -5.328082 -0.006641 -5.681823
v -5.328082 -0.006641 -6.024731
v -5.328082 -0.006641 -6.367639
v -5.328082 -0.006641 -6.710546
v -5.328082 -0.006641 -7.053454
v -5.328082 -0.006641 -7.396361
v -5.328082 -0.006641 -7.739269
v -5.328082 0.015181 -8.082177
v -5.328082 0.107868 -8.425084
v -5.328081 0.246310 -8.767992
v -5.328081 0.394677 -9.110899
v -5.328081 0.515461 -9.453806
v -5.328081 0.576067 -9.796714
v -5.328080 0.562747 -10.139621
v -5.328080 0.513080 -10.482529
v -5.328080 0.467494 -10.825437
v -5.328080 0.455205 -11.168344
v -5.328079 0.503192 -11.511251
v -5.328079 0.603824 -11.854160
v -5.328079 0.699209 -12.197068
v -5.328079 0.731864 -12.539975
v -5.328079 0.698375 -12.882883
v -5.328079 0.604897 -13.225791
v -5.328079 0.463607 -13.568700
v -4.984557 1.096341 13.521228
v -4.983930 1.274719 13.178520
v -4.983493 1.412111 12.835735
v -4.983241 1.511499 12.492886
v -4.983070 1.593743 12.150010
v -4.983081 1.668772 11.807082
v -4.983285 1.708633 11.464095
v -4.983582 1.683695 11.121073
v -4.983816 1.588399 10.778046
v -4.984105 1.413676 10.435025
v -4.984498 1.152718 10.092037
v -4.984823 0.811401 9.749079
v -4.985002 0.447838 9.406141
v -4.985138 0.169584 9.063211
v -4.985174 0.025012 8.720299
v -4.985174 -0.006605 8.377391
v -4.985174 -0.006641 8.034484
v -4.985174 -0.006641 7.691577
v -4.985174 -0.006641 7.348670
v -4.985174 -0.006641 7.005762
v -4.985174 -0.006641 6.662854
v -4.985174 -0.006641 6.319946
v -4.985174 -0.006641 5.977038
v -4.985174 -0.006641 5.634131
v -4.985174 -0.006641 5.291223
v -4.985174 -0.006641 4.948315
v -4.985174 -0.006641 4.605407
v -4.985174 -0.006641 4.262499
v -4.985174 -0.006641 3.919592
v -4.985174 -0.006641 3.576684
v -4.985174 -0.006641 3.233776
v -4.985174 -0.006641 2.890869
v -4.985174 -0.006641 2.547961
v -4.985174 -0.006641 2.205053
v -4.985174 -0.006641 1.862146
v -4.985174 -0.006641 1.519238
v -4.985174 -0.006641 1.176331
v -4.985174 -0.006641 0.833423
v -4.985174 -0.006641 0.490515
v -4.985174 -0.006641 0.147608
v -4.985174 -0.006641 -0.195300
v -4.985174 -0.006641 -0.538208
v -4.985174 -0.006641 -0.881115
v -4.985174 -0.006641 -1.224023
v -4.985174 -0.006641 -1.566931
v -4.985174 -0.006641 -1.909838
v -4.985174 -0.006641 -2.252746
v -4.985174 -0.006641 -2.595654
v -4.985174 -0.006641 -2.938561
v -4.985174 -0.006641 -3.281469
v -4.985174 -0.006641 -3.624377
v -4.985174 -0.006641 -3.967284
v -4.985174 -0.006641 -4.310192
v -4.985174 -0.006641 -4.653100
v -4.985174 -0.006641 -4.996008
v -4.985174 -0.006641 -5.338916
v -4.985174 -0.006641 -5.681823
v -4.985174 -0.006641 -6.024731
v -4.985174 -0.006641 -6.367639
v -4.985174 -0.006641 -6.710546
v -4.985174 -0.006641 -7.053454
v -4.985174 -0.006641 -7.396361
v -4.985174 -0.006641 -7.739269
v -4.985174 0.020227 -8.082177
v -4.985174 0.111713 -8.425084
v -4.985174 0.259604 -8.767992
v -4.985173 0.415800 -9.110899
v -4.985173 0.537902 -9.453806
v -4.985173 0.596467 -9.796714
v -4.985173 0.576810 -10.139621
v -4.985172 0.492642 -10.482529
v -4.985172 0.409722 -10.825437
v -4.985172 0.378186 -11.168344
v -4.985172 0.416593 -11.511251
v -4.985172 0.504100 -11.854160
v -4.985171 0.587076 -12.197068
v -4.985171 0.609570 -12.539975
v -4.985171 0.570950 -12.882883
v -4.985171 0.482215 -13.225791
v -4.985170 0.355527 -13.568700
v -4.642180 0.915922 13.521034
v -4.642138 1.097822 13.178142
v -4.642038 1.262794 12.835263
v -4.641887 1.398822 12.492401
v -4.641765 1.511210 12.149524
v -4.641710 1.611744 11.806624
v -4.641756 1.669610 11.463696
v -4.641863 1.658392 11.120747
v -4.641967 1.575592 10.777801
v -4.641983 1.412808 10.434884
v -4.642022 1.160061 10.091969
v -4.642115 0.821686 9.749045
v -4.642219 0.462308 9.406121
v -4.642266 0.183510 9.063206
v -4.642266 0.029359 8.720299
v -4.642266 -0.006247 8.377391
v -4.642266 -0.006641 8.034484
v -4.642266 -0.006641 7.691577
v -4.642266 -0.006641 7.348670
v -4.642266 -0.006641 7.005762
v -4.642266 -0.006641 6.662854
v -4.642266 -0.006641 6.319946
v -4.642266 -0.006641 5.977038
v -4.642266 -0.006641 5.634131
v -4.642266 -0.006641 5.291223
v -4.642266 -0.006641 4.948315
v -4.642266 -0.006641 4.605407
v -4.642266 -0.006641 4.262499
v -4.642266 -0.006641 3.919592
v -4.642266 -0.006641 3.576684
v -4.642266 -0.006641 3.233776
v -4.642266 -0.006641 2.890869
v -4.642266 -0.006641 2.547961
v -4.642266 -0.006641 2.205053
v -4.642266 -0.006641 1.862146
v -4.642266 -0.006641 1.519238
v -4.642266 -0.006641 1.176331
v -4.642266 -0.006641 0.833423
v -4.642266 -0.006641 0.490515
v -4.642266 -0.006641 0.147608
v -4.642266 -0.006641 -0.195300
v -4.642266 -0.006641 -0.538208
v -4.642266 -0.006641 -0.881115
v -4.642266 -0.006641 -1.224023
v -4.642266 -0.006641 -1.566931
v -4.642266 -0.006641 -1.909838
v -4.642266 -0.006641 -2.252746
v -4.642266 -0.006641 -2.595654
v -4.642266 -0.006641 -2.938561
v -4.642266 -0.006641 -3.281469
v -4.642266 -0.006641 -3.624377
v -4.642266 -0.006641 -3.967284
v -4.642266 -0.006641 -4.310192
v -4.642266 -0.006641 -4.653100
v -4.642266 -0.006641 -4.996008
v -4.642266 -0.006641 -5.338916
v -4.642266 -0.006641 -5.681823
v -4.642266 -0.006641 -6.024731
v -4.642266 -0.006641 -6.367639
v -4.642266 -0.006641 -6.710546
v -4.642266 -0.006641 -7.053454
v -4.642266 -0.006641 -7.396361
v -4.642266 -0.006581 -7.739269
v -4.642266 0.024432 -8.082177
v -4.642266 0.127576 -8.425084
v -4.642265 0.274832 -8.767992
v -4.642265 0.432140 -9.110899
v -4.642265 0.553403 -9.453806
v -4.642265 0.607735 -9.796714
v -4.642265 0.583110 -10.139621
v -4.642265 0.503474 -10.482529
v -4.642265 0.425372 -10.825437
v -4.642264 0.402611 -11.168344
v -4.642264 0.438093 -11.511251
v -4.642264 0.511491 -11.854160
v -4.642264 0.574704 -12.197068
v -4.642263 0.568491 -12.539975
v -4.642263 0.493023 -12.882883
v -4.642263 0.373015 -13.225791
v -4.642263 0.250062 -13.568700
v -4.299356 0.707057 13.521003
v -4.299353 0.885910 13.178097
v -4.299322 1.077554 12.835201
v -4.299279 1.248108 12.492311
v -4.299338 1.393932 12.149380
v -4.299337 1.517835 11.806472
v -4.299318 1.591812 11.463568
v -4.299293 1.592566 11.120664
v -4.299271 1.516033 10.777760
v -4.299267 1.356456 10.434853
v -4.299292 1.105833 10.091939
v -4.299335 0.778586 9.749024
v -4.299358 0.445542 9.406114
v -4.299358 0.177196 9.063206
v -4.299358 0.030617 8.720299
v -4.299358 -0.006413 8.377391
v -4.299358 -0.006641 8.034484
v -4.299358 -0.006641 7.691577
v -4.299358 -0.006641 7.348670
v -4.299358 -0.006641 7.005762
v -4.299358 -0.006641 6.662854
v -4.299358 -0.006641 6.319946
v -4.299358 -0.006641 5.977038
v -4.299358 -0.006641 5.634131
v -4.299358 -0.006641 5.291223
v -4.299358 -0.006641 4.948315
v -4.299358 -0.006641 4.605407
v -4.299358 -0.006641 4.262499
v -4.299358 -0.006641 3.919592
v -4.299358 -0.006641 3.576684
v -4.299358 -0.006641 3.233776
v -4.299358 -0.006641 2.890869
v -4.299358 -0.006641 2.547961
v -4.299358 -0.006641 2.205053
v -4.299358 -0.006641 1.862146
v -4.299358 -0.006641 1.519238
v -4.299358 -0.006641 1.176331
v -4.299358 -0.006641 0.833423
v -4.299358 -0.006641 0.490515
v -4.299358 -0.006641 0.147608
v -4.299358 -0.006641 -0.195300
v -4.299358 -0.006641 -0.538208
v -4.299358 -0.006641 -0.881115
v -4.299358 -0.006641 -1.224023
v -4.299358 -0.006641 -1.566931
v -4.299358 -0.006641 -1.909838
v -4.299358 -0.006641 -2.252746
v -4.299358 -0.006641 -2.595654
v -4.299358 -0.006641 -2.938561
v -4.299358 -0.006641 -3.281469
v -4.299358 -0.006641 -3.624377
v -4.299358 -0.006641 -3.967284
v -4.299358 -0.006641 -4.310192
v -4.299358 -0.006641 -4.653100
v -4.299358 -0.006641 -4.996008
v -4.299358 -0.006641 -5.338916
v -4.299358 -0.006641 -5.681823
v -4.299358 -0.006641 -6.024731
v -4.299358 -0.006641 -6.367639
v -4.299358 -0.006641 -6.710546
v -4.299358 -0.006641 -7.053454
v -4.299358 -0.006641 -7.396361
v -4.299358 -0.005782 -7.739269
v -4.299358 0.038623 -8.082177
v -4.299358 0.162381 -8.425084
v -4.299358 0.327312 -8.767992
v -4.299357 0.478940 -9.110899
v -4.299357 0.585709 -9.453806
v -4.299357 0.627917 -9.796714
v -4.299357 0.603757 -10.139621
v -4.299357 0.540742 -10.482529
v -4.299356 0.510216 -10.825437
v -4.299356 0.516878 -11.168344
v -4.299356 0.549440 -11.511251
v -4.299356 0.602573 -11.854160
v -4.299356 0.637656 -12.197068
v -4.299356 0.599337 -12.539975
v -4.299356 0.492177 -12.882883
v -4.299355 0.339646 -13.225791
v -4.299355 0.185117 -13.568700
v -3.955651 0.490223 13.521312
v -3.952991 0.658175 13.179447
v -3.950738 0.865178 12.837420
v -3.950227 1.067516 12.494698
v -3.951258 1.242172 12.151381
v -3.953213 1.385883 11.807717
v -3.954994 1.466528 11.464122
v -3.956088 1.469626 11.120790
v -3.956445 1.395382 10.777744
v -3.956447 1.236845 10.434836
v -3.956450 0.993271 10.091928
v -3.956450 0.692821 9.749021
v -3.956450 0.387982 9.406114
v -3.956450 0.147407 9.063206
v -3.956450 0.028398 8.720299
v -3.956450 -0.006336 8.377391
v -3.956450 -0.006641 8.034484
v -3.956450 -0.006641 7.691577
v -3.956450 -0.006641 7.348670
v -3.956450 -0.006641 7.005762
v -3.956450 -0.006641 6.662854
v -3.956450 -0.006641 6.319946
v -3.956450 -0.006641 5.977038
v -3.956450 -0.006641 5.634131
v -3.956450 -0.006641 5.291223
v -3.956450 -0.006641 4.948315
v -3.956450 -0.006641 4.605407
v -3.956450 -0.006641 4.262499
v -3.956450 -0.006641 3.919592
v -3.956450 -0.006641 3.576684
v -3.956450 -0.006641 3.233776
v -3.956450 -0.006641 2.890869
v -3.956450 -0.006641 2.547961
v -3.956450 -0.006641 2.205053
v -3.956450 -0.006641 1.862146
v -3.956450 -0.006641 1.519238
v -3.956450 -0.006641 1.176331
v -3.956450 -0.006641 0.833423
v -3.956450 -0.006641 0.490515
v -3.956450 -0.006641 0.147608
v -3.956450 -0.006641 -0.195300
v -3.956450 -0.006641 -0.538208
v -3.956450 -0.006641 -0.881115
v -3.956450 -0.006641 -1.224023
v -3.956450 -0.006641 -1.566931
v -3.956450 -0.006641 -1.909838
v -3.956450 -0.006641 -2.252746
v -3.956450 -0.006641 -2.595654
v -3.956450 -0.006641 -2.938561
v -3.956450 -0.006641 -3.281469
v -3.956450 -0.006641 -3.624377
v -3.956450 -0.006641 -3.967284
v -3.956450 -0.006641 -4.310192
v -3.956450 -0.006641 -4.653100
v -3.956450 -0.006641 -4.996008
v -3.956450 -0.006641 -5.338916
v -3.956450 -0.006641 -5.681823
v -3.956450 -0.006641 -6.024731
v -3.956450 -0.006641 -6.367639
v -3.956450 -0.006641 -6.710546
v -3.956450 -0.006641 -7.053454
v -3.956450 -0.003144 -7.396361
v -3.956450 0.015573 -7.739269
v -3.956450 0.101227 -8.082177
v -3.956450 0.256278 -8.425084
v -3.956450 0.435966 -8.767992
v -3.956450 0.585383 -9.110899
v -3.956450 0.670540 -9.453806
v -3.956450 0.680926 -9.796714
v -3.956449 0.641636 -10.139621
v -3.956449 0.599696 -10.482529
v -3.956449 0.611865 -10.825437
v -3.956449 0.659521 -11.168344
v -3.956448 0.721148 -11.511251
v -3.956448 0.771413 -11.854160
v -3.956448 0.776835 -12.197068
v -3.956448 0.702835 -12.539975
v -3.956447 0.554795 -12.882883
v -3.956447 0.365731 -13.225791
v -3.956447 0.184958 -13.568700
v -3.605851 0.335148 13.524157
v -3.597638 0.502614 13.184595
v -3.591434 0.715477 12.844175
v -3.589615 0.924136 12.501933
v -3.592131 1.099250 12.157918
v -3.597376 1.233381 11.812827
v -3.602634 1.302883 11.467792
v -3.606685 1.301396 11.123303
v -3.609832 1.220623 10.779179
v -3.612197 1.059338 10.435356
v -3.613496 0.828081 10.091947
v -3.613542 0.559681 9.749021
v -3.613542 0.294943 9.406114
v -3.613542 0.108874 9.063206
v -3.613542 0.019077 8.720299
v -3.613542 -0.006378 8.377391
v -3.613542 -0.006641 8.034484
v -3.613542 -0.006641 7.691577
v -3.613542 -0.006641 7.348670
v -3.613542 -0.006641 7.005762
v -3.613542 -0.006641 6.662854
v -3.613542 -0.006641 6.319946
v -3.613542 -0.006641 5.977038
v -3.613542 -0.006641 5.634131
v -3.613542 -0.006641 5.291223
v -3.613542 -0.006641 4.948315
v -3.613542 -0.006641 4.605407
v -3.613542 -0.006641 4.262499
v -3.613542 -0.006641 3.919592
v -3.613542 -0.006641 3.576684
v -3.613542 -0.006641 3.233776
v -3.613542 -0.006641 2.890869
v -3.613542 -0.006641 2.547961
v -3.613542 -0.006641 2.205053
v -3.613542 -0.006641 1.862146
v -3.613542 -0.006641 1.519238
v -3.613542 -0.006641 1.176331
v -3.613542 -0.006641 0.833423
v -3.613542 -0.006641 0.490515
v -3.613542 -0.006641 0.147608
v -3.613542 -0.006641 -0.195300
v -3.613542 -0.006641 -0.538208
v -3.613542 -0.006641 -0.881115
v -3.613542 -0.006641 -1.224023
v -3.613542 -0.006641 -1.566931
v -3.613542 -0.006641 -1.909838
v -3.613542 -0.006641 -2.252746
v -3.613542 -0.006641 -2.595654
v -3.613542 -0.006641 -2.938561
v -3.613542 -0.006641 -3.281469
v -3.613542 -0.006641 -3.624377
v -3.613542 -0.006641 -3.967284
v -3.613542 -0.006641 -4.310192
v -3.613542 -0.006641 -4.653100
v -3.613542 -0.006641 -4.996008
v -3.613542 -0.006641 -5.338916
v -3.613542 -0.006641 -5.681823
v -3.613542 -0.006641 -6.024731
v -3.613542 -0.006641 -6.367639
v -3.613542 -0.006641 -6.710546
v -3.613542 -0.004264 -7.053454
v -3.613542 0.017599 -7.396361
v -3.613542 0.078994 -7.739269
v -3.613542 0.219050 -8.082177
v -3.613542 0.418905 -8.425084
v -3.613542 0.609162 -8.767992
v -3.613542 0.744702 -9.110899
v -3.613542 0.804681 -9.453806
v -3.613542 0.785211 -9.796714
v -3.613542 0.712599 -10.139621
v -3.613541 0.660275 -10.482529
v -3.613541 0.692500 -10.825437
v -3.613541 0.777822 -11.168344
v -3.613541 0.867857 -11.511251
v -3.613540 0.928769 -11.854160
v -3.613540 0.926706 -12.197068
v -3.613540 0.831660 -12.539975
v -3.613540 0.656917 -12.882883
v -3.613539 0.433295 -13.225791
v -3.613539 0.216846 -13.568700
v -3.250699 0.294451 13.529375
v -3.236854 0.469876 13.192189
v -3.225888 0.676294 12.853748
v -3.221247 0.873434 12.512630
v -3.223515 1.026531 12.168627
v -3.230613 1.121519 11.822654
v -3.239537 1.151922 11.475989
v -3.248399 1.115126 11.129422
v -3.256299 1.009598 10.783320
v -3.262786 0.843576 10.437872
v -3.267941 0.629489 10.092971
v -3.270606 0.395394 9.749032
v -3.270635 0.195183 9.406114
v -3.270635 0.068272 9.063206
v -3.270635 0.008331 8.720299
v -3.270635 -0.006641 8.377391
v -3.270635 -0.006641 8.034484
v -3.270635 -0.006641 7.691577
v -3.270635 -0.006641 7.348670
v -3.270635 -0.006641 7.005762
v -3.270635 -0.006641 6.662854
v -3.270635 -0.006641 6.319946
v -3.270635 -0.006641 5.977038
v -3.270635 -0.006641 5.634131
v -3.270635 -0.006641 5.291223
v -3.270635 -0.006641 4.948315
v -3.270635 -0.006641 4.605407
v -3.270635 -0.006641 4.262499
v -3.270635 -0.006641 3.919592
v -3.270635 -0.006641 3.576684
v -3.270635 -0.006641 3.233776
v -3.270635 -0.006641 2.890869
v -3.270635 -0.006641 2.547961
v -3.270635 -0.006641 2.205053
v -3.270635 -0.006641 1.862146
v -3.270635 -0.006641 1.519238
v -3.270635 -0.006641 1.176331
v -3.270635 -0.006641 0.833423
v -3.270635 -0.006641 0.490515
v -3.270635 -0.006641 0.147608
v -3.270635 -0.006641 -0.195300
v -3.270635 -0.006641 -0.538208
v -3.270635 -0.006641 -0.881115
v -3.270635 -0.006641 -1.224023
v -3.270635 -0.006641 -1.566931
v -3.270635 -0.006641 -1.909838
v -3.270635 -0.006641 -2.252746
v -3.270635 -0.006641 -2.595654
v -3.270635 -0.006641 -2.938561
v -3.270635 -0.006641 -3.281469
v -3.270634 -0.006641 -3.624377
v -3.270634 -0.006641 -3.967284
v -3.270634 -0.006641 -4.310192
v -3.270634 -0.006641 -4.653100
v -3.270634 -0.006641 -4.996008
v -3.270634 -0.006641 -5.338916
v -3.270634 -0.006641 -5.681823
v -3.270634 -0.006641 -6.024731
v -3.270633 -0.006641 -6.367639
v -3.270633 -0.006641 -6.710546
v -3.270633 0.009480 -7.053454
v -3.270633 0.070212 -7.396361
v -3.270633 0.186663 -7.739269
v -3.270633 0.386720 -8.082177
v -3.270633 0.625201 -8.425084
v -3.270633 0.820403 -8.767992
v -3.270633 0.934691 -9.110899
v -3.270633 0.965662 -9.453806
v -3.270633 0.915097 -9.796714
v -3.270633 0.814423 -10.139621
v -3.270632 0.744940 -10.482529
v -3.270632 0.772198 -10.825437
v -3.270632 0.857812 -11.168344
v -3.270632 0.958287 -11.511251
v -3.270632 1.025388 -11.854160
v -3.270632 1.016866 -12.197068
v -3.270632 0.910198 -12.539975
v -3.270632 0.717752 -12.882883
v -3.270632 0.475776 -13.225791
v -3.270631 0.237191 -13.568700
v -2.893933 0.378575 13.535397
v -2.875563 0.571744 13.200140
v -2.860561 0.766658 12.863396
v -2.852433 0.929180 12.523705
v -2.852524 1.037939 12.180549
v -2.859298 1.080619 11.834614
v -2.870158 1.053106 11.487027
v -2.883105 0.959330 11.138649
v -2.896871 0.813891 10.790028
v -2.909973 0.630103 10.441789
v -2.920322 0.428876 10.094794
v -2.926587 0.241769 9.749462
v -2.927727 0.107228 9.406114
v -2.927727 0.031798 9.063206
v -2.927727 0.000082 8.720299
v -2.927727 -0.006641 8.377391
v -2.927727 -0.006641 8.034484
v -2.927727 -0.006641 7.691577
v -2.927727 -0.006641 7.348670
v -2.927727 -0.006641 7.005762
v -2.927727 -0.006641 6.662854
v -2.927727 -0.006641 6.319946
v -2.927727 -0.006641 5.977038
v -2.927727 -0.006641 5.634131
v -2.927727 -0.006641 5.291223
v -2.927727 -0.006641 4.948315
v -2.927727 -0.006641 4.605407
v -2.927727 -0.006641 4.262499
v -2.927727 -0.006641 3.919592
v -2.927727 -0.006641 3.576684
v -2.927727 -0.006641 3.233776
v -2.927727 -0.006641 2.890869
v -2.927727 -0.006641 2.547961
v -2.927727 -0.006641 2.205053
v -2.927727 -0.006641 1.862146
v -2.927727 -0.006641 1.519238
v -2.927727 -0.006641 1.176331
v -2.927727 -0.006641 0.833423
v -2.927727 -0.006641 0.490515
v -2.927727 -0.006641 0.147608
v -2.927727 -0.006641 -0.195300
v -2.927727 -0.006641 -0.538208
v -2.927727 -0.006641 -0.881115
v -2.927727 -0.006641 -1.224023
v -2.927727 -0.006641 -1.566931
v -2.927727 -0.006641 -1.909838
v -2.927727 -0.006641 -2.252746
v -2.927727 -0.006641 -2.595654
v -2.927727 -0.006641 -2.938561
v -2.927727 -0.006641 -3.281469
v -2.927727 -0.006641 -3.624377
v -2.927727 -0.006641 -3.967284
v -2.927727 -0.006641 -4.310192
v -2.927726 -0.006641 -4.653100
v -2.927726 -0.006641 -4.996008
v -2.927726 -0.006641 -5.338916
v -2.927726 -0.006641 -5.681823
v -2.927726 -0.006641 -6.024731
v -2.927726 -0.006641 -6.367639
v -2.927726 -0.004627 -6.710546
v -2.927726 0.039084 -7.053454
v -2.927726 0.139106 -7.396361
v -2.927726 0.310797 -7.739269
v -2.927726 0.573303 -8.082177
v -2.927725 0.829905 -8.425084
v -2.927725 1.017956 -8.767992
v -2.927725 1.118435 -9.110899
v -2.927725 1.131914 -9.453806
v -2.927725 1.059777 -9.796714
v -2.927725 0.923635 -10.139621
v -2.927725 0.836081 -10.482529
v -2.927725 0.845787 -10.825437
v -2.927725 0.908775 -11.168344
v -2.927724 0.995043 -11.511251
v -2.927724 1.058290 -11.854160
v -2.927724 1.038802 -12.197068
v -2.927724 0.921308 -12.539975
v -2.927724 0.719778 -12.882883
v -2.927724 0.464709 -13.225791
v -2.927724 0.222211 -13.568700
v -2.539280 0.577022 13.540609
v -2.518394 0.792928 13.206451
v -2.500832 0.962093 12.870797
v -2.490098 1.084046 12.532186
v -2.487289 1.137513 12.190199
v -2.492097 1.116860 11.845018
v -2.503174 1.023149 11.497255
v -2.519116 0.869034 11.147536
v -2.537936 0.669407 10.796716
v -2.556985 0.452341 10.445924
v -2.572783 0.258957 10.096620
v -2.582155 0.119999 9.750052
v -2.584820 0.045182 9.406114
v -2.584820 0.010585 9.063206
v -2.584820 -0.006060 8.720299
v -2.584820 -0.006641 8.377391
v -2.584820 -0.006641 8.034484
v -2.584820 -0.006641 7.691577
v -2.584820 -0.006641 7.348670
v -2.584820 -0.006641 7.005762
v -2.584820 -0.006641 6.662854
v -2.584820 -0.006641 6.319946
v -2.584820 -0.006641 5.977038
v -2.584820 -0.006641 5.634131
v -2.584820 -0.006641 5.291223
v -2.584820 -0.006641 4.948315
v -2.584820 -0.006641 4.605407
v -2.584820 -0.006641 4.262499
v -2.584820 -0.006641 3.919592
v -2.584820 -0.006641 3.576684
v -2.584820 -0.006641 3.233776
v -2.584820 -0.006641 2.890869
v -2.584820 -0.006641 2.547961
v -2.584820 -0.006641 2.205053
v -2.584820 -0.006641 1.862146
v -2.584820 -0.006641 1.519238
v -2.584820 -0.006641 1.176331
v -2.584820 -0.006641 0.833423
v -2.584820 -0.006641 0.490515
v -2.584820 -0.006641 0.147608
v -2.584820 -0.006641 -0.195300
v -2.584820 -0.006641 -0.538208
v -2.584820 -0.006641 -0.881115
v -2.584820 -0.006641 -1.224023
v -2.584820 -0.006641 -1.566931
v -2.584820 -0.006641 -1.909838
v -2.584820 -0.006641 -2.252746
v -2.584819 -0.006641 -2.595654
v -2.584819 -0.006641 -2.938561
v -2.584819 -0.006641 -3.281469
v -2.584819 -0.006641 -3.624377
v -2.584819 -0.006641 -3.967284
v -2.584819 -0.006641 -4.310192
v -2.584819 -0.006641 -4.653100
v -2.584819 -0.006641 -4.996008
v -2.584819 -0.006641 -5.338916
v -2.584819 -0.006641 -5.681823
v -2.584819 -0.006641 -6.024731
v -2.584818 -0.006641 -6.367639
v -2.584818 0.004915 -6.710546
v -2.584818 0.071127 -7.053454
v -2.584818 0.202405 -7.396361
v -2.584818 0.439934 -7.739269
v -2.584818 0.738413 -8.082177
v -2.584818 0.997662 -8.425084
v -2.584818 1.172014 -8.767992
v -2.584817 1.258726 -9.110899
v -2.584817 1.260316 -9.453806
v -2.584817 1.180651 -9.796714
v -2.584817 1.028281 -10.139621
v -2.584817 0.924729 -10.482529
v -2.584817 0.913387 -10.825437
v -2.584817 0.950673 -11.168344
v -2.584817 1.001267 -11.511251
v -2.584817 1.037811 -11.854160
v -2.584816 1.003955 -12.197068
v -2.584816 0.874736 -12.539975
v -2.584816 0.662389 -12.882883
v -2.584816 0.408662 -13.225791
v -2.584816 0.174891 -13.568700
v -2.190092 0.830850 13.543550
v -2.169345 1.054883 13.209381
v -2.151648 1.203894 12.873821
v -2.138914 1.277001 12.536061
v -2.133188 1.279791 12.195272
v -2.135164 1.206492 11.851222
v -2.145220 1.054887 11.503820
v -2.162519 0.835272 11.153465
v -2.184602 0.575649 10.801203
v -2.207655 0.328564 10.448654
v -2.226901 0.146302 10.097846
v -2.238378 0.053419 9.750388
v -2.241912 0.013549 9.406114
v -2.241912 -0.003798 9.063206
v -2.241912 -0.006641 8.720299
v -2.241912 -0.006641 8.377391
v -2.241912 -0.006641 8.034484
v -2.241912 -0.006641 7.691577
v -2.241912 -0.006641 7.348670
v -2.241912 -0.006641 7.005762
v -2.241912 -0.006641 6.662854
v -2.241912 -0.006641 6.319946
v -2.241912 -0.006641 5.977038
v -2.241912 -0.006641 5.634131
v -2.241912 -0.006641 5.291223
v -2.241912 -0.006641 4.948315
v -2.241912 -0.006641 4.605407
v -2.241912 -0.006641 4.262499
v -2.241912 -0.006641 3.919592
v -2.241912 -0.006641 3.576684
v -2.241912 -0.006641 3.233776
v -2.241912 -0.006641 2.890869
v -2.241912 -0.006641 2.547961
v -2.241912 -0.006641 2.205053
v -2.241912 -0.006641 1.862146
v -2.241912 -0.006641 1.519238
v -2.241912 -0.006641 1.176331
v -2.241912 -0.006641 0.833423
v -2.241912 -0.006641 0.490515
v -2.241912 -0.006641 0.147608
v -2.241912 -0.006641 -0.195300
v -2.241912 -0.006641 -0.538208
v -2.241912 -0.006641 -0.881115
v -2.241912 -0.006641 -1.224023
v -2.241912 -0.006641 -1.566931
v -2.241912 -0.006641 -1.909838
v -2.241912 -0.006641 -2.252746
v -2.241912 -0.006641 -2.595654
v -2.241912 -0.006641 -2.938561
v -2.241912 -0.006641 -3.281469
v -2.241912 -0.006641 -3.624377
v -2.241912 -0.006641 -3.967284
v -2.241911 -0.006641 -4.310192
v -2.241911 -0.006641 -4.653100
v -2.241911 -0.006641 -4.996008
v -2.241911 -0.006641 -5.338916
v -2.241911 -0.006641 -5.681823
v -2.241911 -0.006641 -6.024731
v -2.241911 -0.006641 -6.367639
v -2.241911 0.014161 -6.710546
v -2.241910 0.091546 -7.053454
v -2.241910 0.259164 -7.396361
v -2.241910 0.535721 -7.739269
v -2.241910 0.841304 -8.082177
v -2.241910 1.094300 -8.425084
v -2.241910 1.260049 -8.767992
v -2.241910 1.338021 -9.110899
v -2.241910 1.338652 -9.453806
v -2.241910 1.264141 -9.796714
v -2.241910 1.121657 -10.139621
v -2.241910 1.018449 -10.482529
v -2.241910 0.991542 -10.825437
v -2.241909 0.993625 -11.168344
v -2.241909 1.002915 -11.511251
v -2.241909 0.994764 -11.854160
v -2.241909 0.927855 -12.197068
v -2.241909 0.781554 -12.539975
v -2.241909 0.564652 -12.882883
v -2.241909 0.318417 -13.225791
v -2.241909 0.116949 -13.568700
v -1.847990 1.074248 13.543467
v -1.829689 1.283021 13.208314
v -1.813866 1.410559 12.872011
v -1.801015 1.456587 12.534343
v -1.792623 1.421946 12.194686
v -1.791272 1.307675 11.852004
v -1.799019 1.112833 11.505521
v -1.815868 0.845963 11.155293
v -1.839002 0.544723 10.802523
v -1.863385 0.278379 10.449344
v -1.883637 0.101075 10.098042
v -1.895613 0.019870 9.750335
v -1.899004 -0.004620 9.406114
v -1.899004 -0.006641 9.063206
v -1.899004 -0.006641 8.720299
v -1.899004 -0.006641 8.377391
v -1.899004 -0.006641 8.034484
v -1.899004 -0.006641 7.691577
v -1.899004 -0.006641 7.348670
v -1.899004 -0.006641 7.005762
v -1.899004 -0.006641 6.662854
v -1.899004 -0.006641 6.319946
v -1.899004 -0.006641 5.977038
v -1.899004 -0.006641 5.634131
v -1.899004 -0.006641 5.291223
v -1.899004 -0.006641 4.948315
v -1.899004 -0.006641 4.605407
v -1.899004 -0.006641 4.262499
v -1.899004 -0.006641 3.919592
v -1.899004 -0.006641 3.576684
v -1.899004 -0.006641 3.233776
v -1.899004 -0.006641 2.890869
v -1.899004 -0.006641 2.547961
v -1.899004 -0.006641 2.205053
v -1.899004 -0.006641 1.862146
v -1.899004 -0.006641 1.519238
v -1.899004 -0.006641 1.176331
v -1.899004 -0.006641 0.833423
v -1.899004 -0.006641 0.490515
v -1.899004 -0.006641 0.147608
v -1.899004 -0.006641 -0.195300
v -1.899004 -0.006641 -0.538208
v -1.899004 -0.006641 -0.881115
v -1.899004 -0.006641 -1.224023
v -1.899004 -0.006641 -1.566931
v -1.899004 -0.006641 -1.909838
v -1.899004 -0.006641 -2.252746
v -1.899004 -0.006641 -2.595654
v -1.899004 -0.006641 -2.938561
v -1.899004 -0.006641 -3.281469
v -1.899004 -0.006641 -3.624377
v -1.899004 -0.006641 -3.967284
v -1.899004 -0.006641 -4.310192
v -1.899004 -0.006641 -4.653100
v -1.899003 -0.006641 -4.996008
v -1.899003 -0.006641 -5.338916
v -1.899003 -0.006641 -5.681823
v -1.899003 -0.006641 -6.024731
v -1.899003 -0.006371 -6.367639
v -1.899003 0.017243 -6.710546
v -1.899003 0.100617 -7.053454
v -1.899003 0.286469 -7.396361
v -1.899003 0.569268 -7.739269
v -1.899002 0.870398 -8.082177
v -1.899002 1.112756 -8.425084
v -1.899002 1.272021 -8.767992
v -1.899002 1.351709 -9.110899
v -1.899002 1.359902 -9.453806
v -1.899002 1.297273 -9.796714
v -1.899002 1.198351 -10.139621
v -1.899002 1.114201 -10.482529
v -1.899001 1.057993 -10.825437
v -1.899001 1.030853 -11.168344
v -1.899001 1.006916 -11.511251
v -1.899001 0.951043 -11.854160
v -1.899001 0.836676 -12.197068
v -1.899001 0.666181 -12.539975
v -1.899001 0.446239 -12.882883
v -1.899001 0.225440 -13.225791
v -1.899001 0.067221 -13.568700
v -1.512313 1.274939 13.540564
v -1.497516 1.457969 13.203963
v -1.484356 1.559513 12.866580
v -1.472780 1.585344 12.528424
v -1.463737 1.533430 12.189095
v -1.459721 1.396773 11.847563
v -1.464321 1.173817 11.502385
v -1.478884 0.877057 11.153072
v -1.500556 0.546493 10.800863
v -1.523853 0.253781 10.448077
v -1.543039 0.070739 10.097159
v -1.553808 0.002689 9.749909
v -1.556097 -0.006641 9.406114
v -1.556097 -0.006641 9.063206
v -1.556097 -0.006641 8.720299
v -1.556096 -0.006641 8.377391
v -1.556096 -0.006641 8.034484
v -1.556096 -0.006641 7.691577
v -1.556096 -0.006641 7.348670
v -1.556096 -0.006641 7.005762
v -1.556096 -0.006641 6.662854
v -1.556096 -0.006641 6.319946
v -1.556096 -0.006641 5.977038
v -1.556096 -0.006641 5.634131
v -1.556096 -0.006641 5.291223
v -1.556096 -0.006641 4.948315
v -1.556096 -0.006641 4.605407
v -1.556096 -0.006641 4.262499
v -1.556096 -0.006641 3.919592
v -1.556096 -0.006641 3.576684
v -1.556096 -0.006641 3.233776
v -1.556096 -0.006641 2.890869
v -1.556096 -0.006641 2.547961
v -1.556096 -0.006641 2.205053
v -1.556095 -0.006641 1.862146
v -1.556095 -0.006641 1.519238
v -1.556095 -0.006641 1.176331
v -1.556095 -0.006641 0.833423
v -1.556095 -0.006641 0.490515
v -1.556095 -0.006641 0.147608
v -1.556095 -0.006641 -0.195300
v -1.556095 -0.006641 -0.538208
v -1.556095 -0.006641 -0.881115
v -1.556095 -0.006641 -1.224023
v -1.556095 -0.006641 -1.566931
v -1.556095 -0.006641 -1.909838
v -1.556095 -0.006641 -2.252746
v -1.556095 -0.006641 -2.595654
v -1.556095 -0.006641 -2.938561
v -1.556095 -0.006641 -3.281469
v -1.556095 -0.006641 -3.624377
v -1.556095 -0.006641 -3.967284
v -1.556095 -0.006641 -4.310192
v -1.556095 -0.006641 -4.653100
v -1.556094 -0.006641 -4.996008
v -1.556094 -0.006641 -5.338916
v -1.556094 -0.006641 -5.681823
v -1.556094 -0.006641 -6.024731
v -1.556094 -0.006511 -6.367639
v -1.556094 0.014633 -6.710546
v -1.556094 0.096126 -7.053454
v -1.556094 0.272911 -7.396361
v -1.556094 0.537271 -7.739269
v -1.556094 0.820144 -8.082177
v -1.556094 1.055756 -8.425084
v -1.556094 1.212700 -8.767992
v -1.556094 1.298312 -9.110899
v -1.556094 1.316589 -9.453806
v -1.556094 1.281845 -9.796714
v -1.556094 1.227119 -10.139621
v -1.556094 1.169619 -10.482529
v -1.556093 1.118661 -10.825437
v -1.556093 1.062217 -11.168344
v -1.556093 1.004157 -11.511251
v -1.556093 0.908523 -11.854160
v -1.556093 0.754231 -12.197068
v -1.556093 0.556219 -12.539975
v -1.556093 0.341942 -12.882883
v -1.556093 0.151978 -13.225791
v -1.556093 0.030543 -13.568700
v -1.180726 1.424652 13.535788
v -1.169533 1.580279 13.197683
v -1.158974 1.656776 12.859231
v -1.148802 1.659827 12.520537
v -1.139832 1.589012 12.181251
v -1.134669 1.437367 11.840266
v -1.136958 1.197100 11.496090
v -1.148634 0.875510 11.147981
v -1.167575 0.524833 10.796885
v -1.188122 0.224342 10.445211
v -1.204445 0.048533 10.095448
v -1.212402 -0.003498 9.749327
v -1.213189 -0.006641 9.406114
v -1.213189 -0.006641 9.063206
v -1.213189 -0.006641 8.720299
v -1.213189 -0.006641 8.377391
v -1.213189 -0.006641 8.034484
v -1.213189 -0.006641 7.691577
v -1.213189 -0.006641 7.348670
v -1.213189 -0.006641 7.005762
v -1.213189 -0.006641 6.662854
v -1.213188 -0.006641 6.319946
v -1.213188 -0.006641 5.977038
v -1.213188 -0.006641 5.634131
v -1.213188 -0.006641 5.291223
v -1.213188 -0.006641 4.948315
v -1.213188 -0.006641 4.605407
v -1.213188 -0.006641 4.262499
v -1.213188 -0.006641 3.919592
v -1.213188 -0.006641 3.576684
v -1.213188 -0.006641 3.233776
v -1.213188 -0.006641 2.890869
v -1.213188 -0.006641 2.547961
v -1.213188 -0.006641 2.205053
v -1.213188 -0.006641 1.862146
v -1.213188 -0.006641 1.519238
v -1.213188 -0.006641 1.176331
v -1.213188 -0.006641 0.833423
v -1.213188 -0.006641 0.490515
v -1.213188 -0.006641 0.147608
v -1.213187 -0.006641 -0.195300
v -1.213187 -0.006641 -0.538208
v -1.213187 -0.006641 -0.881115
v -1.213187 -0.006641 -1.224023
v -1.213187 -0.006641 -1.566931
v -1.213187 -0.006641 -1.909838
v -1.213187 -0.006641 -2.252746
v -1.213187 -0.006641 -2.595654
v -1.213187 -0.006641 -2.938561
v -1.213187 -0.006641 -3.281469
v -1.213187 -0.006641 -3.624377
v -1.213187 -0.006641 -3.967284
v -1.213187 -0.006641 -4.310192
v -1.213187 -0.006641 -4.653100
v -1.213187 -0.006641 -4.996008
v -1.213187 -0.006641 -5.338916
v -1.213187 -0.006641 -5.681823
v -1.213187 -0.006641 -6.024731
v -1.213187 -0.006641 -6.367639
v -1.213187 0.007885 -6.710546
v -1.213186 0.076806 -7.053454
v -1.213186 0.226169 -7.396361
v -1.213186 0.449451 -7.739269
v -1.213186 0.699117 -8.082177
v -1.213186 0.920661 -8.425084
v -1.213186 1.082787 -8.767992
v -1.213186 1.177326 -9.110899
v -1.213186 1.215855 -9.453806
v -1.213186 1.216651 -9.796714
v -1.213186 1.197540 -10.139621
v -1.213186 1.166134 -10.482529
v -1.213186 1.126678 -10.825437
v -1.213186 1.075426 -11.168344
v -1.213186 0.994940 -11.511251
v -1.213186 0.859777 -11.854160
v -1.213186 0.673611 -12.197068
v -1.213186 0.458479 -12.539975
v -1.213185 0.252444 -12.882883
v -1.213185 0.093728 -13.225791
v -1.213185 0.009513 -13.568700
v -0.849952 1.522139 13.530527
v -0.842071 1.652947 13.191036
v -0.833947 1.706594 12.851589
v -0.825409 1.687923 12.512261
v -0.817258 1.595552 12.172699
v -0.811921 1.423884 11.831865
v -0.812846 1.164280 11.488320
v -0.822203 0.824262 11.141206
v -0.837877 0.460762 10.791471
v -0.854469 0.170521 10.441442
v -0.866422 0.020422 10.093488
v -0.870281 -0.006641 9.749021
v -0.870281 -0.006641 9.406114
v -0.870281 -0.006641 9.063206
v -0.870281 -0.006641 8.720299
v -0.870281 -0.006641 8.377391
v -0.870280 -0.006641 8.034484
v -0.870280 -0.006641 7.691577
v -0.870280 -0.006641 7.348670
v -0.870280 -0.006641 7.005762
v -0.870280 -0.006641 6.662854
v -0.870280 -0.006641 6.319946
v -0.870280 -0.006641 5.977038
v -0.870280 -0.006641 5.634131
v -0.870280 -0.006641 5.291223
v -0.870280 -0.006641 4.948315
v -0.870280 -0.006641 4.605407
v -0.870280 -0.006641 4.262499
v -0.870280 -0.006641 3.919592
v -0.870280 -0.006641 3.576684
v -0.870280 -0.006641 3.233776
v -0.870280 -0.006641 2.890869
v -0.870280 -0.006641 2.547961
v -0.870280 -0.006641 2.205053
v -0.870280 -0.006641 1.862146
v -0.870279 -0.006641 1.519238
v -0.870279 -0.006641 1.176331
v -0.870279 -0.006641 0.833423
v -0.870279 -0.006641 0.490515
v -0.870279 -0.006641 0.147608
v -0.870279 -0.006641 -0.195300
v -0.870279 -0.006641 -0.538208
v -0.870279 -0.006641 -0.881115
v -0.870279 -0.006641 -1.224023
v -0.870279 -0.006641 -1.566931
v -0.870279 -0.006641 -1.909838
v -0.870279 -0.006641 -2.252746
v -0.870279 -0.006641 -2.595654
v -0.870279 -0.006641 -2.938561
v -0.870279 -0.006641 -3.281469
v -0.870279 -0.006641 -3.624377
v -0.870279 -0.006641 -3.967284
v -0.870279 -0.006641 -4.310192
v -0.870279 -0.006641 -4.653100
v -0.870278 -0.006641 -4.996008
v -0.870278 -0.006641 -5.338916
v -0.870278 -0.006641 -5.681823
v -0.870278 -0.006641 -6.024731
v -0.870278 -0.006641 -6.367639
v -0.870278 -0.001624 -6.710546
v -0.870278 0.051137 -7.053454
v -0.870278 0.164741 -7.396361
v -0.870278 0.330313 -7.739269
v -0.870278 0.528893 -8.082177
v -0.870278 0.720844 -8.425084
v -0.870278 0.876248 -8.767992
v -0.870278 0.984598 -9.110899
v -0.870278 1.049488 -9.453806
v -0.870278 1.084124 -9.796714
v -0.870278 1.096106 -10.139621
v -0.870278 1.093346 -10.482529
v -0.870278 1.067825 -10.825437
v -0.870278 1.020542 -11.168344
v -0.870278 0.934707 -11.511251
v -0.870278 0.783536 -11.854160
v -0.870278 0.583999 -12.197068
v -0.870278 0.367442 -12.539975
v -0.870278 0.178467 -12.882883
v -0.870278 0.048240 -13.225791
v -0.870278 -0.004226 -13.568700
v -0.517142 1.576579 13.526009
v -0.512396 1.683010 13.185215
v -0.506789 1.717683 12.844742
v -0.500309 1.681299 12.504595
v -0.493669 1.570774 12.164461
v -0.488954 1.377334 11.823439
v -0.489387 1.093778 11.480163
v -0.496769 0.733494 11.133914
v -0.508847 0.362194 10.785705
v -0.520518 0.098941 10.437743
v -0.526876 -0.001430 10.092136
v -0.527373 -0.006641 9.749021
v -0.527373 -0.006641 9.406114
v -0.527373 -0.006641 9.063206
v -0.527373 -0.006641 8.720299
v -0.527373 -0.006641 8.377391
v -0.527373 -0.006641 8.034484
v -0.527373 -0.006641 7.691577
v -0.527373 -0.006641 7.348670
v -0.527373 -0.006641 7.005762
v -0.527373 -0.006641 6.662854
v -0.527373 -0.006641 6.319946
v -0.527373 -0.006641 5.977038
v -0.527372 -0.006641 5.634131
v -0.527372 -0.006641 5.291223
v -0.527372 -0.006641 4.948315
v -0.527372 -0.006641 4.605407
v -0.527372 -0.006641 4.262499
v -0.527372 -0.006641 3.919592
v -0.527372 -0.006641 3.576684
v -0.527372 -0.006641 3.233776
v -0.527372 -0.006641 2.890869
v -0.527372 -0.006641 2.547961
v -0.527372 -0.006641 2.205053
v -0.527372 -0.006641 1.862146
v -0.527372 -0.006641 1.519238
v -0.527372 -0.006641 1.176331
v -0.527372 -0.006641 0.833423
v -0.527372 -0.006641 0.490515
v -0.527372 -0.006641 0.147608
v -0.527372 -0.006641 -0.195300
v -0.527372 -0.006641 -0.538208
v -0.527372 -0.006641 -0.881115
v -0.527371 -0.006641 -1.224023
v -0.527371 -0.006641 -1.566931
v -0.527371 -0.006641 -1.909838
v -0.527371 -0.006641 -2.252746
v -0.527371 -0.006641 -2.595654
v -0.527371 -0.006641 -2.938561
v -0.527371 -0.006641 -3.281469
v -0.527371 -0.006641 -3.624377
v -0.527371 -0.006641 -3.967284
v -0.527371 -0.006641 -4.310192
v -0.527371 -0.006641 -4.653100
v -0.527371 -0.006641 -4.996008
v -0.527371 -0.006641 -5.338916
v -0.527371 -0.006641 -5.681823
v -0.527371 -0.006641 -6.024731
v -0.527371 -0.006641 -6.367639
v -0.527371 -0.006599 -6.710546
v -0.527371 0.022017 -7.053454
v -0.527371 0.099951 -7.396361
v -0.527371 0.217622 -7.739269
v -0.527371 0.348454 -8.082177
v -0.527371 0.485744 -8.425084
v -0.527371 0.618371 -8.767992
v -0.527370 0.729053 -9.110899
v -0.527370 0.815448 -9.453806
v -0.527370 0.880143 -9.796714
v -0.527370 0.923463 -10.139621
v -0.527370 0.946049 -10.482529
v -0.527370 0.937668 -10.825437
v -0.527370 0.898837 -11.168344
v -0.527370 0.803347 -11.511251
v -0.527370 0.649485 -11.854160
v -0.527370 0.456066 -12.197068
v -0.527370 0.260061 -12.539975
v -0.527370 0.101575 -12.882883
v -0.527370 0.012134 -13.225791
v -0.527370 -0.006641 -13.568700
v -0.180167 1.612629 13.523170
v -0.178321 1.697417 13.181160
v -0.175664 1.711784 12.839478
v -0.171793 1.657817 12.498278
v -0.167279 1.528714 12.157306
v -0.163841 1.311541 11.815809
v -0.164170 0.998145 11.472636
v -0.169569 0.616544 11.127266
v -0.177519 0.256982 10.780823
v -0.183389 0.037577 10.435322
v -0.184466 -0.006641 10.091928
v -0.184466 -0.006641 9.749021
v -0.184465 -0.006641 9.406114
v -0.184465 -0.006641 9.063206
v -0.184465 -0.006641 8.720299
v -0.184465 -0.006641 8.377391
v -0.184465 -0.006641 8.034484
v -0.184465 -0.006641 7.691577
v -0.184465 -0.006641 7.348670
v -0.184465 -0.006641 7.005762
v -0.184465 -0.006641 6.662854
v -0.184465 -0.006641 6.319946
v -0.184465 -0.006641 5.977038
v -0.184465 -0.006641 5.634131
v -0.184465 -0.006641 5.291223
v -0.184465 -0.006641 4.948315
v -0.184465 -0.006641 4.605407
v -0.184465 -0.006641 4.262499
v -0.184465 -0.006641 3.919592
v -0.184465 -0.006641 3.576684
v -0.184465 -0.006641 3.233776
v -0.184465 -0.006641 2.890869
v -0.184465 -0.006641 2.547961
v -0.184465 -0.006641 2.205053
v -0.184464 -0.006641 1.862146
v -0.184464 -0.006641 1.519238
v -0.184464 -0.006641 1.176331
v -0.184464 -0.006641 0.833423
v -0.184464 -0.006641 0.490515
v -0.184464 -0.006641 0.147608
v -0.184464 -0.006641 -0.195300
v -0.184464 -0.006641 -0.538208
v -0.184464 -0.006641 -0.881115
v -0.184464 -0.006641 -1.224023
v -0.184464 -0.006641 -1.566931
v -0.184464 -0.006641 -1.909838
v -0.184464 -0.006641 -2.252746
v -0.184464 -0.006641 -2.595654
v -0.184464 -0.006641 -2.938561
v -0.184464 -0.006641 -3.281469
v -0.184464 -0.006641 -3.624377
v -0.184464 -0.006641 -3.967284
v -0.184464 -0.006641 -4.310192
v -0.184464 -0.006641 -4.653100
v -0.184464 -0.006641 -4.996008
v -0.184464 -0.006641 -5.338916
v -0.184464 -0.006641 -5.681823
v -0.184463 -0.006641 -6.024731
v -0.184463 -0.006641 -6.367639
v -0.184463 -0.006641 -6.710546
v -0.184463 0.001179 -7.053454
v -0.184463 0.040989 -7.396361
v -0.184463 0.116441 -7.739269
v -0.184463 0.204707 -8.082177
v -0.184463 0.279490 -8.425084
v -0.184463 0.360611 -8.767992
v -0.184463 0.451621 -9.110899
v -0.184463 0.542076 -9.453806
v -0.184463 0.621522 -9.796714
v -0.184463 0.687714 -10.139621
v -0.184463 0.726001 -10.482529
v -0.184463 0.742540 -10.825437
v -0.184463 0.713405 -11.168344
v -0.184463 0.619753 -11.511251
v -0.184463 0.476988 -11.854160
v -0.184463 0.306717 -12.197068
v -0.184463 0.151260 -12.539975
v -0.184463 0.040813 -12.882883
v -0.184463 -0.005062 -13.225791
v -0.184462 -0.006641 -13.568700
v 0.159448 1.636414 13.521546
v 0.160207 1.705074 13.179016
v 0.161275 1.702888 12.836638
v 0.162646 1.630028 12.494402
v 0.164298 1.479725 12.152270
v 0.165872 1.238434 11.810032
v 0.165534 0.896162 11.466901
v 0.162563 0.497259 11.122599
v 0.159487 0.168680 10.778246
v 0.158472 0.015663 10.434851
v 0.158442 -0.006598 10.091928
v 0.158442 -0.006641 9.749021
v 0.158442 -0.006641 9.406114
v 0.158442 -0.006641 9.063206
v 0.158442 -0.006641 8.720299
v 0.158442 -0.006641 8.377391
v 0.158442 -0.006641 8.034484
v 0.158442 -0.006641 7.691577
v 0.158442 -0.006641 7.348670
v 0.158442 -0.006641 7.005762
v 0.158443 -0.006641 6.662854
v 0.158443 -0.006641 6.319946
v 0.158443 -0.006641 5.977038
v 0.158443 -0.006641 5.634131
v 0.158443 -0.006641 5.291223
v 0.158443 -0.006641 4.948315
v 0.158443 -0.006641 4.605407
v 0.158443 -0.006641 4.262499
v 0.158443 -0.006641 3.919592
v 0.158443 -0.006641 3.576684
v 0.158443 -0.006641 3.233776
v 0.158443 -0.006641 2.890869
v 0.158443 -0.006641 2.547961
v 0.158443 -0.006641 2.205053
v 0.158443 -0.006641 1.862146
v 0.158443 -0.006641 1.519238
v 0.158443 -0.006641 1.176331
v 0.158443 -0.006641 0.833423
v 0.158443 -0.006641 0.490515
v 0.158443 -0.006641 0.147608
v 0.158443 -0.006641 -0.195300
v 0.158443 -0.006641 -0.538208
v 0.158444 -0.006641 -0.881115
v 0.158444 -0.006641 -1.224023
v 0.158444 -0.006641 -1.566931
v 0.158444 -0.006641 -1.909838
v 0.158444 -0.006641 -2.252746
v 0.158444 -0.006641 -2.595654
v 0.158444 -0.006641 -2.938561
v 0.158444 -0.006641 -3.281469
v 0.158444 -0.006641 -3.624377
v 0.158444 -0.006641 -3.967284
v 0.158444 -0.006641 -4.310192
v 0.158444 -0.006641 -4.653100
v 0.158444 -0.006641 -4.996008
v 0.158444 -0.006641 -5.338916
v 0.158444 -0.006641 -5.681823
v 0.158444 -0.006641 -6.024731
v 0.158444 -0.006641 -6.367639
v 0.158444 -0.006641 -6.710546
v 0.158444 -0.006338 -7.053454
v 0.158444 0.008957 -7.396361
v 0.158444 0.040311 -7.739269
v 0.158444 0.088478 -8.082177
v 0.158445 0.133872 -8.425084
v 0.158445 0.164904 -8.767992
v 0.158445 0.213448 -9.110899
v 0.158445 0.282525 -9.453806
v 0.158445 0.357815 -9.796714
v 0.158445 0.428381 -10.139621
v 0.158445 0.482346 -10.482529
v 0.158445 0.509450 -10.825437
v 0.158445 0.485222 -11.168344
v 0.158445 0.409905 -11.511251
v 0.158445 0.293470 -11.854160
v 0.158445 0.168455 -12.197068
v 0.158445 0.060886 -12.539975
v 0.158445 0.002955 -12.882883
v 0.158445 -0.006641 -13.225791
v 0.158445 -0.006641 -13.568700
v 0.501472 1.649651 13.521169
v 0.501470 1.708769 13.178338
v 0.501435 1.696663 12.835511
v 0.501534 1.612459 12.492731
v 0.501968 1.448222 12.150050
v 0.502430 1.188666 11.807313
v 0.502363 0.829437 11.464267
v 0.501749 0.426268 11.120941
v 0.501391 0.126831 10.777780
v 0.501350 0.021013 10.434835
v 0.501350 -0.004204 10.091928
v 0.501350 -0.006641 9.749021
v 0.501350 -0.006641 9.406114
v 0.501350 -0.006641 9.063206
v 0.501350 -0.006641 8.720299
v 0.501350 -0.006641 8.377391
v 0.501350 -0.006641 8.034484
v 0.501350 -0.006641 7.691577
v 0.501350 -0.006641 7.348670
v 0.501350 -0.006641 7.005762
v 0.501350 -0.006641 6.662854
v 0.501350 -0.006641 6.319946
v 0.501350 -0.006641 5.977038
v 0.501350 -0.006641 5.634131
v 0.501351 -0.006641 5.291223
v 0.501351 -0.006641 4.948315
v 0.501351 -0.006641 4.605407
v 0.501351 -0.006641 4.262499
v 0.501351 -0.006641 3.919592
v 0.501351 -0.006641 3.576684
v 0.501351 -0.006641 3.233776
v 0.501351 -0.006641 2.890869
v 0.501351 -0.006641 2.547961
v 0.501351 -0.006641 2.205053
v 0.501351 -0.006641 1.862146
v 0.501351 -0.006641 1.519238
v 0.501351 -0.006641 1.176331
v 0.501351 -0.006641 0.833423
v 0.501351 -0.006641 0.490515
v 0.501351 -0.006641 0.147608
v 0.501351 -0.006641 -0.195300
v 0.501351 -0.006641 -0.538208
v 0.501351 -0.006641 -0.881115
v 0.501351 -0.006641 -1.224023
v 0.501352 -0.006641 -1.566931
v 0.501352 -0.006641 -1.909838
v 0.501352 -0.006641 -2.252746
v 0.501352 -0.006641 -2.595654
v 0.501352 -0.006641 -2.938561
v 0.501352 -0.006641 -3.281469
v 0.501352 -0.006641 -3.624377
v 0.501352 -0.006641 -3.967284
v 0.501352 -0.006641 -4.310192
v 0.501352 -0.006641 -4.653100
v 0.501352 -0.006641 -4.996008
v 0.501352 -0.006641 -5.338916
v 0.501352 -0.006641 -5.681823
v 0.501352 -0.006641 -6.024731
v 0.501352 -0.006641 -6.367639
v 0.501352 -0.006641 -6.710546
v 0.501352 -0.006641 -7.053454
v 0.501352 -0.005758 -7.396361
v 0.501352 0.006311 -7.739269
v 0.501352 0.024501 -8.082177
v 0.501352 0.042949 -8.425084
v 0.501352 0.054946 -8.767992
v 0.501352 0.066396 -9.110899
v 0.501353 0.096818 -9.453806
v 0.501353 0.148138 -9.796714
v 0.501353 0.206166 -10.139621
v 0.501353 0.263639 -10.482529
v 0.501353 0.289220 -10.825437
v 0.501353 0.270708 -11.168344
v 0.501353 0.213477 -11.511251
v 0.501353 0.137472 -11.854160
v 0.501353 0.061471 -12.197068
v 0.501353 0.008119 -12.539975
v 0.501353 -0.006641 -12.882883
v 0.501353 -0.006641 -13.225791
v 0.501353 -0.006641 -13.568700
v 0.843524 1.652515 13.521281
v 0.843174 1.707469 13.178396
v 0.842899 1.691139 12.835480
v 0.842402 1.603870 12.492522
v 0.841901 1.437867 12.149559
v 0.841810 1.179192 11.806620
v 0.842288 0.824256 11.463660
v 0.843141 0.438654 11.120694
v 0.843912 0.152198 10.777761
v 0.844187 0.038421 10.434837
v 0.844257 -0.001069 10.091928
v 0.844258 -0.006641 9.749021
v 0.844258 -0.006641 9.406114
v 0.844258 -0.006641 9.063206
v 0.844258 -0.006641 8.720299
v 0.844258 -0.006641 8.377391
v 0.844258 -0.006641 8.034484
v 0.844258 -0.006641 7.691577
v 0.844258 -0.006641 7.348670
v 0.844258 -0.006641 7.005762
v 0.844258 -0.006641 6.662854
v 0.844258 -0.006641 6.319946
v 0.844258 -0.006641 5.977038
v 0.844258 -0.006641 5.634131
v 0.844258 -0.006641 5.291223
v 0.844258 -0.006641 4.948315
v 0.844258 -0.006641 4.605407
v 0.844258 -0.006641 4.262499
v 0.844258 -0.006641 3.919592
v 0.844258 -0.006641 3.576684
v 0.844258 -0.006641 3.233776
v 0.844259 -0.006641 2.890869
v 0.844259 -0.006641 2.547961
v 0.844259 -0.006641 2.205053
v 0.844259 -0.006641 1.862146
v 0.844259 -0.006641 1.519238
v 0.844259 -0.006641 1.176331
v 0.844259 -0.006641 0.833423
v 0.844259 -0.006641 0.490515
v 0.844259 -0.006641 0.147608
v 0.844259 -0.006641 -0.195300
v 0.844259 -0.006641 -0.538208
v 0.844259 -0.006641 -0.881115
v 0.844259 -0.006641 -1.224023
v 0.844259 -0.006641 -1.566931
v 0.844259 -0.006641 -1.909838
v 0.844259 -0.006641 -2.252746
v 0.844259 -0.006641 -2.595654
v 0.844259 -0.006641 -2.938561
v 0.844260 -0.006641 -3.281469
v 0.844260 -0.006641 -3.624377
v 0.844260 -0.006641 -3.967284
v 0.844260 -0.006641 -4.310192
v 0.844260 -0.006641 -4.653100
v 0.844260 -0.006641 -4.996008
v 0.844260 -0.006641 -5.338916
v 0.844260 -0.006641 -5.681823
v 0.844260 -0.006641 -6.024731
v 0.844260 -0.006641 -6.367639
v 0.844260 -0.006641 -6.710546
v 0.844260 -0.006641 -7.053454
v 0.844260 -0.006641 -7.396361
v 0.844260 -0.006641 -7.739269
v 0.844260 -0.003524 -8.082177
v 0.844260 0.002037 -8.425084
v 0.844260 0.004852 -8.767992
v 0.844260 0.002882 -9.110899
v 0.844260 0.007648 -9.453806
v 0.844260 0.032007 -9.796714
v 0.844260 0.071844 -10.139621
v 0.844260 0.103211 -10.482529
v 0.844260 0.114472 -10.825437
v 0.844260 0.103756 -11.168344
v 0.844260 0.075256 -11.511251
v 0.844260 0.035853 -11.854160
v 0.844260 0.003557 -12.197068
v 0.844260 -0.006537 -12.539975
v 0.844260 -0.006641 -12.882883
v 0.844260 -0.006641 -13.225791
v 0.844260 -0.006641 -13.568700
v 1.184826 1.644912 13.521931
v 1.183920 1.701007 13.178904
v 1.182082 1.688842 12.835690
v 1.180040 1.608022 12.492490
v 1.178576 1.451829 12.149340
v 1.177772 1.211826 11.805879
v 1.174270 0.896368 11.458518
v 1.172906 0.548421 11.112122
v 1.174767 0.260021 10.768078
v 1.177520 0.091257 10.425232
v 1.179104 0.014876 10.082541
v 1.180959 0.001694 9.741125
v 1.184098 -0.002064 9.401793
v 1.186378 -0.005281 9.062018
v 1.187163 -0.006637 8.720295
v 1.187165 -0.006641 8.377391
v 1.187165 -0.006641 8.034484
v 1.187165 -0.006641 7.691577
v 1.187165 -0.006641 7.348670
v 1.187165 -0.006641 7.005762
v 1.187165 -0.006641 6.662854
v 1.187165 -0.006641 6.319946
v 1.187165 -0.006641 5.977038
v 1.187165 -0.006641 5.634131
v 1.187165 -0.006641 5.291223
v 1.187165 -0.006641 4.948315
v 1.187165 -0.006641 4.605407
v 1.187165 -0.006641 4.262499
v 1.187165 -0.006641 3.919592
v 1.187165 -0.006641 3.576684
v 1.187166 -0.006641 3.233776
v 1.187166 -0.006641 2.890869
v 1.187166 -0.006641 2.547961
v 1.187166 -0.006641 2.205053
v 1.187166 -0.006641 1.862146
v 1.187166 -0.006641 1.519238
v 1.187166 -0.006641 1.176331
v 1.187166 -0.006641 0.833423
v 1.187166 -0.006641 0.490515
v 1.187166 -0.006641 0.147608
v 1.187166 -0.006641 -0.195300
v 1.187166 -0.006641 -0.538208
v 1.187166 -0.006641 -0.881115
v 1.187166 -0.006641 -1.224023
v 1.187166 -0.006641 -1.566931
v 1.187166 -0.006641 -1.909838
v 1.187166 -0.006641 -2.252746
v 1.187167 -0.006641 -2.595654
v 1.187167 -0.006641 -2.938561
v 1.187167 -0.006641 -3.281469
v 1.187167 -0.006641 -3.624377
v 1.187167 -0.006641 -3.967284
v 1.187167 -0.006641 -4.310192
v 1.187167 -0.006641 -4.653100
v 1.187167 -0.006641 -4.996008
v 1.187167 -0.006641 -5.338916
v 1.187167 -0.006641 -5.681823
v 1.187167 -0.006641 -6.024731
v 1.187167 -0.006641 -6.367639
v 1.187167 -0.006641 -6.710546
v 1.187167 -0.006641 -7.053454
v 1.187167 -0.006641 -7.396361
v 1.187167 -0.006641 -7.739269
v 1.187167 -0.006641 -8.082177
v 1.187167 -0.006641 -8.425084
v 1.187167 -0.006641 -8.767992
v 1.187168 -0.006641 -9.110899
v 1.187168 -0.006641 -9.453806
v 1.187168 -0.003379 -9.796714
v 1.187168 0.005047 -10.139621
v 1.187168 0.015832 -10.482529
v 1.187168 0.021377 -10.825437
v 1.187168 0.017162 -11.168344
v 1.187168 0.005511 -11.511251
v 1.187168 -0.004737 -11.854160
v 1.187168 -0.006641 -12.197068
v 1.187168 -0.006641 -12.539975
v 1.187168 -0.006641 -12.882883
v 1.187168 -0.006641 -13.225791
v 1.187168 -0.006641 -13.568700
v 1.523924 1.631349 13.523285
v 1.521080 1.694972 13.179825
v 1.517768 1.690829 12.836099
v 1.513657 1.621532 12.492166
v 1.509147 1.486502 12.147991
v 1.498923 1.290413 11.796675
v 1.486011 1.034526 11.439854
v 1.474323 0.737654 11.079697
v 1.470486 0.452163 10.723605
v 1.474046 0.230270 10.374487
v 1.480173 0.092746 10.031584
v 1.485304 0.059054 9.691105
v 1.494831 0.049794 9.358035
v 1.508193 0.033450 9.031256
v 1.519712 0.015810 8.704243
v 1.527237 0.001423 8.372704
v 1.529894 -0.005808 8.034166
v 1.530073 -0.006641 7.691577
v 1.530073 -0.006641 7.348670
v 1.530073 -0.006641 7.005762
v 1.530073 -0.006641 6.662854
v 1.530073 -0.006641 6.319946
v 1.530073 -0.006641 5.977038
v 1.530073 -0.006641 5.634131
v 1.530073 -0.006641 5.291223
v 1.530073 -0.006641 4.948315
v 1.530073 -0.006641 4.605407
v 1.530073 -0.006641 4.262499
v 1.530073 -0.006641 3.919592
v 1.530073 -0.006641 3.576684
v 1.530073 -0.006641 3.233776
v 1.530073 -0.006641 2.890869
v 1.530073 -0.006641 2.547961
v 1.530073 -0.006641 2.205053
v 1.530074 -0.006641 1.862146
v 1.530074 -0.006641 1.519238
v 1.530074 -0.006641 1.176331
v 1.530074 -0.006641 0.833423
v 1.530074 -0.006641 0.490515
v 1.530074 -0.006641 0.147608
v 1.530074 -0.006641 -0.195300
v 1.530074 -0.006641 -0.538208
v 1.530074 -0.006641 -0.881115
v 1.530074 -0.006641 -1.224023
v 1.530074 -0.006641 -1.566931
v 1.530074 -0.006641 -1.909838
v 1.530074 -0.006641 -2.252746
v 1.530074 -0.006641 -2.595654
v 1.530074 -0.006641 -2.938561
v 1.530074 -0.006641 -3.281469
v 1.530074 -0.006641 -3.624377
v 1.530074 -0.006641 -3.967284
v 1.530074 -0.006641 -4.310192
v 1.530074 -0.006641 -4.653100
v 1.530074 -0.006641 -4.996008
v 1.530075 -0.006641 -5.338916
v 1.530075 -0.006641 -5.681823
v 1.530075 -0.006641 -6.024731
v 1.530075 -0.006641 -6.367639
v 1.530075 -0.006641 -6.710546
v 1.530075 -0.006641 -7.053454
v 1.530075 -0.006641 -7.396361
v 1.530075 -0.006641 -7.739269
v 1.530075 -0.006641 -8.082177
v 1.530075 -0.006641 -8.425084
v 1.530075 -0.006641 -8.767992
v 1.530075 -0.006641 -9.110899
v 1.530075 -0.006641 -9.453806
v 1.530075 -0.006641 -9.796714
v 1.530075 -0.006641 -10.139621
v 1.530075 -0.006641 -10.482529
v 1.530075 -0.006641 -10.825437
v 1.530075 -0.006641 -11.168344
v 1.530075 -0.006641 -11.511251
v 1.530076 -0.006641 -11.854160
v 1.530076 -0.006641 -12.197068
v 1.530076 -0.006641 -12.539975
v 1.530076 -0.006641 -12.882883
v 1.530076 -0.006641 -13.225791
v 1.530076 -0.006641 -13.568700
v 1.859102 1.615469 13.525825
v 1.854799 1.687729 13.181198
v 1.847774 1.696564 12.835728
v 1.839119 1.646961 12.490346
v 1.826295 1.543790 12.140189
v 1.805338 1.393321 11.779808
v 1.777481 1.196931 11.406854
v 1.749226 0.959708 11.025784
v 1.731328 0.701695 10.647343
v 1.732646 0.452746 10.285608
v 1.747246 0.257987 9.940145
v 1.762146 0.173739 9.603945
v 1.779077 0.150705 9.277946
v 1.803295 0.127424 8.963346
v 1.829622 0.096520 8.654122
v 1.850789 0.063781 8.341506
v 1.864897 0.032770 8.020452
v 1.871133 0.011371 7.688077
v 1.872661 0.000813 7.348009
v 1.872975 -0.004544 7.005751
v 1.872980 -0.006172 6.662854
v 1.872980 -0.006641 6.319946
v 1.872980 -0.006641 5.977038
v 1.872980 -0.006641 5.634131
v 1.872980 -0.006641 5.291223
v 1.872980 -0.006641 4.948315
v 1.872980 -0.006641 4.605407
v 1.872980 -0.006641 4.262499
v 1.872980 -0.006641 3.919592
v 1.872980 -0.006641 3.576684
v 1.872980 -0.006641 3.233776
v 1.872980 -0.006641 2.890869
v 1.872980 -0.006641 2.547961
v 1.872980 -0.006641 2.205053
v 1.872980 -0.006641 1.862146
v 1.872980 -0.006641 1.519238
v 1.872980 -0.006641 1.176331
v 1.872980 -0.006641 0.833423
v 1.872980 -0.006641 0.490515
v 1.872980 -0.006641 0.147608
v 1.872980 -0.006641 -0.195300
v 1.872980 -0.006641 -0.538208
v 1.872980 -0.006641 -0.881115
v 1.872980 -0.006641 -1.224023
v 1.872980 -0.006641 -1.566931
v 1.872980 -0.006641 -1.909838
v 1.872980 -0.006641 -2.252746
v 1.872980 -0.006641 -2.595654
v 1.872980 -0.006641 -2.938561
v 1.872980 -0.006641 -3.281469
v 1.872980 -0.006641 -3.624377
v 1.872980 -0.006641 -3.967284
v 1.872981 -0.006641 -4.310192
v 1.872981 -0.006641 -4.653100
v 1.872981 -0.006641 -4.996008
v 1.872981 -0.006641 -5.338916
v 1.872981 -0.006641 -5.681823
v 1.872981 -0.006641 -6.024731
v 1.872981 -0.006641 -6.367639
v 1.872981 -0.006641 -6.710546
v 1.872981 -0.006641 -7.053454
v 1.872982 -0.006641 -7.396361
v 1.872982 -0.006641 -7.739269
v 1.872982 -0.006641 -8.082177
v 1.872982 -0.006641 -8.425084
v 1.872982 -0.006641 -8.767992
v 1.872982 -0.006641 -9.110899
v 1.872982 -0.006641 -9.453806
v 1.872982 -0.006641 -9.796714
v 1.872982 -0.006641 -10.139621
v 1.872982 -0.006641 -10.482529
v 1.872982 -0.006641 -10.825437
v 1.872983 -0.006641 -11.168344
v 1.872983 -0.006641 -11.511251
v 1.872983 -0.006641 -11.854160
v 1.872983 -0.006641 -12.197068
v 1.872983 -0.006641 -12.539975
v 1.872983 -0.006641 -12.882883
v 1.872983 -0.006641 -13.225791
v 1.872983 -0.006641 -13.568700
v 2.191229 1.597279 13.529210
v 2.182497 1.681373 13.182319
v 2.171278 1.702077 12.834470
v 2.158548 1.667109 12.486370
v 2.135730 1.594102 12.128117
v 2.103650 1.486394 11.757222
v 2.059936 1.346873 11.367249
v 2.011587 1.173768 10.961629
v 1.975817 0.960673 10.558528
v 1.966952 0.722256 10.175290
v 1.987591 0.493876 9.823695
v 2.020646 0.343992 9.495247
v 2.050315 0.291344 9.178679
v 2.084584 0.264468 8.875495
v 2.124363 0.221962 8.582417
v 2.160698 0.174901 8.289236
v 2.188541 0.130539 7.988052
v 2.205409 0.090583 7.672527
v 2.212835 0.058449 7.342672
v 2.215055 0.035968 7.004035
v 2.215816 0.020154 6.662705
v 2.215882 0.010792 6.319934
v 2.215887 0.001396 5.977037
v 2.215888 -0.003376 5.634131
v 2.215888 -0.006433 5.291223
v 2.215888 -0.006641 4.948315
v 2.215888 -0.006641 4.605407
v 2.215888 -0.006641 4.262499
v 2.215888 -0.006641 3.919592
v 2.215888 -0.006641 3.576684
v 2.215888 -0.006641 3.233776
v 2.215888 -0.006641 2.890869
v 2.215888 -0.006641 2.547961
v 2.215888 -0.006641 2.205053
v 2.215888 -0.006641 1.862146
v 2.215888 -0.006641 1.519238
v 2.215888 -0.006641 1.176331
v 2.215888 -0.006641 0.833423
v 2.215888 -0.006641 0.490515
v 2.215888 -0.006641 0.147608
v 2.215888 -0.006641 -0.195300
v 2.215888 -0.006641 -0.538208
v 2.215888 -0.006641 -0.881115
v 2.215888 -0.006641 -1.224023
v 2.215888 -0.006641 -1.566931
v 2.215888 -0.006641 -1.909838
v 2.215888 -0.006641 -2.252746
v 2.215888 -0.006641 -2.595654
v 2.215888 -0.006641 -2.938561
v 2.215888 -0.006641 -3.281469
v 2.215888 -0.006641 -3.624377
v 2.215888 -0.006641 -3.967284
v 2.215888 -0.006641 -4.310192
v 2.215888 -0.006641 -4.653100
v 2.215888 -0.006641 -4.996008
v 2.215889 -0.006641 -5.338916
v 2.215889 -0.006641 -5.681823
v 2.215889 -0.006641 -6.024731
v 2.215889 -0.006641 -6.367639
v 2.215889 -0.006641 -6.710546
v 2.215889 -0.006641 -7.053454
v 2.215889 -0.006641 -7.396361
v 2.215889 -0.006641 -7.739269
v 2.215889 -0.006641 -8.082177
v 2.215889 -0.006641 -8.425084
v 2.215889 -0.006641 -8.767992
v 2.215889 -0.006641 -9.110899
v 2.215890 -0.006641 -9.453806
v 2.215890 -0.006641 -9.796714
v 2.215890 -0.006641 -10.139621
v 2.215890 -0.006641 -10.482529
v 2.215890 -0.006641 -10.825437
v 2.215890 -0.006641 -11.168344
v 2.215890 -0.006641 -11.511251
v 2.215890 -0.006641 -11.854160
v 2.215891 -0.006641 -12.197068
v 2.215891 -0.006641 -12.539975
v 2.215891 -0.006641 -12.882883
v 2.215891 -0.006641 -13.225791
v 2.215891 -0.006641 -13.568700
v 2.519769 1.572260 13.532265
v 2.506438 1.664627 13.182864
v 2.491992 1.693953 12.832841
v 2.473969 1.674614 12.480083
v 2.443150 1.628844 12.114827
v 2.397811 1.562729 11.731002
v 2.338652 1.474176 11.324493
v 2.272924 1.359085 10.898120
v 2.219635 1.199603 10.471668
v 2.197031 0.989806 10.065228
v 2.217413 0.755820 9.701770
v 2.266441 0.564809 9.377674
v 2.318907 0.456662 9.075441
v 2.364546 0.417986 8.784472
v 2.415982 0.373473 8.505841
v 2.465889 0.323871 8.229913
v 2.505805 0.271066 7.945836
v 2.534119 0.215807 7.647567
v 2.549540 0.170617 7.330987
v 2.555952 0.135870 6.999923
v 2.557881 0.106708 6.660956
v 2.558756 0.078642 6.319862
v 2.558784 0.057302 5.977015
v 2.558793 0.035421 5.634127
v 2.558795 0.019746 5.291223
v 2.558795 0.005175 4.948315
v 2.558795 -0.003640 4.605407
v 2.558795 -0.006605 4.262499
v 2.558795 -0.006641 3.919592
v 2.558795 -0.006641 3.576684
v 2.558795 -0.006641 3.233776
v 2.558795 -0.006641 2.890869
v 2.558795 -0.006641 2.547961
v 2.558795 -0.006641 2.205053
v 2.558795 -0.006641 1.862146
v 2.558795 -0.006641 1.519238
v 2.558795 -0.006641 1.176331
v 2.558795 -0.006641 0.833423
v 2.558795 -0.006641 0.490515
v 2.558795 -0.006641 0.147608
v 2.558795 -0.006641 -0.195300
v 2.558795 -0.006641 -0.538208
v 2.558795 -0.006641 -0.881115
v 2.558795 -0.006641 -1.224023
v 2.558795 -0.006641 -1.566931
v 2.558795 -0.006641 -1.909838
v 2.558795 -0.006641 -2.252746
v 2.558795 -0.006641 -2.595654
v 2.558795 -0.006641 -2.938561
v 2.558795 -0.006641 -3.281469
v 2.558795 -0.006641 -3.624377
v 2.558795 -0.006641 -3.967284
v 2.558796 -0.006641 -4.310192
v 2.558796 -0.006641 -4.653100
v 2.558796 -0.006641 -4.996008
v 2.558796 -0.006641 -5.338916
v 2.558796 -0.006641 -5.681823
v 2.558796 -0.006641 -6.024731
v 2.558796 -0.006641 -6.367639
v 2.558796 -0.006641 -6.710546
v 2.558796 -0.006641 -7.053454
v 2.558797 -0.006641 -7.396361
v 2.558797 -0.006641 -7.739269
v 2.558797 -0.006641 -8.082177
v 2.558797 -0.006641 -8.425084
v 2.558797 -0.006641 -8.767992
v 2.558797 -0.006641 -9.110899
v 2.558797 -0.006641 -9.453806
v 2.558797 -0.006641 -9.796714
v 2.558798 -0.006641 -10.139621
v 2.558798 -0.006641 -10.482529
v 2.558798 -0.006641 -10.825437
v 2.558798 -0.006641 -11.168344
v 2.558798 -0.006641 -11.511251
v 2.558798 -0.006641 -11.854160
v 2.558798 -0.006641 -12.197068
v 2.558798 -0.006641 -12.539975
v 2.558798 -0.006641 -12.882883
v 2.558798 -0.006641 -13.225791
v 2.558798 -0.006641 -13.568700
v 2.847112 1.527485 13.534868
v 2.830080 1.629046 13.183306
v 2.812887 1.668609 12.831259
v 2.787372 1.668259 12.472185
v 2.745773 1.647712 12.097852
v 2.684282 1.622076 11.699492
v 2.608819 1.589104 11.276801
v 2.528244 1.533410 10.834187
v 2.460281 1.423310 10.388182
v 2.428225 1.240591 9.962815
v 2.450491 1.008346 9.587558
v 2.513351 0.793873 9.265772
v 2.588718 0.640274 8.978814
v 2.653137 0.577013 8.704069
v 2.714517 0.534763 8.438086
v 2.774648 0.483085 8.175784
v 2.824268 0.424805 7.905435
v 2.862019 0.369950 7.621285
v 2.884468 0.320939 7.316252
v 2.895277 0.276135 6.992933
v 2.899399 0.236291 6.658073
v 2.901214 0.200674 6.318928
v 2.901674 0.170259 5.976976
v 2.901691 0.134305 5.634106
v 2.901702 0.097981 5.291221
v 2.901703 0.070982 4.948315
v 2.901703 0.042822 4.605407
v 2.901703 0.021592 4.262499
v 2.901703 0.006238 3.919592
v 2.901703 -0.001623 3.576684
v 2.901703 -0.005823 3.233776
v 2.901703 -0.006618 2.890869
v 2.901703 -0.006641 2.547961
v 2.901703 -0.006641 2.205053
v 2.901703 -0.006641 1.862146
v 2.901703 -0.006641 1.519238
v 2.901703 -0.006641 1.176331
v 2.901703 -0.006641 0.833423
v 2.901703 -0.006641 0.490515
v 2.901703 -0.006641 0.147608
v 2.901703 -0.006641 -0.195300
v 2.901703 -0.006641 -0.538208
v 2.901703 -0.006641 -0.881115
v 2.901703 -0.006641 -1.224023
v 2.901703 -0.006641 -1.566931
v 2.901703 -0.006641 -1.909838
v 2.901703 -0.006641 -2.252746
v 2.901703 -0.006641 -2.595654
v 2.901703 -0.006641 -2.938561
v 2.901703 -0.006641 -3.281469
v 2.901703 -0.006641 -3.624377
v 2.901703 -0.006641 -3.967284
v 2.901703 -0.006641 -4.310192
v 2.901703 -0.006641 -4.653100
v 2.901704 -0.006641 -4.996008
v 2.901704 -0.006641 -5.338916
v 2.901704 -0.006641 -5.681823
v 2.901704 -0.006641 -6.024731
v 2.901704 -0.006641 -6.367639
v 2.901704 -0.006641 -6.710546
v 2.901704 -0.006641 -7.053454
v 2.901704 -0.006641 -7.396361
v 2.901704 -0.006641 -7.739269
v 2.901705 -0.006641 -8.082177
v 2.901705 -0.006641 -8.425084
v 2.901705 -0.006641 -8.767992
v 2.901705 -0.006641 -9.110899
v 2.901705 -0.006641 -9.453806
v 2.901705 -0.006641 -9.796714
v 2.901705 -0.006641 -10.139621
v 2.901705 -0.006641 -10.482529
v 2.901705 -0.006641 -10.825437
v 2.901705 -0.006641 -11.168344
v 2.901705 -0.006641 -11.511251
v 2.901706 -0.006641 -11.854160
v 2.901706 -0.006641 -12.197068
v 2.901706 -0.006641 -12.539975
v 2.901706 -0.006641 -12.882883
v 2.901706 -0.006641 -13.225791
v 2.901706 -0.006641 -13.568700
v 3.176573 1.457960 13.537333
v 3.155109 1.572580 13.183339
v 3.127666 1.629454 12.824154
v 3.086678 1.651507 12.452970
v 3.029786 1.663327 12.066029
v 2.954616 1.686101 11.655809
v 2.867748 1.710991 11.221639
v 2.779495 1.697718 10.770224
v 2.703039 1.617568 10.311728
v 2.664428 1.457710 9.872414
v 2.688420 1.235790 9.486520
v 2.769675 1.003973 9.168872
v 2.869297 0.821386 8.898869
v 2.954824 0.731738 8.643015
v 3.027963 0.679987 8.390439
v 3.094293 0.626989 8.137328
v 3.149720 0.574739 7.875803
v 3.193122 0.524389 7.600439
v 3.220261 0.475098 7.303141
v 3.234508 0.428554 6.985827
v 3.240870 0.392308 6.655091
v 3.243417 0.355424 6.317465
v 3.244553 0.314699 5.976914
v 3.244586 0.276778 5.634078
v 3.244604 0.233263 5.291210
v 3.244610 0.191933 4.948315
v 3.244610 0.149847 4.605407
v 3.244610 0.110461 4.262499
v 3.244610 0.081105 3.919592
v 3.244610 0.052623 3.576684
v 3.244610 0.033278 3.233776
v 3.244610 0.017679 2.890869
v 3.244610 0.007826 2.547961
v 3.244610 -0.000627 2.205053
v 3.244610 -0.004443 1.862146
v 3.244610 -0.006344 1.519238
v 3.244610 -0.006641 1.176331
v 3.244610 -0.006641 0.833423
v 3.244610 -0.006641 0.490515
v 3.244610 -0.006641 0.147608
v 3.244610 -0.006641 -0.195300
v 3.244610 -0.006641 -0.538208
v 3.244610 -0.006641 -0.881115
v 3.244610 -0.006641 -1.224023
v 3.244610 -0.006641 -1.566931
v 3.244610 -0.006641 -1.909838
v 3.244610 -0.006641 -2.252746
v 3.244610 -0.006641 -2.595654
v 3.244611 -0.006641 -2.938561
v 3.244611 -0.006482 -3.281469
v 3.244611 -0.003893 -3.624377
v 3.244611 -0.002547 -3.967284
v 3.244611 -0.004442 -4.310192
v 3.244611 -0.006638 -4.653100
v 3.244611 -0.006641 -4.996008
v 3.244611 -0.006641 -5.338916
v 3.244611 -0.006641 -5.681823
v 3.244612 -0.006641 -6.024731
v 3.244612 -0.006091 -6.367639
v 3.244612 -0.006014 -6.710546
v 3.244612 -0.006641 -7.053454
v 3.244612 -0.006641 -7.396361
v 3.244612 -0.006641 -7.739269
v 3.244612 -0.006641 -8.082177
v 3.244612 -0.006641 -8.425084
v 3.244612 -0.006641 -8.767992
v 3.244612 -0.006641 -9.110899
v 3.244612 -0.006641 -9.453806
v 3.244612 -0.006641 -9.796714
v 3.244613 -0.006641 -10.139621
v 3.244613 -0.006641 -10.482529
v 3.244613 -0.006641 -10.825437
v 3.244613 -0.006641 -11.168344
v 3.244613 -0.006641 -11.511251
v 3.244613 -0.006641 -11.854160
v 3.244613 -0.006641 -12.197068
v 3.244613 -0.006641 -12.539975
v 3.244614 -0.006641 -12.882883
v 3.244614 -0.006641 -13.225791
v 3.244614 -0.006641 -13.568700
v 3.510602 1.345806 13.539350
v 3.475036 1.484680 13.176665
v 3.426674 1.572999 12.801755
v 3.370112 1.629311 12.418098
v 3.300144 1.684024 12.019390
v 3.214180 1.762478 11.598705
v 3.120613 1.834845 11.156322
v 3.027791 1.844803 10.696136
v 2.949422 1.783398 10.229831
v 2.912056 1.639142 9.785757
v 2.939694 1.428332 9.396465
v 3.036983 1.187329 9.087111
v 3.165913 0.980655 8.840708
v 3.274451 0.861166 8.607977
v 3.360307 0.789226 8.370195
v 3.429589 0.737639 8.122039
v 3.486013 0.693801 7.863163
v 3.530771 0.649183 7.590484
v 3.559361 0.604286 7.295878
v 3.575049 0.569717 6.981197
v 3.582704 0.541184 6.652864
v 3.585727 0.507435 6.316224
v 3.587345 0.471243 5.976672
v 3.587482 0.439668 5.634051
v 3.587506 0.393878 5.291195
v 3.587518 0.344885 4.948314
v 3.587518 0.303883 4.605407
v 3.587518 0.255015 4.262499
v 3.587518 0.209271 3.919592
v 3.587518 0.172605 3.576684
v 3.587518 0.138670 3.233776
v 3.587518 0.111178 2.890869
v 3.587518 0.085021 2.547961
v 3.587518 0.064592 2.205053
v 3.587518 0.042725 1.862146
v 3.587518 0.029253 1.519238
v 3.587518 0.017365 1.176331
v 3.587518 0.009098 0.833423
v 3.587518 0.000966 0.490515
v 3.587518 -0.003722 0.147608
v 3.587518 -0.006588 -0.195300
v 3.587518 -0.006641 -0.538208
v 3.587518 -0.006641 -0.881115
v 3.587518 -0.006641 -1.224023
v 3.587518 -0.006641 -1.566931
v 3.587518 -0.006641 -1.909838
v 3.587518 -0.006641 -2.252746
v 3.587518 -0.006641 -2.595654
v 3.587518 -0.001022 -2.938561
v 3.587518 0.014540 -3.281469
v 3.587518 0.028677 -3.624377
v 3.587518 0.033697 -3.967284
v 3.587518 0.027491 -4.310192
v 3.587518 0.011724 -4.653100
v 3.587518 -0.003246 -4.996008
v 3.587518 -0.003064 -5.338916
v 3.587518 0.013801 -5.681823
v 3.587518 0.034609 -6.024731
v 3.587518 0.050865 -6.367639
v 3.587518 0.059743 -6.710546
v 3.587518 0.053312 -7.053454
v 3.587518 0.037729 -7.396361
v 3.587518 0.016989 -7.739269
v 3.587518 0.000865 -8.082177
v 3.587518 -0.006626 -8.425084
v 3.587518 -0.006641 -8.767992
v 3.587518 -0.006641 -9.110899
v 3.587519 -0.006641 -9.453806
v 3.587519 -0.006641 -9.796714
v 3.587519 -0.006641 -10.139621
v 3.587519 -0.006641 -10.482529
v 3.587520 -0.006641 -10.825437
v 3.587520 -0.006641 -11.168344
v 3.587520 -0.006641 -11.511251
v 3.587520 -0.006509 -11.854160
v 3.587521 -0.006600 -12.197068
v 3.587521 -0.006641 -12.539975
v 3.587521 -0.006641 -12.882883
v 3.587521 -0.006641 -13.225791
v 3.587521 -0.006641 -13.568700
v 3.849290 1.182361 13.538826
v 3.790746 1.368655 13.160256
v 3.720655 1.502729 12.768414
v 3.644744 1.608600 12.365718
v 3.559110 1.727735 11.949304
v 3.466328 1.872473 11.519166
v 3.372433 1.965792 11.071908
v 3.283223 1.981006 10.611208
v 3.211734 1.920083 10.147169
v 3.181360 1.775365 9.704953
v 3.217080 1.572238 9.320659
v 3.325784 1.331832 9.022579
v 3.478778 1.105359 8.802505
v 3.615217 0.943289 8.601984
v 3.711614 0.845814 8.378903
v 3.782029 0.791052 8.133479
v 3.834705 0.756423 7.870498
v 3.875995 0.720635 7.593472
v 3.902764 0.689220 7.296309
v 3.917650 0.670457 6.980458
v 3.925185 0.653817 6.651977
v 3.928384 0.631150 6.315703
v 3.930180 0.609920 5.976519
v 3.930381 0.587713 5.634033
v 3.930408 0.547634 5.291185
v 3.930424 0.507750 4.948311
v 3.930426 0.470942 4.605407
v 3.930426 0.425858 4.262499
v 3.930426 0.388968 3.919592
v 3.930426 0.363078 3.576684
v 3.930426 0.328183 3.233776
v 3.930426 0.297134 2.890869
v 3.930426 0.257090 2.547961
v 3.930426 0.215066 2.205053
v 3.930426 0.178467 1.862146
v 3.930426 0.140022 1.519238
v 3.930426 0.112368 1.176330
v 3.930426 0.083066 0.833423
v 3.930426 0.055133 0.490515
v 3.930426 0.026730 0.147607
v 3.930426 0.008367 -0.195300
v 3.930426 -0.003573 -0.538208
v 3.930426 -0.006641 -0.881115
v 3.930426 -0.006641 -1.224023
v 3.930426 -0.006641 -1.566931
v 3.930426 -0.006641 -1.909838
v 3.930426 -0.006641 -2.252746
v 3.930426 -0.000178 -2.595654
v 3.930426 0.026247 -2.938561
v 3.930426 0.060006 -3.281469
v 3.930426 0.095632 -3.624377
v 3.930426 0.116068 -3.967284
v 3.930426 0.109924 -4.310192
v 3.930426 0.081250 -4.653100
v 3.930426 0.065701 -4.996008
v 3.930426 0.085414 -5.338916
v 3.930426 0.142139 -5.681823
v 3.930426 0.199646 -6.024731
v 3.930426 0.241238 -6.367639
v 3.930426 0.257055 -6.710546
v 3.930426 0.243728 -7.053454
v 3.930426 0.201618 -7.396361
v 3.930426 0.139423 -7.739269
v 3.930426 0.074154 -8.082177
v 3.930426 0.023329 -8.425084
v 3.930426 -0.003307 -8.767992
v 3.930426 -0.006641 -9.110899
v 3.930426 -0.006641 -9.453806
v 3.930427 -0.006641 -9.796714
v 3.930427 -0.006641 -10.139621
v 3.930427 -0.006641 -10.482529
v 3.930427 -0.006504 -10.825437
v 3.930428 0.003513 -11.168344
v 3.930428 0.018488 -11.511251
v 3.930428 0.024814 -11.854160
v 3.930428 0.018586 -12.197068
v 3.930429 0.006378 -12.539975
v 3.930429 -0.004053 -12.882883
v 3.930429 -0.006641 -13.225791
v 3.930429 -0.006641 -13.568700
v 4.193506 1.001500 13.534238
v 4.115317 1.243655 13.141845
v 4.016458 1.444341 12.721721
v 3.916997 1.619597 12.291934
v 3.819943 1.818785 11.860230
v 3.729158 2.000062 11.427020
v 3.643054 2.094482 10.982202
v 3.563761 2.103728 10.525798
v 3.501597 2.030132 10.065716
v 3.481157 1.873843 9.630072
v 3.527312 1.665117 9.258075
v 3.646729 1.422213 8.979237
v 3.813452 1.180305 8.784575
v 3.971649 0.970264 8.616337
v 4.080063 0.833241 8.413332
v 4.148101 0.769295 8.168083
v 4.194385 0.743807 7.896375
v 4.227650 0.722744 7.607998
v 4.249829 0.711313 7.303543
v 4.262307 0.710336 6.983651
v 4.268420 0.709489 6.652654
v 4.271480 0.705845 6.316092
v 4.273135 0.702804 5.976617
v 4.273286 0.693460 5.634028
v 4.273315 0.670347 5.291182
v 4.273332 0.646473 4.948310
v 4.273334 0.629198 4.605407
v 4.273334 0.610545 4.262499
v 4.273334 0.602528 3.919592
v 4.273334 0.597762 3.576684
v 4.273334 0.582105 3.233776
v 4.273334 0.558392 2.890869
v 4.273334 0.516573 2.547961
v 4.273334 0.462436 2.205053
v 4.273334 0.415579 1.862145
v 4.273334 0.360862 1.519238
v 4.273334 0.298306 1.176330
v 4.273334 0.232607 0.833422
v 4.273334 0.169438 0.490515
v 4.273334 0.110489 0.147607
v 4.273334 0.053965 -0.195300
v 4.273334 0.017249 -0.538208
v 4.273334 -0.002306 -0.881115
v 4.273334 -0.006641 -1.224023
v 4.273334 -0.006641 -1.566931
v 4.273334 -0.006641 -1.909838
v 4.273334 -0.005829 -2.252746
v 4.273334 0.017939 -2.595654
v 4.273334 0.063541 -2.938561
v 4.273334 0.129960 -3.281469
v 4.273334 0.193857 -3.624377
v 4.273334 0.231631 -3.967284
v 4.273334 0.244531 -4.310192
v 4.273334 0.256318 -4.653100
v 4.273334 0.279131 -4.996008
v 4.273334 0.317352 -5.338916
v 4.273334 0.381170 -5.681823
v 4.273334 0.460801 -6.024731
v 4.273334 0.510068 -6.367639
v 4.273334 0.528246 -6.710546
v 4.273334 0.503438 -7.053454
v 4.273334 0.440098 -7.396361
v 4.273334 0.344905 -7.739269
v 4.273334 0.230817 -8.082177
v 4.273334 0.120879 -8.425084
v 4.273334 0.038090 -8.767992
v 4.273334 -0.002773 -9.110899
v 4.273335 -0.006641 -9.453806
v 4.273335 -0.006641 -9.796714
v 4.273335 -0.006641 -10.139621
v 4.273335 -0.001077 -10.482529
v 4.273335 0.037542 -10.825437
v 4.273335 0.089150 -11.168344
v 4.273335 0.123843 -11.511251
v 4.273336 0.128532 -11.854160
v 4.273336 0.102758 -12.197068
v 4.273336 0.062392 -12.539975
v 4.273336 0.021941 -12.882883
v 4.273336 -0.001389 -13.225791
v 4.273337 -0.006641 -13.568700
v 4.542882 0.867135 13.528257
v 4.452191 1.153123 13.123770
v 4.326142 1.424327 12.672215
v 4.206091 1.680199 12.214511
v 4.101549 1.951231 11.768488
v 4.015271 2.135197 11.328922
v 3.942222 2.218239 10.889786
v 3.877087 2.209305 10.443500
v 3.829180 2.113062 9.996641
v 3.818875 1.934683 9.572706
v 3.873521 1.707146 9.216397
v 4.000521 1.450367 8.959912
v 4.173260 1.189337 8.788646
v 4.340642 0.935386 8.645372
v 4.456768 0.752411 8.459857
v 4.522341 0.670673 8.216653
v 4.559960 0.653432 7.933467
v 4.583507 0.652128 7.630350
v 4.598759 0.663262 7.314611
v 4.608228 0.680823 6.989371
v 4.612326 0.698121 6.654724
v 4.614943 0.715401 6.317243
v 4.616150 0.732676 5.976841
v 4.616199 0.739681 5.634037
v 4.616225 0.739162 5.291187
v 4.616241 0.745089 4.948312
v 4.616241 0.755810 4.605407
v 4.616241 0.779706 4.262499
v 4.616241 0.811251 3.919592
v 4.616241 0.838421 3.576684
v 4.616241 0.856100 3.233776
v 4.616241 0.854400 2.890869
v 4.616241 0.834752 2.547961
v 4.616241 0.798000 2.205053
v 4.616241 0.744248 1.862145
v 4.616241 0.669283 1.519238
v 4.616242 0.570684 1.176330
v 4.616242 0.457856 0.833422
v 4.616242 0.342725 0.490514
v 4.616242 0.237017 0.147607
v 4.616241 0.139625 -0.195301
v 4.616241 0.063220 -0.538208
v 4.616241 0.015243 -0.881116
v 4.616241 -0.005184 -1.224023
v 4.616241 -0.006641 -1.566931
v 4.616241 -0.006641 -1.909838
v 4.616241 -0.001167 -2.252746
v 4.616241 0.035473 -2.595654
v 4.616241 0.106110 -2.938561
v 4.616241 0.202095 -3.281469
v 4.616241 0.296953 -3.624377
v 4.616241 0.377863 -3.967284
v 4.616241 0.450310 -4.310192
v 4.616241 0.514146 -4.653100
v 4.616241 0.570035 -4.996008
v 4.616241 0.615825 -5.338916
v 4.616241 0.659195 -5.681823
v 4.616241 0.714934 -6.024731
v 4.616241 0.760487 -6.367639
v 4.616241 0.769929 -6.710546
v 4.616241 0.742280 -7.053454
v 4.616241 0.675804 -7.396361
v 4.616241 0.564224 -7.739269
v 4.616241 0.419991 -8.082177
v 4.616241 0.263633 -8.425084
v 4.616242 0.124167 -8.767992
v 4.616242 0.029624 -9.110899
v 4.616242 -0.005532 -9.453806
v 4.616242 -0.006641 -9.796714
v 4.616243 0.010196 -10.139621
v 4.616243 0.079140 -10.482529
v 4.616243 0.180666 -10.825437
v 4.616243 0.267565 -11.168344
v 4.616244 0.310691 -11.511251
v 4.616244 0.299812 -11.854160
v 4.616244 0.240416 -12.197068
v 4.616244 0.156731 -12.539975
v 4.616244 0.076068 -12.882883
v 4.616244 0.018683 -13.225791
v 4.616244 -0.005292 -13.568700
v 4.892365 0.831649 13.525494
v 4.801265 1.135861 13.114587
v 4.662403 1.458812 12.640834
v 4.523705 1.790384 12.152867
v 4.412628 2.086741 11.687610
v 4.333445 2.259805 11.243479
v 4.273381 2.323438 10.809423
v 4.225284 2.292602 10.376955
v 4.191751 2.168359 9.945395
v 4.191002 1.960902 9.535221
v 4.250255 1.702506 9.193693
v 4.380510 1.421538 8.959352
v 4.551680 1.134159 8.807573
v 4.716039 0.845288 8.679570
v 4.834399 0.618763 8.508486
v 4.896121 0.518618 8.264828
v 4.924858 0.505181 7.971302
v 4.939182 0.523803 7.653221
v 4.948507 0.553282 7.327421
v 4.953925 0.589988 6.994920
v 4.956641 0.622084 6.657642
v 4.958551 0.657534 6.318697
v 4.959088 0.695186 5.976904
v 4.959116 0.718919 5.634059
v 4.959138 0.747753 5.291200
v 4.959149 0.786816 4.948315
v 4.959149 0.838619 4.605407
v 4.959149 0.910609 4.262499
v 4.959149 0.978767 3.919592
v 4.959149 1.046375 3.576684
v 4.959149 1.099078 3.233776
v 4.959149 1.128787 2.890869
v 4.959149 1.141592 2.547961
v 4.959149 1.123810 2.205053
v 4.959149 1.072803 1.862145
v 4.959150 0.985759 1.519237
v 4.959150 0.867928 1.176329
v 4.959150 0.718271 0.833422
v 4.959150 0.548385 0.490514
v 4.959150 0.390725 0.147607
v 4.959150 0.247695 -0.195301
v 4.959149 0.127420 -0.538208
v 4.959149 0.048420 -0.881116
v 4.959149 0.002646 -1.224023
v 4.959149 -0.006641 -1.566931
v 4.959149 -0.006641 -1.909838
v 4.959149 0.001661 -2.252746
v 4.959149 0.044875 -2.595654
v 4.959149 0.134611 -2.938561
v 4.959149 0.254114 -3.281469
v 4.959149 0.389110 -3.624377
v 4.959149 0.528610 -3.967284
v 4.959149 0.653427 -4.310192
v 4.959149 0.754993 -4.653100
v 4.959149 0.826663 -4.996008
v 4.959149 0.867284 -5.338916
v 4.959149 0.885390 -5.681823
v 4.959149 0.900535 -6.024731
v 4.959149 0.916701 -6.367639
v 4.959149 0.918168 -6.710546
v 4.959149 0.894674 -7.053454
v 4.959149 0.834301 -7.396361
v 4.959149 0.735202 -7.739269
v 4.959149 0.593074 -8.082177
v 4.959149 0.417962 -8.425084
v 4.959149 0.239384 -8.767992
v 4.959150 0.094512 -9.110899
v 4.959150 0.010845 -9.453806
v 4.959150 0.020146 -9.796714
v 4.959150 0.109577 -10.139621
v 4.959151 0.250951 -10.482529
v 4.959151 0.396737 -10.825437
v 4.959151 0.498684 -11.168344
v 4.959151 0.536067 -11.511251
v 4.959151 0.498795 -11.854160
v 4.959152 0.399995 -12.197068
v 4.959152 0.266058 -12.539975
v 4.959152 0.138451 -12.882883
v 4.959152 0.046955 -13.225791
v 4.959153 0.001884 -13.568700
v 5.235146 0.899835 13.530083
v 5.158841 1.201244 13.125969
v 5.027311 1.541719 12.647942
v 4.875854 1.912254 12.134402
v 4.753832 2.205191 11.638357
v 4.673212 2.366610 11.177773
v 4.620674 2.414099 10.740255
v 4.585994 2.358606 10.314016
v 4.568428 2.205370 9.898680
v 4.580665 1.963496 9.509136
v 4.645175 1.667727 9.185932
v 4.773115 1.345829 8.966434
v 4.934342 1.037854 8.826406
v 5.088817 0.724545 8.704957
v 5.205071 0.467639 8.545931
v 5.262295 0.349341 8.302294
v 5.284750 0.334671 8.001228
v 5.292029 0.364890 7.671759
v 5.296851 0.405106 7.337900
v 5.299104 0.453544 6.999630
v 5.300964 0.494469 6.660580
v 5.301955 0.544954 6.319726
v 5.302015 0.596064 5.976946
v 5.302037 0.635450 5.634087
v 5.302053 0.694757 5.291214
v 5.302057 0.769906 4.948315
v 5.302057 0.869113 4.605407
v 5.302057 0.982297 4.262499
v 5.302057 1.090056 3.919592
v 5.302057 1.197189 3.576684
v 5.302057 1.282193 3.233776
v 5.302057 1.343616 2.890869
v 5.302057 1.381069 2.547961
v 5.302057 1.378852 2.205053
v 5.302058 1.335453 1.862145
v 5.302058 1.248122 1.519237
v 5.302058 1.120950 1.176329
v 5.302058 0.954680 0.833421
v 5.302058 0.750222 0.490514
v 5.302058 0.542366 0.147606
v 5.302058 0.357524 -0.195301
v 5.302057 0.195866 -0.538208
v 5.302057 0.085859 -0.881116
v 5.302057 0.016510 -1.224023
v 5.302057 -0.006516 -1.566931
v 5.302057 -0.006641 -1.909838
v 5.302057 -0.000361 -2.252746
v 5.302057 0.041707 -2.595654
v 5.302057 0.134933 -2.938561
v 5.302057 0.271956 -3.281469
v 5.302057 0.444943 -3.624377
v 5.302057 0.636218 -3.967284
v 5.302057 0.807488 -4.310192
v 5.302057 0.930541 -4.653100
v 5.302057 1.002830 -4.996008
v 5.302057 1.028947 -5.338916
v 5.302057 1.017924 -5.681823
v 5.302057 0.989429 -6.024731
v 5.302057 0.964971 -6.367639
v 5.302057 0.952642 -6.710546
v 5.302057 0.933695 -7.053454
v 5.302057 0.895751 -7.396361
v 5.302057 0.823837 -7.739269
v 5.302057 0.703923 -8.082177
v 5.302057 0.539715 -8.425084
v 5.302058 0.349126 -8.767992
v 5.302058 0.171731 -9.110899
v 5.302058 0.074868 -9.453806
v 5.302058 0.118934 -9.796714
v 5.302058 0.282708 -10.139621
v 5.302058 0.476813 -10.482529
v 5.302058 0.639034 -10.825437
v 5.302059 0.731009 -11.168344
v 5.302059 0.739493 -11.511251
v 5.302059 0.668310 -11.854160
v 5.302059 0.530233 -12.197068
v 5.302060 0.354213 -12.539975
v 5.302060 0.187975 -12.882883
v 5.302060 0.068583 -13.225791
v 5.302060 0.007681 -13.568700
v 5.569998 1.021234 13.542522
v 5.514482 1.312315 13.153707
v 5.405324 1.630950 12.689929
v 5.249736 1.996051 12.154284
v 5.109293 2.291365 11.618352
v 5.017290 2.452518 11.129327
v 4.965369 2.491804 10.679613
v 4.940063 2.423502 10.253543
v 4.937243 2.247953 9.846327
v 4.964071 1.969356 9.473147
v 5.035006 1.624803 9.165793
v 5.158186 1.263682 8.958497
v 5.309567 0.929116 8.825707
v 5.453716 0.602933 8.711172
v 5.562636 0.337817 8.561458
v 5.620337 0.197144 8.327222
v 5.637526 0.178546 8.019231
v 5.641318 0.208670 7.684020
v 5.642617 0.248851 7.343798
v 5.643929 0.294937 7.003609
v 5.644805 0.340348 6.662517
v 5.644925 0.398522 6.319860
v 5.644942 0.451649 5.976989
v 5.644957 0.505399 5.634114
v 5.644965 0.590037 5.291223
v 5.644965 0.701058 4.948315
v 5.644965 0.839393 4.605407
v 5.644965 0.988984 4.262499
v 5.644965 1.140202 3.919592
v 5.644965 1.281186 3.576684
v 5.644965 1.399614 3.233776
v 5.644965 1.489533 2.890869
v 5.644965 1.544005 2.547961
v 5.644965 1.553451 2.205053
v 5.644965 1.517759 1.862145
v 5.644965 1.434108 1.519237
v 5.644965 1.305639 1.176329
v 5.644965 1.132052 0.833421
v 5.644965 0.907506 0.490514
v 5.644965 0.665111 0.147606
v 5.644965 0.442669 -0.195301
v 5.644965 0.252939 -0.538208
v 5.644965 0.115124 -0.881116
v 5.644965 0.030231 -1.224023
v 5.644965 -0.005715 -1.566931
v 5.644965 -0.006641 -1.909838
v 5.644965 -0.005134 -2.252746
v 5.644965 0.024752 -2.595654
v 5.644965 0.107384 -2.938561
v 5.644965 0.247971 -3.281469
v 5.644965 0.452184 -3.624377
v 5.644965 0.688967 -3.967284
v 5.644965 0.889336 -4.310192
v 5.644965 1.027629 -4.653100
v 5.644965 1.096851 -4.996008
v 5.644965 1.103548 -5.338916
v 5.644965 1.061889 -5.681823
v 5.644965 0.988849 -6.024731
v 5.644965 0.911694 -6.367639
v 5.644965 0.872175 -6.710546
v 5.644965 0.866180 -7.053454
v 5.644965 0.857207 -7.396361
v 5.644965 0.825527 -7.739269
v 5.644965 0.751700 -8.082177
v 5.644965 0.620926 -8.425084
v 5.644965 0.442201 -8.767992
v 5.644966 0.264696 -9.110899
v 5.644966 0.185733 -9.453806
v 5.644966 0.266033 -9.796714
v 5.644966 0.467930 -10.139621
v 5.644966 0.676106 -10.482529
v 5.644967 0.828943 -10.825437
v 5.644967 0.899226 -11.168344
v 5.644967 0.879101 -11.511251
v 5.644967 0.769841 -11.854160
v 5.644968 0.591910 -12.197068
v 5.644968 0.387092 -12.539975
v 5.644968 0.200103 -12.882883
v 5.644968 0.070438 -13.225791
v 5.644969 0.007213 -13.568700
v 5.894367 1.149963 13.559025
v 5.859826 1.421371 13.188049
v 5.773167 1.707696 12.742634
v 5.625995 2.034363 12.200112
v 5.466899 2.339379 11.615348
v 5.355544 2.514324 11.082933
v 5.295369 2.556999 10.611068
v 5.271713 2.486533 10.177196
v 5.277116 2.304301 9.770474
v 5.316389 2.004812 9.405325
v 5.399200 1.612602 9.113522
v 5.527156 1.200352 8.918544
v 5.673399 0.834892 8.796888
v 5.806213 0.513253 8.692072
v 5.911671 0.244793 8.557714
v 5.970442 0.092658 8.338544
v 5.984863 0.064402 8.027735
v 5.986804 0.084176 7.689359
v 5.987403 0.110363 7.347693
v 5.987815 0.148809 7.005640
v 5.987846 0.192340 6.662796
v 5.987856 0.241300 6.319910
v 5.987866 0.298051 5.977024
v 5.987872 0.366325 5.634130
v 5.987873 0.470224 5.291223
v 5.987873 0.598172 4.948315
v 5.987873 0.755523 4.605407
v 5.987873 0.935464 4.262499
v 5.987873 1.124020 3.919592
v 5.987873 1.303855 3.576684
v 5.987873 1.456325 3.233776
v 5.987873 1.570565 2.890869
v 5.987873 1.639459 2.547961
v 5.987873 1.658776 2.205053
v 5.987873 1.628461 1.862145
v 5.987873 1.546434 1.519237
v 5.987873 1.416415 1.176329
v 5.987873 1.236684 0.833421
v 5.987873 1.000899 0.490514
v 5.987873 0.735999 0.147606
v 5.987873 0.486505 -0.195301
v 5.987873 0.281466 -0.538208
v 5.987873 0.129816 -0.881116
v 5.987873 0.036388 -1.224023
v 5.987873 -0.005597 -1.566931
v 5.987873 -0.006641 -1.909838
v 5.987873 -0.006641 -2.252746
v 5.987873 0.003163 -2.595654
v 5.987873 0.059921 -2.938561
v 5.987873 0.185360 -3.281469
v 5.987873 0.410815 -3.624377
v 5.987873 0.673163 -3.967284
v 5.987873 0.900588 -4.310192
v 5.987873 1.049346 -4.653100
v 5.987873 1.113442 -4.996008
v 5.987873 1.101560 -5.338916
v 5.987873 1.026655 -5.681823
v 5.987873 0.905161 -6.024731
v 5.987873 0.770517 -6.367639
v 5.987873 0.688921 -6.710546
v 5.987873 0.697567 -7.053454
v 5.987873 0.736522 -7.396361
v 5.987873 0.760767 -7.739269
v 5.987873 0.740141 -8.082177
v 5.987873 0.657495 -8.425084
v 5.987873 0.512357 -8.767992
v 5.987873 0.362106 -9.110899
v 5.987873 0.310365 -9.453806
v 5.987874 0.403935 -9.796714
v 5.987874 0.613055 -10.139621
v 5.987874 0.814520 -10.482529
v 5.987874 0.942389 -10.825437
v 5.987875 0.984126 -11.168344
v 5.987875 0.934680 -11.511251
v 5.987875 0.790271 -11.854160
v 5.987875 0.572598 -12.197068
v 5.987875 0.349639 -12.539975
v 5.987876 0.167682 -12.882883
v 5.987876 0.050844 -13.225791
v 5.987876 0.000842 -13.568700
v 6.202574 1.266716 13.579473
v 6.183215 1.517129 13.219510
v 6.123464 1.750473 12.794102
v 5.988428 2.044209 12.246021
v 5.817729 2.355711 11.615468
v 5.689861 2.548796 11.036313
v 5.620732 2.598885 10.539198
v 5.595943 2.531586 10.095028
v 5.604760 2.352333 9.684222
v 5.650496 2.050178 9.314943
v 5.744380 1.633008 9.026795
v 5.884663 1.166665 8.849988
v 6.029542 0.774836 8.750004
v 6.155334 0.461283 8.660525
v 6.256588 0.199792 8.540406
v 6.314737 0.044242 8.337928
v 6.329589 0.005556 8.031615
v 6.330770 0.009878 7.691556
v 6.330770 0.025048 7.348647
v 6.330770 0.044298 7.005742
v 6.330774 0.078580 6.662840
v 6.330778 0.125903 6.319942
v 6.330780 0.190646 5.977038
v 6.330780 0.269293 5.634131
v 6.330780 0.378758 5.291223
v 6.330780 0.511328 4.948315
v 6.330780 0.663538 4.605407
v 6.330780 0.840718 4.262499
v 6.330780 1.057091 3.919592
v 6.330780 1.283294 3.576684
v 6.330780 1.468461 3.233776
v 6.330780 1.601063 2.890869
v 6.330780 1.680741 2.547961
v 6.330780 1.706480 2.205053
v 6.330781 1.677602 1.862145
v 6.330781 1.595075 1.519237
v 6.330781 1.461485 1.176329
v 6.330781 1.270824 0.833421
v 6.330781 1.022424 0.490514
v 6.330781 0.745158 0.147606
v 6.330781 0.479368 -0.195301
v 6.330780 0.273868 -0.538208
v 6.330780 0.124316 -0.881116
v 6.330780 0.032015 -1.224023
v 6.330780 -0.006289 -1.566931
v 6.330780 -0.006641 -1.909838
v 6.330780 -0.006641 -2.252746
v 6.330780 -0.006641 -2.595654
v 6.330780 0.012040 -2.938561
v 6.330780 0.104733 -3.281469
v 6.330780 0.317572 -3.624377
v 6.330780 0.593423 -3.967284
v 6.330780 0.837999 -4.310192
v 6.330780 0.996397 -4.653100
v 6.330780 1.060510 -4.996008
v 6.330780 1.034725 -5.338916
v 6.330780 0.926052 -5.681823
v 6.330780 0.754395 -6.024731
v 6.330780 0.556825 -6.367639
v 6.330780 0.439770 -6.710546
v 6.330780 0.469240 -7.053454
v 6.330780 0.562677 -7.396361
v 6.330780 0.653265 -7.739269
v 6.330781 0.698861 -8.082177
v 6.330781 0.669371 -8.425084
v 6.330781 0.564351 -8.767992
v 6.330781 0.443532 -9.110899
v 6.330781 0.411428 -9.453806
v 6.330781 0.506948 -9.796714
v 6.330781 0.697052 -10.139621
v 6.330782 0.882974 -10.482529
v 6.330782 0.980090 -10.825437
v 6.330782 0.989647 -11.168344
v 6.330782 0.908561 -11.511251
v 6.330783 0.733174 -11.854160
v 6.330783 0.486004 -12.197068
v 6.330783 0.253706 -12.539975
v 6.330783 0.102089 -12.882883
v 6.330783 0.019841 -13.225791
v 6.330784 -0.005898 -13.568700
v 6.497918 1.348339 13.609081
v 6.479017 1.597373 13.245620
v 6.446836 1.786622 12.833486
v 6.333288 2.041799 12.282833
v 6.161184 2.354734 11.609186
v 6.023177 2.563266 10.979002
v 5.948060 2.618956 10.455324
v 5.921736 2.552213 10.001884
v 5.934743 2.373091 9.590146
v 5.989674 2.065794 9.221784
v 6.095801 1.635603 8.941813
v 6.245153 1.142888 8.786967
v 6.390618 0.732102 8.712362
v 6.509613 0.429496 8.635952
v 6.601411 0.190801 8.521737
v 6.657331 0.039988 8.330777
v 6.673278 -0.005331 8.033488
v 6.673688 -0.006641 7.691577
v 6.673688 -0.006571 7.348670
v 6.673688 0.002813 7.005762
v 6.673688 0.036124 6.662854
v 6.673688 0.094810 6.319946
v 6.673688 0.172429 5.977038
v 6.673688 0.264909 5.634131
v 6.673688 0.375632 5.291223
v 6.673688 0.502182 4.948315
v 6.673688 0.629327 4.605407
v 6.673688 0.797572 4.262499
v 6.673688 1.013417 3.919592
v 6.673688 1.247352 3.576684
v 6.673688 1.452306 3.233776
v 6.673688 1.594666 2.890869
v 6.673688 1.679109 2.547961
v 6.673688 1.706145 2.205053
v 6.673688 1.674771 1.862145
v 6.673688 1.585799 1.519237
v 6.673688 1.441417 1.176329
v 6.673688 1.236359 0.833422
v 6.673688 0.976891 0.490514
v 6.673688 0.688313 0.147606
v 6.673688 0.421068 -0.195301
v 6.673688 0.232871 -0.538208
v 6.673688 0.098390 -0.881116
v 6.673688 0.018918 -1.224023
v 6.673688 -0.006641 -1.566931
v 6.673688 -0.006641 -1.909838
v 6.673688 -0.006641 -2.252746
v 6.673688 -0.006641 -2.595654
v 6.673688 -0.006640 -2.938561
v 6.673688 0.031704 -3.281469
v 6.673688 0.198941 -3.624377
v 6.673688 0.457883 -3.967284
v 6.673688 0.704166 -4.310192
v 6.673688 0.872988 -4.653100
v 6.673688 0.941379 -4.996008
v 6.673688 0.906845 -5.338916
v 6.673688 0.775508 -5.681823
v 6.673688 0.575987 -6.024731
v 6.673688 0.362127 -6.367639
v 6.673688 0.248045 -6.710546
v 6.673688 0.319350 -7.053454
v 6.673688 0.463206 -7.396361
v 6.673688 0.577310 -7.739269
v 6.673688 0.647720 -8.082177
v 6.673688 0.668718 -8.425084
v 6.673689 0.604591 -8.767992
v 6.673689 0.505471 -9.110899
v 6.673689 0.471904 -9.453806
v 6.673689 0.557206 -9.796714
v 6.673690 0.726594 -10.139621
v 6.673690 0.888545 -10.482529
v 6.673690 0.961826 -10.825437
v 6.673690 0.937483 -11.168344
v 6.673690 0.823217 -11.511251
v 6.673690 0.616500 -11.854160
v 6.673690 0.350612 -12.197068
v 6.673691 0.133783 -12.539975
v 6.673691 0.031781 -12.882883
v 6.673691 -0.003158 -13.225791
v 6.673691 -0.006641 -13.568700
v 6.786399 1.381313 13.651156
v 6.759913 1.656765 13.274380
v 6.740897 1.840164 12.852833
v 6.660777 2.045122 12.308754
v 6.503179 2.342147 11.605297
v 6.363186 2.561267 10.926033
v 6.284296 2.623671 10.373474
v 6.256823 2.556877 9.910179
v 6.274063 2.370180 9.498093
v 6.340386 2.051978 9.138696
v 6.458944 1.603760 8.877833
v 6.614822 1.094138 8.754431
v 6.760971 0.670121 8.705326
v 6.867800 0.390316 8.630769
v 6.948953 0.176888 8.512578
v 6.999352 0.040942 8.321774
v 7.016545 -0.006500 8.034292
v 7.016595 -0.006641 7.691577
v 7.016595 -0.005126 7.348670
v 7.016595 0.016945 7.005762
v 7.016595 0.070373 6.662854
v 7.016595 0.156794 6.319946
v 7.016595 0.268250 5.977038
v 7.016595 0.383135 5.634131
v 7.016595 0.496940 5.291223
v 7.016595 0.605752 4.948315
v 7.016595 0.720807 4.605407
v 7.016595 0.865806 4.262499
v 7.016595 1.040165 3.919592
v 7.016595 1.225703 3.576684
v 7.016595 1.419012 3.233776
v 7.016595 1.561521 2.890869
v 7.016595 1.641994 2.547961
v 7.016595 1.661970 2.205053
v 7.016595 1.620805 1.862145
v 7.016595 1.521344 1.519237
v 7.016595 1.360018 1.176330
v 7.016595 1.134983 0.833422
v 7.016595 0.865419 0.490514
v 7.016595 0.573087 0.147607
v 7.016595 0.323278 -0.195301
v 7.016595 0.168976 -0.538208
v 7.016595 0.059161 -0.881116
v 7.016595 0.003479 -1.224023
v 7.016595 -0.006641 -1.566931
v 7.016595 -0.006641 -1.909838
v 7.016595 -0.006641 -2.252746
v 7.016595 -0.006641 -2.595654
v 7.016595 -0.006641 -2.938561
v 7.016595 0.001216 -3.281469
v 7.016595 0.097910 -3.624377
v 7.016595 0.301068 -3.967284
v 7.016595 0.523528 -4.310192
v 7.016595 0.687270 -4.653100
v 7.016595 0.757298 -4.996008
v 7.016595 0.725185 -5.338916
v 7.016595 0.602240 -5.681823
v 7.016595 0.438327 -6.024731
v 7.016595 0.312252 -6.367639
v 7.016595 0.283727 -6.710546
v 7.016595 0.397610 -7.053454
v 7.016595 0.553185 -7.396361
v 7.016595 0.669470 -7.739269
v 7.016595 0.716187 -8.082177
v 7.016595 0.705609 -8.425084
v 7.016595 0.650114 -8.767992
v 7.016595 0.549799 -9.110899
v 7.016595 0.500256 -9.453806
v 7.016595 0.563513 -9.796714
v 7.016595 0.702926 -10.139621
v 7.016595 0.845618 -10.482529
v 7.016596 0.903949 -10.825437
v 7.016596 0.855490 -11.168344
v 7.016596 0.705705 -11.511251
v 7.016597 0.472646 -11.854160
v 7.016598 0.211801 -12.197068
v 7.016598 0.036825 -12.539975
v 7.016598 -0.005460 -12.882883
v 7.016599 -0.006641 -13.225791
v 7.016600 -0.006641 -13.568700
v 7.075958 1.383041 13.700075
v 7.037525 1.698379 13.305216
v 7.020797 1.900155 12.859132
v 6.970633 2.068613 12.322775
v 6.842696 2.330460 11.609629
v 6.712712 2.545447 10.898482
v 6.636892 2.610417 10.318532
v 6.609712 2.539854 9.842478
v 6.628385 2.341752 9.427125
v 6.701976 2.002298 9.077978
v 6.832702 1.530305 8.849008
v 6.995039 1.007645 8.766654
v 7.135515 0.593443 8.734341
v 7.230276 0.337699 8.651907
v 7.298142 0.157917 8.516277
v 7.342648 0.038537 8.317760
v 7.359014 -0.005329 8.032640
v 7.359503 -0.006641 7.691577
v 7.359503 0.000954 7.348670
v 7.359503 0.044870 7.005762
v 7.359503 0.136512 6.662854
v 7.359503 0.277326 6.319946
v 7.359503 0.441188 5.977038
v 7.359503 0.596757 5.634131
v 7.359503 0.721090 5.291223
v 7.359503 0.837862 4.948315
v 7.359503 0.944467 4.605407
v 7.359503 1.043441 4.262499
v 7.359503 1.141199 3.919592
v 7.359503 1.248993 3.576684
v 7.359503 1.387990 3.233776
v 7.359503 1.510042 2.890869
v 7.359503 1.574352 2.547961
v 7.359503 1.577279 2.205053
v 7.359503 1.518638 1.862145
v 7.359503 1.398106 1.519238
v 7.359503 1.212241 1.176330
v 7.359503 0.972502 0.833422
v 7.359503 0.692668 0.490515
v 7.359503 0.413184 0.147607
v 7.359503 0.209518 -0.195300
v 7.359503 0.094540 -0.538208
v 7.359503 0.020316 -0.881115
v 7.359503 -0.005127 -1.224023
v 7.359503 -0.006641 -1.566931
v 7.359503 -0.006641 -1.909838
v 7.359503 -0.006641 -2.252746
v 7.359503 -0.006641 -2.595654
v 7.359503 -0.006641 -2.938561
v 7.359503 -0.005154 -3.281469
v 7.359503 0.031323 -3.624377
v 7.359503 0.159901 -3.967284
v 7.359503 0.327635 -4.310192
v 7.359503 0.466198 -4.653100
v 7.359503 0.532999 -4.996008
v 7.359503 0.511266 -5.338916
v 7.359503 0.435650 -5.681823
v 7.359503 0.376891 -6.024731
v 7.359503 0.384660 -6.367639
v 7.359503 0.467716 -6.710546
v 7.359503 0.627470 -7.053454
v 7.359503 0.808858 -7.396361
v 7.359503 0.909856 -7.739269
v 7.359503 0.925038 -8.082177
v 7.359503 0.870794 -8.425084
v 7.359503 0.762043 -8.767992
v 7.359503 0.610687 -9.110899
v 7.359503 0.509310 -9.453806
v 7.359503 0.539114 -9.796714
v 7.359503 0.652173 -10.139621
v 7.359503 0.774305 -10.482529
v 7.359504 0.827351 -10.825437
v 7.359504 0.768658 -11.168344
v 7.359504 0.602937 -11.511251
v 7.359505 0.363436 -11.854160
v 7.359505 0.131252 -12.197068
v 7.359505 0.014007 -12.539975
v 7.359505 -0.006641 -12.882883
v 7.359506 -0.006641 -13.225791
v 7.359507 -0.006641 -13.568700
v 7.376572 1.363120 13.748157
v 7.323023 1.732534 13.332032
v 7.304140 1.962906 12.852677
v 7.277841 2.109556 12.321594
v 7.186019 2.328974 11.625550
v 7.080415 2.519002 10.922785
v 7.006823 2.581797 10.323838
v 6.971853 2.507749 9.820950
v 6.987316 2.294063 9.393369
v 7.070108 1.926235 9.058688
v 7.217624 1.416324 8.873857
v 7.386098 0.880849 8.836845
v 7.514251 0.499163 8.802252
v 7.594038 0.280609 8.695390
v 7.650246 0.131309 8.536726
v 7.686429 0.035332 8.318915
v 7.701447 -0.004204 8.030899
v 7.702410 -0.006641 7.691577
v 7.702410 0.009090 7.348670
v 7.702410 0.077552 7.005762
v 7.702410 0.213596 6.662854
v 7.702410 0.405228 6.319946
v 7.702410 0.625944 5.977038
v 7.702410 0.828437 5.634131
v 7.702410 0.982632 5.291223
v 7.702410 1.113964 4.948315
v 7.702410 1.210598 4.605407
v 7.702410 1.265473 4.262499
v 7.702410 1.297603 3.919592
v 7.702410 1.322697 3.576684
v 7.702410 1.376367 3.233776
v 7.702410 1.448750 2.890869
v 7.702410 1.485223 2.547961
v 7.702410 1.457969 2.205053
v 7.702410 1.369429 1.862146
v 7.702410 1.217918 1.519238
v 7.702410 1.006123 1.176330
v 7.702410 0.751796 0.833423
v 7.702410 0.478150 0.490515
v 7.702410 0.242429 0.147607
v 7.702410 0.100389 -0.195300
v 7.702410 0.030361 -0.538208
v 7.702410 -0.001143 -0.881115
v 7.702410 -0.006641 -1.224023
v 7.702410 -0.006641 -1.566931
v 7.702410 -0.006641 -1.909838
v 7.702410 -0.006641 -2.252746
v 7.702410 -0.006641 -2.595654
v 7.702410 -0.006641 -2.938561
v 7.702410 -0.006641 -3.281469
v 7.702410 0.002207 -3.624377
v 7.702410 0.059585 -3.967284
v 7.702410 0.158528 -4.310192
v 7.702410 0.255811 -4.653100
v 7.702410 0.309614 -4.996008
v 7.702410 0.311454 -5.338916
v 7.702410 0.300359 -5.681823
v 7.702410 0.340276 -6.024731
v 7.702410 0.469788 -6.367639
v 7.702410 0.679626 -6.710546
v 7.702410 0.903636 -7.053454
v 7.702410 1.078848 -7.396361
v 7.702410 1.157428 -7.739269
v 7.702410 1.152361 -8.082177
v 7.702410 1.083517 -8.425084
v 7.702410 0.956610 -8.767992
v 7.702410 0.763221 -9.110899
v 7.702410 0.574001 -9.453806
v 7.702410 0.534177 -9.796714
v 7.702410 0.600874 -10.139621
v 7.702410 0.706433 -10.482529
v 7.702411 0.760677 -10.825437
v 7.702411 0.704974 -11.168344
v 7.702411 0.545802 -11.511251
v 7.702412 0.325635 -11.854160
v 7.702413 0.131260 -12.197068
v 7.702413 0.016464 -12.539975
v 7.702413 -0.006641 -12.882883
v 7.702414 -0.006641 -13.225791
v 7.702415 -0.006641 -13.568700
v 7.695073 1.331887 13.787220
v 7.627457 1.781506 13.339037
v 7.607313 2.046411 12.815291
v 7.598828 2.179692 12.288976
v 7.542154 2.345656 11.645662
v 7.460176 2.492095 10.987895
v 7.389311 2.543269 10.389407
v 7.351480 2.465966 9.866496
v 7.364993 2.240806 9.426906
v 7.450630 1.847529 9.103661
v 7.606993 1.299531 8.958771
v 7.778602 0.745333 8.954082
v 7.895885 0.393596 8.902635
v 7.959906 0.217601 8.760095
v 8.003868 0.101801 8.569267
v 8.032369 0.026637 8.329344
v 8.044436 -0.004535 8.031240
v 8.045319 -0.006641 7.691577
v 8.045319 0.016080 7.348670
v 8.045319 0.108215 7.005762
v 8.045319 0.277719 6.662854
v 8.045319 0.518936 6.319946
v 8.045319 0.787149 5.977038
v 8.045319 1.021760 5.634131
v 8.045319 1.211124 5.291223
v 8.045319 1.347966 4.948315
v 8.045319 1.429332 4.605407
v 8.045319 1.458626 4.262499
v 8.045319 1.447068 3.919592
v 8.045319 1.415209 3.576684
v 8.045319 1.391632 3.233776
v 8.045319 1.396241 2.890869
v 8.045319 1.382861 2.547961
v 8.045319 1.316167 2.205053
v 8.045319 1.187619 1.862146
v 8.045319 0.996646 1.519238
v 8.045319 0.760778 1.176331
v 8.045319 0.502855 0.833423
v 8.045319 0.265668 0.490515
v 8.045319 0.099980 0.147607
v 8.045319 0.024267 -0.195300
v 8.045319 -0.001538 -0.538208
v 8.045319 -0.006641 -0.881115
v 8.045319 -0.006641 -1.224023
v 8.045319 -0.006641 -1.566931
v 8.045319 -0.006641 -1.909838
v 8.045319 -0.006641 -2.252746
v 8.045319 -0.006641 -2.595654
v 8.045319 -0.006641 -2.938561
v 8.045319 -0.006641 -3.281469
v 8.045319 -0.006641 -3.624377
v 8.045319 0.006466 -3.967284
v 8.045319 0.050744 -4.310192
v 8.045319 0.104520 -4.653100
v 8.045319 0.139310 -4.996008
v 8.045319 0.151094 -5.338916
v 8.045319 0.184194 -5.681823
v 8.045319 0.306064 -6.024731
v 8.045319 0.551648 -6.367639
v 8.045319 0.850741 -6.710546
v 8.045319 1.101756 -7.053454
v 8.045319 1.262362 -7.396361
v 8.045319 1.328188 -7.739269
v 8.045319 1.321663 -8.082177
v 8.045319 1.257325 -8.425084
v 8.045319 1.139551 -8.767992
v 8.045319 0.958979 -9.110899
v 8.045319 0.734974 -9.453806
v 8.045319 0.627194 -9.796714
v 8.045319 0.640277 -10.139621
v 8.045319 0.697902 -10.482529
v 8.045319 0.730798 -10.825437
v 8.045319 0.677547 -11.168344
v 8.045319 0.532586 -11.511251
v 8.045320 0.328787 -11.854160
v 8.045321 0.133237 -12.197068
v 8.045321 0.014722 -12.539975
v 8.045321 -0.006641 -12.882883
v 8.045321 -0.006641 -13.225791
v 8.045322 -0.006641 -13.568700
v 8.037492 1.357790 13.802677
v 7.976187 1.895651 13.303484
v 7.957573 2.170894 12.748845
v 7.949371 2.279533 12.242426
v 7.909854 2.378714 11.673531
v 7.843867 2.472659 11.081079
v 7.779345 2.502013 10.505525
v 7.741817 2.418350 9.976189
v 7.754015 2.192770 9.530780
v 7.837406 1.798414 9.214219
v 7.994193 1.224055 9.086010
v 8.165987 0.648830 9.090316
v 8.275491 0.297181 9.018536
v 8.326015 0.155365 8.836125
v 8.358462 0.069896 8.610408
v 8.379363 0.015542 8.344488
v 8.387650 -0.005296 8.032375
v 8.388226 -0.006641 7.691577
v 8.388226 0.018905 7.348670
v 8.388226 0.123601 7.005762
v 8.388226 0.316223 6.662854
v 8.388226 0.598198 6.319946
v 8.388226 0.901106 5.977038
v 8.388226 1.162038 5.634131
v 8.388226 1.369634 5.291223
v 8.388226 1.509785 4.948315
v 8.388226 1.582154 4.605407
v 8.388226 1.595547 4.262499
v 8.388226 1.561462 3.919592
v 8.388226 1.493622 3.576684
v 8.388226 1.413827 3.233776
v 8.388226 1.347803 2.890869
v 8.388226 1.274082 2.547961
v 8.388226 1.164773 2.205053
v 8.388226 0.990116 1.862146
v 8.388226 0.765627 1.519238
v 8.388226 0.513531 1.176331
v 8.388226 0.277357 0.833423
v 8.388226 0.106961 0.490515
v 8.388226 0.016215 0.147608
v 8.388226 -0.005635 -0.195300
v 8.388226 -0.006641 -0.538208
v 8.388226 -0.006641 -0.881115
v 8.388226 -0.006641 -1.224023
v 8.388226 -0.006641 -1.566931
v 8.388226 -0.006641 -1.909838
v 8.388226 -0.006641 -2.252746
v 8.388226 -0.006641 -2.595654
v 8.388226 -0.006641 -2.938561
v 8.388226 -0.006641 -3.281469
v 8.388226 -0.006641 -3.624377
v 8.388226 -0.006641 -3.967284
v 8.388226 -0.000987 -4.310192
v 8.388226 0.018142 -4.653100
v 8.388226 0.034421 -4.996008
v 8.388226 0.044889 -5.338916
v 8.388226 0.096831 -5.681823
v 8.388226 0.272529 -6.024731
v 8.388226 0.586676 -6.367639
v 8.388226 0.938214 -6.710546
v 8.388226 1.198900 -7.053454
v 8.388226 1.353531 -7.396361
v 8.388226 1.421107 -7.739269
v 8.388226 1.423575 -8.082177
v 8.388226 1.373811 -8.425084
v 8.388226 1.272350 -8.767992
v 8.388226 1.118731 -9.110899
v 8.388226 0.916098 -9.453806
v 8.388226 0.794639 -9.796714
v 8.388226 0.780091 -10.139621
v 8.388226 0.805039 -10.482529
v 8.388227 0.798721 -10.825437
v 8.388227 0.709847 -11.168344
v 8.388227 0.540415 -11.511251
v 8.388227 0.330644 -11.854160
v 8.388228 0.129413 -12.197068
v 8.388228 0.010659 -12.539975
v 8.388228 -0.006641 -12.882883
v 8.388228 -0.006641 -13.225791
v 8.388229 -0.006641 -13.568700
v 8.411981 1.547615 13.770870
v 8.391821 2.093276 13.225759
v 8.366130 2.330929 12.689230
v 8.338547 2.405111 12.215880
v 8.297643 2.435109 11.724977
v 8.237785 2.466366 11.198080
v 8.179335 2.461230 10.656041
v 8.146705 2.367962 10.142315
v 8.160575 2.150224 9.703691
v 8.238457 1.770750 9.384887
v 8.384352 1.188461 9.242118
v 8.547190 0.599162 9.225900
v 8.645260 0.246532 9.122303
v 8.690701 0.097271 8.914437
v 8.713165 0.038449 8.653549
v 8.726718 0.003946 8.361137
v 8.730999 -0.006328 8.033993
v 8.731133 -0.006641 7.691577
v 8.731133 0.014867 7.348670
v 8.731133 0.116555 7.005762
v 8.731133 0.319504 6.662854
v 8.731133 0.633946 6.319946
v 8.731133 0.963170 5.977038
v 8.731133 1.245136 5.634131
v 8.731133 1.460943 5.291223
v 8.731133 1.602068 4.948315
v 8.731133 1.672067 4.605407
v 8.731133 1.678671 4.262499
v 8.731133 1.631276 3.919592
v 8.731133 1.540919 3.576684
v 8.731133 1.423528 3.233776
v 8.731133 1.299551 2.890869
v 8.731133 1.159437 2.547961
v 8.731133 0.998918 2.205053
v 8.731133 0.791925 1.862146
v 8.731133 0.544321 1.519238
v 8.731133 0.303435 1.176331
v 8.731133 0.120487 0.833423
v 8.731133 0.022966 0.490515
v 8.731133 -0.004436 0.147608
v 8.731133 -0.003809 -0.195300
v 8.731133 -0.002953 -0.538208
v 8.731133 -0.002868 -0.881115
v 8.731133 -0.004581 -1.224023
v 8.731133 -0.006528 -1.566931
v 8.731133 -0.006641 -1.909838
v 8.731133 -0.006641 -2.252746
v 8.731133 -0.006641 -2.595654
v 8.731133 -0.006641 -2.938561
v 8.731133 -0.006641 -3.281469
v 8.731133 -0.006641 -3.624377
v 8.731133 -0.006641 -3.967284
v 8.731133 -0.006641 -4.310192
v 8.731133 -0.006530 -4.653100
v 8.731133 -0.003881 -4.996008
v 8.731133 -0.001277 -5.338916
v 8.731133 0.039562 -5.681823
v 8.731133 0.215830 -6.024731
v 8.731133 0.558176 -6.367639
v 8.731133 0.931263 -6.710546
v 8.731133 1.203087 -7.053454
v 8.731133 1.363636 -7.396361
v 8.731133 1.441827 -7.739269
v 8.731133 1.458864 -8.082177
v 8.731133 1.424482 -8.425084
v 8.731133 1.343639 -8.767992
v 8.731133 1.218325 -9.110899
v 8.731133 1.051971 -9.453806
v 8.731133 0.946038 -9.796714
v 8.731133 0.933239 -10.139621
v 8.731133 0.947444 -10.482529
v 8.731133 0.915204 -10.825437
v 8.731133 0.796649 -11.168344
v 8.731133 0.590125 -11.511251
v 8.731134 0.337692 -11.854160
v 8.731135 0.122727 -12.197068
v 8.731135 0.008108 -12.539975
v 8.731135 -0.006641 -12.882883
v 8.731136 -0.006641 -13.225791
v 8.731137 -0.006641 -13.568700
v 8.853834 1.872228 13.681626
v 8.851258 2.313175 13.158395
v 8.805603 2.494750 12.673695
v 8.752450 2.546024 12.224697
v 8.703231 2.524811 11.790513
v 8.653570 2.490504 11.331100
v 8.604766 2.435744 10.843492
v 8.576372 2.323153 10.359702
v 8.591282 2.118659 9.937328
v 8.654202 1.758481 9.599115
v 8.782236 1.185123 9.416626
v 8.923576 0.599912 9.347672
v 9.008919 0.227102 9.210670
v 9.049757 0.059426 8.978396
v 9.065693 0.013530 8.689523
v 9.072415 -0.002845 8.371440
v 9.074040 -0.006641 8.034484
v 9.074040 -0.006641 7.691577
v 9.074040 0.005299 7.348670
v 9.074040 0.089507 7.005762
v 9.074040 0.290183 6.662854
v 9.074040 0.629060 6.319946
v 9.074040 0.980475 5.977038
v 9.074040 1.277576 5.634131
v 9.074040 1.498296 5.291223
v 9.074040 1.639577 4.948315
v 9.074040 1.706514 4.605407
v 9.074040 1.708718 4.262499
v 9.074040 1.652868 3.919592
v 9.074040 1.547027 3.576684
v 9.074040 1.402745 3.233776
v 9.074040 1.231485 2.890869
v 9.074040 1.038300 2.547961
v 9.074040 0.831759 2.205053
v 9.074040 0.605708 1.862146
v 9.074040 0.362676 1.519238
v 9.074040 0.162223 1.176331
v 9.074040 0.052933 0.833423
v 9.074040 0.025604 0.490515
v 9.074040 0.036560 0.147608
v 9.074040 0.044973 -0.195300
v 9.074040 0.046942 -0.538208
v 9.074040 0.041154 -0.881115
v 9.074040 0.028654 -1.224023
v 9.074040 0.015202 -1.566931
v 9.074040 0.000762 -1.909838
v 9.074040 -0.006635 -2.252746
v 9.074040 -0.006641 -2.595654
v 9.074040 -0.006641 -2.938561
v 9.074040 -0.006641 -3.281469
v 9.074040 -0.006641 -3.624377
v 9.074040 -0.006641 -3.967284
v 9.074040 -0.006641 -4.310192
v 9.074040 -0.006641 -4.653100
v 9.074040 -0.006641 -4.996008
v 9.074040 -0.006641 -5.338916
v 9.074040 0.011050 -5.681823
v 9.074040 0.145402 -6.024731
v 9.074040 0.456999 -6.367639
v 9.074040 0.832866 -6.710546
v 9.074040 1.122929 -7.053454
v 9.074040 1.300759 -7.396361
v 9.074040 1.396484 -7.739269
v 9.074040 1.428417 -8.082177
v 9.074040 1.408578 -8.425084
v 9.074040 1.345593 -8.767992
v 9.074040 1.243351 -9.110899
v 9.074040 1.113509 -9.453806
v 9.074040 1.039688 -9.796714
v 9.074040 1.043107 -10.139621
v 9.074040 1.056210 -10.482529
v 9.074041 1.009416 -10.825437
v 9.074041 0.875412 -11.168344
v 9.074041 0.649549 -11.511251
v 9.074042 0.371372 -11.854160
v 9.074043 0.128563 -12.197068
v 9.074043 0.006059 -12.539975
v 9.074043 -0.006641 -12.882883
v 9.074043 -0.006641 -13.225791
v 9.074044 -0.006641 -13.568700
v 9.335490 2.147418 13.611516
v 9.312866 2.487589 13.144510
v 9.251245 2.633486 12.695495
v 9.183743 2.669333 12.262913
v 9.127448 2.630729 11.850008
v 9.080729 2.546520 11.439373
v 9.045481 2.446734 11.015657
v 9.028652 2.311910 10.585678
v 9.035697 2.105526 10.174428
v 9.078645 1.754162 9.813370
v 9.184821 1.200802 9.583334
v 9.300665 0.623295 9.453734
v 9.367935 0.240739 9.272387
v 9.403141 0.043223 9.021389
v 9.414226 -0.000279 8.710326
v 9.416832 -0.006369 8.376966
v 9.416947 -0.006641 8.034484
v 9.416947 -0.006641 7.691577
v 9.416947 -0.002716 7.348670
v 9.416947 0.052603 7.005762
v 9.416947 0.240239 6.662854
v 9.416947 0.584881 6.319946
v 9.416947 0.949880 5.977038
v 9.416947 1.260800 5.634131
v 9.416947 1.488822 5.291223
v 9.416947 1.632397 4.948315
v 9.416947 1.699143 4.605407
v 9.416947 1.696855 4.262499
v 9.416947 1.631945 3.919592
v 9.416947 1.508987 3.576684
v 9.416947 1.335977 3.233776
v 9.416947 1.123641 2.890869
v 9.416947 0.887600 2.547961
v 9.416947 0.650067 2.205053
v 9.416947 0.427194 1.862146
v 9.416947 0.230520 1.519238
v 9.416947 0.110207 1.176331
v 9.416947 0.088064 0.833423
v 9.416947 0.120194 0.490515
v 9.416947 0.148138 0.147608
v 9.416947 0.167276 -0.195300
v 9.416947 0.169710 -0.538208
v 9.416947 0.156897 -0.881115
v 9.416947 0.131944 -1.224023
v 9.416947 0.093780 -1.566931
v 9.416947 0.054554 -1.909838
v 9.416947 0.017304 -2.252746
v 9.416947 -0.004452 -2.595654
v 9.416947 -0.006641 -2.938561
v 9.416947 -0.006641 -3.281469
v 9.416947 -0.006641 -3.624377
v 9.416947 -0.006641 -3.967284
v 9.416947 -0.006641 -4.310192
v 9.416947 -0.006641 -4.653100
v 9.416947 -0.006641 -4.996008
v 9.416947 -0.006641 -5.338916
v 9.416947 0.002739 -5.681823
v 9.416947 0.078867 -6.024731
v 9.416947 0.309171 -6.367639
v 9.416947 0.654717 -6.710546
v 9.416947 0.962191 -7.053454
v 9.416947 1.167132 -7.396361
v 9.416947 1.282053 -7.739269
v 9.416947 1.327389 -8.082177
v 9.416947 1.318015 -8.425084
v 9.416947 1.266023 -8.767992
v 9.416947 1.184318 -9.110899
v 9.416947 1.092450 -9.453806
v 9.416947 1.062696 -9.796714
v 9.416947 1.091894 -10.139621
v 9.416947 1.105525 -10.482529
v 9.416948 1.051907 -10.825437
v 9.416948 0.912219 -11.168344
v 9.416948 0.680681 -11.511251
v 9.416949 0.393601 -11.854160
v 9.416950 0.141874 -12.197068
v 9.416950 0.008375 -12.539975
v 9.416950 -0.006641 -12.882883
v 9.416951 -0.006641 -13.225791
v 9.416952 -0.006641 -13.568700
v 9.796861 2.306047 13.606873
v 9.759424 2.596004 13.165698
v 9.693679 2.726471 12.733830
v 9.626678 2.754960 12.317054
v 9.565819 2.708393 11.911106
v 9.519951 2.609851 11.517778
v 9.491032 2.482134 11.130737
v 9.475883 2.324549 10.740979
v 9.473575 2.105285 10.346775
v 9.503471 1.755506 9.981468
v 9.590831 1.228409 9.716055
v 9.676914 0.674500 9.525890
v 9.727218 0.256985 9.313455
v 9.751671 0.045040 9.038978
v 9.759585 -0.005550 8.719367
v 9.759855 -0.006641 8.377391
v 9.759855 -0.006641 8.034484
v 9.759855 -0.006641 7.691577
v 9.759855 -0.006256 7.348670
v 9.759855 0.021910 7.005762
v 9.759855 0.179123 6.662854
v 9.759855 0.502680 6.319946
v 9.759855 0.876085 5.977038
v 9.759855 1.201523 5.634131
v 9.759855 1.440307 5.291223
v 9.759855 1.589683 4.948315
v 9.759855 1.658715 4.605407
v 9.759855 1.656083 4.262499
v 9.759855 1.586995 3.919592
v 9.759855 1.454335 3.576684
v 9.759855 1.261645 3.233776
v 9.759855 1.016655 2.890869
v 9.759855 0.744099 2.547961
v 9.759855 0.491194 2.205053
v 9.759855 0.317259 1.862146
v 9.759855 0.204876 1.519238
v 9.759855 0.175318 1.176331
v 9.759855 0.231973 0.833423
v 9.759855 0.288141 0.490515
v 9.759855 0.333262 0.147608
v 9.759855 0.357947 -0.195300
v 9.759855 0.365316 -0.538208
v 9.759855 0.347996 -0.881115
v 9.759855 0.306314 -1.224023
v 9.759855 0.247802 -1.566931
v 9.759855 0.173304 -1.909838
v 9.759855 0.099451 -2.252746
v 9.759855 0.032682 -2.595654
v 9.759855 -0.002519 -2.938561
v 9.759855 -0.006641 -3.281469
v 9.759855 -0.006641 -3.624377
v 9.759855 -0.006641 -3.967284
v 9.759855 -0.006641 -4.310192
v 9.759855 -0.006641 -4.653100
v 9.759855 -0.006641 -4.996008
v 9.759855 -0.006641 -5.338916
v 9.759855 -0.003476 -5.681823
v 9.759855 0.044729 -6.024731
v 9.759855 0.185357 -6.367639
v 9.759855 0.439330 -6.710546
v 9.759855 0.732967 -7.053454
v 9.759855 0.955022 -7.396361
v 9.759855 1.087242 -7.739269
v 9.759855 1.140260 -8.082177
v 9.759855 1.133817 -8.425084
v 9.759855 1.087731 -8.767992
v 9.759855 1.022594 -9.110899
v 9.759855 0.975454 -9.453806
v 9.759855 1.006103 -9.796714
v 9.759855 1.063147 -10.139621
v 9.759855 1.083763 -10.482529
v 9.759856 1.031528 -10.825437
v 9.759856 0.890908 -11.168344
v 9.759856 0.661604 -11.511251
v 9.759857 0.383474 -11.854160
v 9.759858 0.141351 -12.197068
v 9.759858 0.013141 -12.539975
v 9.759858 -0.006641 -12.882883
v 9.759858 -0.006641 -13.225791
v 9.759859 -0.006641 -13.568700
v 10.223948 2.371605 13.636872
v 10.188420 2.641233 13.209554
v 10.130879 2.766920 12.784828
v 10.069382 2.795900 12.375859
v 10.014445 2.745028 11.981395
v 9.966340 2.636508 11.585679
v 9.932206 2.493698 11.198987
v 9.912165 2.330724 10.820555
v 9.900557 2.100935 10.438065
v 9.923503 1.750480 10.080403
v 9.995934 1.247536 9.800284
v 10.053741 0.708654 9.569158
v 10.084641 0.278145 9.328141
v 10.098578 0.052697 9.044066
v 10.102638 -0.005030 8.719737
v 10.102762 -0.006641 8.377391
v 10.102762 -0.006641 8.034484
v 10.102762 -0.006641 7.691577
v 10.102762 -0.006641 7.348670
v 10.102762 0.007861 7.005762
v 10.102762 0.126353 6.662854
v 10.102762 0.402433 6.319946
v 10.102762 0.761152 5.977038
v 10.102762 1.094107 5.634131
v 10.102762 1.348603 5.291223
v 10.102762 1.511737 4.948315
v 10.102762 1.590307 4.605407
v 10.102762 1.592675 4.262499
v 10.102762 1.527800 3.919592
v 10.102762 1.397055 3.576684
v 10.102762 1.204608 3.233776
v 10.102762 0.958444 2.890869
v 10.102762 0.684258 2.547961
v 10.102762 0.471320 2.205053
v 10.102762 0.362329 1.862146
v 10.102762 0.320087 1.519238
v 10.102762 0.362767 1.176331
v 10.102762 0.437445 0.833423
v 10.102762 0.506284 0.490515
v 10.102762 0.558379 0.147608
v 10.102762 0.594697 -0.195300
v 10.102762 0.601881 -0.538208
v 10.102762 0.584369 -0.881115
v 10.102762 0.536637 -1.224023
v 10.102762 0.459747 -1.566931
v 10.102762 0.360296 -1.909838
v 10.102762 0.246837 -2.252746
v 10.102762 0.133024 -2.595654
v 10.102762 0.039213 -2.938561
v 10.102762 -0.003801 -3.281469
v 10.102762 -0.006641 -3.624377
v 10.102762 -0.006641 -3.967284
v 10.102762 -0.006641 -4.310192
v 10.102762 -0.006641 -4.653100
v 10.102762 -0.006641 -4.996008
v 10.102762 -0.006641 -5.338916
v 10.102762 -0.006641 -5.681823
v 10.102762 0.014377 -6.024731
v 10.102762 0.101959 -6.367639
v 10.102762 0.265525 -6.710546
v 10.102762 0.475842 -7.053454
v 10.102762 0.671328 -7.396361
v 10.102762 0.796472 -7.739269
v 10.102762 0.845089 -8.082177
v 10.102762 0.833041 -8.425084
v 10.102762 0.788410 -8.767992
v 10.102762 0.752152 -9.110899
v 10.102762 0.774918 -9.453806
v 10.102762 0.857551 -9.796714
v 10.102762 0.942327 -10.139621
v 10.102762 0.973578 -10.482529
v 10.102763 0.926633 -10.825437
v 10.102763 0.791759 -11.168344
v 10.102763 0.576360 -11.511251
v 10.102764 0.327528 -11.854160
v 10.102765 0.120982 -12.197068
v 10.102765 0.013612 -12.539975
v 10.102765 -0.006641 -12.882883
v 10.102766 -0.006641 -13.225791
v 10.102767 -0.006641 -13.568700
v 10.626016 2.369629 13.681829
v 10.600631 2.633832 13.265833
v 10.557686 2.760501 12.849058
v 10.509018 2.787910 12.443131
v 10.464464 2.730727 12.052600
v 10.420507 2.615676 11.656443
v 10.375622 2.462443 11.252947
v 10.339251 2.289973 10.858050
v 10.321490 2.061465 10.475305
v 10.343626 1.715976 10.126153
v 10.398384 1.241787 9.842917
v 10.429369 0.718972 9.592428
v 10.441051 0.281761 9.334539
v 10.444731 0.057665 9.043130
v 10.445631 -0.004416 8.719557
v 10.445670 -0.006641 8.377391
v 10.445670 -0.006641 8.034484
v 10.445670 -0.006641 7.691577
v 10.445670 -0.006641 7.348670
v 10.445670 0.003654 7.005762
v 10.445670 0.089032 6.662854
v 10.445670 0.309208 6.319946
v 10.445670 0.622523 5.977038
v 10.445670 0.949347 5.634131
v 10.445670 1.217065 5.291223
v 10.445670 1.396469 4.948315
v 10.445670 1.488501 4.605407
v 10.445670 1.505742 4.262499
v 10.445670 1.452228 3.919592
v 10.445670 1.336158 3.576684
v 10.445670 1.162022 3.233776
v 10.445670 0.938543 2.890869
v 10.445670 0.710863 2.547961
v 10.445670 0.564398 2.205053
v 10.445670 0.516538 1.862146
v 10.445670 0.526947 1.519238
v 10.445670 0.591443 1.176331
v 10.445670 0.662562 0.833423
v 10.445670 0.729313 0.490515
v 10.445670 0.785223 0.147608
v 10.445670 0.820907 -0.195300
v 10.445670 0.837331 -0.538208
v 10.445670 0.821690 -0.881115
v 10.445670 0.777629 -1.224023
v 10.445670 0.697988 -1.566931
v 10.445670 0.587322 -1.909838
v 10.445670 0.448072 -2.252746
v 10.445670 0.296164 -2.595654
v 10.445670 0.145621 -2.938561
v 10.445670 0.038079 -3.281469
v 10.445670 -0.005552 -3.624377
v 10.445670 -0.006641 -3.967284
v 10.445670 -0.006641 -4.310192
v 10.445670 -0.006641 -4.653100
v 10.445670 -0.006641 -4.996008
v 10.445670 -0.006641 -5.338916
v 10.445670 -0.006641 -5.681823
v 10.445670 -0.005375 -6.024731
v 10.445670 0.030070 -6.367639
v 10.445670 0.119597 -6.710546
v 10.445670 0.250388 -7.053454
v 10.445670 0.378000 -7.396361
v 10.445670 0.456016 -7.739269
v 10.445670 0.472917 -8.082177
v 10.445670 0.447409 -8.425084
v 10.445670 0.419614 -8.767992
v 10.445670 0.425201 -9.110899
v 10.445670 0.493030 -9.453806
v 10.445670 0.612592 -9.796714
v 10.445670 0.721164 -10.139621
v 10.445670 0.768015 -10.482529
v 10.445671 0.733996 -10.825437
v 10.445671 0.617178 -11.168344
v 10.445671 0.435087 -11.511251
v 10.445672 0.236249 -11.854160
v 10.445672 0.083058 -12.197068
v 10.445672 0.008204 -12.539975
v 10.445672 -0.006641 -12.882883
v 10.445673 -0.006641 -13.225791
v 10.445674 -0.006641 -13.568700
v 11.007761 2.317914 13.729110
v 10.996625 2.580954 13.326174
v 10.970037 2.710497 12.918557
v 10.939444 2.737543 12.520413
v 10.908566 2.678435 12.129830
v 10.870560 2.553873 11.721368
v 10.815285 2.381372 11.297724
v 10.765432 2.192808 10.883874
v 10.745111 1.964799 10.496515
v 10.765326 1.633409 10.160494
v 10.791311 1.209529 9.873152
v 10.799376 0.698730 9.610850
v 10.795829 0.271331 9.343216
v 10.790910 0.050652 9.046292
v 10.788642 -0.005403 8.719909
v 10.788578 -0.006641 8.377391
v 10.788578 -0.006641 8.034484
v 10.788578 -0.006641 7.691577
v 10.788578 -0.006641 7.348670
v 10.788578 0.001903 7.005762
v 10.788578 0.064568 6.662854
v 10.788578 0.229072 6.319946
v 10.788578 0.487344 5.977038
v 10.788578 0.783774 5.634131
v 10.788578 1.047818 5.291223
v 10.788578 1.239729 4.948315
v 10.788578 1.353263 4.605407
v 10.788578 1.388786 4.262499
v 10.788578 1.357348 3.919592
v 10.788578 1.267922 3.576684
v 10.788578 1.122442 3.233776
v 10.788578 0.944359 2.890869
v 10.788578 0.786607 2.547961
v 10.788578 0.708943 2.205053
v 10.788578 0.704846 1.862146
v 10.788578 0.741690 1.519238
v 10.788578 0.799744 1.176331
v 10.788578 0.857397 0.833423
v 10.788578 0.913286 0.490515
v 10.788578 0.965521 0.147608
v 10.788578 1.001893 -0.195300
v 10.788578 1.022699 -0.538208
v 10.788578 1.020524 -0.881115
v 10.788578 0.986656 -1.224023
v 10.788578 0.920180 -1.566931
v 10.788578 0.816537 -1.909838
v 10.788578 0.672633 -2.252746
v 10.788578 0.498433 -2.595654
v 10.788578 0.306288 -2.938561
v 10.788578 0.139099 -3.281469
v 10.788578 0.029217 -3.624377
v 10.788578 -0.006199 -3.967284
v 10.788578 -0.006641 -4.310192
v 10.788578 -0.006641 -4.653100
v 10.788578 -0.006641 -4.996008
v 10.788578 -0.006641 -5.338916
v 10.788578 -0.006641 -5.681823
v 10.788578 -0.006641 -6.024731
v 10.788578 -0.002798 -6.367639
v 10.788578 0.024607 -6.710546
v 10.788578 0.081581 -7.053454
v 10.788578 0.148506 -7.396361
v 10.788578 0.191034 -7.739269
v 10.788578 0.194110 -8.082177
v 10.788578 0.162577 -8.425084
v 10.788578 0.127723 -8.767992
v 10.788578 0.132188 -9.110899
v 10.788578 0.202840 -9.453806
v 10.788578 0.325128 -9.796714
v 10.788578 0.434690 -10.139621
v 10.788578 0.488768 -10.482529
v 10.788578 0.474708 -10.825437
v 10.788578 0.392973 -11.168344
v 10.788578 0.265819 -11.511251
v 10.788579 0.135021 -11.854160
v 10.788580 0.039721 -12.197068
v 10.788580 0.000002 -12.539975
v 10.788580 -0.006641 -12.882883
v 10.788581 -0.006641 -13.225791
v 10.788582 -0.006641 -13.568700
v 11.370549 2.237865 13.766447
v 11.372609 2.499127 13.378666
v 11.362978 2.629419 12.982784
v 11.349903 2.655841 12.592073
v 11.333163 2.598860 12.198794
v 11.298829 2.469550 11.776073
v 11.238579 2.269471 11.328928
v 11.184407 2.050256 10.907867
v 11.165922 1.826353 10.533298
v 11.170165 1.540654 10.207208
v 11.171358 1.156676 9.912576
v 11.162457 0.660192 9.639007
v 11.146346 0.235718 9.358223
v 11.135201 0.036228 9.051498
v 11.131518 -0.006310 8.720206
v 11.131486 -0.006641 8.377391
v 11.131486 -0.006641 8.034484
v 11.131486 -0.006641 7.691577
v 11.131486 -0.006641 7.348670
v 11.131486 -0.001698 7.005762
v 11.131486 0.044422 6.662854
v 11.131486 0.164770 6.319946
v 11.131486 0.364175 5.977038
v 11.131486 0.615437 5.634131
v 11.131486 0.856353 5.291223
v 11.131486 1.055764 4.948315
v 11.131486 1.184668 4.605407
v 11.131486 1.242759 4.262499
v 11.131486 1.241520 3.919592
v 11.131486 1.180875 3.576684
v 11.131486 1.078692 3.233776
v 11.131486 0.959825 2.890869
v 11.131486 0.872868 2.547961
v 11.131486 0.846120 2.205053
v 11.131486 0.867256 1.862146
v 11.131486 0.905046 1.519238
v 11.131486 0.948426 1.176331
v 11.131486 0.987727 0.833423
v 11.131486 1.029773 0.490515
v 11.131486 1.071207 0.147608
v 11.131486 1.110378 -0.195300
v 11.131486 1.137358 -0.538208
v 11.131486 1.152303 -0.881115
v 11.131486 1.139261 -1.224023
v 11.131486 1.095948 -1.566931
v 11.131486 1.008784 -1.909838
v 11.131486 0.873625 -2.252746
v 11.131486 0.693542 -2.595654
v 11.131486 0.478330 -2.938561
v 11.131486 0.269750 -3.281469
v 11.131486 0.106132 -3.624377
v 11.131486 0.017108 -3.967284
v 11.131486 -0.006578 -4.310192
v 11.131486 -0.006641 -4.653100
v 11.131486 -0.006641 -4.996008
v 11.131486 -0.006641 -5.338916
v 11.131486 -0.006641 -5.681823
v 11.131486 -0.006641 -6.024731
v 11.131486 -0.006641 -6.367639
v 11.131486 -0.005505 -6.710546
v 11.131486 0.004803 -7.053454
v 11.131486 0.024766 -7.396361
v 11.131486 0.044046 -7.739269
v 11.131486 0.047113 -8.082177
v 11.131486 0.032270 -8.425084
v 11.131486 0.012141 -8.767992
v 11.131486 0.000145 -9.110899
v 11.131486 0.025465 -9.453806
v 11.131486 0.094549 -9.796714
v 11.131486 0.172693 -10.139621
v 11.131486 0.223842 -10.482529
v 11.131486 0.228896 -10.825437
v 11.131486 0.188468 -11.168344
v 11.131486 0.119537 -11.511251
v 11.131487 0.052400 -11.854160
v 11.131487 0.010787 -12.197068
v 11.131487 -0.006456 -12.539975
v 11.131487 -0.006641 -12.882883
v 11.131488 -0.006641 -13.225791
v 11.131489 -0.006641 -13.568700
v 11.717792 2.147208 13.780524
v 11.728940 2.403881 13.407541
v 11.731506 2.531062 13.022320
v 11.729987 2.557944 12.634727
v 11.720222 2.506824 12.235836
v 11.690374 2.374044 11.802323
v 11.635379 2.154698 11.351964
v 11.583695 1.917161 10.946754
v 11.557745 1.707469 10.590472
v 11.548532 1.473638 10.264162
v 11.535718 1.093887 9.961031
v 11.514102 0.603916 9.671759
v 11.491169 0.195693 9.374829
v 11.477621 0.018672 9.057198
v 11.474393 -0.006641 8.720299
v 11.474393 -0.006641 8.377391
v 11.474393 -0.006641 8.034484
v 11.474393 -0.006641 7.691577
v 11.474393 -0.006641 7.348670
v 11.474393 -0.005684 7.005762
v 11.474393 0.020142 6.662854
v 11.474393 0.106797 6.319946
v 11.474393 0.258646 5.977038
v 11.474393 0.455579 5.634131
v 11.474393 0.664971 5.291223
v 11.474393 0.852527 4.948315
v 11.474393 0.989667 4.605407
v 11.474393 1.073357 4.262499
v 11.474393 1.100062 3.919592
v 11.474393 1.075773 3.576684
v 11.474393 1.023746 3.233776
v 11.474393 0.966533 2.890869
v 11.474393 0.935083 2.547961
v 11.474393 0.937444 2.205053
v 11.474393 0.964060 1.862146
v 11.474393 0.994013 1.519238
v 11.474393 1.020418 1.176331
v 11.474393 1.039626 0.833423
v 11.474393 1.064633 0.490515
v 11.474393 1.095959 0.147608
v 11.474393 1.136521 -0.195300
v 11.474393 1.175988 -0.538208
v 11.474393 1.209923 -0.881115
v 11.474393 1.224388 -1.224023
v 11.474393 1.206077 -1.566931
v 11.474393 1.140998 -1.909838
v 11.474393 1.022145 -2.252746
v 11.474393 0.848159 -2.595654
v 11.474393 0.625546 -2.938561
v 11.474393 0.394628 -3.281469
v 11.474393 0.194285 -3.624377
v 11.474393 0.062622 -3.967284
v 11.474393 0.002839 -4.310192
v 11.474393 -0.006641 -4.653100
v 11.474393 -0.006641 -4.996008
v 11.474393 -0.006641 -5.338916
v 11.474393 -0.006641 -5.681823
v 11.474393 -0.006641 -6.024731
v 11.474393 -0.006641 -6.367639
v 11.474393 -0.006641 -6.710546
v 11.474393 -0.006641 -7.053454
v 11.474393 -0.006641 -7.396361
v 11.474393 -0.006641 -7.739269
v 11.474393 -0.006627 -8.082177
v 11.474393 -0.006624 -8.425084
v 11.474393 -0.006641 -8.767992
v 11.474393 -0.006641 -9.110899
v 11.474393 -0.006641 -9.453806
v 11.474393 -0.000461 -9.796714
v 11.474393 0.027833 -10.139621
v 11.474393 0.054931 -10.482529
v 11.474393 0.064617 -10.825437
v 11.474393 0.054552 -11.168344
v 11.474393 0.031203 -11.511251
v 11.474394 0.008689 -11.854160
v 11.474395 -0.005484 -12.197068
v 11.474395 -0.006641 -12.539975
v 11.474395 -0.006641 -12.882883
v 11.474396 -0.006641 -13.225791
v 11.474397 -0.006641 -13.568700
v 12.055519 2.052000 13.769151
v 12.067007 2.304108 13.400805
v 12.074847 2.427696 13.020777
v 12.079571 2.456451 12.636469
v 12.074040 2.407776 12.235692
v 12.046796 2.274945 11.806130
v 12.000017 2.065135 11.380951
v 11.951937 1.841397 10.999406
v 11.921803 1.655267 10.652245
v 11.904883 1.418546 10.323009
v 11.884296 1.038929 10.008897
v 11.855977 0.549625 9.702518
v 11.830912 0.149027 9.389791
v 11.818774 0.002969 9.061212
v 11.817302 -0.006641 8.720299
v 11.817302 -0.006641 8.377391
v 11.817302 -0.006641 8.034484
v 11.817302 -0.006641 7.691577
v 11.817302 -0.006641 7.348670
v 11.817302 -0.006641 7.005762
v 11.817302 0.001763 6.662854
v 11.817302 0.051799 6.319946
v 11.817302 0.158044 5.977038
v 11.817302 0.307873 5.634131
v 11.817302 0.481004 5.291223
v 11.817302 0.647726 4.948315
v 11.817302 0.782812 4.605407
v 11.817302 0.882084 4.262499
v 11.817302 0.935174 3.919592
v 11.817302 0.951932 3.576684
v 11.817302 0.945082 3.233776
v 11.817302 0.937131 2.890869
v 11.817302 0.942274 2.547961
v 11.817302 0.956570 2.205053
v 11.817302 0.979482 1.862146
v 11.817302 1.001118 1.519238
v 11.817302 1.010652 1.176331
v 11.817302 1.008851 0.833423
v 11.817302 1.015480 0.490515
v 11.817302 1.038323 0.147608
v 11.817302 1.083132 -0.195300
v 11.817302 1.136947 -0.538208
v 11.817302 1.196021 -0.881115
v 11.817302 1.237046 -1.224023
v 11.817302 1.244344 -1.566931
v 11.817302 1.203749 -1.909838
v 11.817302 1.104880 -2.252746
v 11.817302 0.943448 -2.595654
v 11.817302 0.725045 -2.938561
v 11.817302 0.487644 -3.281469
v 11.817302 0.268541 -3.624377
v 11.817302 0.110108 -3.967284
v 11.817302 0.022211 -4.310192
v 11.817302 -0.005746 -4.653100
v 11.817302 -0.006641 -4.996008
v 11.817302 -0.006641 -5.338916
v 11.817302 -0.006641 -5.681823
v 11.817302 -0.006641 -6.024731
v 11.817302 -0.006641 -6.367639
v 11.817302 -0.006641 -6.710546
v 11.817302 -0.006641 -7.053454
v 11.817302 -0.006641 -7.396361
v 11.817302 -0.006641 -7.739269
v 11.817302 -0.006641 -8.082177
v 11.817302 -0.006641 -8.425084
v 11.817302 -0.006641 -8.767992
v 11.817302 -0.006641 -9.110899
v 11.817302 -0.006641 -9.453806
v 11.817302 -0.006641 -9.796714
v 11.817302 -0.006487 -10.139621
v 11.817302 -0.002235 -10.482529
v 11.817302 0.001890 -10.825437
v 11.817302 0.001349 -11.168344
v 11.817302 -0.003328 -11.511251
v 11.817302 -0.006641 -11.854160
v 11.817302 -0.006641 -12.197068
v 11.817302 -0.006641 -12.539975
v 11.817302 -0.006641 -12.882883
v 11.817303 -0.006641 -13.225791
v 11.817304 -0.006641 -13.568700
v 12.389448 1.941197 13.738121
v 12.400987 2.190687 13.370023
v 12.408153 2.311656 12.991713
v 12.412755 2.344741 12.610376
v 12.407377 2.300365 12.215270
v 12.382531 2.178263 11.806293
v 12.341713 2.002537 11.411697
v 12.300943 1.830475 11.049830
v 12.272576 1.654364 10.706746
v 12.249372 1.386645 10.373910
v 12.223557 0.981488 10.049571
v 12.191881 0.484194 9.727400
v 12.168405 0.110134 9.399968
v 12.160360 -0.005677 9.063007
v 12.160210 -0.006641 8.720299
v 12.160210 -0.006641 8.377391
v 12.160210 -0.006641 8.034484
v 12.160210 -0.006641 7.691577
v 12.160210 -0.006641 7.348670
v 12.160210 -0.006641 7.005762
v 12.160210 -0.006549 6.662854
v 12.160210 0.012460 6.319946
v 12.160210 0.070547 5.977038
v 12.160210 0.173455 5.634131
v 12.160210 0.303137 5.291223
v 12.160210 0.441400 4.948315
v 12.160210 0.568632 4.605407
v 12.160210 0.675590 4.262499
v 12.160210 0.747406 3.919592
v 12.160210 0.795869 3.576684
v 12.160210 0.824818 3.233776
v 12.160210 0.850230 2.890869
v 12.160210 0.871709 2.547961
v 12.160210 0.894937 2.205053
v 12.160210 0.912627 1.862146
v 12.160210 0.926359 1.519238
v 12.160210 0.920666 1.176331
v 12.160210 0.898911 0.833423
v 12.160210 0.886190 0.490515
v 12.160210 0.900238 0.147608
v 12.160210 0.950877 -0.195300
v 12.160210 1.023893 -0.538208
v 12.160210 1.107984 -0.881115
v 12.160210 1.174926 -1.224023
v 12.160210 1.208672 -1.566931
v 12.160210 1.193605 -1.909838
v 12.160210 1.116804 -2.252746
v 12.160210 0.970407 -2.595654
v 12.160210 0.765445 -2.938561
v 12.160210 0.532973 -3.281469
v 12.160210 0.313043 -3.624377
v 12.160210 0.144028 -3.967284
v 12.160210 0.040349 -4.310192
v 12.160210 -0.001795 -4.653100
v 12.160210 -0.006641 -4.996008
v 12.160210 -0.006641 -5.338916
v 12.160210 -0.006641 -5.681823
v 12.160210 -0.006641 -6.024731
v 12.160210 -0.006641 -6.367639
v 12.160210 -0.006641 -6.710546
v 12.160210 -0.006641 -7.053454
v 12.160210 -0.006641 -7.396361
v 12.160210 -0.006641 -7.739269
v 12.160210 -0.006641 -8.082177
v 12.160210 -0.006641 -8.425084
v 12.160210 -0.006641 -8.767992
v 12.160210 -0.006641 -9.110899
v 12.160210 -0.006641 -9.453806
v 12.160210 -0.006641 -9.796714
v 12.160210 -0.006641 -10.139621
v 12.160210 -0.006641 -10.482529
v 12.160210 -0.006641 -10.825437
v 12.160210 -0.006641 -11.168344
v 12.160210 -0.006641 -11.511251
v 12.160210 -0.006641 -11.854160
v 12.160210 -0.006641 -12.197068
v 12.160210 -0.006641 -12.539975
v 12.160210 -0.006641 -12.882883
v 12.160211 -0.006641 -13.225791
v 12.160212 -0.006641 -13.568700
v 12.722928 1.783290 13.700148
v 12.736054 2.044109 13.328945
v 12.741187 2.172076 12.953025
v 12.742704 2.206352 12.574500
v 12.734735 2.169499 12.190402
v 12.711644 2.076230 11.807282
v 12.677694 1.950904 11.439802
v 12.644813 1.821417 11.091490
v 12.616854 1.640548 10.749398
v 12.590093 1.349366 10.412590
v 12.559129 0.916617 10.079005
v 12.526980 0.420589 9.744035
v 12.506681 0.075935 9.405225
v 12.503117 -0.006641 9.063206
v 12.503117 -0.006641 8.720299
v 12.503117 -0.006641 8.377391
v 12.503117 -0.006641 8.034484
v 12.503117 -0.006641 7.691577
v 12.503117 -0.006641 7.348670
v 12.503117 -0.006641 7.005762
v 12.503117 -0.006641 6.662854
v 12.503117 -0.006328 6.319946
v 12.503117 0.013741 5.977038
v 12.503117 0.068749 5.634131
v 12.503117 0.149510 5.291223
v 12.503117 0.251550 4.948315
v 12.503117 0.356387 4.605407
v 12.503117 0.457565 4.262499
v 12.503117 0.537695 3.919592
v 12.503117 0.605358 3.576684
v 12.503117 0.657138 3.233776
v 12.503117 0.699135 2.890869
v 12.503117 0.730191 2.547961
v 12.503117 0.758406 2.205053
v 12.503117 0.772279 1.862146
v 12.503117 0.777876 1.519238
v 12.503117 0.761160 1.176331
v 12.503117 0.724562 0.833423
v 12.503117 0.689378 0.490515
v 12.503117 0.691910 0.147608
v 12.503117 0.744883 -0.195300
v 12.503117 0.835557 -0.538208
v 12.503117 0.943408 -0.881115
v 12.503117 1.036759 -1.224023
v 12.503117 1.098928 -1.566931
v 12.503117 1.110023 -1.909838
v 12.503117 1.054639 -2.252746
v 12.503117 0.926902 -2.595654
v 12.503117 0.742703 -2.938561
v 12.503117 0.525142 -3.281469
v 12.503117 0.319091 -3.624377
v 12.503117 0.155392 -3.967284
v 12.503117 0.049607 -4.310192
v 12.503117 0.001553 -4.653100
v 12.503117 -0.006641 -4.996008
v 12.503117 -0.006641 -5.338916
v 12.503117 -0.006641 -5.681823
v 12.503117 -0.006641 -6.024731
v 12.503117 -0.006641 -6.367639
v 12.503117 -0.006641 -6.710546
v 12.503117 -0.006641 -7.053454
v 12.503117 -0.006641 -7.396361
v 12.503117 -0.006641 -7.739269
v 12.503117 -0.006641 -8.082177
v 12.503117 -0.006641 -8.425084
v 12.503117 -0.006641 -8.767992
v 12.503117 -0.006641 -9.110899
v 12.503117 -0.006641 -9.453806
v 12.503117 -0.006641 -9.796714
v 12.503117 -0.006641 -10.139621
v 12.503117 -0.006641 -10.482529
v 12.503117 -0.006641 -10.825437
v 12.503117 -0.006641 -11.168344
v 12.503117 -0.006641 -11.511251
v 12.503117 -0.006641 -11.854160
v 12.503117 -0.006641 -12.197068
v 12.503117 -0.006641 -12.539975
v 12.503117 -0.006641 -12.882883
v 12.503118 -0.006641 -13.225791
v 12.503119 -0.006641 -13.568700
v 13.052079 1.552954 13.666898
v 13.071087 1.839912 13.292309
v 13.077847 1.981449 12.917204
v 13.079206 2.022095 12.544020
v 13.069415 2.001530 12.173814
v 13.048190 1.946492 11.813379
v 13.019783 1.866967 11.466274
v 12.987422 1.759006 11.121545
v 12.958348 1.577276 10.779175
v 12.929101 1.271816 10.438314
v 12.894908 0.826665 10.096706
v 12.863395 0.354120 9.752214
v 12.847495 0.052435 9.406610
v 12.846025 -0.006641 9.063206
v 12.846025 -0.006641 8.720299
v 12.846025 -0.006641 8.377391
v 12.846025 -0.006641 8.034484
v 12.846025 -0.006641 7.691577
v 12.846025 -0.006641 7.348670
v 12.846025 -0.006641 7.005762
v 12.846025 -0.006641 6.662854
v 12.846025 -0.006641 6.319946
v 12.846025 -0.006278 5.977038
v 12.846025 0.006648 5.634131
v 12.846025 0.044278 5.291223
v 12.846025 0.104692 4.948315
v 12.846025 0.176401 4.605407
v 12.846025 0.257864 4.262499
v 12.846025 0.332313 3.919592
v 12.846025 0.401370 3.576684
v 12.846025 0.459588 3.233776
v 12.846025 0.504603 2.890869
v 12.846025 0.543685 2.547961
v 12.846025 0.567280 2.205053
v 12.846025 0.582454 1.862146
v 12.846025 0.577545 1.519238
v 12.846025 0.554170 1.176331
v 12.846025 0.512721 0.833423
v 12.846025 0.455685 0.490515
v 12.846025 0.439570 0.147608
v 12.846025 0.483826 -0.195300
v 12.846025 0.583112 -0.538208
v 12.846025 0.710828 -0.881115
v 12.846025 0.831846 -1.224023
v 12.846025 0.923150 -1.566931
v 12.846025 0.957868 -1.909838
v 12.846025 0.921700 -2.252746
v 12.846025 0.818712 -2.595654
v 12.846025 0.657638 -2.938561
v 12.846025 0.469755 -3.281469
v 12.846025 0.288014 -3.624377
v 12.846025 0.142398 -3.967284
v 12.846025 0.046853 -4.310192
v 12.846025 0.001858 -4.653100
v 12.846025 -0.006641 -4.996008
v 12.846025 -0.006641 -5.338916
v 12.846025 -0.006641 -5.681823
v 12.846025 -0.006641 -6.024731
v 12.846025 -0.006641 -6.367639
v 12.846025 -0.006641 -6.710546
v 12.846025 -0.006641 -7.053454
v 12.846025 -0.006641 -7.396361
v 12.846025 -0.006641 -7.739269
v 12.846025 -0.006641 -8.082177
v 12.846025 -0.006641 -8.425084
v 12.846025 -0.006641 -8.767992
v 12.846025 -0.006641 -9.110899
v 12.846025 -0.006641 -9.453806
v 12.846025 -0.006641 -9.796714
v 12.846025 -0.006641 -10.139621
v 12.846025 -0.006641 -10.482529
v 12.846025 -0.006641 -10.825437
v 12.846025 -0.006641 -11.168344
v 12.846025 -0.006641 -11.511251
v 12.846025 -0.006641 -11.854160
v 12.846025 -0.006641 -12.197068
v 12.846025 -0.006641 -12.539975
v 12.846025 -0.006641 -12.882883
v 12.846025 -0.006641 -13.225791
v 12.846026 -0.006641 -13.568700
v 13.370070 1.217918 13.643655
v 13.399438 1.534775 13.271070
v 13.413020 1.703810 12.896858
v 13.418100 1.764987 12.530338
v 13.410173 1.775928 12.173029
v 13.390278 1.757534 11.826526
v 13.362133 1.712616 11.483336
v 13.330030 1.621223 11.139758
v 13.298585 1.439387 10.796053
v 13.266180 1.126853 10.451412
v 13.230146 0.696517 10.103993
v 13.202016 0.280437 9.754036
v 13.189889 0.035219 9.406569
v 13.188932 -0.006641 9.063206
v 13.188932 -0.006641 8.720299
v 13.188932 -0.006641 8.377391
v 13.188932 -0.006641 8.034484
v 13.188932 -0.006641 7.691577
v 13.188932 -0.006641 7.348670
v 13.188932 -0.006641 7.005762
v 13.188932 -0.006641 6.662854
v 13.188932 -0.006641 6.319946
v 13.188932 -0.006641 5.977038
v 13.188932 -0.006641 5.634131
v 13.188932 -0.002055 5.291223
v 13.188932 0.017771 4.948315
v 13.188932 0.054282 4.605407
v 13.188932 0.103848 4.262499
v 13.188932 0.159812 3.919592
v 13.188932 0.211678 3.576684
v 13.188932 0.264868 3.233776
v 13.188932 0.306746 2.890869
v 13.188932 0.339870 2.547961
v 13.188932 0.362588 2.205053
v 13.188932 0.372286 1.862146
v 13.188932 0.364684 1.519238
v 13.188932 0.341227 1.176331
v 13.188932 0.300283 0.833423
v 13.188932 0.243419 0.490515
v 13.188932 0.199058 0.147608
v 13.188932 0.218294 -0.195300
v 13.188932 0.314165 -0.538208
v 13.188932 0.451183 -0.881115
v 13.188932 0.594406 -1.224023
v 13.188932 0.701954 -1.566931
v 13.188932 0.750647 -1.909838
v 13.188932 0.735358 -2.252746
v 13.188932 0.655527 -2.595654
v 13.188932 0.528073 -2.938561
v 13.188932 0.376232 -3.281469
v 13.188932 0.230555 -3.624377
v 13.188932 0.111183 -3.967284
v 13.188932 0.033874 -4.310192
v 13.188932 -0.001078 -4.653100
v 13.188932 -0.006641 -4.996008
v 13.188932 -0.006641 -5.338916
v 13.188932 -0.006641 -5.681823
v 13.188932 -0.006641 -6.024731
v 13.188932 -0.006641 -6.367639
v 13.188932 -0.006641 -6.710546
v 13.188932 -0.006641 -7.053454
v 13.188932 -0.006641 -7.396361
v 13.188932 -0.006641 -7.739269
v 13.188932 -0.006641 -8.082177
v 13.188932 -0.006641 -8.425084
v 13.188932 -0.006641 -8.767992
v 13.188932 -0.006641 -9.110899
v 13.188932 -0.006641 -9.453806
v 13.188932 -0.006641 -9.796714
v 13.188932 -0.006641 -10.139621
v 13.188932 -0.006641 -10.482529
v 13.188932 -0.006641 -10.825437
v 13.188932 -0.006641 -11.168344
v 13.188932 -0.006641 -11.511251
v 13.188932 -0.006641 -11.854160
v 13.188932 -0.006641 -12.197068
v 13.188932 -0.006641 -12.539975
v 13.188932 -0.006641 -12.882883
v 13.188932 -0.006641 -13.225791
v 13.188933 -0.006641 -13.568700
v 13.670908 0.832191 13.619867
v 13.709102 1.136144 13.261642
v 13.732215 1.325780 12.895239
v 13.743309 1.414538 12.534993
v 13.740594 1.457591 12.181492
v 13.724493 1.470886 11.833537
v 13.699243 1.454907 11.490309
v 13.668144 1.385050 11.147251
v 13.634632 1.210540 10.801878
v 13.599259 0.904779 10.454247
v 13.564205 0.523155 10.103620
v 13.541244 0.196321 9.753000
v 13.532236 0.017874 9.406290
v 13.531841 -0.006641 9.063206
v 13.531841 -0.006641 8.720299
v 13.531841 -0.006641 8.377391
v 13.531841 -0.006641 8.034484
v 13.531841 -0.006641 7.691577
v 13.531841 -0.006641 7.348670
v 13.531841 -0.006641 7.005762
v 13.531841 -0.006641 6.662854
v 13.531841 -0.006641 6.319946
v 13.531841 -0.006641 5.977038
v 13.531841 -0.006641 5.634131
v 13.531841 -0.006641 5.291223
v 13.531841 -0.006536 4.948315
v 13.531841 -0.001250 4.605407
v 13.531841 0.014824 4.262499
v 13.531841 0.043568 3.919592
v 13.531841 0.075416 3.576684
v 13.531841 0.108232 3.233776
v 13.531841 0.140402 2.890869
v 13.531841 0.164966 2.547961
v 13.531841 0.181895 2.205053
v 13.531841 0.186250 1.862146
v 13.531841 0.180365 1.519238
v 13.531841 0.162181 1.176331
v 13.531841 0.130538 0.833423
v 13.531841 0.093863 0.490515
v 13.531841 0.051190 0.147608
v 13.531841 0.040583 -0.195300
v 13.531841 0.115435 -0.538208
v 13.531841 0.242078 -0.881115
v 13.531841 0.370259 -1.224023
v 13.531841 0.469470 -1.566931
v 13.531841 0.521942 -1.909838
v 13.531841 0.520624 -2.252746
v 13.531841 0.469008 -2.595654
v 13.531841 0.376502 -2.938561
v 13.531841 0.266467 -3.281469
v 13.531841 0.157791 -3.624377
v 13.531841 0.072276 -3.967284
v 13.531841 0.017207 -4.310192
v 13.531841 -0.005190 -4.653100
v 13.531841 -0.006641 -4.996008
v 13.531841 -0.006641 -5.338916
v 13.531841 -0.006641 -5.681823
v 13.531841 -0.006641 -6.024731
v 13.531841 -0.006641 -6.367639
v 13.531841 -0.006641 -6.710546
v 13.531841 -0.006641 -7.053454
v 13.531841 -0.006641 -7.396361
v 13.531841 -0.006641 -7.739269
v 13.531841 -0.006641 -8.082177
v 13.531841 -0.006641 -8.425084
v 13.531841 -0.006641 -8.767992
v 13.531841 -0.006641 -9.110899
v 13.531841 -0.006641 -9.453806
v 13.531841 -0.006641 -9.796714
v 13.531841 -0.006641 -10.139621
v 13.531841 -0.006641 -10.482529
v 13.531841 -0.006641 -10.825437
v 13.531841 -0.006641 -11.168344
v 13.531841 -0.006641 -11.511251
v 13.531841 -0.006641 -11.854160
v 13.531841 -0.006641 -12.197068
v 13.531841 -0.006641 -12.539975
v 13.531841 -0.006641 -12.882883
v 13.531841 -0.006641 -13.225791
v 13.531841 -0.006641 -13.568700
vn -0.4006 0.4635 0.7903
vn 0.5996 0.5866 0.5445
vn -0.0000 1.0000 -0.0000
vn -0.0047 1.0000 -0.0047
vn -0.0349 0.9989 -0.0313
vn -0.1025 0.9922 -0.0711
vn -0.1879 0.9776 -0.0945
vn -0.2653 0.9601 -0.0882
vn -0.3134 0.9483 -0.0500
vn -0.3198 0.9475 0.0066
vn -0.2896 0.9552 0.0603
vn -0.2364 0.9672 0.0934
vn -0.1659 0.9815 0.0953
vn -0.0849 0.9944 0.0623
vn -0.0239 0.9995 0.0205
vn -0.0021 1.0000 0.0021
vn -0.0093 0.9998 -0.0161
vn -0.0561 0.9945 -0.0886
vn -0.1560 0.9658 -0.2073
vn -0.2907 0.9106 -0.2938
vn -0.4285 0.8538 -0.2957
vn -0.5426 0.8126 -0.2129
vn -0.6194 0.7810 -0.0800
vn -0.6586 0.7509 0.0486
vn -0.6701 0.7313 0.1272
vn -0.6688 0.7347 0.1136
vn -0.6710 0.7414 -0.0081
vn -0.6875 0.6949 -0.2107
vn -0.7036 0.5832 -0.4061
vn -0.7088 0.4731 -0.5233
vn -0.7079 0.4207 -0.5674
vn -0.7090 0.4295 -0.5593
vn -0.7221 0.4755 -0.5025
vn -0.7503 0.5262 -0.4002
vn -0.7856 0.5538 -0.2759
vn -0.8175 0.5511 -0.1675
vn -0.8432 0.5283 -0.0993
vn -0.8649 0.4974 -0.0675
vn -0.8833 0.4665 -0.0471
vn -0.9045 0.4202 -0.0734
vn -0.9239 0.3541 -0.1453
vn -0.9331 0.2937 -0.2073
vn -0.9330 0.2401 -0.2680
vn -0.9221 0.1923 -0.3359
vn -0.9002 0.1566 -0.4064
vn -0.8671 0.1357 -0.4793
vn -0.8357 0.1542 -0.5270
vn -0.8062 0.1949 -0.5586
vn -0.7869 0.2408 -0.5681
vn -0.7817 0.2779 -0.5583
vn -0.8000 0.3360 -0.4971
vn -0.8396 0.4448 -0.3118
vn -0.8395 0.5433 -0.0140
vn -0.8097 0.5732 0.1257
vn -0.7977 0.5986 0.0735
vn -0.7780 0.6283 0.0062
vn -0.7537 0.6570 -0.0157
vn -0.7353 0.6773 0.0261
vn -0.7237 0.6761 0.1385
vn -0.7138 0.6522 0.2551
vn -0.7154 0.6058 0.3482
vn -0.7280 0.5357 0.4279
vn -0.7419 0.4585 0.4893
vn -0.7398 0.3878 0.5498
vn -0.6923 0.3211 0.6462
vn -0.6121 0.2870 0.7369
vn -0.5213 0.3113 0.7946
vn -0.4361 0.4115 0.8003
vn -0.3864 0.4171 0.8226
vn -0.3494 0.3191 0.8809
vn -0.2987 0.2508 0.9208
vn -0.2175 0.2158 0.9519
vn -0.1106 0.2019 0.9731
vn -0.0059 0.2000 0.9798
vn 0.0408 0.2252 0.9735
vn -0.0826 0.2767 0.9574
vn -0.2195 0.3079 0.9257
vn -0.2165 0.3082 0.9263
vn -0.0821 0.2795 0.9566
vn 0.0854 0.2590 0.9621
vn 0.2191 0.2634 0.9395
vn 0.3059 0.2957 0.9050
vn 0.3599 0.3458 0.8665
vn 0.4051 0.3895 0.8271
vn 0.4391 0.4309 0.7883
vn 0.4379 0.4982 0.7483
vn 0.3854 0.5982 0.7025
vn 0.3033 0.6922 0.6549
vn 0.2175 0.7552 0.6183
vn 0.1757 0.7844 0.5948
vn 0.1808 0.7997 0.5725
vn 0.2232 0.8103 0.5419
vn 0.2933 0.8121 0.5045
vn 0.3700 0.8070 0.4603
vn 0.4338 0.8026 0.4094
vn 0.4669 0.8123 0.3495
vn 0.4216 0.8551 0.3018
vn 0.2535 0.9176 0.3062
vn -0.0098 0.9315 0.3637
vn -0.2621 0.8618 0.4343
vn -0.4209 0.7625 0.4913
vn -0.4780 0.6991 0.5317
vn -0.4623 0.6916 0.5550
vn -0.4043 0.7226 0.5608
vn -0.3180 0.7718 0.5506
vn -0.2220 0.8232 0.5225
vn -0.1485 0.8660 0.4775
vn -0.1026 0.8958 0.4324
vn -0.0671 0.9152 0.3974
vn -0.0317 0.9269 0.3740
vn 0.0032 0.9318 0.3630
vn 0.0309 0.9313 0.3628
vn 0.0469 0.9269 0.3723
vn 0.0547 0.9198 0.3885
vn 0.0665 0.9116 0.4056
vn 0.1046 0.9013 0.4205
vn 0.1665 0.8855 0.4338
vn 0.2512 0.8608 0.4427
vn 0.3509 0.8285 0.4364
vn 0.4166 0.8026 0.4269
vn 0.3716 0.8125 0.4492
vn 0.2032 0.8421 0.4997
vn -0.0171 0.8337 0.5520
vn -0.1897 0.7814 0.5945
vn -0.2728 0.7298 0.6268
vn -0.2915 0.7015 0.6503
vn -0.2685 0.6910 0.6711
vn -0.2020 0.6908 0.6943
vn -0.1174 0.6822 0.7217
vn -0.0442 0.6501 0.7585
vn 0.0061 0.5987 0.8010
vn -0.0032 0.5359 0.8443
vn -0.0777 0.4762 0.8759
vn -0.1502 0.4462 0.8822
vn -0.1957 0.4579 0.8672
vn -0.2237 0.5043 0.8340
vn -0.2083 0.5590 0.8026
vn -0.1379 0.5975 0.7899
vn -0.0535 0.6136 0.7878
vn 0.0261 0.6124 0.7901
vn 0.0944 0.6039 0.7914
vn 0.1612 0.5947 0.7876
vn 0.2348 0.5808 0.7794
vn 0.3178 0.5571 0.7673
vn 0.4102 0.5199 0.7493
vn 0.4997 0.4814 0.7201
vn 0.5679 0.4776 0.6704
vn 0.5969 0.5467 0.5872
vn 0.6530 0.5586 0.5114
vn 0.7578 0.5143 0.4015
vn 0.8125 0.5254 0.2526
vn 0.8257 0.5487 0.1310
vn 0.8153 0.5765 0.0544
vn 0.7898 0.6133 -0.0099
vn 0.7509 0.6520 -0.1051
vn 0.6929 0.6634 -0.2824
vn 0.6012 0.6341 -0.4863
vn 0.4836 0.6252 -0.6125
vn 0.3564 0.6966 -0.6227
vn 0.2145 0.8442 -0.4913
vn 0.0786 0.9727 -0.2184
vn 0.0102 0.9996 -0.0255
vn 0.0001 1.0000 0.0001
vn 0.0041 1.0000 0.0039
vn 0.0236 0.9996 0.0156
vn 0.0699 0.9970 0.0341
vn 0.1349 0.9895 0.0525
vn 0.1975 0.9783 0.0625
vn 0.2505 0.9659 0.0653
vn 0.2929 0.9543 0.0597
vn 0.3226 0.9455 0.0442
vn 0.3400 0.9401 0.0231
vn 0.3444 0.9388 -0.0008
vn 0.3375 0.9409 -0.0269
vn 0.3163 0.9472 -0.0519
vn 0.2774 0.9582 -0.0703
vn 0.2230 0.9716 -0.0798
vn 0.1685 0.9843 -0.0517
vn 0.1708 0.9832 0.0638
vn 0.2534 0.9449 0.2074
vn 0.3608 0.8925 0.2707
vn 0.4462 0.8599 0.2480
vn 0.4988 0.8492 0.1733
vn 0.5170 0.8533 0.0675
vn 0.5005 0.8644 -0.0476
vn 0.4508 0.8799 -0.1501
vn 0.3754 0.9004 -0.2200
vn 0.2865 0.9265 -0.2440
vn 0.1956 0.9553 -0.2215
vn 0.1138 0.9803 -0.1615
vn 0.0499 0.9951 -0.0851
vn 0.0126 0.9996 -0.0243
vn 0.0011 1.0000 -0.0011
vn 0.0005 1.0000 -0.0005
vn 0.0055 1.0000 -0.0065
vn 0.0096 0.9997 -0.0215
vn 0.0050 0.9993 -0.0361
vn -0.0039 0.9993 -0.0372
vn -0.0095 0.9997 -0.0238
vn -0.0062 0.9999 -0.0082
vn -0.0010 1.0000 -0.0010
vn 0.0018 1.0000 -0.0018
vn 0.0118 0.9998 -0.0153
vn 0.0258 0.9983 -0.0518
vn 0.0451 0.9924 -0.1144
vn 0.0727 0.9771 -0.2000
vn 0.0979 0.9508 -0.2938
vn 0.1023 0.9219 -0.3738
vn 0.0677 0.9044 -0.4213
vn 0.0048 0.9051 -0.4251
vn -0.0436 0.9187 -0.3925
vn -0.0150 0.9382 -0.3457
vn 0.0978 0.9455 -0.3106
vn 0.2107 0.9269 -0.3107
vn 0.2551 0.9034 -0.3446
vn 0.2239 0.8915 -0.3938
vn 0.1149 0.8887 -0.4438
vn -0.0454 0.8837 -0.4658
vn -0.1953 0.8746 -0.4437
vn -0.2827 0.8752 -0.3926
vn -0.2676 0.9059 -0.3282
vn -0.1465 0.9558 -0.2550
vn 0.0858 0.9725 -0.2167
vn 0.3066 0.9179 -0.2518
vn 0.4098 0.8502 -0.3304
vn 0.4438 0.7973 -0.4091
vn 0.4288 0.7694 -0.4735
vn 0.3548 0.7797 -0.5160
vn 0.2272 0.8129 -0.5363
vn 0.0792 0.8382 -0.5396
vn -0.0852 0.8442 -0.5293
vn -0.2715 0.8222 -0.5002
vn -0.4430 0.7797 -0.4425
vn -0.5388 0.7642 -0.3545
vn -0.5180 0.8204 -0.2419
vn -0.3939 0.9106 -0.1252
vn -0.2474 0.9678 -0.0456
vn -0.1274 0.9918 -0.0127
vn -0.0352 0.9994 -0.0021
vn -0.0007 1.0000 -0.0002
vn -0.4265 0.3498 0.8341
vn -0.5140 0.2795 0.8110
vn -0.6002 0.2986 0.7420
vn -0.6643 0.3799 0.6438
vn -0.6792 0.4746 0.5599
vn -0.6610 0.5615 0.4979
vn -0.6426 0.6354 0.4283
vn -0.6410 0.6830 0.3502
vn -0.6550 0.7115 0.2542
vn -0.6722 0.7273 0.1382
vn -0.6869 0.7260 0.0328
vn -0.7031 0.7110 -0.0087
vn -0.7195 0.6944 0.0098
vn -0.7268 0.6822 0.0798
vn -0.7206 0.6835 0.1168
vn -0.7286 0.6810 -0.0735
vn -0.7208 0.5765 -0.3849
vn -0.6729 0.4598 -0.5795
vn -0.6306 0.4372 -0.6412
vn -0.6164 0.4542 -0.6433
vn -0.6375 0.4460 -0.6282
vn -0.6806 0.4118 -0.6060
vn -0.7354 0.3606 -0.5737
vn -0.7879 0.3368 -0.5156
vn -0.8264 0.3402 -0.4486
vn -0.8528 0.3597 -0.3787
vn -0.8628 0.4031 -0.3050
vn -0.8577 0.4591 -0.2315
vn -0.8407 0.5190 -0.1542
vn -0.8221 0.5552 -0.1260
vn -0.8077 0.5734 -0.1375
vn -0.7903 0.5925 -0.1563
vn -0.7724 0.6017 -0.2035
vn -0.7532 0.5910 -0.2888
vn -0.7323 0.5550 -0.3946
vn -0.7166 0.4999 -0.4864
vn -0.7135 0.4439 -0.5421
vn -0.7187 0.4160 -0.5572
vn -0.7250 0.4481 -0.5230
vn -0.7293 0.5472 -0.4109
vn -0.7213 0.6595 -0.2116
vn -0.6984 0.7157 -0.0037
vn -0.6773 0.7275 0.1095
vn -0.6602 0.7438 0.1042
vn -0.6361 0.7715 0.0155
vn -0.5921 0.7968 -0.1209
vn -0.5168 0.8144 -0.2640
vn -0.4092 0.8387 -0.3593
vn -0.2811 0.8887 -0.3622
vn -0.1543 0.9513 -0.2669
vn -0.0578 0.9905 -0.1246
vn -0.0107 0.9996 -0.0265
vn -0.0001 1.0000 -0.0001
vn -0.0005 1.0000 0.0005
vn -0.0098 0.9999 0.0108
vn -0.0476 0.9976 0.0496
vn -0.1190 0.9874 0.1047
vn -0.2038 0.9692 0.1382
vn -0.2850 0.9492 0.1332
vn -0.3522 0.9316 0.0895
vn -0.3892 0.9210 0.0163
vn -0.3839 0.9212 -0.0636
vn -0.3342 0.9343 -0.1241
vn -0.2504 0.9575 -0.1434
vn -0.1547 0.9808 -0.1189
vn -0.0712 0.9952 -0.0673
vn -0.0195 0.9996 -0.0205
vn -0.0018 1.0000 -0.0018
vn -0.0003 1.0000 0.0002
vn -0.0006 1.0000 0.0001
vn -0.3821 0.2735 0.8827
vn -0.4550 0.2647 0.8502
vn -0.5202 0.3597 0.7746
vn -0.5461 0.4994 0.6726
vn -0.5250 0.6199 0.5832
vn -0.4916 0.7039 0.5127
vn -0.4812 0.7518 0.4508
vn -0.5003 0.7779 0.3802
vn -0.5378 0.7953 0.2798
vn -0.5759 0.8033 0.1521
vn -0.5977 0.8008 0.0385
vn -0.6016 0.7987 -0.0102
vn -0.5900 0.8074 -0.0010
vn -0.5570 0.8282 0.0621
vn -0.5038 0.8597 0.0844
vn -0.4599 0.8768 -0.1406
vn -0.4112 0.7587 -0.5053
vn -0.3193 0.6302 -0.7078
vn -0.2067 0.6495 -0.7317
vn -0.1326 0.7182 -0.6831
vn -0.1398 0.7598 -0.6349
vn -0.2079 0.7685 -0.6051
vn -0.3050 0.7466 -0.5913
vn -0.3981 0.7226 -0.5651
vn -0.4762 0.7007 -0.5313
vn -0.5377 0.6839 -0.4931
vn -0.5808 0.6958 -0.4225
vn -0.6017 0.7228 -0.3399
vn -0.6036 0.7525 -0.2635
vn -0.6050 0.7614 -0.2329
vn -0.6022 0.7625 -0.2366
vn -0.5985 0.7644 -0.2398
vn -0.5985 0.7576 -0.2605
vn -0.6003 0.7319 -0.3224
vn -0.6025 0.6827 -0.4134
vn -0.6093 0.6235 -0.4898
vn -0.6265 0.5618 -0.5403
vn -0.6464 0.5071 -0.5700
vn -0.6719 0.4915 -0.5541
vn -0.6974 0.5505 -0.4589
vn -0.7050 0.6585 -0.2634
vn -0.6685 0.7424 -0.0442
vn -0.6154 0.7855 0.0643
vn -0.5703 0.8201 0.0459
vn -0.5249 0.8494 -0.0540
vn -0.4693 0.8590 -0.2048
vn -0.3949 0.8430 -0.3653
vn -0.3036 0.8273 -0.4727
vn -0.2067 0.8534 -0.4785
vn -0.1149 0.9224 -0.3687
vn -0.0441 0.9813 -0.1873
vn -0.0086 0.9989 -0.0451
vn -0.0002 1.0000 -0.0004
vn -0.0040 1.0000 0.0051
vn -0.0278 0.9988 0.0392
vn -0.0846 0.9897 0.1155
vn -0.1668 0.9671 0.1923
vn -0.2620 0.9369 0.2313
vn -0.3602 0.9064 0.2207
vn -0.4410 0.8846 0.1519
vn -0.4866 0.8727 0.0402
vn -0.4904 0.8676 -0.0825
vn -0.4526 0.8725 -0.1842
vn -0.3765 0.8959 -0.2359
vn -0.2733 0.9360 -0.2219
vn -0.1634 0.9739 -0.1575
vn -0.0732 0.9947 -0.0723
vn -0.0251 0.9996 -0.0157
vn -0.0113 0.9999 -0.0017
vn -0.0083 1.0000 -0.0013
vn -0.0056 1.0000 -0.0013
vn -0.0068 1.0000 0.0025
vn -0.0158 0.9999 0.0066
vn -0.0279 0.9996 0.0060
vn -0.0343 0.9994 0.0011
vn -0.3177 0.2379 0.9178
vn -0.3723 0.3028 0.8774
vn -0.4078 0.4643 0.7862
vn -0.3952 0.6282 0.6702
vn -0.3536 0.7390 0.5734
vn -0.3220 0.7929 0.5174
vn -0.3233 0.8151 0.4807
vn -0.3621 0.8277 0.4288
vn -0.4295 0.8403 0.3308
vn -0.4974 0.8478 0.1838
vn -0.5307 0.8469 0.0343
vn -0.5142 0.8563 -0.0479
vn -0.4566 0.8881 -0.0532
vn -0.3622 0.9321 -0.0018
vn -0.2410 0.9703 0.0208
vn -0.1256 0.9754 -0.1812
vn -0.0282 0.8379 -0.5451
vn 0.1020 0.6655 -0.7394
vn 0.2828 0.6433 -0.7115
vn 0.4036 0.6984 -0.5910
vn 0.4003 0.7793 -0.4821
vn 0.3176 0.8545 -0.4110
vn 0.1991 0.9046 -0.3770
vn 0.0889 0.9299 -0.3569
vn -0.0112 0.9378 -0.3471
vn -0.0979 0.9380 -0.3325
vn -0.1682 0.9431 -0.2867
vn -0.2233 0.9457 -0.2364
vn -0.2535 0.9455 -0.2042
vn -0.2772 0.9381 -0.2076
vn -0.2875 0.9316 -0.2222
vn -0.2946 0.9254 -0.2384
vn -0.3018 0.9150 -0.2678
vn -0.3051 0.8916 -0.3347
vn -0.3102 0.8480 -0.4296
vn -0.3323 0.7999 -0.4998
vn -0.3671 0.7497 -0.5506
vn -0.4037 0.6927 -0.5977
vn -0.4544 0.6628 -0.5952
vn -0.5032 0.6909 -0.5190
vn -0.5261 0.7737 -0.3531
vn -0.4931 0.8584 -0.1415
vn -0.4279 0.9035 -0.0254
vn -0.3637 0.9307 -0.0392
vn -0.3010 0.9438 -0.1369
vn -0.2362 0.9282 -0.2874
vn -0.1706 0.8787 -0.4459
vn -0.1096 0.8289 -0.5485
vn -0.0585 0.8352 -0.5468
vn -0.0216 0.9054 -0.4239
vn -0.0030 0.9760 -0.2178
vn 0.0008 0.9986 -0.0528
vn 0.0001 1.0000 -0.0005
vn -0.0001 1.0000 0.0001
vn -0.0080 0.9998 0.0168
vn -0.0380 0.9960 0.0811
vn -0.0943 0.9780 0.1863
vn -0.1747 0.9429 0.2835
vn -0.2741 0.9016 0.3346
vn -0.3731 0.8728 0.3146
vn -0.4540 0.8634 0.2201
vn -0.5086 0.8575 0.0775
vn -0.5349 0.8416 -0.0740
vn -0.5370 0.8197 -0.1993
vn -0.5158 0.8105 -0.2777
vn -0.4663 0.8346 -0.2932
vn -0.3918 0.8873 -0.2432
vn -0.3106 0.9390 -0.1479
vn -0.2387 0.9690 -0.0632
vn -0.1828 0.9827 -0.0293
vn -0.1400 0.9899 -0.0226
vn -0.1121 0.9936 -0.0117
vn -0.1061 0.9943 0.0077
vn -0.1163 0.9930 0.0203
vn -0.1287 0.9915 0.0164
vn -0.1307 0.9914 -0.0012
vn -0.2250 0.2400 0.9444
vn -0.2605 0.3714 0.8912
vn -0.2648 0.5686 0.7788
vn -0.2322 0.7254 0.6480
vn -0.1952 0.8082 0.5556
vn -0.1761 0.8336 0.5235
vn -0.1944 0.8317 0.5201
vn -0.2571 0.8287 0.4971
vn -0.3536 0.8417 0.4080
vn -0.4533 0.8596 0.2359
vn -0.5053 0.8626 0.0247
vn -0.4713 0.8729 -0.1259
vn -0.3550 0.9210 -0.1604
vn -0.1710 0.9781 -0.1184
vn 0.0410 0.9957 -0.0831
vn 0.2244 0.9498 -0.2181
vn 0.3603 0.7791 -0.5130
vn 0.4990 0.5641 -0.6579
vn 0.6529 0.4833 -0.5832
vn 0.7293 0.5140 -0.4516
vn 0.7262 0.6029 -0.3304
vn 0.6539 0.7291 -0.2018
vn 0.5307 0.8424 -0.0933
vn 0.4037 0.9144 -0.0298
vn 0.2997 0.9540 -0.0077
vn 0.2104 0.9776 0.0029
vn 0.1340 0.9909 0.0117
vn 0.0791 0.9969 0.0050
vn 0.0429 0.9986 -0.0296
vn 0.0287 0.9966 -0.0771
vn 0.0246 0.9916 -0.1267
vn 0.0212 0.9834 -0.1800
vn 0.0121 0.9696 -0.2442
vn 0.0071 0.9444 -0.3287
vn -0.0022 0.9101 -0.4145
vn -0.0329 0.8847 -0.4650
vn -0.0748 0.8524 -0.5175
vn -0.1198 0.8060 -0.5796
vn -0.1765 0.7851 -0.5938
vn -0.2291 0.7994 -0.5554
vn -0.2550 0.8581 -0.4456
vn -0.2332 0.9353 -0.2662
vn -0.1674 0.9758 -0.1406
vn -0.0917 0.9864 -0.1365
vn -0.0193 0.9754 -0.2198
vn 0.0448 0.9347 -0.3527
vn 0.0914 0.8674 -0.4892
vn 0.1141 0.8130 -0.5710
vn 0.1121 0.8259 -0.5526
vn 0.0855 0.9062 -0.4141
vn 0.0427 0.9790 -0.1992
vn 0.0101 0.9990 -0.0425
vn 0.0002 1.0000 -0.0002
vn -0.0006 1.0000 0.0009
vn -0.0079 0.9995 0.0312
vn -0.0303 0.9924 0.1190
vn -0.0736 0.9662 0.2471
vn -0.1409 0.9188 0.3688
vn -0.2241 0.8746 0.4299
vn -0.3107 0.8611 0.4024
vn -0.3955 0.8694 0.2962
vn -0.4731 0.8697 0.1407
vn -0.5362 0.8438 -0.0206
vn -0.5835 0.7980 -0.1508
vn -0.6171 0.7502 -0.2375
vn -0.6366 0.7202 -0.2758
vn -0.6385 0.7255 -0.2568
vn -0.6186 0.7621 -0.1911
vn -0.5771 0.8075 -0.1221
vn -0.5214 0.8489 -0.0869
vn -0.4646 0.8828 -0.0697
vn -0.4206 0.9064 -0.0397
vn -0.3913 0.9202 -0.0087
vn -0.3597 0.9331 0.0022
vn -0.3183 0.9480 -0.0065
vn -0.2717 0.9619 -0.0304
vn -0.1138 0.2587 0.9592
vn -0.1276 0.4346 0.8915
vn -0.1190 0.6333 0.7647
vn -0.1169 0.7637 0.6349
vn -0.1321 0.8238 0.5513
vn -0.1583 0.8258 0.5413
vn -0.2012 0.7986 0.5672
vn -0.2625 0.7895 0.5547
vn -0.3353 0.8237 0.4572
vn -0.4114 0.8730 0.2618
vn -0.4672 0.8841 -0.0053
vn -0.4471 0.8608 -0.2433
vn -0.3004 0.8914 -0.3394
vn -0.0246 0.9521 -0.3048
vn 0.2909 0.9266 -0.2384
vn 0.5255 0.8054 -0.2741
vn 0.6595 0.6065 -0.4441
vn 0.7571 0.4046 -0.5130
vn 0.8082 0.3818 -0.4484
vn 0.7984 0.4459 -0.4046
vn 0.7843 0.5212 -0.3366
vn 0.7624 0.6212 -0.1810
vn 0.6858 0.7275 0.0201
vn 0.5573 0.8087 0.1883
vn 0.4315 0.8570 0.2815
vn 0.3331 0.8893 0.3134
vn 0.2620 0.9173 0.2999
vn 0.2221 0.9449 0.2403
vn 0.2073 0.9663 0.1526
vn 0.2081 0.9768 0.0499
vn 0.2190 0.9742 -0.0553
vn 0.2351 0.9606 -0.1481
vn 0.2441 0.9434 -0.2245
vn 0.2320 0.9239 -0.3043
vn 0.1977 0.9074 -0.3710
vn 0.1552 0.8990 -0.4096
vn 0.1214 0.8737 -0.4711
vn 0.0876 0.8375 -0.5393
vn 0.0395 0.8223 -0.5677
vn -0.0018 0.8230 -0.5681
vn -0.0138 0.8580 -0.5135
vn 0.0179 0.9222 -0.3863
vn 0.0956 0.9585 -0.2686
vn 0.1859 0.9537 -0.2362
vn 0.2602 0.9216 -0.2880
vn 0.3089 0.8684 -0.3880
vn 0.3254 0.8098 -0.4882
vn 0.3052 0.7861 -0.5376
vn 0.2474 0.8346 -0.4922
vn 0.1554 0.9286 -0.3371
vn 0.0620 0.9885 -0.1376
vn 0.0112 0.9997 -0.0216
vn -0.0004 1.0000 0.0018
vn -0.0028 0.9992 0.0400
vn -0.0104 0.9901 0.1401
vn -0.0296 0.9574 0.2873
vn -0.0676 0.9000 0.4306
vn -0.1259 0.8553 0.5027
vn -0.2051 0.8512 0.4831
vn -0.3023 0.8727 0.3834
vn -0.4024 0.8861 0.2302
vn -0.4903 0.8687 0.0698
vn -0.5622 0.8246 -0.0630
vn -0.6200 0.7686 -0.1579
vn -0.6669 0.7147 -0.2107
vn -0.7047 0.6756 -0.2168
vn -0.7278 0.6598 -0.1871
vn -0.7319 0.6649 -0.1491
vn -0.7217 0.6810 -0.1243
vn -0.7054 0.7015 -0.1013
vn -0.6864 0.7237 -0.0722
vn -0.6560 0.7525 -0.0575
vn -0.6066 0.7923 -0.0654
vn -0.5353 0.8402 -0.0862
vn -0.4448 0.8885 -0.1127
vn 0.0021 0.2753 0.9613
vn -0.0004 0.4556 0.8902
vn -0.0451 0.6268 0.7779
vn -0.1321 0.7343 0.6658
vn -0.2207 0.7840 0.5802
vn -0.2808 0.7734 0.5683
vn -0.3152 0.7441 0.5890
vn -0.3238 0.7767 0.5403
vn -0.3079 0.8599 0.4071
vn -0.2966 0.9349 0.1949
vn -0.3109 0.9457 -0.0943
vn -0.3197 0.8629 -0.3913
vn -0.2234 0.7933 -0.5663
vn 0.0700 0.8183 -0.5704
vn 0.4610 0.7628 -0.4534
vn 0.7102 0.6022 -0.3648
vn 0.8125 0.4255 -0.3984
vn 0.8378 0.3526 -0.4168
vn 0.8086 0.4355 -0.3957
vn 0.7781 0.4943 -0.3876
vn 0.7603 0.5307 -0.3746
vn 0.7551 0.5910 -0.2838
vn 0.7354 0.6730 -0.0790
vn 0.6594 0.7305 0.1778
vn 0.5434 0.7483 0.3806
vn 0.4313 0.7571 0.4907
vn 0.3546 0.7848 0.5082
vn 0.3179 0.8354 0.4484
vn 0.3063 0.8948 0.3247
vn 0.3040 0.9391 0.1602
vn 0.3009 0.9536 -0.0133
vn 0.3048 0.9399 -0.1539
vn 0.3211 0.9189 -0.2293
vn 0.3254 0.9044 -0.2760
vn 0.3054 0.8965 -0.3210
vn 0.2837 0.8850 -0.3693
vn 0.2733 0.8544 -0.4419
vn 0.2446 0.8323 -0.4974
vn 0.1858 0.8280 -0.5291
vn 0.1389 0.8159 -0.5612
vn 0.1313 0.8218 -0.5545
vn 0.1750 0.8534 -0.4909
vn 0.2751 0.8695 -0.4103
vn 0.3945 0.8495 -0.3504
vn 0.4791 0.8094 -0.3396
vn 0.5081 0.7714 -0.3831
vn 0.4848 0.7558 -0.4402
vn 0.4136 0.7917 -0.4496
vn 0.2934 0.8812 -0.3706
vn 0.1492 0.9658 -0.2120
vn 0.0438 0.9969 -0.0650
vn 0.0049 1.0000 -0.0056
vn 0.0005 1.0000 0.0016
vn 0.0045 0.9992 0.0387
vn 0.0146 0.9902 0.1389
vn 0.0263 0.9552 0.2948
vn 0.0196 0.8876 0.4601
vn -0.0268 0.8301 0.5569
vn -0.1098 0.8233 0.5569
vn -0.2102 0.8583 0.4682
vn -0.3073 0.8956 0.3217
vn -0.3927 0.9047 0.1652
vn -0.4662 0.8842 0.0290
vn -0.5305 0.8445 -0.0741
vn -0.5872 0.7972 -0.1399
vn -0.6364 0.7535 -0.1653
vn -0.6743 0.7202 -0.1634
vn -0.7000 0.6985 -0.1485
vn -0.7168 0.6853 -0.1288
vn -0.7282 0.6769 -0.1077
vn -0.7305 0.6763 -0.0951
vn -0.7202 0.6856 -0.1057
vn -0.6953 0.7060 -0.1348
vn -0.6495 0.7392 -0.1782
vn -0.5719 0.7885 -0.2263
vn 0.0661 0.2832 0.9568
vn 0.0429 0.4145 0.9090
vn -0.0733 0.5494 0.8324
vn -0.2115 0.6470 0.7325
vn -0.3101 0.7092 0.6332
vn -0.3511 0.7272 0.5899
vn -0.3341 0.7536 0.5662
vn -0.2684 0.8505 0.4523
vn -0.1718 0.9498 0.2614
vn -0.0809 0.9963 0.0291
vn -0.0363 0.9681 -0.2480
vn -0.0496 0.8407 -0.5392
vn -0.0483 0.6627 -0.7473
vn 0.1363 0.5688 -0.8111
vn 0.5126 0.5014 -0.6970
vn 0.7750 0.4025 -0.4872
vn 0.8485 0.3483 -0.3985
vn 0.8413 0.3999 -0.3636
vn 0.8164 0.4703 -0.3350
vn 0.7994 0.4982 -0.3358
vn 0.7887 0.5095 -0.3441
vn 0.7795 0.5394 -0.3185
vn 0.7774 0.5950 -0.2040
vn 0.7626 0.6464 0.0245
vn 0.6979 0.6504 0.2998
vn 0.6027 0.6174 0.5055
vn 0.5215 0.6035 0.6031
vn 0.4819 0.6458 0.5922
vn 0.4760 0.7386 0.4774
vn 0.4684 0.8378 0.2804
vn 0.4355 0.8984 0.0559
vn 0.3919 0.9107 -0.1309
vn 0.3636 0.9015 -0.2348
vn 0.3641 0.8889 -0.2779
vn 0.3834 0.8690 -0.3127
vn 0.4112 0.8346 -0.3666
vn 0.4198 0.8056 -0.4180
vn 0.3645 0.8259 -0.4302
vn 0.2720 0.8438 -0.4626
vn 0.2039 0.8267 -0.5244
vn 0.1800 0.8042 -0.5664
vn 0.2125 0.7897 -0.5755
vn 0.3133 0.7680 -0.5586
vn 0.4554 0.7391 -0.4964
vn 0.5660 0.7223 -0.3975
vn 0.5837 0.7356 -0.3437
vn 0.5113 0.7858 -0.3479
vn 0.3788 0.8706 -0.3139
vn 0.2172 0.9528 -0.2122
vn 0.0817 0.9926 -0.0895
vn 0.0147 0.9997 -0.0172
vn 0.0004 1.0000 -0.0004
vn 0.0005 1.0000 0.0006
vn 0.0084 0.9996 0.0279
vn 0.0330 0.9928 0.1152
vn 0.0682 0.9603 0.2705
vn 0.0802 0.8818 0.4648
vn 0.0412 0.7993 0.5995
vn -0.0329 0.7861 0.6172
vn -0.1163 0.8360 0.5363
vn -0.1981 0.8963 0.3968
vn -0.2706 0.9318 0.2419
vn -0.3303 0.9381 0.1040
vn -0.3825 0.9239 -0.0023
vn -0.4328 0.8983 -0.0756
vn -0.4802 0.8696 -0.1150
vn -0.5213 0.8433 -0.1310
vn -0.5559 0.8208 -0.1315
vn -0.5854 0.8025 -0.1159
vn -0.6101 0.7862 -0.0986
vn -0.6286 0.7713 -0.0998
vn -0.6385 0.7588 -0.1282
vn -0.6365 0.7504 -0.1781
vn -0.6164 0.7478 -0.2467
vn -0.5690 0.7552 -0.3253
vn -0.0545 0.3089 0.9495
vn -0.0605 0.3841 0.9213
vn -0.1286 0.4764 0.8697
vn -0.1708 0.5714 0.8027
vn -0.1885 0.6759 0.7125
vn -0.1772 0.7600 0.6253
vn -0.1153 0.8368 0.5353
vn -0.0055 0.9331 0.3596
vn 0.1205 0.9872 0.1041
vn 0.2270 0.9615 -0.1547
vn 0.2794 0.8728 -0.4003
vn 0.2575 0.7239 -0.6401
vn 0.1827 0.5239 -0.8319
vn 0.1929 0.3386 -0.9209
vn 0.4301 0.2395 -0.8704
vn 0.7333 0.2635 -0.6268
vn 0.8532 0.3452 -0.3910
vn 0.8631 0.4032 -0.3040
vn 0.8597 0.4325 -0.2717
vn 0.8538 0.4425 -0.2744
vn 0.8431 0.4579 -0.2818
vn 0.8284 0.4901 -0.2712
vn 0.8138 0.5355 -0.2255
vn 0.8075 0.5808 -0.1034
vn 0.7990 0.5908 0.1126
vn 0.7590 0.5368 0.3684
vn 0.6896 0.4622 0.5575
vn 0.6454 0.4444 0.6213
vn 0.6540 0.5128 0.5561
vn 0.6700 0.6333 0.3873
vn 0.6479 0.7435 0.1655
vn 0.5866 0.8087 -0.0440
vn 0.5175 0.8344 -0.1897
vn 0.4740 0.8369 -0.2737
vn 0.4689 0.8177 -0.3339
vn 0.4810 0.7861 -0.3882
vn 0.4595 0.8082 -0.3684
vn 0.3702 0.8721 -0.3201
vn 0.2651 0.8952 -0.3584
vn 0.1900 0.8723 -0.4506
vn 0.1499 0.8243 -0.5460
vn 0.1565 0.7614 -0.6291
vn 0.2233 0.6975 -0.6809
vn 0.3465 0.6810 -0.6451
vn 0.4630 0.7504 -0.4718
vn 0.4732 0.8327 -0.2875
vn 0.3670 0.9045 -0.2174
vn 0.2171 0.9634 -0.1571
vn 0.0891 0.9930 -0.0775
vn 0.0204 0.9996 -0.0195
vn 0.0016 1.0000 -0.0016
vn 0.0073 0.9999 0.0134
vn 0.0348 0.9964 0.0776
vn 0.0772 0.9703 0.2294
vn 0.1043 0.8860 0.4517
vn 0.0940 0.7778 0.6215
vn 0.0530 0.7527 0.6562
vn -0.0055 0.8095 0.5871
vn -0.0702 0.8881 0.4543
vn -0.1264 0.9465 0.2968
vn -0.1683 0.9737 0.1535
vn -0.2010 0.9786 0.0446
vn -0.2328 0.9721 -0.0292
vn -0.2667 0.9609 -0.0749
vn -0.3008 0.9486 -0.0985
vn -0.3353 0.9363 -0.1048
vn -0.3713 0.9241 -0.0903
vn -0.4079 0.9102 -0.0717
vn -0.4425 0.8932 -0.0797
vn -0.4696 0.8743 -0.1229
vn -0.4835 0.8532 -0.1956
vn -0.4794 0.8283 -0.2900
vn -0.4528 0.7990 -0.3956
vn -0.1983 0.3463 0.9169
vn -0.1332 0.4073 0.9035
vn -0.0463 0.4712 0.8808
vn 0.0514 0.5505 0.8332
vn 0.1425 0.6501 0.7464
vn 0.2200 0.7585 0.6134
vn 0.2911 0.8336 0.4694
vn 0.3885 0.8790 0.2764
vn 0.4843 0.8748 0.0105
vn 0.5418 0.8028 -0.2490
vn 0.5453 0.6964 -0.4665
vn 0.4859 0.5641 -0.6676
vn 0.3584 0.3875 -0.8493
vn 0.2367 0.1863 -0.9536
vn 0.3292 0.0930 -0.9397
vn 0.6725 0.2282 -0.7041
vn 0.8318 0.3626 -0.4203
vn 0.8639 0.3949 -0.3126
vn 0.8737 0.4148 -0.2541
vn 0.8703 0.4315 -0.2374
vn 0.8604 0.4540 -0.2316
vn 0.8440 0.4944 -0.2079
vn 0.8201 0.5458 -0.1716
vn 0.7927 0.5991 -0.1128
vn 0.7737 0.6336 0.0032
vn 0.7757 0.6025 0.1879
vn 0.7788 0.4771 0.4073
vn 0.7638 0.3486 0.5433
vn 0.7744 0.3210 0.5452
vn 0.8067 0.3849 0.4484
vn 0.8232 0.4913 0.2844
vn 0.7982 0.5949 0.0945
vn 0.7381 0.6708 -0.0727
vn 0.6669 0.7178 -0.1999
vn 0.6049 0.7366 -0.3024
vn 0.5511 0.7533 -0.3589
vn 0.4778 0.8332 -0.2784
vn 0.3654 0.9126 -0.1834
vn 0.2512 0.9434 -0.2164
vn 0.1617 0.9297 -0.3308
vn 0.0980 0.8739 -0.4762
vn 0.0718 0.7764 -0.6261
vn 0.0882 0.6726 -0.7347
vn 0.1436 0.6615 -0.7361
vn 0.2197 0.8220 -0.5255
vn 0.2263 0.9473 -0.2269
vn 0.1493 0.9848 -0.0886
vn 0.0628 0.9971 -0.0435
vn 0.0151 0.9998 -0.0129
vn 0.0030 1.0000 0.0032
vn 0.0206 0.9989 0.0427
vn 0.0585 0.9812 0.1837
vn 0.1043 0.9026 0.4177
vn 0.1354 0.7802 0.6107
vn 0.1362 0.7288 0.6710
vn 0.1107 0.7777 0.6188
vn 0.0747 0.8671 0.4925
vn 0.0405 0.9420 0.3332
vn 0.0119 0.9828 0.1841
vn -0.0085 0.9976 0.0689
vn -0.0220 0.9997 -0.0059
vn -0.0351 0.9981 -0.0506
vn -0.0548 0.9959 -0.0713
vn -0.0849 0.9938 -0.0725
vn -0.1255 0.9907 -0.0522
vn -0.1724 0.9846 -0.0285
vn -0.2188 0.9749 -0.0407
vn -0.2575 0.9613 -0.0980
vn -0.2825 0.9398 -0.1924
vn -0.2893 0.9054 -0.3107
vn -0.2755 0.8557 -0.4380
vn -0.1265 0.3560 0.9259
vn 0.0255 0.4244 0.9051
vn 0.1609 0.4794 0.8627
vn 0.3005 0.5441 0.7833
vn 0.4442 0.5945 0.6703
vn 0.5638 0.6451 0.5158
vn 0.6386 0.6860 0.3487
vn 0.6951 0.6966 0.1778
vn 0.7374 0.6745 -0.0370
vn 0.7416 0.6192 -0.2582
vn 0.7023 0.5466 -0.4562
vn 0.6076 0.4408 -0.6607
vn 0.4444 0.2664 -0.8553
vn 0.2638 0.0642 -0.9624
vn 0.3388 0.0397 -0.9400
vn 0.6593 0.2612 -0.7050
vn 0.7668 0.4129 -0.4915
vn 0.7944 0.4634 -0.3927
vn 0.8067 0.5039 -0.3088
vn 0.8080 0.5292 -0.2591
vn 0.7975 0.5596 -0.2255
vn 0.7738 0.6095 -0.1725
vn 0.7411 0.6613 -0.1157
vn 0.7048 0.7067 -0.0618
vn 0.6724 0.7402 0.0011
vn 0.6676 0.7400 0.0820
vn 0.7145 0.6651 0.2172
vn 0.7879 0.4937 0.3680
vn 0.8383 0.3097 0.4486
vn 0.8710 0.2315 0.4334
vn 0.9033 0.2534 0.3462
vn 0.9207 0.3234 0.2183
vn 0.9099 0.4066 0.0828
vn 0.8705 0.4901 -0.0459
vn 0.8092 0.5629 -0.1687
vn 0.7292 0.6425 -0.2356
vn 0.6113 0.7752 -0.1592
vn 0.4473 0.8935 -0.0396
vn 0.3062 0.9503 -0.0569
vn 0.1883 0.9654 -0.1806
vn 0.0944 0.9253 -0.3674
vn 0.0319 0.8196 -0.5720
vn -0.0022 0.6891 -0.7247
vn -0.0184 0.6560 -0.7546
vn -0.0071 0.8305 -0.5570
vn 0.0170 0.9782 -0.2072
vn 0.0180 0.9995 -0.0259
vn 0.0043 1.0000 -0.0042
vn 0.0044 0.9997 0.0240
vn 0.0272 0.9895 0.1423
vn 0.0782 0.9279 0.3646
vn 0.1357 0.8087 0.5724
vn 0.1746 0.7283 0.6627
vn 0.1916 0.7530 0.6295
vn 0.1931 0.8376 0.5110
vn 0.1866 0.9171 0.3524
vn 0.1800 0.9636 0.1978
vn 0.1786 0.9811 0.0750
vn 0.1829 0.9831 -0.0038
vn 0.1864 0.9816 -0.0424
vn 0.1783 0.9827 -0.0496
vn 0.1527 0.9876 -0.0362
vn 0.1105 0.9939 -0.0043
vn 0.0571 0.9981 0.0250
vn 0.0015 1.0000 0.0096
vn -0.0468 0.9970 -0.0609
vn -0.0801 0.9814 -0.1745
vn -0.0947 0.9446 -0.3142
vn -0.0900 0.8841 -0.4585
vn 0.0554 0.3265 0.9436
vn 0.2480 0.3847 0.8891
vn 0.4042 0.4138 0.8157
vn 0.5275 0.4716 0.7066
vn 0.6360 0.5234 0.5671
vn 0.7337 0.5441 0.4071
vn 0.8004 0.5465 0.2463
vn 0.8365 0.5392 0.0982
vn 0.8512 0.5209 -0.0642
vn 0.8381 0.4897 -0.2406
vn 0.7896 0.4363 -0.4315
vn 0.6751 0.3228 -0.6634
vn 0.4815 0.1246 -0.8675
vn 0.2862 -0.0391 -0.9574
vn 0.4129 0.0705 -0.9081
vn 0.6219 0.3475 -0.7018
vn 0.6655 0.5126 -0.5425
vn 0.6566 0.5975 -0.4602
vn 0.6371 0.6708 -0.3797
vn 0.6135 0.7223 -0.3191
vn 0.5903 0.7648 -0.2581
vn 0.5688 0.8040 -0.1732
vn 0.5518 0.8284 -0.0963
vn 0.5382 0.8422 -0.0324
vn 0.5308 0.8472 0.0210
vn 0.5341 0.8438 0.0520
vn 0.5612 0.8232 0.0866
vn 0.6407 0.7503 0.1626
vn 0.7508 0.6061 0.2627
vn 0.8420 0.4225 0.3354
vn 0.8990 0.2832 0.3339
vn 0.9315 0.2355 0.2772
vn 0.9458 0.2575 0.1980
vn 0.9408 0.3223 0.1047
vn 0.9093 0.4161 0.0037
vn 0.8367 0.5459 -0.0439
vn 0.7011 0.7126 0.0260
vn 0.5120 0.8503 0.1215
vn 0.3469 0.9322 0.1033
vn 0.2270 0.9732 -0.0365
vn 0.1357 0.9569 -0.2569
vn 0.0622 0.8630 -0.5014
vn -0.0021 0.7282 -0.6854
vn -0.0625 0.6715 -0.7384
vn -0.0970 0.8031 -0.5878
vn -0.0650 0.9661 -0.2499
vn -0.0149 0.9994 -0.0313
vn -0.0005 0.9998 0.0205
vn 0.0054 0.9930 0.1179
vn 0.0378 0.9496 0.3111
vn 0.1025 0.8496 0.5173
vn 0.1744 0.7566 0.6302
vn 0.2306 0.7506 0.6191
vn 0.2669 0.8163 0.5122
vn 0.2897 0.8898 0.3527
vn 0.3094 0.9318 0.1898
vn 0.3307 0.9418 0.0604
vn 0.3531 0.9354 -0.0203
vn 0.3710 0.9274 -0.0477
vn 0.3731 0.9272 -0.0333
vn 0.3519 0.9360 0.0023
vn 0.3076 0.9502 0.0502
vn 0.2489 0.9648 0.0845
vn 0.1883 0.9798 0.0668
vn 0.1353 0.9907 -0.0158
vn 0.0979 0.9840 -0.1489
vn 0.0793 0.9482 -0.3077
vn 0.0756 0.8820 -0.4651
vn 0.2165 0.2971 0.9300
vn 0.3992 0.3405 0.8513
vn 0.5605 0.3374 0.7563
vn 0.6952 0.3354 0.6358
vn 0.7909 0.3679 0.4890
vn 0.8520 0.4042 0.3327
vn 0.8884 0.4207 0.1835
vn 0.9080 0.4162 0.0474
vn 0.9130 0.3991 -0.0842
vn 0.9009 0.3686 -0.2294
vn 0.8500 0.3033 -0.4306
vn 0.7107 0.1643 -0.6841
vn 0.4856 -0.0225 -0.8739
vn 0.3304 -0.0709 -0.9412
vn 0.4540 0.1702 -0.8746
vn 0.5754 0.4718 -0.6681
vn 0.5661 0.6321 -0.5291
vn 0.5156 0.7287 -0.4507
vn 0.4539 0.8079 -0.3759
vn 0.3910 0.8623 -0.3219
vn 0.3427 0.9032 -0.2583
vn 0.3191 0.9307 -0.1789
vn 0.3190 0.9417 -0.1071
vn 0.3302 0.9431 -0.0400
vn 0.3468 0.9379 0.0101
vn 0.3670 0.9295 0.0363
vn 0.3894 0.9201 0.0421
vn 0.4191 0.9070 0.0425
vn 0.4832 0.8719 0.0793
vn 0.5927 0.7903 0.1554
vn 0.7111 0.6669 0.2227
vn 0.8019 0.5407 0.2542
vn 0.8512 0.4580 0.2564
vn 0.8668 0.4448 0.2254
vn 0.8504 0.4979 0.1700
vn 0.7891 0.5952 0.1520
vn 0.6722 0.7069 0.2202
vn 0.5200 0.8061 0.2825
vn 0.3957 0.8893 0.2295
vn 0.3062 0.9496 0.0671
vn 0.2331 0.9572 -0.1713
vn 0.1615 0.8869 -0.4329
vn 0.0819 0.7680 -0.6352
vn -0.0025 0.7071 -0.7071
vn -0.0662 0.7975 -0.5997
vn -0.0631 0.9486 -0.3101
vn -0.0198 0.9977 -0.0650
vn -0.0004 1.0000 -0.0004
vn 0.0010 0.9998 0.0200
vn 0.0013 0.9937 0.1124
vn 0.0147 0.9611 0.2756
vn 0.0710 0.8896 0.4512
vn 0.1579 0.8038 0.5736
vn 0.2370 0.7722 0.5896
vn 0.2978 0.8136 0.4993
vn 0.3418 0.8757 0.3411
vn 0.3739 0.9119 0.1693
vn 0.4053 0.9138 0.0272
vn 0.4442 0.8939 -0.0605
vn 0.4837 0.8720 -0.0749
vn 0.5033 0.8637 -0.0274
vn 0.4876 0.8720 0.0427
vn 0.4432 0.8900 0.1072
vn 0.3888 0.9103 0.1420
vn 0.3376 0.9334 0.1213
vn 0.2936 0.9555 0.0299
vn 0.2603 0.9579 -0.1209
vn 0.2394 0.9245 -0.2967
vn 0.2265 0.8578 -0.4614
vn 0.3269 0.2991 0.8965
vn 0.4835 0.3365 0.8081
vn 0.6210 0.3348 0.7087
vn 0.7531 0.2977 0.5867
vn 0.8613 0.2532 0.4406
vn 0.9293 0.2372 0.2832
vn 0.9596 0.2443 0.1396
vn 0.9670 0.2544 0.0171
vn 0.9629 0.2522 -0.0963
vn 0.9449 0.2235 -0.2392
vn 0.8731 0.1439 -0.4658
vn 0.7011 -0.0021 -0.7130
vn 0.4843 -0.1133 -0.8676
vn 0.4173 -0.0166 -0.9086
vn 0.5175 0.2979 -0.8022
vn 0.5575 0.5876 -0.5865
vn 0.5050 0.7308 -0.4592
vn 0.4309 0.8189 -0.3791
vn 0.3551 0.8822 -0.3091
vn 0.2836 0.9211 -0.2666
vn 0.2226 0.9505 -0.2169
vn 0.1768 0.9708 -0.1622
vn 0.1483 0.9831 -0.1073
vn 0.1354 0.9896 -0.0491
vn 0.1371 0.9905 -0.0063
vn 0.1509 0.9884 0.0152
vn 0.1720 0.9849 0.0200
vn 0.1910 0.9815 0.0130
vn 0.2060 0.9785 0.0091
vn 0.2364 0.9713 0.0253
vn 0.3066 0.9492 0.0707
vn 0.4104 0.9022 0.1326
vn 0.5217 0.8285 0.2034
vn 0.6119 0.7470 0.2601
vn 0.6597 0.7028 0.2661
vn 0.6640 0.6992 0.2650
vn 0.6240 0.7103 0.3257
vn 0.5560 0.7441 0.3703
vn 0.4949 0.8131 0.3064
vn 0.4412 0.8860 0.1425
vn 0.3836 0.9185 -0.0961
vn 0.3090 0.8800 -0.3607
vn 0.2101 0.7941 -0.5703
vn 0.0995 0.7506 -0.6532
vn 0.0075 0.8182 -0.5748
vn -0.0295 0.9397 -0.3406
vn -0.0161 0.9952 -0.0962
vn -0.0017 1.0000 -0.0025
vn 0.0013 0.9998 0.0176
vn 0.0053 0.9939 0.1105
vn 0.0169 0.9669 0.2547
vn 0.0533 0.9181 0.3927
vn 0.1208 0.8532 0.5074
vn 0.2019 0.8133 0.5458
vn 0.2753 0.8352 0.4762
vn 0.3293 0.8858 0.3270
vn 0.3647 0.9191 0.1491
vn 0.3937 0.9191 -0.0115
vn 0.4287 0.8958 -0.1173
vn 0.4728 0.8716 -0.1296
vn 0.5111 0.8583 -0.0459
vn 0.5191 0.8519 0.0698
vn 0.4990 0.8536 0.1496
vn 0.4720 0.8629 0.1806
vn 0.4486 0.8799 0.1565
vn 0.4292 0.9010 0.0623
vn 0.4099 0.9071 -0.0955
vn 0.3886 0.8777 -0.2806
vn 0.3629 0.8183 -0.4458
vn 0.3919 0.3366 0.8562
vn 0.5204 0.3791 0.7651
vn 0.6419 0.3873 0.6618
vn 0.7608 0.3566 0.5422
vn 0.8680 0.2844 0.4071
vn 0.9439 0.2067 0.2575
vn 0.9797 0.1603 0.1205
vn 0.9886 0.1502 0.0120
vn 0.9839 0.1504 -0.0961
vn 0.9558 0.1036 -0.2751
vn 0.8539 -0.0159 -0.5203
vn 0.6766 -0.1346 -0.7239
vn 0.5219 -0.1112 -0.8457
vn 0.5092 0.1283 -0.8510
vn 0.5563 0.4579 -0.6935
vn 0.5366 0.6944 -0.4795
vn 0.4603 0.8103 -0.3627
vn 0.3753 0.8805 -0.2896
vn 0.3004 0.9243 -0.2356
vn 0.2359 0.9506 -0.2016
vn 0.1768 0.9711 -0.1606
vn 0.1234 0.9852 -0.1192
vn 0.0757 0.9943 -0.0751
vn 0.0394 0.9987 -0.0335
vn 0.0221 0.9997 -0.0077
vn 0.0213 0.9998 0.0027
vn 0.0281 0.9996 0.0042
vn 0.0350 0.9994 0.0027
vn 0.0383 0.9993 0.0005
vn 0.0386 0.9993 -0.0001
vn 0.0457 0.9989 0.0073
vn 0.0793 0.9964 0.0295
vn 0.1602 0.9835 0.0839
vn 0.2848 0.9443 0.1647
vn 0.4190 0.8793 0.2265
vn 0.5222 0.8135 0.2561
vn 0.5747 0.7507 0.3257
vn 0.5850 0.7111 0.3899
vn 0.5812 0.7372 0.3445
vn 0.5660 0.7998 0.1997
vn 0.5282 0.8489 -0.0207
vn 0.4543 0.8477 -0.2740
vn 0.3406 0.8085 -0.4799
vn 0.2081 0.7969 -0.5671
vn 0.0917 0.8543 -0.5117
vn 0.0201 0.9451 -0.3262
vn -0.0023 0.9942 -0.1078
vn -0.0016 1.0000 -0.0058
vn 0.0009 0.9999 0.0154
vn 0.0099 0.9949 0.0999
vn 0.0279 0.9713 0.2363
vn 0.0511 0.9329 0.3565
vn 0.0950 0.8881 0.4496
vn 0.1599 0.8547 0.4940
vn 0.2181 0.8655 0.4510
vn 0.2531 0.9124 0.3216
vn 0.2659 0.9530 0.1455
vn 0.2617 0.9648 -0.0278
vn 0.2523 0.9552 -0.1549
vn 0.2606 0.9470 -0.1879
vn 0.3048 0.9468 -0.1032
vn 0.3703 0.9280 0.0410
vn 0.4284 0.8923 0.1424
vn 0.4693 0.8655 0.1750
vn 0.5006 0.8524 0.1511
vn 0.5220 0.8506 0.0640
vn 0.5247 0.8475 -0.0802
vn 0.5027 0.8254 -0.2568
vn 0.4564 0.7879 -0.4135
vn 0.4293 0.3927 0.8133
vn 0.5322 0.4492 0.7177
vn 0.6401 0.4741 0.6045
vn 0.7513 0.4545 0.4785
vn 0.8548 0.3863 0.3466
vn 0.9320 0.2927 0.2137
vn 0.9709 0.2169 0.1012
vn 0.9813 0.1922 0.0081
vn 0.9790 0.1676 -0.1161
vn 0.9402 0.0301 -0.3393
vn 0.8190 -0.1299 -0.5589
vn 0.6756 -0.1469 -0.7225
vn 0.5767 0.0451 -0.8157
vn 0.5464 0.3424 -0.7643
vn 0.5347 0.6211 -0.5730
vn 0.4815 0.7955 -0.3679
vn 0.3955 0.8806 -0.2609
vn 0.3137 0.9269 -0.2060
vn 0.2478 0.9536 -0.1711
vn 0.1891 0.9719 -0.1404
vn 0.1332 0.9855 -0.1054
vn 0.0819 0.9942 -0.0693
vn 0.0390 0.9986 -0.0343
vn 0.0126 0.9999 -0.0114
vn 0.0021 1.0000 -0.0021
vn 0.0019 1.0000 0.0018
vn 0.0185 0.9997 0.0147
vn 0.0756 0.9958 0.0525
vn 0.1806 0.9775 0.1093
vn 0.3102 0.9371 0.1601
vn 0.4313 0.8669 0.2499
vn 0.5251 0.7739 0.3541
vn 0.5864 0.7311 0.3487
vn 0.6158 0.7514 0.2370
vn 0.6060 0.7938 0.0509
vn 0.5439 0.8208 -0.1743
vn 0.4288 0.8269 -0.3639
vn 0.2888 0.8444 -0.4512
vn 0.1591 0.8950 -0.4167
vn 0.0636 0.9600 -0.2727
vn 0.0141 0.9954 -0.0946
vn 0.0007 1.0000 -0.0067
vn 0.0015 0.9999 0.0130
vn 0.0124 0.9965 0.0826
vn 0.0357 0.9765 0.2126
vn 0.0622 0.9413 0.3317
vn 0.0936 0.9086 0.4070
vn 0.1321 0.8828 0.4507
vn 0.1628 0.8855 0.4352
vn 0.1687 0.9277 0.3329
vn 0.1430 0.9743 0.1740
vn 0.0906 0.9959 0.0069
vn 0.0278 0.9912 -0.1293
vn -0.0126 0.9797 -0.2001
vn 0.0066 0.9856 -0.1687
vn 0.0922 0.9944 -0.0524
vn 0.2139 0.9754 0.0536
vn 0.3406 0.9355 0.0938
vn 0.4530 0.8881 0.0783
vn 0.5312 0.8471 0.0161
vn 0.5643 0.8210 -0.0872
vn 0.5476 0.8052 -0.2275
vn 0.4856 0.7962 -0.3610
vn 0.4575 0.4446 0.7701
vn 0.5399 0.5206 0.6615
vn 0.6310 0.5597 0.5372
vn 0.7214 0.5615 0.4054
vn 0.8103 0.5208 0.2688
vn 0.8813 0.4489 0.1474
vn 0.9220 0.3830 0.0573
vn 0.9296 0.3673 -0.0314
vn 0.9296 0.3070 -0.2040
vn 0.8848 0.0957 -0.4560
vn 0.7660 -0.0333 -0.6420
vn 0.6553 0.0754 -0.7516
vn 0.5629 0.3164 -0.7636
vn 0.5019 0.5561 -0.6625
vn 0.4612 0.7609 -0.4564
vn 0.3937 0.8817 -0.2599
vn 0.3116 0.9349 -0.1702
vn 0.2430 0.9604 -0.1366
vn 0.1834 0.9767 -0.1116
vn 0.1270 0.9884 -0.0835
vn 0.0760 0.9956 -0.0549
vn 0.0352 0.9990 -0.0276
vn 0.0106 0.9999 -0.0086
vn 0.0015 1.0000 -0.0015
vn 0.0055 1.0000 0.0055
vn 0.0336 0.9991 0.0248
vn 0.0976 0.9937 0.0545
vn 0.2032 0.9704 0.1305
vn 0.3390 0.9067 0.2511
vn 0.4643 0.8310 0.3064
vn 0.5438 0.8025 0.2454
vn 0.5696 0.8155 0.1031
vn 0.5334 0.8420 -0.0804
vn 0.4384 0.8653 -0.2429
vn 0.3129 0.8928 -0.3241
vn 0.1873 0.9341 -0.3039
vn 0.0838 0.9772 -0.1949
vn 0.0220 0.9977 -0.0641
vn 0.0019 1.0000 -0.0040
vn 0.0031 1.0000 0.0085
vn 0.0159 0.9979 0.0634
vn 0.0422 0.9823 0.1827
vn 0.0735 0.9498 0.3041
vn 0.0987 0.9196 0.3802
vn 0.1223 0.8983 0.4220
vn 0.1465 0.8946 0.4221
vn 0.1498 0.9237 0.3526
vn 0.1166 0.9676 0.2240
vn 0.0553 0.9958 0.0735
vn -0.0146 0.9978 -0.0640
vn -0.0719 0.9834 -0.1666
vn -0.0955 0.9759 -0.1961
vn -0.0674 0.9879 -0.1396
vn 0.0157 0.9976 -0.0668
vn 0.1410 0.9890 -0.0444
vn 0.2836 0.9569 -0.0616
vn 0.4106 0.9069 -0.0948
vn 0.4909 0.8597 -0.1411
vn 0.5054 0.8371 -0.2095
vn 0.4534 0.8411 -0.2951
vn 0.4786 0.4961 0.7245
vn 0.5517 0.5787 0.6006
vn 0.6184 0.6315 0.4677
vn 0.6750 0.6616 0.3265
vn 0.7180 0.6711 0.1850
vn 0.7592 0.6462 0.0774
vn 0.7815 0.6239 0.0005
vn 0.7603 0.6394 -0.1145
vn 0.7405 0.5705 -0.3551
vn 0.7049 0.3620 -0.6100
vn 0.6127 0.2739 -0.7414
vn 0.5324 0.3911 -0.7508
vn 0.4570 0.5585 -0.6923
vn 0.3950 0.7226 -0.5674
vn 0.3482 0.8688 -0.3521
vn 0.2781 0.9463 -0.1649
vn 0.2090 0.9728 -0.0996
vn 0.1522 0.9852 -0.0786
vn 0.1011 0.9932 -0.0579
vn 0.0573 0.9977 -0.0366
vn 0.0246 0.9995 -0.0180
vn 0.0063 1.0000 -0.0053
vn 0.0011 1.0000 0.0011
vn 0.0087 0.9999 0.0064
vn 0.0443 0.9983 0.0368
vn 0.1331 0.9836 0.1218
vn 0.2573 0.9444 0.2047
vn 0.3683 0.9077 0.2012
vn 0.4310 0.8954 0.1121
vn 0.4320 0.9017 -0.0193
vn 0.3737 0.9165 -0.1424
vn 0.2765 0.9385 -0.2066
vn 0.1674 0.9672 -0.1913
vn 0.0727 0.9910 -0.1122
vn 0.0173 0.9994 -0.0309
vn 0.0010 1.0000 -0.0010
vn 0.0023 1.0000 0.0032
vn 0.0169 0.9990 0.0413
vn 0.0502 0.9881 0.1455
vn 0.0866 0.9581 0.2731
vn 0.1106 0.9260 0.3610
vn 0.1302 0.9073 0.3998
vn 0.1509 0.9015 0.4057
vn 0.1578 0.9165 0.3676
vn 0.1382 0.9533 0.2686
vn 0.0971 0.9863 0.1334
vn 0.0460 0.9989 -0.0029
vn -0.0095 0.9932 -0.1158
vn -0.0573 0.9824 -0.1780
vn -0.0736 0.9825 -0.1712
vn -0.0522 0.9889 -0.1392
vn -0.0027 0.9891 -0.1475
vn 0.0738 0.9794 -0.1881
vn 0.1747 0.9577 -0.2286
vn 0.2747 0.9301 -0.2438
vn 0.3377 0.9108 -0.2376
vn 0.3329 0.9107 -0.2447
vn 0.4671 0.5713 0.6748
vn 0.5389 0.6497 0.5361
vn 0.5966 0.6986 0.3950
vn 0.6241 0.7411 0.2475
vn 0.6212 0.7756 0.1118
vn 0.6121 0.7905 0.0199
vn 0.5663 0.8221 -0.0585
vn 0.4777 0.8524 -0.2128
vn 0.4279 0.7745 -0.4659
vn 0.4129 0.6067 -0.6793
vn 0.3769 0.5274 -0.7614
vn 0.3503 0.6016 -0.7179
vn 0.3173 0.7124 -0.6260
vn 0.2708 0.8293 -0.4889
vn 0.2201 0.9394 -0.2628
vn 0.1572 0.9833 -0.0912
vn 0.1052 0.9933 -0.0473
vn 0.0651 0.9973 -0.0332
vn 0.0335 0.9992 -0.0202
vn 0.0125 0.9999 -0.0094
vn 0.0025 1.0000 -0.0024
vn 0.0038 1.0000 0.0040
vn 0.0323 0.9988 0.0371
vn 0.1042 0.9901 0.0941
vn 0.1970 0.9735 0.1162
vn 0.2678 0.9604 0.0775
vn 0.2906 0.9569 0.0026
vn 0.2608 0.9627 -0.0723
vn 0.1916 0.9752 -0.1105
vn 0.1081 0.9896 -0.0951
vn 0.0399 0.9981 -0.0460
vn 0.0068 0.9999 -0.0089
vn 0.0005 1.0000 0.0005
vn 0.0115 0.9998 0.0184
vn 0.0485 0.9940 0.0983
vn 0.0993 0.9677 0.2317
vn 0.1341 0.9309 0.3398
vn 0.1480 0.9108 0.3854
vn 0.1577 0.9065 0.3917
vn 0.1687 0.9139 0.3691
vn 0.1661 0.9409 0.2953
vn 0.1411 0.9741 0.1767
vn 0.0983 0.9940 0.0490
vn 0.0425 0.9975 -0.0567
vn -0.0158 0.9911 -0.1325
vn -0.0599 0.9856 -0.1582
vn -0.0871 0.9853 -0.1469
vn -0.1062 0.9802 -0.1674
vn -0.1118 0.9661 -0.2328
vn -0.0923 0.9497 -0.2994
vn -0.0443 0.9435 -0.3285
vn 0.0226 0.9528 -0.3028
vn 0.0718 0.9667 -0.2457
vn 0.4194 0.6646 0.6183
vn 0.4944 0.7341 0.4655
vn 0.5532 0.7695 0.3191
vn 0.5716 0.8009 0.1787
vn 0.5407 0.8389 0.0623
vn 0.4744 0.8801 -0.0165
vn 0.3714 0.9226 -0.1041
vn 0.2590 0.9243 -0.2804
vn 0.2040 0.8401 -0.5027
vn 0.1842 0.7138 -0.6757
vn 0.1782 0.6479 -0.7406
vn 0.1801 0.7007 -0.6904
vn 0.1790 0.7946 -0.5802
vn 0.1519 0.8933 -0.4231
vn 0.1057 0.9754 -0.1937
vn 0.0610 0.9973 -0.0418
vn 0.0325 0.9994 -0.0148
vn 0.0153 0.9998 -0.0082
vn 0.0052 1.0000 -0.0035
vn 0.0009 1.0000 -0.0009
vn 0.0063 1.0000 0.0063
vn 0.0324 0.9991 0.0267
vn 0.0794 0.9959 0.0432
vn 0.1256 0.9915 0.0338
vn 0.1460 0.9893 0.0039
vn 0.1311 0.9910 -0.0281
vn 0.0891 0.9951 -0.0429
vn 0.0419 0.9986 -0.0315
vn 0.0113 0.9999 -0.0106
vn 0.0039 1.0000 0.0040
vn 0.0299 0.9983 0.0500
vn 0.0868 0.9813 0.1718
vn 0.1405 0.9412 0.3072
vn 0.1629 0.9118 0.3769
vn 0.1717 0.9083 0.3814
vn 0.1878 0.9152 0.3565
vn 0.2003 0.9313 0.3044
vn 0.1898 0.9594 0.2088
vn 0.1559 0.9830 0.0967
vn 0.1071 0.9943 0.0014
vn 0.0418 0.9969 -0.0674
vn -0.0424 0.9944 -0.0970
vn -0.1282 0.9871 -0.0960
vn -0.1991 0.9721 -0.1238
vn -0.2509 0.9463 -0.2039
vn -0.2792 0.9154 -0.2901
vn -0.2795 0.8952 -0.3471
vn -0.2475 0.9035 -0.3499
vn -0.1852 0.9377 -0.2939
vn 0.3371 0.7540 0.5638
vn 0.4024 0.8256 0.3955
vn 0.4508 0.8581 0.2460
vn 0.4593 0.8801 0.1203
vn 0.4252 0.9046 0.0296
vn 0.3568 0.9335 -0.0352
vn 0.2695 0.9537 -0.1339
vn 0.1846 0.9315 -0.3134
vn 0.1065 0.8513 -0.5137
vn 0.0531 0.7464 -0.6633
vn 0.0370 0.6949 -0.7182
vn 0.0432 0.7372 -0.6743
vn 0.0579 0.8288 -0.5565
vn 0.0527 0.9250 -0.3763
vn 0.0278 0.9881 -0.1512
vn 0.0103 0.9998 -0.0190
vn 0.0036 1.0000 -0.0021
vn 0.0008 1.0000 -0.0007
vn 0.0036 1.0000 0.0034
vn 0.0149 0.9999 0.0080
vn 0.0299 0.9995 0.0076
vn 0.0382 0.9993 0.0013
vn 0.0338 0.9994 -0.0060
vn 0.0198 0.9998 -0.0086
vn 0.0064 1.0000 -0.0050
vn 0.0007 1.0000 -0.0007
vn 0.0113 0.9998 0.0167
vn 0.0513 0.9928 0.1086
vn 0.1061 0.9596 0.2606
vn 0.1413 0.9206 0.3642
vn 0.1503 0.9128 0.3797
vn 0.1556 0.9253 0.3459
vn 0.1709 0.9386 0.2996
vn 0.1809 0.9570 0.2267
vn 0.1712 0.9766 0.1302
vn 0.1427 0.9886 0.0484
vn 0.0878 0.9961 0.0071
vn 0.0008 1.0000 -0.0005
vn -0.1059 0.9944 0.0007
vn -0.2114 0.9767 -0.0379
vn -0.2937 0.9457 -0.1394
vn -0.3388 0.9063 -0.2527
vn -0.3526 0.8730 -0.3370
vn -0.3406 0.8623 -0.3748
vn -0.2991 0.8858 -0.3549
vn 0.2417 0.8149 0.5268
vn 0.2822 0.8941 0.3477
vn 0.3085 0.9309 0.1955
vn 0.3148 0.9454 0.0849
vn 0.2984 0.9544 0.0126
vn 0.2650 0.9633 -0.0430
vn 0.2151 0.9653 -0.1479
vn 0.1427 0.9355 -0.3231
vn 0.0540 0.8586 -0.5098
vn -0.0141 0.7618 -0.6476
vn -0.0430 0.7109 -0.7020
vn -0.0367 0.7408 -0.6707
vn -0.0131 0.8314 -0.5555
vn -0.0001 0.9334 -0.3588
vn -0.0013 0.9906 -0.1364
vn -0.0014 0.9999 -0.0159
vn 0.0003 1.0000 0.0002
vn 0.0006 1.0000 0.0001
vn 0.0004 1.0000 -0.0002
vn 0.0001 1.0000 -0.0001
vn 0.0027 1.0000 0.0029
vn 0.0217 0.9977 0.0637
vn 0.0609 0.9754 0.2120
vn 0.0931 0.9337 0.3457
vn 0.1004 0.9172 0.3855
vn 0.0976 0.9333 0.3456
vn 0.1105 0.9528 0.2828
vn 0.1394 0.9662 0.2169
vn 0.1588 0.9776 0.1382
vn 0.1531 0.9851 0.0779
vn 0.1237 0.9903 0.0631
vn 0.0702 0.9940 0.0839
vn -0.0166 0.9938 0.1096
vn -0.1251 0.9896 0.0706
vn -0.2200 0.9737 -0.0597
vn -0.2839 0.9361 -0.2076
vn -0.3176 0.8924 -0.3206
vn -0.3223 0.8627 -0.3898
vn -0.2995 0.8642 -0.4044
vn 0.1923 0.8413 0.5052
vn 0.2143 0.9202 0.3275
vn 0.2214 0.9584 0.1803
vn 0.2154 0.9733 0.0792
vn 0.1976 0.9802 0.0154
vn 0.1703 0.9846 -0.0393
vn 0.1283 0.9809 -0.1464
vn 0.0653 0.9467 -0.3155
vn -0.0054 0.8705 -0.4922
vn -0.0596 0.7750 -0.6292
vn -0.0797 0.7147 -0.6948
vn -0.0716 0.7330 -0.6765
vn -0.0508 0.8212 -0.5684
vn -0.0279 0.9299 -0.3669
vn -0.0109 0.9900 -0.1409
vn -0.0024 0.9998 -0.0197
vn 0.0071 0.9991 0.0407
vn 0.0266 0.9839 0.1767
vn 0.0481 0.9436 0.3274
vn 0.0595 0.9202 0.3870
vn 0.0593 0.9344 0.3512
vn 0.0652 0.9621 0.2648
vn 0.0961 0.9784 0.1830
vn 0.1373 0.9835 0.1175
vn 0.1652 0.9831 0.0786
vn 0.1726 0.9814 0.0840
vn 0.1525 0.9792 0.1341
vn 0.1009 0.9761 0.1925
vn 0.0275 0.9858 0.1654
vn -0.0545 0.9982 0.0247
vn -0.1304 0.9802 -0.1488
vn -0.1816 0.9381 -0.2951
vn -0.2037 0.8950 -0.3968
vn -0.2003 0.8754 -0.4400
vn 0.1986 0.8492 0.4893
vn 0.2143 0.9215 0.3240
vn 0.2040 0.9610 0.1867
vn 0.1794 0.9791 0.0961
vn 0.1416 0.9890 0.0422
vn 0.0928 0.9956 -0.0117
vn 0.0392 0.9917 -0.1224
vn -0.0159 0.9574 -0.2883
vn -0.0696 0.8846 -0.4611
vn -0.1101 0.7882 -0.6055
vn -0.1221 0.7151 -0.6882
vn -0.1089 0.7208 -0.6846
vn -0.0832 0.8038 -0.5891
vn -0.0493 0.9176 -0.3944
vn -0.0180 0.9871 -0.1588
vn -0.0028 0.9997 -0.0249
vn 0.0008 0.9995 0.0330
vn 0.0061 0.9871 0.1599
vn 0.0160 0.9494 0.3138
vn 0.0215 0.9227 0.3850
vn 0.0170 0.9330 0.3596
vn 0.0138 0.9665 0.2561
vn 0.0376 0.9893 0.1407
vn 0.0954 0.9934 0.0644
vn 0.1641 0.9858 0.0353
vn 0.2174 0.9740 0.0632
vn 0.2399 0.9600 0.1445
vn 0.2312 0.9460 0.2273
vn 0.1977 0.9543 0.2242
vn 0.1436 0.9847 0.0988
vn 0.0831 0.9928 -0.0865
vn 0.0308 0.9659 -0.2572
vn -0.0108 0.9238 -0.3827
vn -0.0365 0.8931 -0.4483
vn 0.2366 0.8476 0.4750
vn 0.2441 0.9095 0.3365
vn 0.2174 0.9524 0.2137
vn 0.1760 0.9757 0.1309
vn 0.1252 0.9881 0.0892
vn 0.0639 0.9971 0.0408
vn 0.0019 0.9970 -0.0773
vn -0.0515 0.9670 -0.2497
vn -0.0961 0.8998 -0.4257
vn -0.1286 0.8041 -0.5804
vn -0.1446 0.7194 -0.6793
vn -0.1377 0.7047 -0.6960
vn -0.1051 0.7782 -0.6192
vn -0.0595 0.8992 -0.4335
vn -0.0212 0.9826 -0.1848
vn -0.0033 0.9995 -0.0309
vn -0.0001 0.9995 0.0323
vn -0.0016 0.9876 0.1569
vn -0.0052 0.9505 0.3107
vn -0.0085 0.9225 0.3859
vn -0.0112 0.9309 0.3650
vn -0.0127 0.9671 0.2540
vn 0.0056 0.9949 0.1008
vn 0.0646 0.9978 -0.0118
vn 0.1497 0.9877 -0.0442
vn 0.2315 0.9728 0.0018
vn 0.2921 0.9500 0.1103
vn 0.3180 0.9217 0.2220
vn 0.3131 0.9162 0.2503
vn 0.2928 0.9450 0.1457
vn 0.2610 0.9646 -0.0376
vn 0.2187 0.9526 -0.2115
vn 0.1741 0.9219 -0.3462
vn 0.1332 0.8962 -0.4233
vn 0.2995 0.8348 0.4619
vn 0.2969 0.8842 0.3606
vn 0.2604 0.9306 0.2573
vn 0.2057 0.9615 0.1824
vn 0.1411 0.9786 0.1496
vn 0.0744 0.9919 0.1030
vn 0.0156 0.9995 -0.0261
vn -0.0317 0.9775 -0.2085
vn -0.0693 0.9173 -0.3921
vn -0.1004 0.8252 -0.5558
vn -0.1229 0.7341 -0.6679
vn -0.1255 0.6960 -0.7070
vn -0.1018 0.7507 -0.6527
vn -0.0614 0.8777 -0.4753
vn -0.0236 0.9766 -0.2136
vn -0.0040 0.9993 -0.0382
vn -0.0015 0.9994 0.0339
vn -0.0069 0.9868 0.1620
vn -0.0160 0.9480 0.3180
vn -0.0262 0.9200 0.3911
vn -0.0340 0.9292 0.3681
vn -0.0378 0.9665 0.2537
vn -0.0285 0.9970 0.0723
vn 0.0159 0.9961 -0.0866
vn 0.0992 0.9853 -0.1388
vn 0.1900 0.9785 -0.0806
vn 0.2561 0.9650 0.0560
vn 0.2902 0.9357 0.2005
vn 0.3087 0.9169 0.2529
vn 0.3252 0.9319 0.1605
vn 0.3287 0.9443 -0.0144
vn 0.3137 0.9324 -0.1797
vn 0.2847 0.9070 -0.3103
vn 0.2446 0.8918 -0.3806
vn 0.3743 0.8140 0.4441
vn 0.3715 0.8443 0.3862
vn 0.3320 0.8908 0.3103
vn 0.2679 0.9308 0.2487
vn 0.1938 0.9564 0.2183
vn 0.1274 0.9784 0.1630
vn 0.0760 0.9969 0.0214
vn 0.0339 0.9848 -0.1706
vn -0.0029 0.9321 -0.3622
vn -0.0348 0.8454 -0.5330
vn -0.0563 0.7517 -0.6571
vn -0.0635 0.6979 -0.7134
vn -0.0595 0.7357 -0.6746
vn -0.0439 0.8601 -0.5082
vn -0.0197 0.9706 -0.2399
vn -0.0038 0.9990 -0.0456
vn -0.0001 1.0000 -0.0002
vn -0.0034 0.9992 0.0388
vn -0.0136 0.9849 0.1726
vn -0.0264 0.9441 0.3286
vn -0.0381 0.9156 0.4003
vn -0.0479 0.9269 0.3723
vn -0.0510 0.9667 0.2510
vn -0.0441 0.9975 0.0555
vn -0.0229 0.9907 -0.1345
vn 0.0149 0.9778 -0.2092
vn 0.0525 0.9889 -0.1386
vn 0.0749 0.9969 0.0220
vn 0.0946 0.9792 0.1794
vn 0.1276 0.9633 0.2362
vn 0.1768 0.9742 0.1404
vn 0.2311 0.9721 -0.0403
vn 0.2751 0.9409 -0.1974
vn 0.2912 0.9080 -0.3012
vn 0.2727 0.8991 -0.3423
vn 0.4398 0.7960 0.4160
vn 0.4388 0.8021 0.4051
vn 0.4025 0.8393 0.3655
vn 0.3403 0.8848 0.3184
vn 0.2717 0.9194 0.2843
vn 0.2136 0.9527 0.2162
vn 0.1695 0.9835 0.0638
vn 0.1325 0.9818 -0.1359
vn 0.1000 0.9368 -0.3351
vn 0.0730 0.8550 -0.5134
vn 0.0516 0.7610 -0.6467
vn 0.0305 0.7050 -0.7086
vn 0.0079 0.7381 -0.6747
vn -0.0060 0.8545 -0.5194
vn -0.0066 0.9672 -0.2541
vn -0.0022 0.9987 -0.0512
vn -0.0001 1.0000 -0.0004
vn -0.0003 1.0000 0.0004
vn -0.0073 0.9988 0.0488
vn -0.0310 0.9802 0.1958
vn -0.0630 0.9351 0.3488
vn -0.0822 0.9094 0.4077
vn -0.0817 0.9259 0.3688
vn -0.0672 0.9688 0.2386
vn -0.0501 0.9979 0.0418
vn -0.0481 0.9885 -0.1432
vn -0.0799 0.9756 -0.2047
vn -0.1379 0.9830 -0.1216
vn -0.1792 0.9835 0.0249
vn -0.1754 0.9727 0.1519
vn -0.1341 0.9728 0.1891
vn -0.0684 0.9946 0.0779
vn 0.0179 0.9930 -0.1170
vn 0.1086 0.9565 -0.2709
vn 0.1792 0.9231 -0.3402
vn 0.2091 0.9199 -0.3318
vn 0.4770 0.7928 0.3793
vn 0.4776 0.7737 0.4162
vn 0.4468 0.7927 0.4148
vn 0.3978 0.8349 0.3804
vn 0.3442 0.8756 0.3389
vn 0.3048 0.9172 0.2564
vn 0.2823 0.9546 0.0947
vn 0.2628 0.9586 -0.1096
vn 0.2403 0.9188 -0.3130
vn 0.2133 0.8425 -0.4946
vn 0.1776 0.7582 -0.6274
vn 0.1318 0.7165 -0.6850
vn 0.0862 0.7529 -0.6524
vn 0.0455 0.8645 -0.5006
vn 0.0131 0.9693 -0.2456
vn 0.0004 0.9986 -0.0528
vn -0.0000 1.0000 -0.0004
vn -0.0013 1.0000 0.0013
vn -0.0106 0.9999 0.0087
vn -0.0447 0.9957 0.0812
vn -0.1038 0.9640 0.2448
vn -0.1610 0.9097 0.3829
vn -0.1947 0.8902 0.4119
vn -0.1954 0.9181 0.3448
vn -0.1623 0.9664 0.1991
vn -0.1166 0.9931 0.0129
vn -0.1030 0.9863 -0.1289
vn -0.1560 0.9787 -0.1336
vn -0.2547 0.9665 -0.0328
vn -0.3350 0.9398 0.0675
vn -0.3612 0.9231 0.1323
vn -0.3388 0.9324 0.1262
vn -0.2779 0.9606 -0.0070
vn -0.1846 0.9607 -0.2076
vn -0.0829 0.9308 -0.3560
vn 0.0083 0.9131 -0.4077
vn 0.0745 0.9305 -0.3586
vn 0.4270 0.8312 0.3561
vn 0.4186 0.7946 0.4398
vn 0.3959 0.7913 0.4660
vn 0.3739 0.8199 0.4335
vn 0.3598 0.8545 0.3747
vn 0.3639 0.8913 0.2706
vn 0.3781 0.9203 0.1005
vn 0.3833 0.9181 -0.1005
vn 0.3722 0.8788 -0.2986
vn 0.3432 0.8126 -0.4711
vn 0.2942 0.7509 -0.5912
vn 0.2327 0.7315 -0.6410
vn 0.1672 0.7785 -0.6050
vn 0.0947 0.8900 -0.4461
vn 0.0320 0.9766 -0.2125
vn 0.0042 0.9988 -0.0483
vn -0.0009 1.0000 0.0009
vn -0.0106 0.9999 0.0114
vn -0.0490 0.9977 0.0465
vn -0.1303 0.9788 0.1583
vn -0.2279 0.9183 0.3237
vn -0.2997 0.8566 0.4201
vn -0.3356 0.8507 0.4046
vn -0.3358 0.8930 0.2996
vn -0.2965 0.9462 0.1294
vn -0.2271 0.9727 -0.0471
vn -0.1751 0.9756 -0.1328
vn -0.1892 0.9800 -0.0620
vn -0.2609 0.9626 0.0736
vn -0.3449 0.9272 0.1464
vn -0.4022 0.9028 0.1525
vn -0.4153 0.9057 0.0850
vn -0.3818 0.9207 -0.0808
vn -0.3052 0.9090 -0.2838
vn -0.2096 0.8800 -0.4263
vn -0.1197 0.8734 -0.4720
vn -0.0467 0.9120 -0.4076
vn 0.2412 0.8967 0.3711
vn 0.2147 0.8528 0.4761
vn 0.2062 0.8356 0.5091
vn 0.2212 0.8565 0.4664
vn 0.2632 0.8877 0.3779
vn 0.3312 0.9114 0.2444
vn 0.3992 0.9145 0.0662
vn 0.4421 0.8883 -0.1241
vn 0.4539 0.8383 -0.3020
vn 0.4334 0.7822 -0.4475
vn 0.3851 0.7460 -0.5434
vn 0.3167 0.7519 -0.5782
vn 0.2258 0.8212 -0.5241
vn 0.1222 0.9245 -0.3611
vn 0.0425 0.9857 -0.1631
vn 0.0075 0.9993 -0.0369
vn 0.0001 1.0000 -0.0003
vn -0.0059 1.0000 0.0076
vn -0.0382 0.9982 0.0466
vn -0.1179 0.9846 0.1292
vn -0.2319 0.9342 0.2713
vn -0.3360 0.8465 0.4129
vn -0.4064 0.7948 0.4507
vn -0.4405 0.8121 0.3826
vn -0.4357 0.8673 0.2409
vn -0.3928 0.9183 0.0499
vn -0.3202 0.9391 -0.1251
vn -0.2505 0.9526 -0.1727
vn -0.2208 0.9746 -0.0389
vn -0.2332 0.9621 0.1416
vn -0.2715 0.9368 0.2207
vn -0.3124 0.9292 0.1974
vn -0.3336 0.9394 0.0788
vn -0.3187 0.9391 -0.1282
vn -0.2680 0.8998 -0.3442
vn -0.2013 0.8513 -0.4845
vn -0.1340 0.8383 -0.5285
vn -0.0725 0.8848 -0.4603
vn -0.0410 0.9103 0.4118
vn -0.0787 0.8699 0.4869
vn -0.0671 0.8625 0.5016
vn -0.0156 0.8965 0.4429
vn 0.0746 0.9430 0.3242
vn 0.1971 0.9674 0.1591
vn 0.3223 0.9462 -0.0282
vn 0.4151 0.8874 -0.2004
vn 0.4602 0.8206 -0.3388
vn 0.4603 0.7716 -0.4389
vn 0.4238 0.7569 -0.4975
vn 0.3507 0.7933 -0.4977
vn 0.2415 0.8785 -0.4122
vn 0.1238 0.9579 -0.2592
vn 0.0415 0.9932 -0.1091
vn 0.0071 0.9997 -0.0227
vn -0.0007 1.0000 0.0007
vn -0.0172 0.9994 0.0292
vn -0.0752 0.9905 0.1149
vn -0.1774 0.9540 0.2419
vn -0.2927 0.8720 0.3924
vn -0.3828 0.7809 0.4936
vn -0.4417 0.7615 0.4744
vn -0.4702 0.8060 0.3597
vn -0.4663 0.8650 0.1852
vn -0.4287 0.9032 -0.0211
vn -0.3610 0.9107 -0.2005
vn -0.2939 0.9275 -0.2309
vn -0.2516 0.9659 -0.0619
vn -0.2163 0.9654 0.1459
vn -0.1884 0.9519 0.2416
vn -0.1790 0.9587 0.2213
vn -0.1758 0.9814 0.0771
vn -0.1555 0.9746 -0.1613
vn -0.1182 0.9139 -0.3884
vn -0.0774 0.8458 -0.5278
vn -0.0402 0.8216 -0.5687
vn -0.0093 0.8677 -0.4970
vn -0.3084 0.8388 0.4487
vn -0.3506 0.8185 0.4551
vn -0.3310 0.8410 0.4280
vn -0.2629 0.9001 0.3474
vn -0.1484 0.9677 0.2036
vn 0.0076 0.9999 0.0141
vn 0.1715 0.9694 -0.1759
vn 0.3027 0.8970 -0.3221
vn 0.3852 0.8254 -0.4127
vn 0.4192 0.7848 -0.4566
vn 0.4017 0.7936 -0.4570
vn 0.3278 0.8561 -0.3995
vn 0.2109 0.9349 -0.2855
vn 0.0989 0.9822 -0.1599
vn 0.0313 0.9976 -0.0612
vn 0.0052 0.9999 -0.0106
vn -0.0042 1.0000 0.0057
vn -0.0307 0.9973 0.0670
vn -0.0942 0.9758 0.1976
vn -0.1903 0.9150 0.3559
vn -0.2905 0.8143 0.5026
vn -0.3638 0.7467 0.5569
vn -0.4065 0.7702 0.4915
vn -0.4242 0.8375 0.3445
vn -0.4190 0.8961 0.1466
vn -0.3920 0.9171 -0.0725
vn -0.3424 0.9021 -0.2626
vn -0.2903 0.9125 -0.2883
vn -0.2503 0.9623 -0.1064
vn -0.1974 0.9751 0.1011
vn -0.1309 0.9705 0.2023
vn -0.0675 0.9781 0.1966
vn -0.0196 0.9984 0.0531
vn 0.0164 0.9812 -0.1922
vn 0.0443 0.9085 -0.4156
vn 0.0636 0.8342 -0.5477
vn 0.0744 0.8108 -0.5806
vn 0.0729 0.8635 -0.4991
vn -0.4655 0.7479 0.4731
vn -0.5049 0.7598 0.4096
vn -0.4907 0.8075 0.3274
vn -0.4273 0.8787 0.2126
vn -0.3170 0.9473 0.0474
vn -0.1648 0.9748 -0.1506
vn 0.0050 0.9435 -0.3314
vn 0.1565 0.8784 -0.4516
vn 0.2681 0.8217 -0.5028
vn 0.3275 0.8084 -0.4891
vn 0.3208 0.8518 -0.4142
vn 0.2465 0.9239 -0.2928
vn 0.1437 0.9748 -0.1705
vn 0.0619 0.9946 -0.0829
vn 0.0178 0.9995 -0.0276
vn 0.0025 1.0000 -0.0029
vn -0.0068 0.9998 0.0167
vn -0.0325 0.9937 0.1077
vn -0.0845 0.9589 0.2707
vn -0.1628 0.8760 0.4541
vn -0.2373 0.7735 0.5878
vn -0.2811 0.7495 0.5993
vn -0.3029 0.8092 0.5035
vn -0.3088 0.8902 0.3348
vn -0.3016 0.9454 0.1238
vn -0.2882 0.9525 -0.0989
vn -0.2713 0.9165 -0.2940
vn -0.2603 0.9095 -0.3243
vn -0.2470 0.9574 -0.1496
vn -0.1992 0.9793 0.0362
vn -0.1161 0.9859 0.1208
vn -0.0132 0.9930 0.1172
vn 0.0830 0.9965 -0.0086
vn 0.1464 0.9618 -0.2312
vn 0.1736 0.8843 -0.4334
vn 0.1771 0.8165 -0.5494
vn 0.1636 0.8079 -0.5661
vn 0.1281 0.8768 -0.4635
vn -0.5028 0.7106 0.4921
vn -0.5294 0.7568 0.3835
vn -0.5194 0.8173 0.2495
vn -0.4685 0.8786 0.0923
vn -0.3755 0.9223 -0.0916
vn -0.2493 0.9250 -0.2869
vn -0.1066 0.8850 -0.4533
vn 0.0295 0.8310 -0.5555
vn 0.1346 0.8047 -0.5782
vn 0.1910 0.8353 -0.5156
vn 0.1905 0.9086 -0.3717
vn 0.1418 0.9685 -0.2049
vn 0.0782 0.9928 -0.0905
vn 0.0308 0.9989 -0.0340
vn 0.0067 0.9999 -0.0083
vn -0.0047 0.9996 0.0280
vn -0.0196 0.9904 0.1367
vn -0.0529 0.9444 0.3245
vn -0.1003 0.8456 0.5243
vn -0.1327 0.7611 0.6349
vn -0.1417 0.7717 0.6200
vn -0.1401 0.8497 0.5083
vn -0.1359 0.9345 0.3289
vn -0.1361 0.9837 0.1173
vn -0.1448 0.9845 -0.0985
vn -0.1711 0.9445 -0.2805
vn -0.2184 0.9241 -0.3135
vn -0.2412 0.9540 -0.1779
vn -0.1992 0.9792 -0.0376
vn -0.1122 0.9935 0.0216
vn -0.0017 1.0000 0.0035
vn 0.1193 0.9865 -0.1119
vn 0.2116 0.9326 -0.2922
vn 0.2486 0.8568 -0.4518
vn 0.2429 0.8063 -0.5393
vn 0.2071 0.8237 -0.5278
vn 0.1403 0.9077 -0.3955
vn -0.4667 0.7288 0.5011
vn -0.4716 0.8016 0.3675
vn -0.4539 0.8683 0.2001
vn -0.4133 0.9105 0.0091
vn -0.3457 0.9185 -0.1919
vn -0.2524 0.8888 -0.3825
vn -0.1481 0.8327 -0.5336
vn -0.0513 0.7826 -0.6204
vn 0.0268 0.7795 -0.6258
vn 0.0785 0.8421 -0.5336
vn 0.0934 0.9337 -0.3455
vn 0.0706 0.9861 -0.1503
vn 0.0342 0.9985 -0.0436
vn 0.0094 0.9999 -0.0088
vn -0.0000 1.0000 0.0002
vn -0.0003 0.9995 0.0327
vn -0.0020 0.9889 0.1485
vn -0.0079 0.9367 0.3500
vn -0.0103 0.8353 0.5497
vn 0.0019 0.7664 0.6423
vn 0.0241 0.7874 0.6160
vn 0.0464 0.8648 0.5000
vn 0.0586 0.9437 0.3255
vn 0.0526 0.9905 0.1271
vn 0.0241 0.9972 -0.0714
vn -0.0401 0.9744 -0.2214
vn -0.1311 0.9586 -0.2527
vn -0.1882 0.9649 -0.1830
vn -0.1693 0.9798 -0.1066
vn -0.0959 0.9926 -0.0741
vn 0.0051 0.9936 -0.1124
vn 0.1199 0.9655 -0.2309
vn 0.2156 0.9033 -0.3708
vn 0.2592 0.8402 -0.4764
vn 0.2491 0.8160 -0.5216
vn 0.1984 0.8596 -0.4709
vn 0.1191 0.9434 -0.3095
vn -0.3943 0.7751 0.4937
vn -0.3773 0.8613 0.3403
vn -0.3428 0.9263 0.1566
vn -0.2965 0.9538 -0.0481
vn -0.2419 0.9354 -0.2579
vn -0.1790 0.8768 -0.4464
vn -0.1100 0.8022 -0.5869
vn -0.0438 0.7485 -0.6617
vn 0.0123 0.7527 -0.6583
vn 0.0528 0.8340 -0.5492
vn 0.0613 0.9427 -0.3278
vn 0.0364 0.9929 -0.1131
vn 0.0100 0.9998 -0.0176
vn 0.0001 1.0000 0.0002
vn 0.0036 0.9996 0.0295
vn 0.0154 0.9898 0.1418
vn 0.0398 0.9400 0.3388
vn 0.0813 0.8463 0.5265
vn 0.1357 0.7796 0.6115
vn 0.1892 0.7875 0.5866
vn 0.2280 0.8476 0.4791
vn 0.2443 0.9147 0.3221
vn 0.2349 0.9608 0.1474
vn 0.1921 0.9812 -0.0183
vn 0.1099 0.9855 -0.1289
vn 0.0119 0.9863 -0.1644
vn -0.0609 0.9862 -0.1539
vn -0.0838 0.9866 -0.1400
vn -0.0527 0.9876 -0.1482
vn 0.0243 0.9767 -0.2132
vn 0.1201 0.9348 -0.3342
vn 0.1987 0.8749 -0.4417
vn 0.2351 0.8342 -0.4989
vn 0.2219 0.8404 -0.4945
vn 0.1663 0.9000 -0.4030
vn 0.0873 0.9709 -0.2231
vn -0.2974 0.8299 0.4720
vn -0.2635 0.9167 0.3005
vn -0.2152 0.9709 0.1052
vn -0.1584 0.9820 -0.1026
vn -0.1009 0.9458 -0.3088
vn -0.0491 0.8698 -0.4909
vn -0.0023 0.7811 -0.6244
vn 0.0411 0.7220 -0.6907
vn 0.0754 0.7327 -0.6763
vn 0.0881 0.8317 -0.5483
vn 0.0650 0.9530 -0.2960
vn 0.0249 0.9967 -0.0775
vn 0.0034 1.0000 -0.0057
vn 0.0060 0.9998 0.0202
vn 0.0280 0.9927 0.1176
vn 0.0736 0.9527 0.2948
vn 0.1480 0.8747 0.4615
vn 0.2396 0.8045 0.5435
vn 0.3233 0.7840 0.5300
vn 0.3822 0.8104 0.4442
vn 0.4075 0.8570 0.3155
vn 0.3977 0.9006 0.1753
vn 0.3513 0.9348 0.0524
vn 0.2747 0.9611 -0.0296
vn 0.1894 0.9791 -0.0736
vn 0.1195 0.9877 -0.1005
vn 0.0786 0.9884 -0.1302
vn 0.0719 0.9807 -0.1819
vn 0.1042 0.9537 -0.2823
vn 0.1591 0.9005 -0.4046
vn 0.2028 0.8500 -0.4862
vn 0.2170 0.8347 -0.5061
vn 0.1947 0.8676 -0.4576
vn 0.1359 0.9346 -0.3287
vn 0.0618 0.9873 -0.1466
vn -0.1942 0.8789 0.4357
vn -0.1448 0.9567 0.2525
vn -0.0917 0.9945 0.0503
vn -0.0370 0.9868 -0.1575
vn 0.0162 0.9344 -0.3559
vn 0.0630 0.8476 -0.5269
vn 0.1004 0.7533 -0.6499
vn 0.1306 0.6961 -0.7059
vn 0.1513 0.7224 -0.6748
vn 0.1390 0.8472 -0.5127
vn 0.0785 0.9690 -0.2343
vn 0.0205 0.9989 -0.0417
vn 0.0053 0.9999 0.0090
vn 0.0303 0.9962 0.0822
vn 0.0876 0.9693 0.2296
vn 0.1770 0.9121 0.3699
vn 0.2886 0.8481 0.4443
vn 0.4006 0.8012 0.4446
vn 0.4832 0.7847 0.3882
vn 0.5247 0.7970 0.2992
vn 0.5259 0.8262 0.2021
vn 0.4926 0.8620 0.1196
vn 0.4357 0.8983 0.0572
vn 0.3696 0.9292 0.0095
vn 0.3090 0.9502 -0.0404
vn 0.2677 0.9584 -0.0993
vn 0.2511 0.9505 -0.1830
vn 0.2535 0.9165 -0.3095
vn 0.2600 0.8650 -0.4293
vn 0.2565 0.8317 -0.4924
vn 0.2355 0.8412 -0.4867
vn 0.1889 0.8947 -0.4049
vn 0.1142 0.9623 -0.2469
vn 0.0410 0.9958 -0.0823
vn -0.1195 0.9141 0.3876
vn -0.0641 0.9779 0.1988
vn -0.0096 0.9999 -0.0034
vn 0.0401 0.9774 -0.2076
vn 0.0855 0.9124 -0.4002
vn 0.1275 0.8170 -0.5624
vn 0.1629 0.7221 -0.6723
vn 0.1882 0.6752 -0.7133
vn 0.1956 0.7296 -0.6553
vn 0.1537 0.8856 -0.4383
vn 0.0658 0.9863 -0.1512
vn 0.0099 0.9999 -0.0137
vn 0.0018 1.0000 0.0019
vn 0.0218 0.9988 0.0446
vn 0.0814 0.9851 0.1517
vn 0.1748 0.9473 0.2683
vn 0.2839 0.8992 0.3329
vn 0.4009 0.8524 0.3359
vn 0.5054 0.8065 0.3069
vn 0.5703 0.7780 0.2637
vn 0.5922 0.7771 0.2131
vn 0.5821 0.7962 0.1651
vn 0.5508 0.8258 0.1211
vn 0.5099 0.8570 0.0745
vn 0.4678 0.8837 0.0158
vn 0.4307 0.9005 -0.0600
vn 0.4066 0.8976 -0.1702
vn 0.3914 0.8680 -0.3056
vn 0.3667 0.8338 -0.4126
vn 0.3259 0.8265 -0.4591
vn 0.2659 0.8619 -0.4318
vn 0.1819 0.9286 -0.3236
vn 0.0870 0.9837 -0.1571
vn 0.0211 0.9992 -0.0341
vn -0.0795 0.9375 0.3388
vn -0.0309 0.9890 0.1446
vn 0.0211 0.9982 -0.0563
vn 0.0709 0.9641 -0.2560
vn 0.1157 0.8886 -0.4438
vn 0.1553 0.7854 -0.5991
vn 0.1885 0.6926 -0.6963
vn 0.2071 0.6672 -0.7155
vn 0.1908 0.7650 -0.6152
vn 0.1165 0.9335 -0.3391
vn 0.0336 0.9964 -0.0777
vn 0.0019 1.0000 -0.0019
vn 0.0104 0.9998 0.0162
vn 0.0532 0.9955 0.0783
vn 0.1363 0.9766 0.1664
vn 0.2408 0.9444 0.2239
vn 0.3452 0.9107 0.2269
vn 0.4446 0.8716 0.2063
vn 0.5293 0.8248 0.1990
vn 0.5808 0.7902 0.1957
vn 0.5991 0.7799 0.1813
vn 0.5958 0.7877 0.1566
vn 0.5801 0.8061 0.1165
vn 0.5574 0.8280 0.0609
vn 0.5326 0.8461 -0.0225
vn 0.5079 0.8485 -0.1483
vn 0.4741 0.8353 -0.2785
vn 0.4221 0.8285 -0.3680
vn 0.3498 0.8500 -0.3937
vn 0.2556 0.9041 -0.3425
vn 0.1434 0.9657 -0.2165
vn 0.0490 0.9959 -0.0764
vn 0.0068 0.9999 -0.0080
vn -0.0505 0.9526 0.3001
vn -0.0156 0.9949 0.1000
vn 0.0229 0.9944 -0.1028
vn 0.0630 0.9514 -0.3015
vn 0.1010 0.8680 -0.4861
vn 0.1330 0.7604 -0.6357
vn 0.1568 0.6744 -0.7215
vn 0.1648 0.6803 -0.7142
vn 0.1293 0.8229 -0.5532
vn 0.0529 0.9666 -0.2507
vn 0.0042 0.9991 -0.0423
vn -0.0009 1.0000 -0.0009
vn 0.0029 1.0000 0.0031
vn 0.0227 0.9993 0.0290
vn 0.0761 0.9939 0.0797
vn 0.1578 0.9795 0.1249
vn 0.2451 0.9601 0.1346
vn 0.3247 0.9388 0.1149
vn 0.4011 0.9089 0.1144
vn 0.4738 0.8691 0.1422
vn 0.5272 0.8339 0.1633
vn 0.5554 0.8156 0.1626
vn 0.5634 0.8143 0.1397
vn 0.5589 0.8243 0.0898
vn 0.5513 0.8343 -0.0002
vn 0.5329 0.8374 -0.1220
vn 0.4890 0.8409 -0.2319
vn 0.4157 0.8597 -0.2969
vn 0.3160 0.9003 -0.2992
vn 0.1974 0.9538 -0.2267
vn 0.0851 0.9904 -0.1087
vn 0.0184 0.9995 -0.0242
vn 0.0006 1.0000 -0.0006
vn -0.0224 0.9612 0.2750
vn -0.0032 0.9974 0.0715
vn 0.0168 0.9910 -0.1328
vn 0.0356 0.9429 -0.3312
vn 0.0513 0.8563 -0.5139
vn 0.0615 0.7489 -0.6598
vn 0.0622 0.6726 -0.7374
vn 0.0487 0.7047 -0.7078
vn 0.0163 0.8661 -0.4997
vn -0.0127 0.9783 -0.2067
vn -0.0123 0.9989 -0.0446
vn -0.0020 1.0000 -0.0038
vn 0.0059 1.0000 0.0063
vn 0.0285 0.9992 0.0264
vn 0.0729 0.9960 0.0518
vn 0.1301 0.9895 0.0630
vn 0.1834 0.9817 0.0519
vn 0.2323 0.9716 0.0444
vn 0.2921 0.9539 0.0689
vn 0.3590 0.9267 0.1113
vn 0.4136 0.8997 0.1392
vn 0.4510 0.8820 0.1366
vn 0.4788 0.8730 0.0922
vn 0.4915 0.8708 0.0056
vn 0.4751 0.8750 -0.0929
vn 0.4220 0.8904 -0.1706
vn 0.3359 0.9193 -0.2051
vn 0.2244 0.9571 -0.1834
vn 0.1095 0.9878 -0.1104
vn 0.0314 0.9989 -0.0352
vn 0.0035 1.0000 -0.0035
vn 0.0061 0.9646 0.2636
vn 0.0102 0.9981 0.0605
vn 0.0101 0.9899 -0.1416
vn 0.0044 0.9415 -0.3370
vn -0.0088 0.8567 -0.5158
vn -0.0356 0.7548 -0.6549
vn -0.0802 0.6852 -0.7240
vn -0.1298 0.7145 -0.6875
vn -0.1479 0.8574 -0.4930
vn -0.1064 0.9659 -0.2362
vn -0.0446 0.9961 -0.0755
vn -0.0152 0.9998 -0.0113
vn -0.0070 1.0000 -0.0026
vn -0.0027 1.0000 -0.0017
vn -0.0005 1.0000 -0.0005
vn 0.0003 1.0000 0.0003
vn 0.0054 1.0000 0.0047
vn 0.0211 0.9997 0.0133
vn 0.0454 0.9988 0.0196
vn 0.0696 0.9974 0.0171
vn 0.0889 0.9960 0.0091
vn 0.1118 0.9936 0.0170
vn 0.1528 0.9869 0.0507
vn 0.2120 0.9734 0.0873
vn 0.2762 0.9563 0.0957
vn 0.3282 0.9425 0.0632
vn 0.3507 0.9365 0.0032
vn 0.3336 0.9409 -0.0581
vn 0.2791 0.9550 -0.1005
vn 0.1962 0.9746 -0.1080
vn 0.1045 0.9915 -0.0772
vn 0.0354 0.9989 -0.0321
vn 0.0054 1.0000 -0.0055
vn 0.0275 0.9637 0.2654
vn 0.0168 0.9976 0.0668
vn -0.0016 0.9915 -0.1298
vn -0.0296 0.9476 -0.3180
vn -0.0768 0.8717 -0.4840
vn -0.1564 0.7809 -0.6048
vn -0.2586 0.7061 -0.6592
vn -0.3471 0.6945 -0.6302
vn -0.3726 0.7798 -0.5031
vn -0.3023 0.8985 -0.3184
vn -0.1894 0.9717 -0.1414
vn -0.1172 0.9926 -0.0324
vn -0.0889 0.9959 -0.0161
vn -0.0638 0.9978 -0.0174
vn -0.0362 0.9993 -0.0135
vn -0.0148 0.9999 -0.0081
vn -0.0036 1.0000 -0.0030
vn -0.0003 1.0000 -0.0003
vn 0.0054 1.0000 0.0032
vn 0.0116 0.9999 0.0031
vn 0.0150 0.9999 0.0003
vn 0.0163 0.9999 0.0010
vn 0.0279 0.9995 0.0130
vn 0.0615 0.9976 0.0317
vn 0.1097 0.9932 0.0395
vn 0.1498 0.9883 0.0270
vn 0.1650 0.9863 0.0012
vn 0.1514 0.9881 -0.0254
vn 0.1136 0.9927 -0.0402
vn 0.0640 0.9973 -0.0347
vn 0.0229 0.9996 -0.0168
vn 0.0038 1.0000 -0.0037
vn 0.0387 0.9597 0.2785
vn 0.0173 0.9960 0.0873
vn -0.0155 0.9949 -0.1002
vn -0.0664 0.9595 -0.2738
vn -0.1490 0.8982 -0.4135
vn -0.2707 0.8196 -0.5050
vn -0.4123 0.7328 -0.5413
vn -0.5311 0.6670 -0.5226
vn -0.5844 0.6661 -0.4634
vn -0.5477 0.7487 -0.3734
vn -0.4370 0.8718 -0.2214
vn -0.3248 0.9421 -0.0827
vn -0.2603 0.9643 -0.0479
vn -0.2193 0.9740 -0.0574
vn -0.1682 0.9841 -0.0563
vn -0.1128 0.9926 -0.0443
vn -0.0642 0.9976 -0.0269
vn -0.0308 0.9994 -0.0126
vn -0.0128 0.9999 -0.0058
vn -0.0044 1.0000 -0.0025
vn -0.0011 1.0000 -0.0008
vn -0.0002 1.0000 -0.0002
vn 0.0012 1.0000 0.0012
vn 0.0066 1.0000 0.0043
vn 0.0179 0.9998 0.0070
vn 0.0308 0.9995 0.0059
vn 0.0372 0.9993 0.0005
vn 0.0319 0.9995 -0.0058
vn 0.0182 0.9998 -0.0080
vn 0.0058 1.0000 -0.0044
vn 0.0444 0.9533 0.2987
vn 0.0178 0.9931 0.1162
vn -0.0211 0.9980 -0.0599
vn -0.0821 0.9741 -0.2107
vn -0.1795 0.9303 -0.3198
vn -0.3167 0.8673 -0.3841
vn -0.4770 0.7794 -0.4062
vn -0.6176 0.6779 -0.3988
vn -0.6982 0.6025 -0.3866
vn -0.7075 0.6003 -0.3730
vn -0.6433 0.7073 -0.2931
vn -0.5288 0.8325 -0.1656
vn -0.4352 0.8948 -0.1000
vn -0.3890 0.9148 -0.1090
vn -0.3411 0.9321 -0.1215
vn -0.2769 0.9546 -0.1095
vn -0.2098 0.9742 -0.0835
vn -0.1481 0.9875 -0.0541
vn -0.0991 0.9946 -0.0325
vn -0.0645 0.9977 -0.0192
vn -0.0414 0.9991 -0.0107
vn -0.0254 0.9997 -0.0072
vn -0.0134 0.9999 -0.0052
vn -0.0054 1.0000 -0.0029
vn -0.0013 1.0000 -0.0012
vn 0.0572 0.9458 0.3197
vn 0.0340 0.9889 0.1445
vn -0.0001 0.9998 -0.0210
vn -0.0564 0.9876 -0.1466
vn -0.1529 0.9623 -0.2251
vn -0.2931 0.9181 -0.2667
vn -0.4599 0.8433 -0.2782
vn -0.6152 0.7350 -0.2852
vn -0.7195 0.6209 -0.3109
vn -0.7603 0.5466 -0.3509
vn -0.7402 0.5729 -0.3520
vn -0.6581 0.7041 -0.2667
vn -0.5567 0.8117 -0.1767
vn -0.4927 0.8552 -0.1611
vn -0.4543 0.8715 -0.1846
vn -0.4087 0.8953 -0.1770
vn -0.3570 0.9218 -0.1510
vn -0.3003 0.9469 -0.1153
vn -0.2466 0.9659 -0.0791
vn -0.2014 0.9780 -0.0543
vn -0.1615 0.9861 -0.0397
vn -0.1249 0.9917 -0.0315
vn -0.0921 0.9954 -0.0259
vn -0.0632 0.9978 -0.0193
vn -0.0388 0.9992 -0.0134
vn -0.0193 0.9998 -0.0087
vn -0.0065 1.0000 -0.0043
vn -0.0011 1.0000 -0.0011
vn 0.0963 0.9366 0.3368
vn 0.0777 0.9829 0.1671
vn 0.0456 0.9989 0.0140
vn -0.0112 0.9961 -0.0874
vn -0.1059 0.9852 -0.1349
vn -0.2476 0.9571 -0.1506
vn -0.4208 0.8943 -0.1520
vn -0.5848 0.7925 -0.1732
vn -0.7020 0.6718 -0.2364
vn -0.7560 0.5663 -0.3284
vn -0.7523 0.5264 -0.3961
vn -0.7008 0.6052 -0.3777
vn -0.6083 0.7432 -0.2788
vn -0.5312 0.8186 -0.2185
vn -0.4963 0.8372 -0.2296
vn -0.4676 0.8538 -0.2290
vn -0.4324 0.8776 -0.2069
vn -0.3973 0.9023 -0.1675
vn -0.3645 0.9230 -0.1229
vn -0.3324 0.9386 -0.0924
vn -0.2995 0.9510 -0.0765
vn -0.2670 0.9615 -0.0646
vn -0.2338 0.9705 -0.0588
vn -0.1942 0.9794 -0.0550
vn -0.1515 0.9874 -0.0454
vn -0.1111 0.9931 -0.0368
vn -0.0740 0.9969 -0.0264
vn -0.0431 0.9989 -0.0155
vn -0.0215 0.9997 -0.0085
vn -0.0086 1.0000 -0.0044
vn -0.0024 1.0000 -0.0018
vn 0.1566 0.9227 0.3523
vn 0.1350 0.9725 0.1895
vn 0.0961 0.9940 0.0525
vn 0.0302 0.9992 -0.0262
vn -0.0745 0.9963 -0.0430
vn -0.2276 0.9733 -0.0279
vn -0.4044 0.9142 -0.0246
vn -0.5583 0.8267 -0.0692
vn -0.6672 0.7247 -0.1723
vn -0.7226 0.6163 -0.3130
vn -0.7188 0.5411 -0.4365
vn -0.6709 0.5638 -0.4818
vn -0.5966 0.6978 -0.3964
vn -0.5178 0.8060 -0.2868
vn -0.4734 0.8408 -0.2626
vn -0.4505 0.8535 -0.2619
vn -0.4361 0.8679 -0.2377
vn -0.4256 0.8836 -0.1954
vn -0.4125 0.8982 -0.1516
vn -0.3973 0.9100 -0.1184
vn -0.3843 0.9179 -0.0991
vn -0.3700 0.9247 -0.0891
vn -0.3506 0.9325 -0.0868
vn -0.3260 0.9411 -0.0902
vn -0.2947 0.9519 -0.0833
vn -0.2581 0.9631 -0.0758
vn -0.2150 0.9743 -0.0676
vn -0.1689 0.9843 -0.0515
vn -0.1260 0.9913 -0.0374
vn -0.0888 0.9957 -0.0260
vn -0.0592 0.9981 -0.0163
vn -0.0375 0.9992 -0.0098
vn -0.0216 0.9997 -0.0067
vn -0.0105 0.9999 -0.0045
vn -0.0039 1.0000 -0.0021
vn -0.0010 1.0000 -0.0008
vn -0.0011 1.0000 0.0010
vn -0.0036 1.0000 0.0014
vn -0.0048 1.0000 -0.0002
vn -0.0031 1.0000 -0.0015
vn -0.0008 1.0000 -0.0008
vn -0.0002 1.0000 0.0002
vn -0.0006 1.0000 0.0002
vn 0.2386 0.8992 0.3668
vn 0.2106 0.9529 0.2183
vn 0.1539 0.9830 0.1000
vn 0.0633 0.9970 0.0448
vn -0.0674 0.9959 0.0602
vn -0.2336 0.9673 0.0982
vn -0.3974 0.9137 0.0848
vn -0.5216 0.8532 0.0016
vn -0.6101 0.7807 -0.1352
vn -0.6624 0.6821 -0.3097
vn -0.6570 0.5831 -0.4779
vn -0.5980 0.5592 -0.5742
vn -0.5255 0.6758 -0.5169
vn -0.4456 0.8144 -0.3717
vn -0.3886 0.8734 -0.2936
vn -0.3720 0.8896 -0.2651
vn -0.3768 0.8959 -0.2353
vn -0.3828 0.9020 -0.1996
vn -0.3877 0.9078 -0.1598
vn -0.3958 0.9102 -0.1220
vn -0.4038 0.9092 -0.1017
vn -0.4053 0.9087 -0.0997
vn -0.4032 0.9099 -0.0976
vn -0.4007 0.9103 -0.1039
vn -0.3899 0.9144 -0.1092
vn -0.3709 0.9228 -0.1046
vn -0.3483 0.9318 -0.1024
vn -0.3180 0.9436 -0.0918
vn -0.2817 0.9565 -0.0766
vn -0.2433 0.9680 -0.0623
vn -0.2049 0.9776 -0.0481
vn -0.1676 0.9851 -0.0375
vn -0.1332 0.9906 -0.0298
vn -0.1019 0.9945 -0.0241
vn -0.0744 0.9971 -0.0169
vn -0.0527 0.9986 -0.0108
vn -0.0362 0.9993 -0.0075
vn -0.0230 0.9997 -0.0060
vn -0.0123 0.9999 -0.0047
vn -0.0049 1.0000 -0.0028
vn -0.0020 1.0000 0.0020
vn -0.0118 0.9999 0.0078
vn -0.0303 0.9995 0.0128
vn -0.0480 0.9988 0.0098
vn -0.0545 0.9985 -0.0008
vn -0.0461 0.9989 -0.0110
vn -0.0270 0.9996 -0.0128
vn -0.0105 0.9999 -0.0054
vn -0.0113 0.9999 0.0062
vn -0.0312 0.9994 0.0137
vn -0.0581 0.9982 0.0138
vn -0.0803 0.9967 0.0095
vn -0.0901 0.9959 0.0005
vn -0.0832 0.9965 -0.0084
vn -0.0624 0.9980 -0.0132
vn -0.0360 0.9993 -0.0134
vn -0.0141 0.9999 -0.0086
vn -0.0027 1.0000 -0.0027
vn -0.0001 1.0000 -0.0000
vn 0.3369 0.8621 0.3786
vn 0.2983 0.9193 0.2565
vn 0.2145 0.9633 0.1616
vn 0.0875 0.9867 0.1367
vn -0.0792 0.9801 0.1818
vn -0.2552 0.9428 0.2147
vn -0.3926 0.9065 0.1554
vn -0.4785 0.8775 0.0314
vn -0.5352 0.8346 -0.1305
vn -0.5682 0.7562 -0.3244
vn -0.5578 0.6463 -0.5208
vn -0.4910 0.5742 -0.6552
vn -0.4042 0.6597 -0.6336
vn -0.3120 0.8237 -0.4735
vn -0.2461 0.9151 -0.3193
vn -0.2338 0.9432 -0.2362
vn -0.2502 0.9473 -0.2002
vn -0.2721 0.9459 -0.1770
vn -0.2992 0.9441 -0.1386
vn -0.3291 0.9390 -0.1001
vn -0.3535 0.9313 -0.0879
vn -0.3731 0.9233 -0.0914
vn -0.3928 0.9155 -0.0873
vn -0.4074 0.9079 -0.0988
vn -0.4135 0.9030 -0.1167
vn -0.4168 0.9021 -0.1118
vn -0.4184 0.9012 -0.1128
vn -0.4145 0.9032 -0.1118
vn -0.4091 0.9076 -0.0943
vn -0.4032 0.9113 -0.0829
vn -0.3897 0.9179 -0.0743
vn -0.3672 0.9276 -0.0683
vn -0.3346 0.9401 -0.0653
vn -0.2953 0.9535 -0.0601
vn -0.2522 0.9663 -0.0525
vn -0.2089 0.9771 -0.0418
vn -0.1683 0.9851 -0.0347
vn -0.1290 0.9911 -0.0323
vn -0.0890 0.9956 -0.0296
vn -0.0521 0.9984 -0.0225
vn -0.0242 0.9996 -0.0132
vn -0.0077 1.0000 -0.0055
vn -0.0024 1.0000 0.0024
vn -0.0167 0.9997 0.0161
vn -0.0503 0.9980 0.0373
vn -0.0959 0.9943 0.0476
vn -0.1382 0.9898 0.0354
vn -0.1617 0.9868 0.0041
vn -0.1559 0.9873 -0.0298
vn -0.1300 0.9908 -0.0388
vn -0.1163 0.9932 -0.0092
vn -0.1431 0.9889 0.0389
vn -0.2060 0.9763 0.0660
vn -0.2742 0.9598 0.0594
vn -0.3221 0.9460 0.0365
vn -0.3407 0.9402 0.0023
vn -0.3250 0.9451 -0.0337
vn -0.2760 0.9592 -0.0605
vn -0.2016 0.9769 -0.0702
vn -0.1199 0.9911 -0.0582
vn -0.0520 0.9981 -0.0334
vn -0.0133 0.9999 -0.0109
vn -0.0012 1.0000 -0.0012
vn -0.0038 1.0000 0.0037
vn -0.0166 0.9998 0.0091
vn -0.0334 0.9994 0.0078
vn -0.0412 0.9992 0.0001
vn -0.0345 0.9994 -0.0068
vn -0.0196 0.9998 -0.0083
vn -0.0066 1.0000 -0.0047
vn 0.3987 0.8261 0.3982
vn 0.3434 0.8845 0.3157
vn 0.2320 0.9401 0.2498
vn 0.0686 0.9635 0.2589
vn -0.1229 0.9414 0.3141
vn -0.2855 0.9106 0.2988
vn -0.3821 0.9068 0.1783
vn -0.4253 0.9048 0.0227
vn -0.4424 0.8828 -0.1579
vn -0.4431 0.8215 -0.3589
vn -0.4181 0.7134 -0.5623
vn -0.3483 0.6037 -0.7170
vn -0.2473 0.6340 -0.7327
vn -0.1369 0.8032 -0.5797
vn -0.0584 0.9372 -0.3439
vn -0.0423 0.9813 -0.1876
vn -0.0650 0.9884 -0.1372
vn -0.1025 0.9873 -0.1216
vn -0.1496 0.9849 -0.0868
vn -0.1959 0.9789 -0.0575
vn -0.2368 0.9699 -0.0560
vn -0.2770 0.9590 -0.0598
vn -0.3146 0.9474 -0.0584
vn -0.3448 0.9353 -0.0795
vn -0.3721 0.9227 -0.1012
vn -0.4001 0.9116 -0.0944
vn -0.4285 0.8986 -0.0946
vn -0.4602 0.8830 -0.0920
vn -0.4941 0.8665 -0.0704
vn -0.5217 0.8505 -0.0663
vn -0.5363 0.8410 -0.0717
vn -0.5375 0.8395 -0.0800
vn -0.5220 0.8478 -0.0942
vn -0.4959 0.8634 -0.0933
vn -0.4652 0.8805 -0.0910
vn -0.4235 0.9016 -0.0884
vn -0.3697 0.9251 -0.0868
vn -0.3052 0.9482 -0.0883
vn -0.2353 0.9681 -0.0864
vn -0.1624 0.9837 -0.0769
vn -0.0933 0.9940 -0.0565
vn -0.0409 0.9987 -0.0313
vn -0.0119 0.9999 -0.0109
vn -0.0016 1.0000 -0.0016
vn -0.0003 1.0000 0.0003
vn -0.0095 0.9999 0.0137
vn -0.0416 0.9978 0.0511
vn -0.0969 0.9911 0.0913
vn -0.1640 0.9807 0.1065
vn -0.2271 0.9704 0.0824
vn -0.2723 0.9618 0.0274
vn -0.3028 0.9528 -0.0235
vn -0.3326 0.9426 -0.0303
vn -0.3680 0.9297 0.0161
vn -0.4107 0.9076 0.0866
vn -0.4629 0.8771 0.1282
vn -0.5139 0.8505 0.1120
vn -0.5474 0.8345 0.0629
vn -0.5562 0.8310 0.0003
vn -0.5389 0.8397 -0.0675
vn -0.4924 0.8612 -0.1259
vn -0.4139 0.8959 -0.1614
vn -0.3056 0.9385 -0.1605
vn -0.1837 0.9752 -0.1235
vn -0.0790 0.9947 -0.0657
vn -0.0191 0.9996 -0.0187
vn -0.0014 1.0000 -0.0014
vn -0.0201 0.9997 0.0162
vn -0.0682 0.9969 0.0399
vn -0.1304 0.9903 0.0488
vn -0.1744 0.9842 0.0293
vn -0.1811 0.9834 -0.0074
vn -0.1510 0.9878 -0.0369
vn -0.0993 0.9940 -0.0455
vn -0.0476 0.9983 -0.0326
vn -0.0142 0.9998 -0.0123
vn -0.0019 1.0000 -0.0019
vn 0.3604 0.8188 0.4468
vn 0.2961 0.8638 0.4076
vn 0.1690 0.9145 0.3675
vn -0.0087 0.9178 0.3970
vn -0.1816 0.8887 0.4209
vn -0.2977 0.8959 0.3296
vn -0.3508 0.9221 0.1633
vn -0.3594 0.9330 -0.0170
vn -0.3407 0.9161 -0.2114
vn -0.3064 0.8599 -0.4083
vn -0.2573 0.7561 -0.6017
vn -0.1818 0.6290 -0.7558
vn -0.0795 0.6001 -0.7959
vn 0.0403 0.7444 -0.6665
vn 0.1358 0.9146 -0.3810
vn 0.1610 0.9765 -0.1434
vn 0.1390 0.9883 -0.0626
vn 0.0951 0.9945 -0.0440
vn 0.0400 0.9991 -0.0170
vn -0.0137 0.9999 -0.0020
vn -0.0657 0.9978 -0.0058
vn -0.1201 0.9927 -0.0088
vn -0.1712 0.9851 -0.0158
vn -0.2177 0.9751 -0.0423
vn -0.2689 0.9614 -0.0584
vn -0.3260 0.9441 -0.0485
vn -0.3884 0.9207 -0.0393
vn -0.4575 0.8889 -0.0258
vn -0.5203 0.8539 -0.0093
vn -0.5691 0.8221 -0.0168
vn -0.6051 0.7953 -0.0375
vn -0.6276 0.7760 -0.0633
vn -0.6380 0.7645 -0.0925
vn -0.6375 0.7635 -0.1034
vn -0.6253 0.7720 -0.1140
vn -0.5948 0.7923 -0.1359
vn -0.5410 0.8264 -0.1558
vn -0.4663 0.8683 -0.1691
vn -0.3795 0.9094 -0.1704
vn -0.2858 0.9442 -0.1639
vn -0.1892 0.9724 -0.1369
vn -0.1028 0.9906 -0.0903
vn -0.0406 0.9982 -0.0432
vn -0.0090 0.9999 -0.0111
vn -0.0020 1.0000 0.0026
vn -0.0170 0.9992 0.0355
vn -0.0566 0.9933 0.1007
vn -0.1201 0.9797 0.1603
vn -0.1981 0.9630 0.1825
vn -0.2782 0.9486 0.1505
vn -0.3588 0.9290 0.0908
vn -0.4437 0.8949 0.0472
vn -0.5235 0.8510 0.0418
vn -0.5785 0.8130 0.0659
vn -0.5988 0.7937 0.1071
vn -0.5980 0.7885 0.1437
vn -0.5972 0.7912 0.1320
vn -0.5999 0.7969 0.0718
vn -0.5966 0.8025 -0.0089
vn -0.5831 0.8067 -0.0964
vn -0.5550 0.8125 -0.1786
vn -0.5045 0.8285 -0.2430
vn -0.4251 0.8636 -0.2710
vn -0.3138 0.9162 -0.2494
vn -0.1834 0.9671 -0.1763
vn -0.0719 0.9942 -0.0795
vn -0.0140 0.9998 -0.0160
vn -0.0065 1.0000 0.0057
vn -0.0431 0.9985 0.0350
vn -0.1313 0.9872 0.0909
vn -0.2464 0.9604 0.1301
vn -0.3378 0.9346 0.1110
vn -0.3758 0.9256 0.0448
vn -0.3592 0.9325 -0.0381
vn -0.2982 0.9491 -0.1011
vn -0.2111 0.9698 -0.1223
vn -0.1199 0.9878 -0.0995
vn -0.0478 0.9975 -0.0511
vn -0.0102 0.9999 -0.0130
vn 0.1969 0.8330 0.5171
vn 0.1435 0.8464 0.5128
vn 0.0345 0.8714 0.4893
vn -0.1048 0.8549 0.5081
vn -0.2196 0.8551 0.4696
vn -0.2859 0.9047 0.3159
vn -0.3048 0.9447 0.1208
vn -0.2857 0.9550 -0.0801
vn -0.2373 0.9299 -0.2809
vn -0.1738 0.8670 -0.4669
vn -0.1042 0.7607 -0.6407
vn -0.0267 0.6261 -0.7793
vn 0.0627 0.5579 -0.8276
vn 0.1741 0.6656 -0.7257
vn 0.2831 0.8566 -0.4314
vn 0.3193 0.9392 -0.1258
vn 0.3028 0.9531 -0.0022
vn 0.2656 0.9637 0.0288
vn 0.2179 0.9747 0.0495
vn 0.1704 0.9839 0.0538
vn 0.1219 0.9913 0.0495
vn 0.0684 0.9964 0.0499
vn 0.0136 0.9993 0.0356
vn -0.0436 0.9990 0.0122
vn -0.1151 0.9933 0.0118
vn -0.2011 0.9791 0.0302
vn -0.2969 0.9533 0.0549
vn -0.3940 0.9160 0.0757
vn -0.4770 0.8755 0.0778
vn -0.5441 0.8369 0.0593
vn -0.5978 0.8013 0.0234
vn -0.6389 0.7691 -0.0172
vn -0.6694 0.7407 -0.0570
vn -0.6856 0.7220 -0.0927
vn -0.6822 0.7193 -0.1311
vn -0.6595 0.7300 -0.1790
vn -0.6176 0.7534 -0.2255
vn -0.5519 0.7922 -0.2604
vn -0.4645 0.8431 -0.2711
vn -0.3655 0.8922 -0.2651
vn -0.2627 0.9351 -0.2378
vn -0.1630 0.9707 -0.1766
vn -0.0794 0.9916 -0.1025
vn -0.0252 0.9990 -0.0375
vn -0.0034 1.0000 -0.0044
vn -0.0027 1.0000 0.0073
vn -0.0152 0.9982 0.0582
vn -0.0476 0.9876 0.1496
vn -0.1034 0.9676 0.2302
vn -0.1778 0.9479 0.2643
vn -0.2742 0.9297 0.2459
vn -0.3904 0.8980 0.2031
vn -0.4992 0.8510 0.1631
vn -0.5746 0.8076 0.1331
vn -0.6116 0.7836 0.1088
vn -0.6132 0.7839 0.0971
vn -0.5836 0.8046 0.1094
vn -0.5401 0.8347 0.1081
vn -0.5070 0.8599 0.0594
vn -0.4920 0.8704 -0.0210
vn -0.4871 0.8660 -0.1131
vn -0.4823 0.8509 -0.2083
vn -0.4672 0.8341 -0.2931
vn -0.4304 0.8328 -0.3482
vn -0.3631 0.8609 -0.3564
vn -0.2628 0.9166 -0.3013
vn -0.1435 0.9723 -0.1847
vn -0.0574 0.9969 -0.0541
vn -0.0672 0.9967 0.0465
vn -0.1746 0.9747 0.1396
vn -0.3187 0.9220 0.2199
vn -0.4341 0.8719 0.2267
vn -0.4953 0.8553 0.1521
vn -0.5045 0.8628 0.0323
vn -0.4646 0.8802 -0.0966
vn -0.3832 0.9033 -0.1928
vn -0.2776 0.9335 -0.2270
vn -0.1696 0.9660 -0.1952
vn -0.0795 0.9899 -0.1174
vn -0.0238 0.9989 -0.0398
vn -0.0310 0.8188 0.5732
vn -0.0647 0.8085 0.5849
vn -0.1198 0.8109 0.5729
vn -0.1854 0.8057 0.5625
vn -0.2302 0.8530 0.4684
vn -0.2561 0.9246 0.2819
vn -0.2574 0.9640 0.0665
vn -0.2252 0.9625 -0.1512
vn -0.1610 0.9204 -0.3562
vn -0.0789 0.8431 -0.5319
vn 0.0039 0.7273 -0.6863
vn 0.0777 0.5891 -0.8043
vn 0.1429 0.5061 -0.8506
vn 0.2325 0.5873 -0.7752
vn 0.3483 0.7958 -0.4953
vn 0.4000 0.9058 -0.1396
vn 0.3937 0.9188 0.0296
vn 0.3707 0.9256 0.0769
vn 0.3409 0.9352 0.0960
vn 0.3101 0.9459 0.0958
vn 0.2771 0.9563 0.0938
vn 0.2374 0.9662 0.1005
vn 0.1931 0.9776 0.0843
vn 0.1387 0.9875 0.0754
vn 0.0597 0.9932 0.0995
vn -0.0433 0.9900 0.1343
vn -0.1605 0.9714 0.1749
vn -0.2728 0.9427 0.1921
vn -0.3696 0.9112 0.1821
vn -0.4524 0.8782 0.1549
vn -0.5212 0.8472 0.1033
vn -0.5760 0.8159 0.0506
vn -0.6158 0.7879 -0.0067
vn -0.6373 0.7669 -0.0755
vn -0.6398 0.7543 -0.1475
vn -0.6254 0.7490 -0.2188
vn -0.5951 0.7509 -0.2864
vn -0.5444 0.7638 -0.3468
vn -0.4705 0.7989 -0.3745
vn -0.3809 0.8483 -0.3679
vn -0.2842 0.8964 -0.3400
vn -0.1892 0.9439 -0.2707
vn -0.1049 0.9787 -0.1763
vn -0.0413 0.9959 -0.0810
vn -0.0080 0.9998 -0.0157
vn -0.0003 0.9999 0.0103
vn -0.0028 0.9975 0.0702
vn -0.0151 0.9833 0.1816
vn -0.0468 0.9576 0.2842
vn -0.1081 0.9332 0.3428
vn -0.2075 0.9096 0.3598
vn -0.3288 0.8825 0.3364
vn -0.4330 0.8573 0.2783
vn -0.4960 0.8437 0.2054
vn -0.5168 0.8460 0.1311
vn -0.5011 0.8627 0.0680
vn -0.4493 0.8925 0.0385
vn -0.3689 0.9288 0.0349
vn -0.2943 0.9556 0.0168
vn -0.2604 0.9649 -0.0330
vn -0.2663 0.9576 -0.1096
vn -0.2958 0.9334 -0.2034
vn -0.3285 0.8954 -0.3007
vn -0.3439 0.8583 -0.3809
vn -0.3287 0.8459 -0.4201
vn -0.2771 0.8749 -0.3973
vn -0.1995 0.9363 -0.2889
vn -0.1523 0.9848 -0.0830
vn -0.2062 0.9684 0.1404
vn -0.3383 0.8962 0.2869
vn -0.4564 0.8259 0.3310
vn -0.5237 0.8056 0.2771
vn -0.5457 0.8240 0.1521
vn -0.5233 0.8521 -0.0120
vn -0.4602 0.8700 -0.1770
vn -0.3679 0.8811 -0.2971
vn -0.2625 0.9037 -0.3383
vn -0.1613 0.9421 -0.2940
vn -0.0798 0.9787 -0.1894
vn -0.0275 0.9968 -0.0752
vn -0.2091 0.7707 0.6019
vn -0.2229 0.7661 0.6028
vn -0.2175 0.7700 0.5998
vn -0.2133 0.7953 0.5675
vn -0.2124 0.8690 0.4468
vn -0.2221 0.9430 0.2480
vn -0.2274 0.9736 0.0176
vn -0.2050 0.9546 -0.2161
vn -0.1453 0.8912 -0.4298
vn -0.0564 0.7951 -0.6039
vn 0.0333 0.6663 -0.7449
vn 0.0971 0.5263 -0.8448
vn 0.1381 0.4448 -0.8849
vn 0.2090 0.5171 -0.8300
vn 0.3267 0.7522 -0.5723
vn 0.4004 0.8981 -0.1821
vn 0.4100 0.9114 0.0349
vn 0.4042 0.9095 0.0971
vn 0.3966 0.9106 0.1164
vn 0.3875 0.9144 0.1171
vn 0.3724 0.9201 0.1212
vn 0.3511 0.9270 0.1317
vn 0.3264 0.9377 0.1192
vn 0.2852 0.9490 0.1343
vn 0.2130 0.9592 0.1858
vn 0.1135 0.9638 0.2414
vn 0.0001 0.9567 0.2910
vn -0.1113 0.9461 0.3040
vn -0.2161 0.9318 0.2916
vn -0.3095 0.9158 0.2560
vn -0.3897 0.9005 0.1931
vn -0.4538 0.8822 0.1256
vn -0.4975 0.8664 0.0427
vn -0.5222 0.8510 -0.0564
vn -0.5301 0.8333 -0.1566
vn -0.5231 0.8145 -0.2509
vn -0.5017 0.7971 -0.3361
vn -0.4625 0.7823 -0.4172
vn -0.4045 0.7870 -0.4659
vn -0.3308 0.8220 -0.4636
vn -0.2498 0.8671 -0.4311
vn -0.1711 0.9188 -0.3558
vn -0.1003 0.9639 -0.2467
vn -0.0441 0.9906 -0.1295
vn -0.0107 0.9994 -0.0336
vn 0.0021 1.0000 0.0077
vn 0.0122 0.9978 0.0652
vn 0.0266 0.9826 0.1840
vn 0.0280 0.9507 0.3088
vn -0.0083 0.9140 0.4056
vn -0.0917 0.8817 0.4629
vn -0.1988 0.8698 0.4516
vn -0.2906 0.8821 0.3707
vn -0.3424 0.9046 0.2538
vn -0.3488 0.9283 0.1287
vn -0.3122 0.9499 0.0166
vn -0.2356 0.9701 -0.0585
vn -0.1241 0.9889 -0.0817
vn -0.0123 0.9979 -0.0629
vn 0.0443 0.9979 -0.0473
vn 0.0288 0.9966 -0.0770
vn -0.0362 0.9881 -0.1496
vn -0.1217 0.9601 -0.2517
vn -0.1990 0.9120 -0.3587
vn -0.2423 0.8678 -0.4339
vn -0.2458 0.8611 -0.4450
vn -0.2387 0.9105 -0.3377
vn -0.2661 0.9619 -0.0626
vn -0.3333 0.9091 0.2499
vn -0.4135 0.8167 0.4026
vn -0.4737 0.7880 0.3933
vn -0.5004 0.8160 0.2894
vn -0.4898 0.8638 0.1182
vn -0.4373 0.8952 -0.0865
vn -0.3494 0.8957 -0.2750
vn -0.2504 0.8821 -0.3989
vn -0.1616 0.8871 -0.4323
vn -0.0905 0.9240 -0.3715
vn -0.0402 0.9694 -0.2424
vn -0.0124 0.9948 -0.1015
vn -0.2867 0.7361 0.6132
vn -0.2827 0.7558 0.5906
vn -0.2386 0.7750 0.5852
vn -0.1851 0.8164 0.5471
vn -0.1607 0.8911 0.4243
vn -0.1752 0.9578 0.2277
vn -0.2051 0.9787 -0.0090
vn -0.2198 0.9417 -0.2547
vn -0.1971 0.8524 -0.4843
vn -0.1283 0.7283 -0.6731
vn -0.0427 0.5800 -0.8135
vn 0.0193 0.4412 -0.8972
vn 0.0578 0.3707 -0.9270
vn 0.1199 0.4523 -0.8838
vn 0.2366 0.7165 -0.6562
vn 0.3272 0.9123 -0.2464
vn 0.3558 0.9344 0.0195
vn 0.3712 0.9241 0.0913
vn 0.3870 0.9153 0.1116
vn 0.3974 0.9098 0.1198
vn 0.4000 0.9072 0.1304
vn 0.3986 0.9060 0.1424
vn 0.3878 0.9106 0.1428
vn 0.3546 0.9169 0.1834
vn 0.2985 0.9200 0.2541
vn 0.2281 0.9193 0.3208
vn 0.1468 0.9153 0.3750
vn 0.0549 0.9163 0.3968
vn -0.0455 0.9195 0.3904
vn -0.1434 0.9253 0.3511
vn -0.2311 0.9312 0.2818
vn -0.2995 0.9340 0.1949
vn -0.3448 0.9347 0.0863
vn -0.3710 0.9279 -0.0358
vn -0.3813 0.9108 -0.1585
vn -0.3776 0.8849 -0.2729
vn -0.3610 0.8541 -0.3743
vn -0.3296 0.8186 -0.4704
vn -0.2839 0.7952 -0.5358
vn -0.2273 0.8091 -0.5418
vn -0.1669 0.8487 -0.5018
vn -0.1131 0.9006 -0.4196
vn -0.0669 0.9516 -0.3001
vn -0.0303 0.9854 -0.1678
vn -0.0079 0.9987 -0.0508
vn 0.0020 1.0000 0.0023
vn 0.0186 0.9989 0.0439
vn 0.0568 0.9867 0.1525
vn 0.0954 0.9504 0.2961
vn 0.0922 0.8939 0.4387
vn 0.0349 0.8450 0.5336
vn -0.0444 0.8467 0.5303
vn -0.1127 0.8936 0.4345
vn -0.1506 0.9479 0.2807
vn -0.1449 0.9837 0.1065
vn -0.0946 0.9942 -0.0515
vn -0.0042 0.9862 -0.1658
vn 0.1198 0.9697 -0.2130
vn 0.2506 0.9534 -0.1683
vn 0.3245 0.9435 -0.0674
vn 0.3049 0.9523 -0.0151
vn 0.2158 0.9753 -0.0474
vn 0.0900 0.9856 -0.1429
vn -0.0405 0.9607 -0.2748
vn -0.1410 0.9081 -0.3943
vn -0.2028 0.8753 -0.4390
vn -0.2600 0.9098 -0.3236
vn -0.3255 0.9455 -0.0064
vn -0.3610 0.8716 0.3317
vn -0.3764 0.8010 0.4655
vn -0.3893 0.8203 0.4191
vn -0.3787 0.8841 0.2736
vn -0.3360 0.9399 0.0609
vn -0.2609 0.9489 -0.1775
vn -0.1621 0.9122 -0.3764
vn -0.0675 0.8736 -0.4820
vn -0.0053 0.8731 -0.4875
vn 0.0210 0.9142 -0.4048
vn 0.0221 0.9663 -0.2565
vn 0.0114 0.9946 -0.1035
vn -0.2994 0.7284 0.6163
vn -0.2792 0.7769 0.5643
vn -0.2072 0.8115 0.5463
vn -0.1307 0.8484 0.5130
vn -0.0915 0.9096 0.4053
vn -0.1102 0.9695 0.2188
vn -0.1628 0.9865 -0.0176
vn -0.2156 0.9385 -0.2696
vn -0.2441 0.8247 -0.5102
vn -0.2276 0.6621 -0.7140
vn -0.1682 0.4814 -0.8602
vn -0.1018 0.3371 -0.9359
vn -0.0478 0.2888 -0.9562
vn 0.0161 0.3874 -0.9218
vn 0.1150 0.6753 -0.7285
vn 0.1984 0.9280 -0.3153
vn 0.2411 0.9704 -0.0127
vn 0.2735 0.9597 0.0648
vn 0.3063 0.9480 0.0867
vn 0.3346 0.9364 0.1059
vn 0.3525 0.9274 0.1252
vn 0.3576 0.9223 0.1465
vn 0.3455 0.9231 0.1688
vn 0.3165 0.9215 0.2252
vn 0.2821 0.9115 0.2992
vn 0.2517 0.8979 0.3610
vn 0.2229 0.8819 0.4154
vn 0.1762 0.8726 0.4556
vn 0.0969 0.8776 0.4695
vn 0.0003 0.9001 0.4357
vn -0.0867 0.9299 0.3574
vn -0.1494 0.9564 0.2509
vn -0.1896 0.9742 0.1223
vn -0.2123 0.9770 -0.0178
vn -0.2198 0.9626 -0.1583
vn -0.2147 0.9333 -0.2879
vn -0.1976 0.8936 -0.4030
vn -0.1683 0.8440 -0.5092
vn -0.1321 0.8025 -0.5819
vn -0.0921 0.7993 -0.5938
vn -0.0537 0.8362 -0.5458
vn -0.0286 0.8914 -0.4524
vn -0.0141 0.9448 -0.3273
vn -0.0043 0.9825 -0.1862
vn -0.0002 0.9983 -0.0586
vn 0.0125 0.9997 0.0186
vn 0.0575 0.9938 0.0949
vn 0.1273 0.9619 0.2420
vn 0.1673 0.8864 0.4316
vn 0.1504 0.8118 0.5642
vn 0.1089 0.8133 0.5715
vn 0.0703 0.8795 0.4707
vn 0.0510 0.9552 0.2916
vn 0.0618 0.9950 0.0780
vn 0.1087 0.9868 -0.1204
vn 0.1920 0.9447 -0.2659
vn 0.3047 0.8931 -0.3309
vn 0.4284 0.8618 -0.2715
vn 0.5056 0.8582 -0.0882
vn 0.4816 0.8740 0.0648
vn 0.3831 0.9196 0.0872
vn 0.2413 0.9704 0.0099
vn 0.0833 0.9865 -0.1411
vn -0.0547 0.9500 -0.3073
vn -0.1551 0.9086 -0.3877
vn -0.2404 0.9314 -0.2733
vn -0.3030 0.9518 0.0479
vn -0.3013 0.8787 0.3702
vn -0.2732 0.8300 0.4863
vn -0.2489 0.8774 0.4102
vn -0.2019 0.9532 0.2250
vn -0.1278 0.9917 -0.0147
vn -0.0423 0.9634 -0.2646
vn 0.0428 0.8888 -0.4564
vn 0.1138 0.8387 -0.5326
vn 0.1470 0.8560 -0.4956
vn 0.1271 0.9158 -0.3810
vn 0.0749 0.9720 -0.2227
vn 0.0278 0.9965 -0.0790
vn -0.2773 0.7359 0.6177
vn -0.2539 0.8103 0.5281
vn -0.1682 0.8543 0.4918
vn -0.0762 0.8786 0.4714
vn -0.0287 0.9221 0.3860
vn -0.0412 0.9758 0.2148
vn -0.0983 0.9950 -0.0165
vn -0.1673 0.9480 -0.2706
vn -0.2242 0.8251 -0.5186
vn -0.2469 0.6338 -0.7330
vn -0.2200 0.4137 -0.8834
vn -0.1577 0.2516 -0.9549
vn -0.0922 0.2251 -0.9700
vn -0.0370 0.3400 -0.9397
vn 0.0177 0.6386 -0.7693
vn 0.0649 0.9275 -0.3681
vn 0.1002 0.9937 -0.0495
vn 0.1314 0.9909 0.0304
vn 0.1672 0.9846 0.0511
vn 0.1989 0.9766 0.0822
vn 0.2112 0.9697 0.1228
vn 0.1996 0.9660 0.1642
vn 0.1730 0.9635 0.2044
vn 0.1451 0.9545 0.2604
vn 0.1302 0.9369 0.3245
vn 0.1363 0.9190 0.3700
vn 0.1567 0.8941 0.4195
vn 0.1611 0.8611 0.4823
vn 0.1291 0.8424 0.5231
vn 0.0708 0.8633 0.4997
vn 0.0120 0.9111 0.4120
vn -0.0298 0.9569 0.2889
vn -0.0542 0.9877 0.1466
vn -0.0652 0.9978 -0.0078
vn -0.0639 0.9847 -0.1620
vn -0.0520 0.9519 -0.3019
vn -0.0302 0.9039 -0.4267
vn -0.0018 0.8442 -0.5360
vn 0.0262 0.7948 -0.6063
vn 0.0519 0.7849 -0.6174
vn 0.0686 0.8272 -0.5578
vn 0.0632 0.8909 -0.4498
vn 0.0444 0.9453 -0.3232
vn 0.0241 0.9836 -0.1789
vn 0.0071 0.9986 -0.0530
vn 0.0004 1.0000 -0.0006
vn 0.0036 1.0000 0.0036
vn 0.0312 0.9988 0.0377
vn 0.1045 0.9823 0.1555
vn 0.1912 0.9073 0.3745
vn 0.2329 0.8011 0.5513
vn 0.2386 0.7802 0.5782
vn 0.2376 0.8430 0.4825
vn 0.2388 0.9254 0.2943
vn 0.2481 0.9671 0.0565
vn 0.2755 0.9454 -0.1741
vn 0.3254 0.8812 -0.3429
vn 0.3935 0.8189 -0.4179
vn 0.4719 0.8105 -0.3471
vn 0.5131 0.8540 -0.0864
vn 0.4613 0.8716 0.1657
vn 0.3634 0.9034 0.2276
vn 0.2545 0.9540 0.1584
vn 0.1285 0.9917 0.0059
vn -0.0063 0.9817 -0.1901
vn -0.1155 0.9430 -0.3120
vn -0.1888 0.9567 -0.2215
vn -0.2205 0.9724 0.0759
vn -0.1929 0.9086 0.3705
vn -0.1419 0.8696 0.4728
vn -0.0906 0.9236 0.3725
vn -0.0218 0.9882 0.1516
vn 0.0648 0.9928 -0.1012
vn 0.1446 0.9298 -0.3385
vn 0.2033 0.8381 -0.5062
vn 0.2428 0.7991 -0.5500
vn 0.2458 0.8527 -0.4609
vn 0.1833 0.9351 -0.3034
vn 0.0894 0.9848 -0.1492
vn 0.0250 0.9988 -0.0413
vn -0.2201 0.7453 0.6294
vn -0.2224 0.8366 0.5006
vn -0.1594 0.8873 0.4328
vn -0.0555 0.9021 0.4279
vn 0.0108 0.9310 0.3648
vn 0.0106 0.9782 0.2075
vn -0.0416 0.9990 -0.0178
vn -0.1103 0.9554 -0.2740
vn -0.1656 0.8316 -0.5302
vn -0.1888 0.6279 -0.7551
vn -0.1684 0.3831 -0.9082
vn -0.1122 0.2044 -0.9724
vn -0.0485 0.1956 -0.9795
vn -0.0114 0.3428 -0.9393
vn -0.0035 0.6352 -0.7724
vn 0.0033 0.9212 -0.3890
vn 0.0150 0.9972 -0.0732
vn 0.0274 0.9996 0.0067
vn 0.0378 0.9989 0.0280
vn 0.0336 0.9964 0.0777
vn 0.0053 0.9893 0.1456
vn -0.0440 0.9775 0.2064
vn -0.1004 0.9635 0.2482
vn -0.1408 0.9485 0.2836
vn -0.1480 0.9357 0.3201
vn -0.1223 0.9307 0.3447
vn -0.0787 0.9167 0.3917
vn -0.0316 0.8811 0.4719
vn 0.0186 0.8501 0.5263
vn 0.0569 0.8531 0.5187
vn 0.0640 0.8968 0.4378
vn 0.0577 0.9505 0.3054
vn 0.0579 0.9866 0.1528
vn 0.0666 0.9977 -0.0118
vn 0.0818 0.9813 -0.1742
vn 0.1029 0.9417 -0.3203
vn 0.1297 0.8841 -0.4489
vn 0.1552 0.8193 -0.5519
vn 0.1731 0.7714 -0.6123
vn 0.1837 0.7667 -0.6151
vn 0.1778 0.8259 -0.5350
vn 0.1414 0.8998 -0.4127
vn 0.0914 0.9532 -0.2883
vn 0.0440 0.9884 -0.1454
vn 0.0106 0.9993 -0.0363
vn 0.0068 1.0000 0.0068
vn 0.0506 0.9962 0.0703
vn 0.1483 0.9510 0.2713
vn 0.2511 0.8345 0.4904
vn 0.3173 0.7713 0.5518
vn 0.3611 0.8046 0.4714
vn 0.3896 0.8741 0.2903
vn 0.4024 0.9142 0.0469
vn 0.4027 0.8937 -0.1979
vn 0.3924 0.8401 -0.3745
vn 0.3620 0.8190 -0.4452
vn 0.2953 0.8892 -0.3495
vn 0.1976 0.9801 -0.0217
vn 0.1037 0.9541 0.2809
vn 0.0276 0.9418 0.3350
vn -0.0130 0.9712 0.2378
vn -0.0311 0.9959 0.0853
vn -0.0634 0.9927 -0.1028
vn -0.1096 0.9626 -0.2479
vn -0.1368 0.9703 -0.1997
vn -0.1234 0.9903 0.0641
vn -0.0713 0.9383 0.3383
vn -0.0085 0.9012 0.4333
vn 0.0515 0.9452 0.3225
vn 0.1164 0.9902 0.0766
vn 0.1894 0.9641 -0.1859
vn 0.2527 0.8801 -0.4021
vn 0.2880 0.7934 -0.5363
vn 0.2959 0.7876 -0.5405
vn 0.2588 0.8847 -0.3878
vn 0.1586 0.9689 -0.1897
vn 0.0580 0.9961 -0.0669
vn 0.0102 0.9999 -0.0122
vn -0.1495 0.7393 0.6565
vn -0.1874 0.8448 0.5012
vn -0.1649 0.9066 0.3885
vn -0.0723 0.9220 0.3804
vn 0.0176 0.9392 0.3429
vn 0.0412 0.9791 0.1991
vn 0.0076 0.9997 -0.0223
vn -0.0455 0.9577 -0.2841
vn -0.0864 0.8305 -0.5503
vn -0.0960 0.6164 -0.7816
vn -0.0665 0.3557 -0.9322
vn -0.0088 0.1743 -0.9847
vn 0.0479 0.2039 -0.9778
vn 0.0639 0.4021 -0.9134
vn 0.0354 0.6858 -0.7270
vn 0.0070 0.9285 -0.3714
vn -0.0003 0.9968 -0.0800
vn -0.0027 1.0000 0.0028
vn -0.0207 0.9990 0.0393
vn -0.0687 0.9906 0.1181
vn -0.1472 0.9665 0.2104
vn -0.2428 0.9288 0.2799
vn -0.3347 0.8918 0.3044
vn -0.3969 0.8682 0.2978
vn -0.4180 0.8608 0.2904
vn -0.4093 0.8643 0.2922
vn -0.3752 0.8680 0.3251
vn -0.2968 0.8720 0.3892
vn -0.1659 0.8822 0.4407
vn -0.0243 0.8855 0.4641
vn 0.0707 0.9045 0.4206
vn 0.1175 0.9483 0.2948
vn 0.1508 0.9794 0.1346
vn 0.1843 0.9822 -0.0356
vn 0.2163 0.9558 -0.1993
vn 0.2467 0.9055 -0.3452
vn 0.2739 0.8400 -0.4684
vn 0.2921 0.7778 -0.5565
vn 0.2981 0.7404 -0.6025
vn 0.2898 0.7562 -0.5866
vn 0.2555 0.8404 -0.4779
vn 0.1890 0.9191 -0.3458
vn 0.1117 0.9679 -0.2253
vn 0.0455 0.9944 -0.0949
vn 0.0088 0.9998 -0.0172
vn 0.0134 0.9997 0.0202
vn 0.0840 0.9840 0.1570
vn 0.2121 0.9015 0.3772
vn 0.3349 0.8075 0.4856
vn 0.4249 0.7947 0.4336
vn 0.4835 0.8314 0.2738
vn 0.5053 0.8617 0.0474
vn 0.4811 0.8580 -0.1798
vn 0.4000 0.8565 -0.3263
vn 0.2277 0.9127 -0.3392
vn -0.0310 0.9817 -0.1877
vn -0.2470 0.9624 0.1130
vn -0.3541 0.8706 0.3417
vn -0.3999 0.8518 0.3386
vn -0.4080 0.8898 0.2045
vn -0.3605 0.9318 0.0433
vn -0.2836 0.9518 -0.1166
vn -0.2104 0.9444 -0.2528
vn -0.1395 0.9614 -0.2373
vn -0.0588 0.9983 0.0034
vn 0.0251 0.9603 0.2779
vn 0.0948 0.9204 0.3792
vn 0.1516 0.9487 0.2773
vn 0.1966 0.9802 0.0230
vn 0.2359 0.9383 -0.2530
vn 0.2670 0.8486 -0.4567
vn 0.2720 0.7858 -0.5555
vn 0.2398 0.8284 -0.5062
vn 0.1621 0.9430 -0.2908
vn 0.0711 0.9937 -0.0872
vn 0.0165 0.9998 -0.0148
vn 0.0013 1.0000 -0.0013
vn -0.0893 0.7152 0.6932
vn -0.1523 0.8371 0.5253
vn -0.1659 0.9160 0.3653
vn -0.1012 0.9375 0.3328
vn -0.0048 0.9484 0.3171
vn 0.0504 0.9809 0.1881
vn 0.0545 0.9981 -0.0301
vn 0.0322 0.9544 -0.2967
vn 0.0129 0.8195 -0.5729
vn 0.0221 0.5870 -0.8093
vn 0.0658 0.3148 -0.9469
vn 0.1222 0.1552 -0.9803
vn 0.1643 0.2528 -0.9535
vn 0.1475 0.5084 -0.8484
vn 0.0801 0.7648 -0.6392
vn 0.0214 0.9451 -0.3262
vn -0.0000 0.9970 -0.0773
vn -0.0060 0.9999 0.0099
vn -0.0322 0.9966 0.0762
vn -0.0981 0.9761 0.1939
vn -0.1991 0.9292 0.3115
vn -0.3134 0.8690 0.3830
vn -0.4201 0.8216 0.3854
vn -0.5024 0.7973 0.3345
vn -0.5494 0.7858 0.2840
vn -0.5669 0.7825 0.2576
vn -0.5490 0.7999 0.2425
vn -0.4736 0.8450 0.2485
vn -0.3313 0.9032 0.2731
vn -0.1420 0.9360 0.3221
vn 0.0342 0.9412 0.3361
vn 0.1493 0.9579 0.2451
vn 0.2227 0.9710 0.0868
vn 0.2820 0.9557 -0.0839
vn 0.3315 0.9122 -0.2411
vn 0.3697 0.8492 -0.3771
vn 0.3935 0.7825 -0.4826
vn 0.4011 0.7326 -0.5499
vn 0.3914 0.7176 -0.5760
vn 0.3574 0.7711 -0.5269
vn 0.2885 0.8745 -0.3900
vn 0.1920 0.9479 -0.2542
vn 0.0957 0.9851 -0.1426
vn 0.0292 0.9985 -0.0454
vn 0.0037 1.0000 -0.0048
vn 0.0029 1.0000 0.0039
vn 0.0401 0.9969 0.0680
vn 0.1484 0.9607 0.2344
vn 0.2963 0.8802 0.3708
vn 0.4239 0.8299 0.3626
vn 0.5067 0.8277 0.2411
vn 0.5351 0.8430 0.0557
vn 0.4950 0.8613 -0.1150
vn 0.3665 0.9142 -0.1727
vn 0.1180 0.9902 -0.0747
vn -0.2076 0.9711 0.1179
vn -0.4383 0.8472 0.3002
vn -0.5327 0.7583 0.3757
vn -0.5708 0.7631 0.3032
vn -0.5715 0.8094 0.1350
vn -0.5349 0.8441 -0.0375
vn -0.4711 0.8624 -0.1852
vn -0.3786 0.8701 -0.3155
vn -0.2552 0.9065 -0.3363
vn -0.1124 0.9866 -0.1183
vn 0.0293 0.9831 0.1807
vn 0.1273 0.9400 0.3165
vn 0.1820 0.9522 0.2453
vn 0.2058 0.9786 -0.0008
vn 0.2066 0.9350 -0.2884
vn 0.1925 0.8521 -0.4867
vn 0.1571 0.8184 -0.5527
vn 0.0990 0.8860 -0.4530
vn 0.0415 0.9751 -0.2179
vn 0.0082 0.9992 -0.0392
vn -0.0436 0.6759 0.7357
vn -0.1280 0.8186 0.5599
vn -0.1755 0.9172 0.3576
vn -0.1392 0.9467 0.2907
vn -0.0432 0.9579 0.2839
vn 0.0400 0.9840 0.1735
vn 0.0887 0.9954 -0.0357
vn 0.1069 0.9459 -0.3064
vn 0.1187 0.7967 -0.5926
vn 0.1524 0.5404 -0.8275
vn 0.2035 0.2625 -0.9432
vn 0.2508 0.1558 -0.9554
vn 0.2735 0.3474 -0.8970
vn 0.2167 0.6437 -0.7340
vn 0.1143 0.8477 -0.5180
vn 0.0361 0.9641 -0.2630
vn 0.0042 0.9976 -0.0686
vn -0.0058 0.9998 0.0194
vn -0.0336 0.9922 0.1201
vn -0.0975 0.9558 0.2773
vn -0.1889 0.8894 0.4163
vn -0.2903 0.8226 0.4889
vn -0.3906 0.7862 0.4789
vn -0.4792 0.7795 0.4035
vn -0.5409 0.7760 0.3243
vn -0.5674 0.7823 0.2568
vn -0.5565 0.8107 0.1815
vn -0.5025 0.8563 0.1191
vn -0.3945 0.9144 0.0911
vn -0.2244 0.9667 0.1232
vn -0.0223 0.9842 0.1756
vn 0.1481 0.9789 0.1409
vn 0.2654 0.9641 0.0041
vn 0.3489 0.9237 -0.1582
vn 0.4110 0.8604 -0.3013
vn 0.4520 0.7892 -0.4159
vn 0.4715 0.7312 -0.4930
vn 0.4683 0.7037 -0.5343
vn 0.4363 0.7290 -0.5275
vn 0.3660 0.8238 -0.4329
vn 0.2576 0.9260 -0.2761
vn 0.1422 0.9786 -0.1488
vn 0.0546 0.9964 -0.0644
vn 0.0109 0.9998 -0.0138
vn 0.0149 0.9997 0.0202
vn 0.0818 0.9906 0.1099
vn 0.2096 0.9514 0.2258
vn 0.3458 0.9016 0.2600
vn 0.4431 0.8759 0.1911
vn 0.4807 0.8745 0.0649
vn 0.4440 0.8957 -0.0229
vn 0.3192 0.9472 0.0309
vn 0.0830 0.9707 0.2256
vn -0.2021 0.8888 0.4113
vn -0.4028 0.7818 0.4760
vn -0.4912 0.7563 0.4322
vn -0.5180 0.8041 0.2916
vn -0.5149 0.8518 0.0963
vn -0.4984 0.8631 -0.0813
vn -0.4779 0.8486 -0.2269
vn -0.4480 0.8195 -0.3574
vn -0.3880 0.8176 -0.4254
vn -0.2824 0.9216 -0.2662
vn -0.1364 0.9899 0.0400
vn 0.0012 0.9735 0.2289
vn 0.0921 0.9739 0.2076
vn 0.1306 0.9914 -0.0102
vn 0.1211 0.9491 -0.2908
vn 0.0846 0.8732 -0.4800
vn 0.0411 0.8497 -0.5256
vn 0.0092 0.9082 -0.4185
vn -0.0012 0.9809 -0.1945
vn -0.0003 0.9995 -0.0321
vn -0.0437 0.6227 0.7812
vn -0.1460 0.7927 0.5919
vn -0.2186 0.9121 0.3470
vn -0.1908 0.9497 0.2482
vn -0.0878 0.9675 0.2371
vn 0.0196 0.9891 0.1462
vn 0.1080 0.9931 -0.0452
vn 0.1696 0.9362 -0.3078
vn 0.2148 0.7740 -0.5957
vn 0.2620 0.4948 -0.8286
vn 0.3017 0.2185 -0.9280
vn 0.3319 0.1757 -0.9268
vn 0.3360 0.4653 -0.8189
vn 0.2468 0.7728 -0.5847
vn 0.1291 0.9137 -0.3854
vn 0.0464 0.9796 -0.1954
vn 0.0089 0.9985 -0.0536
vn -0.0032 0.9996 0.0286
vn -0.0234 0.9871 0.1582
vn -0.0691 0.9358 0.3456
vn -0.1376 0.8546 0.5008
vn -0.2200 0.7866 0.5770
vn -0.3045 0.7708 0.5596
vn -0.3831 0.7890 0.4803
vn -0.4426 0.8117 0.3811
vn -0.4698 0.8412 0.2676
vn -0.4626 0.8748 0.1437
vn -0.4235 0.9053 0.0312
vn -0.3492 0.9359 -0.0465
vn -0.2266 0.9719 -0.0635
vn -0.0522 0.9984 -0.0205
vn 0.1346 0.9908 -0.0169
vn 0.2816 0.9529 -0.1129
vn 0.3791 0.8906 -0.2511
vn 0.4436 0.8142 -0.3746
vn 0.4823 0.7458 -0.4595
vn 0.4950 0.7078 -0.5040
vn 0.4760 0.7186 -0.5070
vn 0.4105 0.7943 -0.4480
vn 0.2956 0.9048 -0.3067
vn 0.1649 0.9746 -0.1513
vn 0.0668 0.9960 -0.0592
vn 0.0175 0.9997 -0.0172
vn 0.0020 1.0000 -0.0020
vn 0.0032 1.0000 0.0032
vn 0.0304 0.9990 0.0335
vn 0.1067 0.9894 0.0983
vn 0.2157 0.9656 0.1451
vn 0.3098 0.9426 0.1247
vn 0.3565 0.9324 0.0598
vn 0.3438 0.9377 0.0498
vn 0.2564 0.9466 0.1956
vn 0.0788 0.8939 0.4413
vn -0.1241 0.7913 0.5987
vn -0.2619 0.7598 0.5950
vn -0.3284 0.8136 0.4798
vn -0.3502 0.8896 0.2934
vn -0.3570 0.9300 0.0873
vn -0.3655 0.9267 -0.0872
vn -0.3780 0.8969 -0.2296
vn -0.3918 0.8478 -0.3574
vn -0.3999 0.7979 -0.4510
vn -0.3991 0.8414 -0.3644
vn -0.3467 0.9335 -0.0918
vn -0.2467 0.9622 0.1155
vn -0.1463 0.9808 0.1291
vn -0.0644 0.9967 -0.0499
vn -0.0146 0.9539 -0.2997
vn 0.0003 0.8840 -0.4675
vn -0.0009 0.8605 -0.5094
vn 0.0016 0.9107 -0.4131
vn 0.0048 0.9809 -0.1943
vn 0.0021 0.9995 -0.0303
vn -0.1160 0.5697 0.8136
vn -0.2238 0.7765 0.5891
vn -0.2815 0.9052 0.3182
vn -0.2450 0.9503 0.1924
vn -0.1344 0.9765 0.1686
vn -0.0029 0.9951 0.0992
vn 0.1169 0.9910 -0.0655
vn 0.2140 0.9277 -0.3060
vn 0.2860 0.7615 -0.5817
vn 0.3385 0.4761 -0.8116
vn 0.3564 0.2045 -0.9117
vn 0.3529 0.2041 -0.9131
vn 0.3245 0.5624 -0.7605
vn 0.2289 0.8600 -0.4561
vn 0.1247 0.9564 -0.2640
vn 0.0477 0.9902 -0.1309
vn 0.0103 0.9993 -0.0349
vn 0.0011 0.9995 0.0328
vn -0.0021 0.9842 0.1768
vn -0.0189 0.9224 0.3857
vn -0.0618 0.8263 0.5598
vn -0.1250 0.7573 0.6410
vn -0.1936 0.7607 0.6195
vn -0.2558 0.8015 0.5405
vn -0.3021 0.8531 0.4253
vn -0.3254 0.9037 0.2783
vn -0.3240 0.9383 0.1208
vn -0.2988 0.9540 -0.0234
vn -0.2488 0.9591 -0.1352
vn -0.1650 0.9665 -0.1969
vn -0.0332 0.9800 -0.1960
vn 0.1349 0.9717 -0.1937
vn 0.2873 0.9250 -0.2487
vn 0.3875 0.8541 -0.3469
vn 0.4427 0.7789 -0.4441
vn 0.4689 0.7290 -0.4987
vn 0.4650 0.7271 -0.5051
vn 0.4144 0.7903 -0.4514
vn 0.3036 0.8943 -0.3286
vn 0.1636 0.9721 -0.1680
vn 0.0582 0.9969 -0.0524
vn 0.0099 0.9999 -0.0116
vn -0.0030 1.0000 -0.0025
vn -0.0029 1.0000 -0.0013
vn 0.0048 1.0000 0.0048
vn 0.0303 0.9992 0.0249
vn 0.0858 0.9949 0.0532
vn 0.1506 0.9869 0.0580
vn 0.1948 0.9801 0.0375
vn 0.2089 0.9750 0.0754
vn 0.1840 0.9430 0.2773
vn 0.1004 0.8291 0.5500
vn -0.0033 0.7274 0.6862
vn -0.0776 0.7526 0.6539
vn -0.1183 0.8534 0.5076
vn -0.1407 0.9418 0.3052
vn -0.1640 0.9809 0.1043
vn -0.1950 0.9787 -0.0637
vn -0.2304 0.9513 -0.2049
vn -0.2705 0.9045 -0.3297
vn -0.3161 0.8458 -0.4298
vn -0.3743 0.8438 -0.3844
vn -0.4100 0.8987 -0.1558
vn -0.3871 0.9215 0.0321
vn -0.3344 0.9417 0.0373
vn -0.2574 0.9580 -0.1263
vn -0.1612 0.9237 -0.3475
vn -0.0757 0.8665 -0.4934
vn -0.0195 0.8517 -0.5237
vn 0.0064 0.9077 -0.4195
vn 0.0084 0.9818 -0.1898
vn 0.0024 0.9997 -0.0257
vn -0.2092 0.5619 0.8003
vn -0.3013 0.7844 0.5422
vn -0.3233 0.9035 0.2812
vn -0.2872 0.9495 0.1264
vn -0.1841 0.9800 0.0754
vn -0.0361 0.9991 0.0240
vn 0.1133 0.9879 -0.1063
vn 0.2360 0.9214 -0.3086
vn 0.3298 0.7622 -0.5570
vn 0.3872 0.4873 -0.7827
vn 0.3806 0.2259 -0.8968
vn 0.3287 0.2440 -0.9124
vn 0.2644 0.6068 -0.7496
vn 0.1785 0.9035 -0.3896
vn 0.0999 0.9805 -0.1692
vn 0.0387 0.9964 -0.0758
vn 0.0080 0.9998 -0.0180
vn 0.0054 0.9996 0.0286
vn 0.0219 0.9856 0.1678
vn 0.0361 0.9189 0.3929
vn 0.0170 0.8049 0.5931
vn -0.0318 0.7305 0.6822
vn -0.0851 0.7468 0.6596
vn -0.1300 0.8060 0.5774
vn -0.1602 0.8785 0.4501
vn -0.1743 0.9424 0.2856
vn -0.1735 0.9789 0.1084
vn -0.1575 0.9859 -0.0559
vn -0.1238 0.9738 -0.1906
vn -0.0663 0.9569 -0.2829
vn 0.0278 0.9456 -0.3240
vn 0.1594 0.9250 -0.3451
vn 0.2930 0.8787 -0.3768
vn 0.3823 0.8174 -0.4310
vn 0.4194 0.7617 -0.4939
vn 0.4201 0.7450 -0.5181
vn 0.3794 0.7954 -0.4726
vn 0.2737 0.8971 -0.3467
vn 0.1223 0.9760 -0.1801
vn -0.0043 0.9986 -0.0528
vn -0.0634 0.9980 -0.0035
vn -0.0744 0.9972 -0.0011
vn -0.0669 0.9977 -0.0078
vn -0.0509 0.9986 -0.0121
vn -0.0314 0.9994 -0.0116
vn -0.0134 0.9999 -0.0080
vn 0.0021 1.0000 0.0021
vn 0.0131 0.9999 0.0091
vn 0.0350 0.9993 0.0149
vn 0.0575 0.9983 0.0135
vn 0.0828 0.9948 0.0600
vn 0.1201 0.9547 0.2722
vn 0.1398 0.8128 0.5655
vn 0.1254 0.6958 0.7072
vn 0.1077 0.7321 0.6727
vn 0.0915 0.8468 0.5240
vn 0.0680 0.9425 0.3272
vn 0.0338 0.9899 0.1379
vn -0.0070 0.9997 -0.0252
vn -0.0514 0.9850 -0.1650
vn -0.1028 0.9527 -0.2859
vn -0.1665 0.9084 -0.3835
vn -0.2494 0.9021 -0.3521
vn -0.3239 0.9340 -0.1506
vn -0.3485 0.9373 0.0102
vn -0.3339 0.9424 -0.0184
vn -0.2866 0.9378 -0.1961
vn -0.2128 0.8886 -0.4063
vn -0.1296 0.8297 -0.5430
vn -0.0556 0.8265 -0.5603
vn -0.0102 0.9012 -0.4332
vn 0.0036 0.9826 -0.1858
vn 0.0017 0.9998 -0.0217
vn -0.2630 0.6066 0.7502
vn -0.3172 0.8119 0.4901
vn -0.3179 0.9142 0.2514
vn -0.2888 0.9549 0.0692
vn -0.2110 0.9771 -0.0282
vn -0.0787 0.9936 -0.0805
vn 0.0740 0.9824 -0.1713
vn 0.2119 0.9209 -0.3271
vn 0.3224 0.7775 -0.5400
vn 0.3880 0.5219 -0.7597
vn 0.3668 0.2763 -0.8883
vn 0.2787 0.2948 -0.9140
vn 0.1834 0.6243 -0.7594
vn 0.1108 0.9190 -0.3783
vn 0.0612 0.9920 -0.1102
vn 0.0232 0.9991 -0.0357
vn 0.0041 1.0000 -0.0069
vn 0.0065 0.9998 0.0178
vn 0.0355 0.9904 0.1337
vn 0.0750 0.9266 0.3686
vn 0.0792 0.7936 0.6032
vn 0.0486 0.7075 0.7051
vn 0.0142 0.7298 0.6835
vn -0.0147 0.8012 0.5982
vn -0.0331 0.8861 0.4623
vn -0.0400 0.9568 0.2879
vn -0.0369 0.9943 0.0999
vn -0.0233 0.9967 -0.0774
vn 0.0037 0.9736 -0.2284
vn 0.0497 0.9387 -0.3412
vn 0.1228 0.9032 -0.4112
vn 0.2206 0.8648 -0.4510
vn 0.3186 0.8229 -0.4704
vn 0.3827 0.7855 -0.4863
vn 0.3916 0.7664 -0.5091
vn 0.3434 0.8004 -0.4913
vn 0.2262 0.8994 -0.3740
vn 0.0492 0.9812 -0.1866
vn -0.1121 0.9930 -0.0361
vn -0.2022 0.9791 0.0205
vn -0.2341 0.9721 0.0154
vn -0.2371 0.9715 -0.0060
vn -0.2212 0.9749 -0.0268
vn -0.1887 0.9811 -0.0421
vn -0.1422 0.9886 -0.0484
vn -0.0888 0.9951 -0.0434
vn -0.0403 0.9988 -0.0268
vn -0.0103 0.9999 -0.0087
vn 0.0011 1.0000 0.0010
vn 0.0040 1.0000 0.0019
vn 0.0183 0.9993 0.0321
vn 0.0746 0.9752 0.2082
vn 0.1670 0.8475 0.5038
vn 0.2340 0.6970 0.6778
vn 0.2649 0.6986 0.6647
vn 0.2715 0.8004 0.5344
vn 0.2539 0.9000 0.3542
vn 0.2220 0.9592 0.1749
vn 0.1865 0.9823 0.0144
vn 0.1491 0.9813 -0.1220
vn 0.1038 0.9664 -0.2350
vn 0.0386 0.9469 -0.3192
vn -0.0552 0.9587 -0.2791
vn -0.1542 0.9836 -0.0931
vn -0.2094 0.9774 0.0278
vn -0.2151 0.9756 -0.0445
vn -0.1889 0.9520 -0.2408
vn -0.1482 0.8819 -0.4476
vn -0.1051 0.8069 -0.5812
vn -0.0647 0.8001 -0.5963
vn -0.0294 0.8888 -0.4574
vn -0.0068 0.9815 -0.1913
vn -0.0001 0.9998 -0.0201
vn -0.2575 0.6615 0.7044
vn -0.2718 0.8475 0.4559
vn -0.2600 0.9387 0.2262
vn -0.2324 0.9722 0.0300
vn -0.1810 0.9771 -0.1115
vn -0.0947 0.9775 -0.1885
vn 0.0206 0.9665 -0.2558
vn 0.1416 0.9186 -0.3689
vn 0.2552 0.7964 -0.5483
vn 0.3280 0.5647 -0.7573
vn 0.3024 0.3401 -0.8905
vn 0.2002 0.3520 -0.9143
vn 0.1018 0.6306 -0.7694
vn 0.0474 0.9198 -0.3896
vn 0.0252 0.9961 -0.0848
vn 0.0100 0.9999 -0.0128
vn 0.0014 1.0000 -0.0016
vn 0.0042 1.0000 0.0074
vn 0.0327 0.9956 0.0875
vn 0.0868 0.9441 0.3180
vn 0.1204 0.7989 0.5893
vn 0.1188 0.6936 0.7105
vn 0.1052 0.7107 0.6956
vn 0.0884 0.7865 0.6112
vn 0.0763 0.8789 0.4709
vn 0.0709 0.9543 0.2903
vn 0.0713 0.9930 0.0945
vn 0.0788 0.9926 -0.0929
vn 0.0965 0.9617 -0.2567
vn 0.1296 0.9134 -0.3858
vn 0.1839 0.8605 -0.4750
vn 0.2554 0.8121 -0.5246
vn 0.3262 0.7804 -0.5334
vn 0.3615 0.7806 -0.5099
vn 0.3174 0.8206 -0.4752
vn 0.1787 0.9040 -0.3884
vn -0.0247 0.9805 -0.1951
vn -0.2186 0.9758 -0.0054
vn -0.3377 0.9387 0.0688
vn -0.3883 0.9195 0.0611
vn -0.4095 0.9119 0.0283
vn -0.4137 0.9103 -0.0114
vn -0.4000 0.9151 -0.0507
vn -0.3662 0.9267 -0.0847
vn -0.3111 0.9443 -0.1077
vn -0.2371 0.9650 -0.1124
vn -0.1499 0.9842 -0.0943
vn -0.0679 0.9962 -0.0539
vn -0.0173 0.9997 -0.0159
vn -0.0015 1.0000 -0.0015
vn 0.0053 0.9999 0.0144
vn 0.0460 0.9901 0.1327
vn 0.1514 0.9087 0.3891
vn 0.2785 0.7511 0.5985
vn 0.3659 0.6828 0.6324
vn 0.4075 0.7403 0.5347
vn 0.4132 0.8301 0.3746
vn 0.4003 0.8940 0.2016
vn 0.3828 0.9229 0.0424
vn 0.3631 0.9277 -0.0875
vn 0.3343 0.9244 -0.1838
vn 0.2803 0.9304 -0.2363
vn 0.1861 0.9689 -0.1629
vn 0.0665 0.9978 0.0060
vn -0.0125 0.9978 0.0652
vn -0.0348 0.9980 -0.0521
vn -0.0306 0.9647 -0.2616
vn -0.0212 0.8848 -0.4655
vn -0.0152 0.8030 -0.5957
vn -0.0142 0.7915 -0.6110
vn -0.0143 0.8806 -0.4736
vn -0.0095 0.9794 -0.2017
vn -0.0026 0.9997 -0.0228
vn -0.2011 0.7049 0.6802
vn -0.1876 0.8818 0.4328
vn -0.1666 0.9649 0.2030
vn -0.1387 0.9903 -0.0001
vn -0.0999 0.9817 -0.1624
vn -0.0505 0.9631 -0.2642
vn 0.0107 0.9443 -0.3288
vn 0.0848 0.9040 -0.4191
vn 0.1687 0.8007 -0.5748
vn 0.2286 0.5983 -0.7679
vn 0.2051 0.4018 -0.8924
vn 0.1180 0.3997 -0.9090
vn 0.0370 0.6386 -0.7687
vn 0.0038 0.9164 -0.4003
vn 0.0018 0.9966 -0.0828
vn 0.0020 1.0000 -0.0037
vn 0.0014 1.0000 0.0017
vn 0.0191 0.9987 0.0475
vn 0.0706 0.9649 0.2530
vn 0.1329 0.8271 0.5461
vn 0.1706 0.6973 0.6961
vn 0.1838 0.6931 0.6970
vn 0.1822 0.7635 0.6196
vn 0.1752 0.8588 0.4815
vn 0.1663 0.9396 0.2993
vn 0.1577 0.9826 0.0981
vn 0.1507 0.9838 -0.0969
vn 0.1471 0.9514 -0.2705
vn 0.1506 0.8982 -0.4130
vn 0.1659 0.8392 -0.5179
vn 0.1939 0.7922 -0.5786
vn 0.2158 0.7873 -0.5775
vn 0.1815 0.8488 -0.4966
vn 0.0572 0.9249 -0.3758
vn -0.1316 0.9690 -0.2092
vn -0.3142 0.9493 0.0017
vn -0.4313 0.8939 0.1219
vn -0.4827 0.8674 0.1211
vn -0.5090 0.8565 0.0858
vn -0.5249 0.8502 0.0400
vn -0.5304 0.8477 -0.0126
vn -0.5229 0.8496 -0.0685
vn -0.4993 0.8579 -0.1213
vn -0.4568 0.8741 -0.1652
vn -0.3916 0.9001 -0.1908
vn -0.3021 0.9340 -0.1910
vn -0.1902 0.9700 -0.1511
vn -0.0827 0.9935 -0.0776
vn -0.0187 0.9996 -0.0197
vn 0.0034 1.0000 0.0057
vn 0.0301 0.9967 0.0755
vn 0.1163 0.9567 0.2668
vn 0.2533 0.8422 0.4761
vn 0.3894 0.7291 0.5629
vn 0.4874 0.7104 0.5077
vn 0.5395 0.7569 0.3688
vn 0.5606 0.8028 0.2032
vn 0.5669 0.8223 0.0492
vn 0.5649 0.8224 -0.0669
vn 0.5507 0.8240 -0.1332
vn 0.5077 0.8515 -0.1308
vn 0.4168 0.9089 -0.0149
vn 0.2975 0.9476 0.1165
vn 0.2194 0.9696 0.1088
vn 0.1882 0.9812 -0.0422
vn 0.1710 0.9509 -0.2578
vn 0.1493 0.8763 -0.4580
vn 0.1172 0.8043 -0.5825
vn 0.0761 0.8010 -0.5938
vn 0.0324 0.8885 -0.4576
vn 0.0035 0.9798 -0.1999
vn -0.0019 0.9996 -0.0272
vn -0.1190 0.7328 0.6700
vn -0.0899 0.9035 0.4191
vn -0.0615 0.9808 0.1853
vn -0.0297 0.9992 -0.0263
vn 0.0062 0.9806 -0.1959
vn 0.0399 0.9516 -0.3049
vn 0.0681 0.9269 -0.3690
vn 0.0950 0.8884 -0.4491
vn 0.1279 0.7928 -0.5959
vn 0.1500 0.6140 -0.7749
vn 0.1253 0.4472 -0.8856
vn 0.0655 0.4403 -0.8954
vn 0.0104 0.6475 -0.7620
vn -0.0098 0.9126 -0.4086
vn -0.0051 0.9959 -0.0898
vn -0.0004 1.0000 -0.0024
vn 0.0069 0.9997 0.0247
vn 0.0442 0.9807 0.1903
vn 0.1181 0.8708 0.4773
vn 0.1922 0.7279 0.6582
vn 0.2410 0.6881 0.6844
vn 0.2630 0.7372 0.6223
vn 0.2661 0.8270 0.4952
vn 0.2568 0.9128 0.3176
vn 0.2387 0.9641 0.1162
vn 0.2144 0.9733 -0.0822
vn 0.1860 0.9472 -0.2612
vn 0.1550 0.8985 -0.4108
vn 0.1223 0.8427 -0.5244
vn 0.0846 0.8038 -0.5889
vn 0.0155 0.8287 -0.5595
vn -0.1107 0.9068 -0.4069
vn -0.2678 0.9389 -0.2160
vn -0.4090 0.9120 -0.0296
vn -0.4944 0.8605 0.1230
vn -0.5240 0.8358 0.1638
vn -0.5358 0.8324 0.1414
vn -0.5475 0.8305 0.1025
vn -0.5583 0.8280 0.0518
vn -0.5654 0.8248 -0.0089
vn -0.5660 0.8210 -0.0745
vn -0.5572 0.8182 -0.1415
vn -0.5345 0.8206 -0.2026
vn -0.4931 0.8331 -0.2506
vn -0.4279 0.8604 -0.2767
vn -0.3315 0.9049 -0.2669
vn -0.2050 0.9593 -0.1942
vn -0.0847 0.9925 -0.0877
vn -0.0170 0.9997 -0.0183
vn 0.0205 0.9992 0.0344
vn 0.0913 0.9836 0.1556
vn 0.2212 0.9175 0.3305
vn 0.3717 0.8163 0.4422
vn 0.5058 0.7462 0.4329
vn 0.6053 0.7283 0.3213
vn 0.6638 0.7286 0.1689
vn 0.6912 0.7220 0.0311
vn 0.6982 0.7136 -0.0573
vn 0.6868 0.7225 -0.0793
vn 0.6482 0.7613 -0.0172
vn 0.5743 0.8108 0.1130
vn 0.4905 0.8487 0.1979
vn 0.4394 0.8864 0.1460
vn 0.4119 0.9111 -0.0182
vn 0.3802 0.8963 -0.2283
vn 0.3293 0.8464 -0.4185
vn 0.2590 0.8055 -0.5331
vn 0.1753 0.8263 -0.5353
vn 0.0878 0.9123 -0.4001
vn 0.0241 0.9844 -0.1741
vn 0.0018 0.9996 -0.0274
vn -0.0300 0.7421 0.6696
vn 0.0089 0.9092 0.4162
vn 0.0417 0.9835 0.1759
vn 0.0761 0.9961 -0.0453
vn 0.1092 0.9693 -0.2202
vn 0.1360 0.9345 -0.3288
vn 0.1571 0.9076 -0.3893
vn 0.1686 0.8721 -0.4593
vn 0.1672 0.7826 -0.5997
vn 0.1476 0.6224 -0.7686
vn 0.1061 0.4797 -0.8710
vn 0.0609 0.4700 -0.8806
vn 0.0269 0.6619 -0.7491
vn 0.0076 0.9137 -0.4064
vn 0.0012 0.9956 -0.0932
vn 0.0001 1.0000 -0.0027
vn 0.0022 0.9999 0.0159
vn 0.0262 0.9897 0.1406
vn 0.0960 0.9138 0.3945
vn 0.1895 0.7811 0.5950
vn 0.2670 0.7081 0.6537
vn 0.3167 0.7224 0.6147
vn 0.3410 0.7929 0.5049
vn 0.3419 0.8755 0.3414
vn 0.3212 0.9352 0.1492
vn 0.2835 0.9578 -0.0465
vn 0.2328 0.9461 -0.2251
vn 0.1707 0.9108 -0.3759
vn 0.0982 0.8662 -0.4900
vn 0.0010 0.8426 -0.5385
vn -0.1425 0.8753 -0.4622
vn -0.3067 0.9145 -0.2638
vn -0.4367 0.8971 -0.0670
vn -0.5074 0.8584 0.0750
vn -0.5242 0.8374 0.1545
vn -0.5158 0.8411 0.1630
vn -0.5070 0.8494 0.1465
vn -0.5058 0.8553 0.1122
vn -0.5110 0.8572 0.0641
vn -0.5215 0.8533 0.0036
vn -0.5337 0.8430 -0.0672
vn -0.5416 0.8285 -0.1420
vn -0.5416 0.8126 -0.2153
vn -0.5271 0.8018 -0.2815
vn -0.4917 0.8051 -0.3318
vn -0.4289 0.8301 -0.3563
vn -0.3305 0.8873 -0.3217
vn -0.1987 0.9570 -0.2112
vn -0.0764 0.9935 -0.0844
vn -0.0134 0.9998 -0.0138
vn 0.0077 0.9999 0.0086
vn 0.0528 0.9964 0.0667
vn 0.1622 0.9697 0.1828
vn 0.3143 0.9046 0.2879
vn 0.4618 0.8299 0.3131
vn 0.5775 0.7803 0.2402
vn 0.6502 0.7513 0.1129
vn 0.6827 0.7307 -0.0026
vn 0.6904 0.7208 -0.0608
vn 0.6857 0.7267 -0.0402
vn 0.6673 0.7424 0.0587
vn 0.6320 0.7525 0.1852
vn 0.5983 0.7653 0.2374
vn 0.5836 0.7944 0.1684
vn 0.5700 0.8215 0.0125
vn 0.5338 0.8271 -0.1761
vn 0.4639 0.8158 -0.3454
vn 0.3636 0.8191 -0.4437
vn 0.2442 0.8673 -0.4337
vn 0.1248 0.9440 -0.3053
vn 0.0389 0.9912 -0.1263
vn 0.0050 0.9998 -0.0206
vn 0.0518 0.7356 0.6754
vn 0.0971 0.9012 0.4224
vn 0.1327 0.9754 0.1759
vn 0.1634 0.9853 -0.0504
vn 0.1860 0.9555 -0.2290
vn 0.2066 0.9145 -0.3478
vn 0.2343 0.8797 -0.4137
vn 0.2559 0.8462 -0.4673
vn 0.2464 0.7701 -0.5884
vn 0.2001 0.6364 -0.7449
vn 0.1410 0.5095 -0.8489
vn 0.0966 0.4919 -0.8653
vn 0.0682 0.6786 -0.7313
vn 0.0363 0.9218 -0.3859
vn 0.0096 0.9964 -0.0840
vn 0.0007 1.0000 -0.0018
vn 0.0020 0.9999 0.0118
vn 0.0199 0.9944 0.1040
vn 0.0798 0.9470 0.3112
vn 0.1761 0.8418 0.5103
vn 0.2710 0.7518 0.6011
vn 0.3447 0.7306 0.5893
vn 0.3924 0.7697 0.5035
vn 0.4087 0.8367 0.3646
vn 0.3943 0.8990 0.1905
vn 0.3531 0.9356 0.0076
vn 0.2885 0.9435 -0.1630
vn 0.2055 0.9279 -0.3110
vn 0.1003 0.9040 -0.4156
vn -0.0409 0.9004 -0.4331
vn -0.2125 0.9233 -0.3200
vn -0.3616 0.9240 -0.1246
vn -0.4441 0.8956 0.0277
vn -0.4673 0.8771 0.1111
vn -0.4520 0.8803 0.1439
vn -0.4231 0.8945 0.1447
vn -0.3973 0.9071 0.1390
vn -0.3839 0.9161 0.1162
vn -0.3862 0.9191 0.0780
vn -0.4026 0.9150 0.0274
vn -0.4304 0.9017 -0.0412
vn -0.4615 0.8790 -0.1201
vn -0.4865 0.8498 -0.2031
vn -0.4964 0.8189 -0.2880
vn -0.4853 0.7961 -0.3615
vn -0.4495 0.7915 -0.4142
vn -0.3871 0.8217 -0.4184
vn -0.2908 0.8927 -0.3442
vn -0.1641 0.9658 -0.2007
vn -0.0572 0.9961 -0.0665
vn -0.0087 0.9999 -0.0090
vn 0.0143 0.9998 0.0162
vn 0.0715 0.9952 0.0675
vn 0.1834 0.9732 0.1383
vn 0.3190 0.9309 0.1777
vn 0.4326 0.8892 0.1489
vn 0.4967 0.8655 0.0653
vn 0.5134 0.8578 -0.0243
vn 0.5039 0.8610 -0.0688
vn 0.4973 0.8668 -0.0365
vn 0.5135 0.8553 0.0698
vn 0.5464 0.8149 0.1934
vn 0.5815 0.7780 0.2378
vn 0.6099 0.7733 0.1731
vn 0.6152 0.7873 0.0419
vn 0.5822 0.8052 -0.1130
vn 0.5047 0.8262 -0.2504
vn 0.3881 0.8631 -0.3233
vn 0.2493 0.9204 -0.3012
vn 0.1198 0.9736 -0.1942
vn 0.0367 0.9967 -0.0722
vn 0.0053 0.9999 -0.0103
vn 0.1213 0.7213 0.6819
vn 0.1685 0.8860 0.4319
vn 0.2032 0.9619 0.1829
vn 0.2254 0.9734 -0.0423
vn 0.2335 0.9463 -0.2237
vn 0.2426 0.9001 -0.3619
vn 0.2700 0.8531 -0.4464
vn 0.3011 0.8217 -0.4839
vn 0.2906 0.7713 -0.5662
vn 0.2367 0.6630 -0.7102
vn 0.1811 0.5335 -0.8262
vn 0.1397 0.5117 -0.8477
vn 0.1037 0.7062 -0.7003
vn 0.0548 0.9375 -0.3436
vn 0.0130 0.9979 -0.0633
vn 0.0005 1.0000 -0.0007
vn 0.0028 1.0000 0.0071
vn 0.0216 0.9971 0.0724
vn 0.0761 0.9693 0.2337
vn 0.1649 0.8943 0.4160
vn 0.2638 0.8080 0.5268
vn 0.3524 0.7621 0.5431
vn 0.4162 0.7680 0.4867
vn 0.4491 0.8097 0.3778
vn 0.4482 0.8636 0.2310
vn 0.4124 0.9081 0.0726
vn 0.3470 0.9341 -0.0841
vn 0.2544 0.9420 -0.2190
vn 0.1271 0.9453 -0.3003
vn -0.0328 0.9567 -0.2892
vn -0.1921 0.9660 -0.1730
vn -0.2997 0.9538 -0.0228
vn -0.3397 0.9378 0.0712
vn -0.3330 0.9369 0.1070
vn -0.2986 0.9478 0.1120
vn -0.2543 0.9607 0.1115
vn -0.2143 0.9698 0.1166
vn -0.1916 0.9748 0.1140
vn -0.1941 0.9763 0.0960
vn -0.2209 0.9733 0.0628
vn -0.2668 0.9637 0.0070
vn -0.3227 0.9437 -0.0725
vn -0.3723 0.9127 -0.1683
vn -0.4041 0.8721 -0.2758
vn -0.4134 0.8300 -0.3744
vn -0.3983 0.7980 -0.4523
vn -0.3625 0.7968 -0.4834
vn -0.3053 0.8425 -0.4439
vn -0.2169 0.9211 -0.3233
vn -0.1099 0.9812 -0.1587
vn -0.0318 0.9986 -0.0424
vn -0.0035 1.0000 -0.0035
vn 0.0014 1.0000 0.0014
vn 0.0142 0.9998 0.0122
vn 0.0558 0.9977 0.0387
vn 0.1286 0.9895 0.0656
vn 0.2080 0.9759 0.0660
vn 0.2600 0.9651 0.0315
vn 0.2659 0.9638 -0.0181
vn 0.2342 0.9710 -0.0476
vn 0.2012 0.9790 -0.0333
vn 0.2126 0.9765 0.0341
vn 0.2890 0.9489 0.1270
vn 0.3991 0.8993 0.1788
vn 0.4849 0.8617 0.1494
vn 0.5189 0.8528 0.0591
vn 0.4984 0.8653 -0.0527
vn 0.4251 0.8927 -0.1494
vn 0.3113 0.9305 -0.1927
vn 0.1847 0.9685 -0.1668
vn 0.0801 0.9922 -0.0960
vn 0.0213 0.9993 -0.0299
vn 0.0024 1.0000 -0.0026
vn 0.1871 0.7073 0.6817
vn 0.2313 0.8695 0.4365
vn 0.2570 0.9476 0.1898
vn 0.2644 0.9639 -0.0298
vn 0.2581 0.9421 -0.2141
vn 0.2523 0.8936 -0.3712
vn 0.2599 0.8417 -0.4733
vn 0.2699 0.8238 -0.4985
vn 0.2577 0.7983 -0.5443
vn 0.2296 0.6926 -0.6838
vn 0.1952 0.5510 -0.8114
vn 0.1577 0.5357 -0.8296
vn 0.1177 0.7408 -0.6613
vn 0.0594 0.9562 -0.2867
vn 0.0126 0.9992 -0.0385
vn 0.0018 1.0000 0.0025
vn 0.0191 0.9990 0.0410
vn 0.0722 0.9846 0.1594
vn 0.1594 0.9341 0.3194
vn 0.2586 0.8617 0.4365
vn 0.3499 0.8058 0.4778
vn 0.4208 0.7863 0.4524
vn 0.4664 0.8015 0.3743
vn 0.4797 0.8373 0.2623
vn 0.4567 0.8793 0.1351
vn 0.4000 0.9165 0.0018
vn 0.3084 0.9453 -0.1065
vn 0.1830 0.9699 -0.1605
vn 0.0398 0.9896 -0.1384
vn -0.0814 0.9952 -0.0552
vn -0.1440 0.9890 0.0324
vn -0.1528 0.9852 0.0778
vn -0.1299 0.9882 0.0808
vn -0.0859 0.9942 0.0654
vn -0.0320 0.9975 0.0634
vn 0.0147 0.9965 0.0820
vn 0.0384 0.9936 0.1059
vn 0.0311 0.9926 0.1175
vn -0.0061 0.9940 0.1092
vn -0.0666 0.9952 0.0722
vn -0.1378 0.9904 -0.0047
vn -0.2049 0.9721 -0.1146
vn -0.2573 0.9348 -0.2448
vn -0.2881 0.8832 -0.3701
vn -0.2943 0.8307 -0.4726
vn -0.2820 0.8036 -0.5241
vn -0.2544 0.8231 -0.5077
vn -0.2050 0.8867 -0.4144
vn -0.1305 0.9581 -0.2552
vn -0.0545 0.9935 -0.0998
vn -0.0111 0.9998 -0.0174
vn 0.0004 1.0000 0.0004
vn 0.0050 1.0000 0.0042
vn 0.0202 0.9997 0.0110
vn 0.0453 0.9989 0.0143
vn 0.0675 0.9977 0.0081
vn 0.0713 0.9974 -0.0043
vn 0.0545 0.9984 -0.0127
vn 0.0303 0.9995 -0.0117
vn 0.0235 0.9997 0.0048
vn 0.0619 0.9973 0.0384
vn 0.1447 0.9865 0.0761
vn 0.2354 0.9682 0.0849
vn 0.2926 0.9550 0.0478
vn 0.2968 0.9549 -0.0110
vn 0.2512 0.9659 -0.0632
vn 0.1737 0.9812 -0.0835
vn 0.0928 0.9934 -0.0667
vn 0.0341 0.9989 -0.0325
vn 0.0065 1.0000 -0.0072
vn 0.2570 0.6938 0.6728
vn 0.2935 0.8540 0.4295
vn 0.3068 0.9325 0.1908
vn 0.2982 0.9543 -0.0199
vn 0.2775 0.9380 -0.2076
vn 0.2506 0.8943 -0.3706
vn 0.2146 0.8563 -0.4697
vn 0.1743 0.8545 -0.4894
vn 0.1661 0.8252 -0.5399
vn 0.1869 0.7050 -0.6841
vn 0.1869 0.5642 -0.8042
vn 0.1580 0.5611 -0.8125
vn 0.1141 0.7822 -0.6124
vn 0.0514 0.9729 -0.2255
vn 0.0090 0.9998 -0.0168
vn 0.0104 0.9998 0.0159
vn 0.0535 0.9946 0.0893
vn 0.1401 0.9659 0.2176
vn 0.2467 0.9095 0.3346
vn 0.3438 0.8511 0.3967
vn 0.4206 0.8144 0.3998
vn 0.4730 0.8074 0.3527
vn 0.4955 0.8231 0.2775
vn 0.4876 0.8536 0.1833
vn 0.4473 0.8905 0.0832
vn 0.3737 0.9275 0.0052
vn 0.2763 0.9606 -0.0305
vn 0.1762 0.9842 -0.0174
vn 0.1024 0.9946 0.0195
vn 0.0716 0.9961 0.0524
vn 0.0763 0.9950 0.0643
vn 0.1023 0.9937 0.0461
vn 0.1449 0.9894 0.0127
vn 0.1975 0.9803 0.0075
vn 0.2423 0.9693 0.0416
vn 0.2618 0.9604 0.0955
vn 0.2481 0.9586 0.1400
vn 0.2051 0.9656 0.1601
vn 0.1418 0.9797 0.1415
vn 0.0702 0.9951 0.0692
vn -0.0026 0.9989 -0.0473
vn -0.0695 0.9784 -0.1948
vn -0.1199 0.9303 -0.3466
vn -0.1490 0.8685 -0.4727
vn -0.1617 0.8250 -0.5415
vn -0.1614 0.8253 -0.5411
vn -0.1457 0.8720 -0.4673
vn -0.1089 0.9396 -0.3246
vn -0.0576 0.9856 -0.1591
vn -0.0172 0.9990 -0.0415
vn -0.0018 1.0000 -0.0024
vn 0.0023 1.0000 0.0023
vn 0.0170 0.9998 0.0127
vn 0.0495 0.9985 0.0233
vn 0.0827 0.9964 0.0194
vn 0.0957 0.9954 0.0025
vn 0.0837 0.9964 -0.0159
vn 0.0552 0.9982 -0.0224
vn 0.0253 0.9996 -0.0158
vn 0.0064 1.0000 -0.0056
vn 0.3383 0.6728 0.6579
vn 0.3660 0.8312 0.4184
vn 0.3671 0.9107 0.1896
vn 0.3499 0.9367 -0.0127
vn 0.3159 0.9285 -0.1954
vn 0.2593 0.9023 -0.3444
vn 0.1797 0.8884 -0.4225
vn 0.1116 0.8830 -0.4558
vn 0.1085 0.8295 -0.5479
vn 0.1541 0.6950 -0.7023
vn 0.1724 0.5696 -0.8037
vn 0.1490 0.5902 -0.7934
vn 0.0988 0.8249 -0.5566
vn 0.0349 0.9850 -0.1689
vn 0.0035 1.0000 -0.0042
vn 0.0031 1.0000 0.0031
vn 0.0272 0.9990 0.0352
vn 0.0958 0.9884 0.1177
vn 0.2005 0.9539 0.2234
vn 0.3104 0.9019 0.3005
vn 0.4026 0.8543 0.3288
vn 0.4673 0.8264 0.3141
vn 0.5017 0.8209 0.2729
vn 0.5091 0.8346 0.2101
vn 0.4901 0.8599 0.1428
vn 0.4457 0.8906 0.0907
vn 0.3869 0.9200 0.0618
vn 0.3322 0.9416 0.0554
vn 0.2961 0.9534 0.0580
vn 0.2817 0.9579 0.0561
vn 0.2883 0.9565 0.0445
vn 0.3093 0.9509 0.0131
vn 0.3409 0.9395 -0.0334
vn 0.3819 0.9231 -0.0450
vn 0.4215 0.9068 0.0001
vn 0.4401 0.8942 0.0825
vn 0.4265 0.8904 0.1591
vn 0.3869 0.8992 0.2044
vn 0.3327 0.9214 0.2006
vn 0.2720 0.9523 0.1381
vn 0.2048 0.9785 0.0256
vn 0.1358 0.9821 -0.1308
vn 0.0739 0.9499 -0.3037
vn 0.0234 0.8931 -0.4492
vn -0.0158 0.8462 -0.5326
vn -0.0432 0.8373 -0.5450
vn -0.0586 0.8729 -0.4844
vn -0.0573 0.9318 -0.3583
vn -0.0382 0.9793 -0.1990
vn -0.0152 0.9978 -0.0649
vn -0.0027 1.0000 -0.0068
vn 0.0017 1.0000 0.0016
vn 0.0064 1.0000 0.0031
vn 0.0107 0.9999 0.0013
vn 0.0101 0.9999 -0.0019
vn 0.0053 1.0000 -0.0029
vn 0.0012 1.0000 -0.0012
vn 0.4318 0.6320 0.6435
vn 0.4578 0.7874 0.4129
vn 0.4512 0.8718 0.1909
vn 0.4296 0.9030 -0.0030
vn 0.3854 0.9080 -0.1642
vn 0.3094 0.9074 -0.2843
vn 0.2189 0.9106 -0.3505
vn 0.1583 0.8940 -0.4191
vn 0.1549 0.8140 -0.5598
vn 0.1760 0.6745 -0.7170
vn 0.1726 0.5722 -0.8017
vn 0.1380 0.6243 -0.7689
vn 0.0811 0.8658 -0.4938
vn 0.0220 0.9922 -0.1223
vn 0.0070 0.9999 0.0072
vn 0.0416 0.9982 0.0428
vn 0.1203 0.9861 0.1149
vn 0.2292 0.9546 0.1901
vn 0.3350 0.9111 0.2403
vn 0.4183 0.8712 0.2568
vn 0.4737 0.8454 0.2467
vn 0.5023 0.8379 0.2136
vn 0.5064 0.8449 0.1725
vn 0.4918 0.8596 0.1386
vn 0.4691 0.8763 0.1097
vn 0.4476 0.8898 0.0894
vn 0.4335 0.8981 0.0736
vn 0.4294 0.9015 0.0538
vn 0.4361 0.8995 0.0266
vn 0.4510 0.8924 -0.0132
vn 0.4692 0.8808 -0.0632
vn 0.4936 0.8654 -0.0865
vn 0.5276 0.8484 -0.0428
vn 0.5514 0.8320 0.0615
vn 0.5478 0.8199 0.1662
vn 0.5202 0.8214 0.2339
vn 0.4798 0.8425 0.2447
vn 0.4331 0.8796 0.1970
vn 0.3800 0.9202 0.0940
vn 0.3231 0.9442 -0.0642
vn 0.2623 0.9331 -0.2459
vn 0.1980 0.8944 -0.4009
vn 0.1361 0.8578 -0.4955
vn 0.0816 0.8515 -0.5180
vn 0.0373 0.8830 -0.4678
vn 0.0073 0.9341 -0.3569
vn -0.0054 0.9776 -0.2105
vn -0.0050 0.9970 -0.0772
vn -0.0013 0.9999 -0.0108
vn 0.5324 0.5692 0.6265
vn 0.5712 0.7092 0.4132
vn 0.5667 0.7991 0.2010
vn 0.5393 0.8418 0.0228
vn 0.4890 0.8657 -0.1073
vn 0.4166 0.8865 -0.2014
vn 0.3419 0.8979 -0.2774
vn 0.2915 0.8734 -0.3900
vn 0.2695 0.7827 -0.5610
vn 0.2472 0.6531 -0.7158
vn 0.2048 0.5816 -0.7873
vn 0.1427 0.6677 -0.7306
vn 0.0700 0.9006 -0.4289
vn 0.0148 0.9961 -0.0874
vn 0.0077 0.9999 0.0077
vn 0.0421 0.9984 0.0368
vn 0.1148 0.9897 0.0860
vn 0.2122 0.9672 0.1399
vn 0.3095 0.9342 0.1776
vn 0.3879 0.9008 0.1951
vn 0.4419 0.8765 0.1913
vn 0.4733 0.8642 0.1709
vn 0.4884 0.8596 0.1504
vn 0.4932 0.8610 0.1240
vn 0.4938 0.8639 0.0996
vn 0.4949 0.8656 0.0758
vn 0.4988 0.8654 0.0480
vn 0.5056 0.8627 0.0134
vn 0.5142 0.8572 -0.0307
vn 0.5201 0.8507 -0.0766
vn 0.5269 0.8425 -0.1122
vn 0.5482 0.8320 -0.0856
vn 0.5803 0.8140 0.0237
vn 0.5948 0.7885 0.1565
vn 0.5821 0.7736 0.2504
vn 0.5556 0.7831 0.2795
vn 0.5252 0.8150 0.2446
vn 0.4948 0.8565 0.1470
vn 0.4601 0.8879 -0.0069
vn 0.4104 0.8936 -0.1818
vn 0.3437 0.8775 -0.3343
vn 0.2677 0.8610 -0.4324
vn 0.1908 0.8667 -0.4609
vn 0.1215 0.8988 -0.4213
vn 0.0661 0.9435 -0.3246
vn 0.0279 0.9805 -0.1946
vn 0.0076 0.9972 -0.0739
vn 0.0010 0.9999 -0.0112
vn 0.6128 0.5130 0.6011
vn 0.6769 0.6078 0.4152
vn 0.6872 0.6912 0.2235
vn 0.6659 0.7428 0.0695
vn 0.6237 0.7808 -0.0359
vn 0.5697 0.8133 -0.1180
vn 0.5126 0.8324 -0.2104
vn 0.4614 0.8127 -0.3558
vn 0.4116 0.7322 -0.5427
vn 0.3481 0.6312 -0.6931
vn 0.2673 0.6058 -0.7494
vn 0.1707 0.7261 -0.6660
vn 0.0724 0.9315 -0.3564
vn 0.0125 0.9981 -0.0606
vn 0.0051 1.0000 0.0048
vn 0.0283 0.9994 0.0217
vn 0.0813 0.9953 0.0528
vn 0.1592 0.9833 0.0885
vn 0.2451 0.9620 0.1199
vn 0.3216 0.9366 0.1394
vn 0.3796 0.9146 0.1392
vn 0.4207 0.8977 0.1311
vn 0.4490 0.8860 0.1157
vn 0.4669 0.8794 0.0931
vn 0.4800 0.8746 0.0688
vn 0.4903 0.8707 0.0396
vn 0.4977 0.8673 0.0041
vn 0.4991 0.8658 -0.0361
vn 0.4933 0.8665 -0.0769
vn 0.4803 0.8696 -0.1149
vn 0.4729 0.8739 -0.1125
vn 0.4927 0.8698 -0.0266
vn 0.5246 0.8414 0.1300
vn 0.5364 0.8026 0.2608
vn 0.5360 0.7870 0.3056
vn 0.5384 0.7972 0.2731
vn 0.5413 0.8223 0.1757
vn 0.5315 0.8464 0.0344
vn 0.4962 0.8597 -0.1213
vn 0.4341 0.8626 -0.2597
vn 0.3528 0.8673 -0.3512
vn 0.2641 0.8859 -0.3814
vn 0.1786 0.9192 -0.3509
vn 0.1044 0.9575 -0.2690
vn 0.0489 0.9862 -0.1583
vn 0.0159 0.9982 -0.0575
vn 0.0026 1.0000 -0.0077
vn 0.6570 0.5191 0.5467
vn 0.7436 0.5333 0.4033
vn 0.7789 0.5792 0.2407
vn 0.7786 0.6174 0.1122
vn 0.7573 0.6525 0.0267
vn 0.7230 0.6893 -0.0456
vn 0.6787 0.7204 -0.1425
vn 0.6233 0.7201 -0.3049
vn 0.5490 0.6698 -0.5000
vn 0.4524 0.6204 -0.6407
vn 0.3377 0.6548 -0.6762
vn 0.2054 0.8013 -0.5618
vn 0.0779 0.9604 -0.2674
vn 0.0114 0.9993 -0.0369
vn 0.0017 1.0000 0.0017
vn 0.0122 0.9999 0.0090
vn 0.0415 0.9988 0.0244
vn 0.0922 0.9947 0.0463
vn 0.1580 0.9850 0.0700
vn 0.2254 0.9706 0.0845
vn 0.2833 0.9549 0.0888
vn 0.3301 0.9400 0.0860
vn 0.3649 0.9282 0.0732
vn 0.3885 0.9199 0.0539
vn 0.4041 0.9143 0.0290
vn 0.4101 0.9120 -0.0002
vn 0.4059 0.9134 -0.0313
vn 0.3896 0.9188 -0.0632
vn 0.3579 0.9294 -0.0898
vn 0.3170 0.9432 -0.0999
vn 0.2923 0.9549 -0.0519
vn 0.3114 0.9462 0.0879
vn 0.3688 0.8988 0.2369
vn 0.4327 0.8522 0.2942
vn 0.4873 0.8322 0.2645
vn 0.5243 0.8328 0.1776
vn 0.5340 0.8435 0.0584
vn 0.5117 0.8563 -0.0703
vn 0.4576 0.8696 -0.1855
vn 0.3793 0.8869 -0.2636
vn 0.2890 0.9120 -0.2909
vn 0.1977 0.9434 -0.2663
vn 0.1156 0.9731 -0.1990
vn 0.0524 0.9925 -0.1107
vn 0.0153 0.9993 -0.0355
vn 0.0020 1.0000 -0.0031
vt 39.983311 39.983307
vt 40.982887 39.983307
vt 40.982887 40.982887
vt 39.983311 40.982887
vt -39.982887 39.983311
vt -38.983311 39.983307
vt -38.983311 40.982887
vt -39.982887 40.982887
vt -37.983734 39.983307
vt -37.983730 40.982887
vt -36.984154 39.983307
vt -36.984154 40.982887
vt -35.984577 39.983307
vt -35.984577 40.982887
vt -34.985001 39.983307
vt -34.985001 40.982887
vt -33.985420 39.983307
vt -33.985420 40.982887
vt -32.985844 39.983307
vt -32.985844 40.982887
vt -31.986267 39.983307
vt -31.986267 40.982887
vt -30.986691 39.983307
vt -30.986691 40.982887
vt -29.987112 39.983307
vt -29.987112 40.982887
vt -28.987532 39.983307
vt -28.987532 40.982887
vt -27.987955 39.983307
vt -27.987955 40.982887
vt -26.988379 39.983307
vt -26.988379 40.982887
vt -25.988802 39.983307
vt -25.988802 40.982887
vt -24.989225 39.983307
vt -24.989225 40.982887
vt -23.989645 39.983307
vt -23.989645 40.982887
vt -22.990067 39.983307
vt -22.990067 40.982887
vt -21.990490 39.983307
vt -21.990490 40.982887
vt -20.990911 39.983307
vt -20.990911 40.982887
vt -19.991335 39.983307
vt -19.991335 40.982887
vt -18.991756 39.983307
vt -18.991756 40.982887
vt -17.992176 39.983307
vt -17.992176 40.982887
vt -16.992603 39.983307
vt -16.992599 40.982887
vt -15.993024 39.983307
vt -15.993022 40.982887
vt -14.993442 39.983307
vt -14.993442 40.982887
vt -13.993862 39.983307
vt -13.993862 40.982887
vt -12.994286 39.983307
vt -12.994286 40.982887
vt -11.994708 39.983307
vt -11.994708 40.982887
vt -10.995130 39.983307
vt -10.995130 40.982887
vt -9.995552 39.983307
vt -9.995550 40.982887
vt -8.995975 39.983307
vt -8.995973 40.982887
vt -7.996398 39.983307
vt -7.996396 40.982887
vt -6.996821 39.983307
vt -6.996819 40.982887
vt -5.997240 39.983307
vt -5.997240 40.982887
vt -4.997663 39.983307
vt -4.997663 40.982887
vt -3.998086 39.983307
vt -3.998084 40.982887
vt -2.998509 39.983307
vt -2.998507 40.982887
vt -1.998928 39.983307
vt -1.998928 40.982887
vt -0.999351 39.983307
vt -0.999351 40.982887
vt 0.000226 39.983307
vt 0.000226 40.982887
vt 0.999803 39.983307
vt 0.999803 40.982887
vt 1.999380 39.983307
vt 1.999380 40.982887
vt 2.998957 39.983307
vt 2.998957 40.982887
vt 3.998533 39.983307
vt 3.998533 40.982887
vt 4.998110 39.983307
vt 4.998110 40.982887
vt 5.997683 39.983307
vt 5.997687 40.982887
vt 6.997259 39.983307
vt 6.997264 40.982887
vt 7.996841 39.983307
vt 7.996841 40.982887
vt 8.996418 39.983307
vt 8.996418 40.982887
vt 9.995995 39.983307
vt 9.995995 40.982887
vt 10.995571 39.983307
vt 10.995571 40.982887
vt 11.995149 39.983307
vt 11.995149 40.982887
vt 12.994725 39.983307
vt 12.994725 40.982887
vt 13.994302 39.983307
vt 13.994302 40.982887
vt 14.993879 39.983307
vt 14.993879 40.982887
vt 15.993456 39.983307
vt 15.993456 40.982887
vt 16.993032 39.983307
vt 16.993032 40.982887
vt 17.992609 39.983307
vt 17.992609 40.982887
vt 18.992186 39.983307
vt 18.992186 40.982887
vt 19.991764 39.983307
vt 19.991764 40.982887
vt 20.991341 39.983307
vt 20.991341 40.982887
vt 21.990917 39.983307
vt 21.990917 40.982887
vt 22.990494 39.983307
vt 22.990494 40.982887
vt 23.990070 39.983307
vt 23.990070 40.982887
vt 24.989647 39.983307
vt 24.989647 40.982887
vt 25.989225 39.983307
vt 25.989225 40.982887
vt 26.988802 39.983307
vt 26.988802 40.982887
vt 27.988379 39.983307
vt 27.988379 40.982887
vt 28.987955 39.983307
vt 28.987955 40.982887
vt 29.987532 39.983307
vt 29.987537 40.982887
vt 30.987108 39.983307
vt 30.987114 40.982887
vt 31.986687 39.983307
vt 31.986691 40.982887
vt 32.986263 39.983307
vt 32.986267 40.982887
vt 33.985840 39.983307
vt 33.985844 40.982887
vt 34.985416 39.983307
vt 34.985420 40.982887
vt 35.984993 39.983307
vt 35.984997 40.982887
vt 36.984573 39.983307
vt 36.984573 40.982887
vt 37.984158 39.983307
vt 37.984158 40.982887
vt 38.983734 39.983307
vt 38.983734 40.982887
vt -39.982887 -39.982887
vt -38.983311 -39.982887
vt -38.983311 -38.983311
vt -39.982887 -38.983311
vt -38.983311 -37.983734
vt -39.982887 -37.983730
vt -38.983311 -36.984154
vt -39.982887 -36.984154
vt -38.983311 -35.984577
vt -39.982887 -35.984577
vt -38.983311 -34.985001
vt -39.982887 -34.985001
vt -38.983311 -33.985424
vt -39.982887 -33.985420
vt -38.983311 -32.985844
vt -39.982887 -32.985844
vt -38.983311 -31.986267
vt -39.982887 -31.986267
vt -38.983311 -30.986691
vt -39.982887 -30.986691
vt -38.983311 -29.987114
vt -39.982887 -29.987112
vt -38.983311 -28.987537
vt -39.982887 -28.987532
vt -38.983311 -27.987961
vt -39.982887 -27.987955
vt -38.983311 -26.988382
vt -39.982887 -26.988379
vt -38.983311 -25.988806
vt -39.982887 -25.988802
vt -38.983311 -24.989227
vt -39.982887 -24.989225
vt -38.983311 -23.989647
vt -39.982887 -23.989645
vt -38.983311 -22.990070
vt -39.982887 -22.990067
vt -38.983311 -21.990494
vt -39.982887 -21.990490
vt -38.983311 -20.990917
vt -39.982887 -20.990911
vt -38.983311 -19.991341
vt -39.982887 -19.991335
vt -38.983311 -18.991760
vt -39.982887 -18.991756
vt -38.983311 -17.992182
vt -39.982887 -17.992176
vt -38.983311 -16.992605
vt -39.982887 -16.992599
vt -38.983311 -15.993026
vt -39.982887 -15.993022
vt -38.983311 -14.993448
vt -39.982887 -14.993442
vt -38.983311 -13.993872
vt -39.982887 -13.993862
vt -38.983311 -12.994292
vt -39.982887 -12.994286
vt -38.983311 -11.994716
vt -39.982887 -11.994708
vt -38.983311 -10.995139
vt -39.982887 -10.995130
vt -38.983311 -9.995560
vt -39.982887 -9.995550
vt -38.983311 -8.995983
vt -39.982887 -8.995973
vt -38.983311 -7.996403
vt -39.982887 -7.996396
vt -38.983311 -6.996827
vt -39.982887 -6.996819
vt -38.983311 -5.997247
vt -39.982887 -5.997240
vt -38.983311 -4.997670
vt -39.982887 -4.997663
vt -38.983311 -3.998094
vt -39.982887 -3.998084
vt -38.983311 -2.998517
vt -39.982887 -2.998507
vt -38.983311 -1.998937
vt -39.982887 -1.998928
vt -38.983311 -0.999360
vt -39.982887 -0.999351
vt -38.983311 0.000216
vt -39.982887 0.000226
vt -38.983311 0.999793
vt -39.982887 0.999803
vt -38.983311 1.999370
vt -39.982887 1.999380
vt -38.983311 2.998947
vt -39.982887 2.998957
vt -38.983311 3.998524
vt -39.982887 3.998533
vt -38.983311 4.998100
vt -39.982887 4.998110
vt -38.983311 5.997678
vt -39.982887 5.997687
vt -38.983311 6.997254
vt -39.982887 6.997264
vt -38.983311 7.996831
vt -39.982887 7.996841
vt -38.983311 8.996408
vt -39.982887 8.996418
vt -38.983311 9.995985
vt -39.982887 9.995995
vt -38.983311 10.995562
vt -39.982887 10.995571
vt -38.983311 11.995139
vt -39.982887 11.995149
vt -38.983311 12.994716
vt -39.982887 12.994725
vt -38.983311 13.994292
vt -39.982887 13.994302
vt -38.983311 14.993870
vt -39.982887 14.993879
vt -38.983311 15.993446
vt -39.982887 15.993456
vt -38.983311 16.993023
vt -39.982887 16.993032
vt -38.983311 17.992599
vt -39.982887 17.992609
vt -38.983311 18.992176
vt -39.982887 18.992186
vt -38.983311 19.991755
vt -39.982887 19.991764
vt -38.983311 20.991331
vt -39.982887 20.991341
vt -38.983311 21.990908
vt -39.982887 21.990917
vt -38.983311 22.990486
vt -39.982887 22.990494
vt -38.983311 23.990061
vt -39.982887 23.990070
vt -38.983311 24.989637
vt -39.982887 24.989647
vt -38.983311 25.989216
vt -39.982887 25.989225
vt -38.983311 26.988792
vt -39.982887 26.988802
vt -38.983311 27.988369
vt -39.982887 27.988379
vt -38.983311 28.987946
vt -39.982887 28.987955
vt -38.983311 29.987522
vt -39.982887 29.987537
vt -38.983311 30.987099
vt -39.982887 30.987114
vt -38.983311 31.986675
vt -39.982887 31.986691
vt -38.983311 32.986252
vt -39.982887 32.986267
vt -38.983311 33.985828
vt -39.982887 33.985844
vt -38.983311 34.985413
vt -39.982887 34.985420
vt -38.983311 35.984993
vt -39.982887 35.984997
vt -38.983311 36.984570
vt -39.982887 36.984573
vt -38.983311 37.984146
vt -39.982887 37.984158
vt -38.983311 38.983723
vt -39.982887 38.983734
vt -37.983734 -39.982887
vt -37.983734 -38.983311
vt -37.983734 -37.983734
vt -37.983734 -36.984154
vt -37.983734 -35.984577
vt -37.983734 -34.985001
vt -37.983734 -33.985424
vt -37.983734 -32.985844
vt -37.983734 -31.986267
vt -37.983734 -30.986691
vt -37.983734 -29.987114
vt -37.983734 -28.987537
vt -37.983734 -27.987961
vt -37.983734 -26.988382
vt -37.983734 -25.988806
vt -37.983734 -24.989227
vt -37.983734 -23.989647
vt -37.983734 -22.990070
vt -37.983734 -21.990494
vt -37.983734 -20.990917
vt -37.983730 -19.991341
vt -37.983730 -18.991760
vt -37.983730 -17.992182
vt -37.983730 -16.992605
vt -37.983730 -15.993026
vt -37.983730 -14.993448
vt -37.983730 -13.993872
vt -37.983730 -12.994292
vt -37.983730 -11.994716
vt -37.983730 -10.995139
vt -37.983730 -9.995560
vt -37.983730 -8.995983
vt -37.983730 -7.996403
vt -37.983730 -6.996827
vt -37.983730 -5.997247
vt -37.983730 -4.997670
vt -37.983730 -3.998094
vt -37.983730 -2.998517
vt -37.983730 -1.998937
vt -37.983730 -0.999360
vt -37.983730 0.000216
vt -37.983730 0.999793
vt -37.983730 1.999370
vt -37.983730 2.998947
vt -37.983730 3.998524
vt -37.983730 4.998100
vt -37.983730 5.997678
vt -37.983730 6.997254
vt -37.983730 7.996831
vt -37.983730 8.996408
vt -37.983730 9.995985
vt -37.983730 10.995562
vt -37.983730 11.995139
vt -37.983730 12.994716
vt -37.983730 13.994292
vt -37.983730 14.993870
vt -37.983730 15.993446
vt -37.983730 16.993023
vt -37.983730 17.992599
vt -37.983730 18.992176
vt -37.983730 19.991755
vt -37.983730 20.991331
vt -37.983730 21.990908
vt -37.983730 22.990486
vt -37.983734 23.990061
vt -37.983734 24.989637
vt -37.983730 25.989216
vt -37.983730 26.988792
vt -37.983734 27.988369
vt -37.983734 28.987946
vt -37.983730 29.987522
vt -37.983730 30.987099
vt -37.983734 31.986675
vt -37.983734 32.986252
vt -37.983734 33.985828
vt -37.983730 34.985413
vt -37.983734 35.984993
vt -37.983730 36.984570
vt -37.983730 37.984146
vt -37.983734 38.983723
vt -36.984154 -39.982887
vt -36.984154 -38.983311
vt -36.984154 -37.983734
vt -36.984154 -36.984154
vt -36.984154 -35.984577
vt -36.984154 -34.985001
vt -36.984154 -33.985424
vt -36.984154 -32.985844
vt -36.984154 -31.986267
vt -36.984154 -30.986691
vt -36.984154 -29.987114
vt -36.984154 -28.987537
vt -36.984158 -27.987961
vt -36.984158 -26.988382
vt -36.984158 -25.988806
vt -36.984158 -24.989227
vt -36.984158 -23.989647
vt -36.984158 -22.990070
vt -36.984158 -21.990494
vt -36.984158 -20.990917
vt -36.984158 -19.991341
vt -36.984158 -18.991760
vt -36.984158 -17.992182
vt -36.984158 -16.992605
vt -36.984158 -15.993026
vt -36.984158 -14.993448
vt -36.984158 -13.993872
vt -36.984154 -12.994292
vt -36.984154 -11.994716
vt -36.984154 -10.995139
vt -36.984154 -9.995560
vt -36.984154 -8.995983
vt -36.984154 -7.996403
vt -36.984154 -6.996827
vt -36.984154 -5.997247
vt -36.984154 -4.997670
vt -36.984154 -3.998094
vt -36.984154 -2.998517
vt -36.984154 -1.998937
vt -36.984154 -0.999360
vt -36.984154 0.000216
vt -36.984154 0.999793
vt -36.984154 1.999370
vt -36.984154 2.998947
vt -36.984154 3.998524
vt -36.984154 4.998100
vt -36.984154 5.997678
vt -36.984154 6.997254
vt -36.984154 7.996831
vt -36.984154 8.996408
vt -36.984154 9.995985
vt -36.984154 10.995562
vt -36.984154 11.995139
vt -36.984158 12.994716
vt -36.984158 13.994292
vt -36.984158 14.993870
vt -36.984158 15.993446
vt -36.984158 16.993023
vt -36.984158 17.992599
vt -36.984158 18.992176
vt -36.984158 19.991755
vt -36.984158 20.991331
vt -36.984158 21.990908
vt -36.984158 22.990486
vt -36.984158 23.990061
vt -36.984158 24.989637
vt -36.984158 25.989216
vt -36.984154 26.988792
vt -36.984154 27.988369
vt -36.984154 28.987946
vt -36.984154 29.987522
vt -36.984154 30.987099
vt -36.984154 31.986675
vt -36.984154 32.986252
vt -36.984154 33.985828
vt -36.984154 34.985413
vt -36.984154 35.984993
vt -36.984154 36.984570
vt -36.984154 37.984146
vt -36.984154 38.983723
vt -35.984577 -39.982887
vt -35.984577 -38.983311
vt -35.984577 -37.983734
vt -35.984577 -36.984154
vt -35.984577 -35.984577
vt -35.984577 -34.985001
vt -35.984577 -33.985424
vt -35.984577 -32.985844
vt -35.984577 -31.986267
vt -35.984577 -30.986691
vt -35.984577 -29.987114
vt -35.984577 -28.987537
vt -35.984577 -27.987961
vt -35.984577 -26.988382
vt -35.984577 -25.988806
vt -35.984577 -24.989227
vt -35.984577 -23.989647
vt -35.984577 -22.990070
vt -35.984577 -21.990494
vt -35.984577 -20.990917
vt -35.984577 -19.991341
vt -35.984577 -18.991760
vt -35.984577 -17.992182
vt -35.984577 -16.992605
vt -35.984577 -15.993026
vt -35.984577 -14.993448
vt -35.984577 -13.993872
vt -35.984577 -12.994292
vt -35.984577 -11.994716
vt -35.984577 -10.995139
vt -35.984577 -9.995560
vt -35.984577 -8.995983
vt -35.984577 -7.996403
vt -35.984577 -6.996827
vt -35.984577 -5.997247
vt -35.984577 -4.997670
vt -35.984577 -3.998094
vt -35.984577 -2.998517
vt -35.984577 -1.998937
vt -35.984577 -0.999360
vt -35.984577 0.000216
vt -35.984577 0.999793
vt -35.984577 1.999370
vt -35.984577 2.998947
vt -35.984577 3.998524
vt -35.984577 4.998100
vt -35.984577 5.997678
vt -35.984577 6.997254
vt -35.984577 7.996831
vt -35.984577 8.996408
vt -35.984577 9.995985
vt -35.984577 10.995562
vt -35.984577 11.995139
vt -35.984577 12.994716
vt -35.984577 13.994292
vt -35.984577 14.993870
vt -35.984577 15.993446
vt -35.984577 16.993023
vt -35.984577 17.992599
vt -35.984577 18.992176
vt -35.984577 19.991755
vt -35.984577 20.991331
vt -35.984577 21.990908
vt -35.984577 22.990486
vt -35.984577 23.990061
vt -35.984577 24.989637
vt -35.984577 25.989216
vt -35.984577 26.988792
vt -35.984577 27.988369
vt -35.984577 28.987946
vt -35.984577 29.987522
vt -35.984577 30.987099
vt -35.984577 31.986675
vt -35.984577 32.986252
vt -35.984577 33.985828
vt -35.984577 34.985413
vt -35.984577 35.984993
vt -35.984577 36.984570
vt -35.984577 37.984146
vt -35.984577 38.983723
vt -34.985001 -39.982887
vt -34.985001 -38.983311
vt -34.985001 -37.983734
vt -34.985001 -36.984154
vt -34.985001 -35.984577
vt -34.985001 -34.985001
vt -34.985001 -33.985424
vt -34.985001 -32.985844
vt -34.985001 -31.986267
vt -34.985001 -30.986691
vt -34.985001 -29.987114
vt -34.985001 -28.987537
vt -34.985001 -27.987961
vt -34.985001 -26.988382
vt -34.985001 -25.988806
vt -34.985001 -24.989227
vt -34.985001 -23.989647
vt -34.985001 -22.990070
vt -34.985001 -21.990494
vt -34.985001 -20.990917
vt -34.985001 -19.991341
vt -34.985001 -18.991760
vt -34.985001 -17.992182
vt -34.985001 -16.992605
vt -34.985001 -15.993026
vt -34.985001 -14.993448
vt -34.984997 -13.993872
vt -34.984997 -12.994292
vt -34.984997 -11.994716
vt -34.984997 -10.995139
vt -34.984997 -9.995560
vt -34.984997 -8.995983
vt -34.984997 -7.996403
vt -34.984997 -6.996827
vt -34.984997 -5.997247
vt -34.984997 -4.997670
vt -34.984997 -3.998094
vt -34.984997 -2.998517
vt -34.984997 -1.998937
vt -34.984997 -0.999360
vt -34.984997 0.000216
vt -34.984997 0.999793
vt -34.984997 1.999370
vt -34.984997 2.998947
vt -34.984997 3.998524
vt -34.984997 4.998100
vt -34.984997 5.997678
vt -34.984997 6.997254
vt -34.984997 7.996831
vt -34.984997 8.996408
vt -34.984997 9.995985
vt -34.984997 10.995562
vt -34.984997 11.995139
vt -34.985001 12.994716
vt -34.985001 13.994292
vt -34.985001 14.993870
vt -34.985001 15.993446
vt -34.985001 16.993023
vt -34.985001 17.992599
vt -34.985001 18.992176
vt -34.985001 19.991755
vt -34.985001 20.991331
vt -34.985001 21.990908
vt -34.985001 22.990486
vt -34.985001 23.990061
vt -34.985001 24.989637
vt -34.985001 25.989216
vt -34.985001 26.988792
vt -34.985001 27.988369
vt -34.985001 28.987946
vt -34.985001 29.987522
vt -34.985001 30.987099
vt -34.985001 31.986675
vt -34.985001 32.986252
vt -34.985001 33.985828
vt -34.985001 34.985413
vt -34.985001 35.984993
vt -34.985001 36.984570
vt -34.985001 37.984146
vt -34.985001 38.983723
vt -33.985424 -39.982887
vt -33.985424 -38.983311
vt -33.985424 -37.983734
vt -33.985424 -36.984154
vt -33.985424 -35.984577
vt -33.985424 -34.985001
vt -33.985424 -33.985424
vt -33.985424 -32.985844
vt -33.985424 -31.986267
vt -33.985424 -30.986691
vt -33.985424 -29.987114
vt -33.985424 -28.987537
vt -33.985424 -27.987961
vt -33.985424 -26.988382
vt -33.985424 -25.988806
vt -33.985424 -24.989227
vt -33.985424 -23.989647
vt -33.985424 -22.990070
vt -33.985424 -21.990494
vt -33.985424 -20.990917
vt -33.985424 -19.991341
vt -33.985424 -18.991760
vt -33.985424 -17.992182
vt -33.985424 -16.992605
vt -33.985424 -15.993026
vt -33.985424 -14.993448
vt -33.985424 -13.993872
vt -33.985424 -12.994292
vt -33.985424 -11.994716
vt -33.985424 -10.995139
vt -33.985424 -9.995560
vt -33.985424 -8.995983
vt -33.985424 -7.996403
vt -33.985424 -6.996827
vt -33.985424 -5.997247
vt -33.985424 -4.997670
vt -33.985424 -3.998094
vt -33.985420 -2.998517
vt -33.985420 -1.998937
vt -33.985420 -0.999360
vt -33.985420 0.000216
vt -33.985420 0.999793
vt -33.985420 1.999370
vt -33.985420 2.998947
vt -33.985420 3.998524
vt -33.985420 4.998100
vt -33.985420 5.997678
vt -33.985420 6.997254
vt -33.985424 7.996831
vt -33.985424 8.996408
vt -33.985424 9.995985
vt -33.985424 10.995562
vt -33.985424 11.995139
vt -33.985424 12.994716
vt -33.985424 13.994292
vt -33.985424 14.993870
vt -33.985424 15.993446
vt -33.985424 16.993023
vt -33.985424 17.992599
vt -33.985424 18.992176
vt -33.985424 19.991755
vt -33.985424 20.991331
vt -33.985424 21.990908
vt -33.985424 22.990486
vt -33.985424 23.990061
vt -33.985424 24.989637
vt -33.985424 25.989216
vt -33.985424 26.988792
vt -33.985424 27.988369
vt -33.985420 28.987946
vt -33.985420 29.987522
vt -33.985420 30.987099
vt -33.985420 31.986675
vt -33.985420 32.986252
vt -33.985420 33.985828
vt -33.985420 34.985413
vt -33.985420 35.984993
vt -33.985420 36.984570
vt -33.985420 37.984146
vt -33.985420 38.983723
vt -32.985844 -39.982887
vt -32.985844 -38.983311
vt -32.985844 -37.983734
vt -32.985844 -36.984154
vt -32.985844 -35.984577
vt -32.985844 -34.985001
vt -32.985844 -33.985424
vt -32.985844 -32.985844
vt -32.985844 -31.986267
vt -32.985844 -30.986691
vt -32.985844 -29.987114
vt -32.985844 -28.987537
vt -32.985844 -27.987961
vt -32.985844 -26.988382
vt -32.985847 -25.988806
vt -32.985847 -24.989227
vt -32.985847 -23.989647
vt -32.985847 -22.990070
vt -32.985847 -21.990494
vt -32.985847 -20.990917
vt -32.985844 -19.991341
vt -32.985844 -18.991760
vt -32.985844 -17.992182
vt -32.985844 -16.992605
vt -32.985844 -15.993026
vt -32.985844 -14.993448
vt -32.985844 -13.993872
vt -32.985844 -12.994292
vt -32.985844 -11.994716
vt -32.985844 -10.995139
vt -32.985844 -9.995560
vt -32.985844 -8.995983
vt -32.985844 -7.996403
vt -32.985844 -6.996827
vt -32.985844 -5.997247
vt -32.985844 -4.997670
vt -32.985844 -3.998094
vt -32.985844 -2.998517
vt -32.985844 -1.998937
vt -32.985844 -0.999360
vt -32.985844 0.000216
vt -32.985844 0.999793
vt -32.985844 1.999370
vt -32.985844 2.998947
vt -32.985844 3.998524
vt -32.985844 4.998100
vt -32.985844 5.997678
vt -32.985844 6.997254
vt -32.985844 7.996831
vt -32.985844 8.996408
vt -32.985844 9.995985
vt -32.985844 10.995562
vt -32.985844 11.995139
vt -32.985844 12.994716
vt -32.985844 13.994292
vt -32.985844 14.993870
vt -32.985844 15.993446
vt -32.985844 16.993023
vt -32.985844 17.992599
vt -32.985844 18.992176
vt -32.985844 19.991755
vt -32.985844 20.991331
vt -32.985844 21.990908
vt -32.985844 22.990486
vt -32.985844 23.990061
vt -32.985844 24.989637
vt -32.985844 25.989216
vt -32.985844 26.988792
vt -32.985844 27.988369
vt -32.985844 28.987946
vt -32.985844 29.987522
vt -32.985844 30.987099
vt -32.985844 31.986675
vt -32.985844 32.986252
vt -32.985844 33.985828
vt -32.985844 34.985413
vt -32.985844 35.984993
vt -32.985844 36.984570
vt -32.985844 37.984146
vt -32.985844 38.983723
vt -31.986267 -39.982887
vt -31.986267 -38.983311
vt -31.986267 -37.983734
vt -31.986267 -36.984154
vt -31.986267 -35.984577
vt -31.986267 -34.985001
vt -31.986267 -33.985424
vt -31.986267 -32.985844
vt -31.986267 -31.986267
vt -31.986267 -30.986691
vt -31.986267 -29.987114
vt -31.986267 -28.987537
vt -31.986267 -27.987961
vt -31.986267 -26.988382
vt -31.986267 -25.988806
vt -31.986267 -24.989227
vt -31.986267 -23.989647
vt -31.986267 -22.990070
vt -31.986267 -21.990494
vt -31.986267 -20.990917
vt -31.986267 -19.991341
vt -31.986267 -18.991760
vt -31.986267 -17.992182
vt -31.986267 -16.992605
vt -31.986267 -15.993026
vt -31.986267 -14.993448
vt -31.986267 -13.993872
vt -31.986267 -12.994292
vt -31.986267 -11.994716
vt -31.986263 -10.995139
vt -31.986267 -9.995560
vt -31.986267 -8.995983
vt -31.986267 -7.996403
vt -31.986267 -6.996827
vt -31.986267 -5.997247
vt -31.986267 -4.997670
vt -31.986267 -3.998094
vt -31.986267 -2.998517
vt -31.986267 -1.998937
vt -31.986267 -0.999360
vt -31.986267 0.000216
vt -31.986267 0.999793
vt -31.986267 1.999370
vt -31.986267 2.998947
vt -31.986267 3.998524
vt -31.986267 4.998100
vt -31.986267 5.997678
vt -31.986267 6.997254
vt -31.986267 7.996831
vt -31.986267 8.996408
vt -31.986267 9.995985
vt -31.986267 10.995562
vt -31.986267 11.995139
vt -31.986267 12.994716
vt -31.986267 13.994292
vt -31.986267 14.993870
vt -31.986267 15.993446
vt -31.986267 16.993023
vt -31.986267 17.992599
vt -31.986267 18.992176
vt -31.986267 19.991755
vt -31.986267 20.991331
vt -31.986267 21.990908
vt -31.986267 22.990486
vt -31.986267 23.990061
vt -31.986267 24.989637
vt -31.986267 25.989216
vt -31.986267 26.988792
vt -31.986267 27.988369
vt -31.986267 28.987946
vt -31.986267 29.987522
vt -31.986267 30.987099
vt -31.986267 31.986675
vt -31.986267 32.986252
vt -31.986267 33.985828
vt -31.986267 34.985413
vt -31.986267 35.984993
vt -31.986267 36.984570
vt -31.986267 37.984146
vt -31.986267 38.983723
vt -30.986691 -39.982887
vt -30.986691 -38.983311
vt -30.986691 -37.983734
vt -30.986691 -36.984154
vt -30.986691 -35.984577
vt -30.986691 -34.985001
vt -30.986691 -33.985424
vt -30.986691 -32.985844
vt -30.986691 -31.986267
vt -30.986691 -30.986691
vt -30.986691 -29.987114
vt -30.986691 -28.987537
vt -30.986691 -27.987961
vt -30.986691 -26.988382
vt -30.986691 -25.988806
vt -30.986691 -24.989227
vt -30.986691 -23.989647
vt -30.986691 -22.990070
vt -30.986691 -21.990494
vt -30.986691 -20.990917
vt -30.986691 -19.991341
vt -30.986691 -18.991760
vt -30.986691 -17.992182
vt -30.986691 -16.992605
vt -30.986691 -15.993026
vt -30.986691 -14.993448
vt -30.986691 -13.993872
vt -30.986691 -12.994292
vt -30.986691 -11.994716
vt -30.986691 -10.995139
vt -30.986691 -9.995560
vt -30.986691 -8.995983
vt -30.986691 -7.996403
vt -30.986689 -6.996827
vt -30.986689 -5.997247
vt -30.986689 -4.997670
vt -30.986689 -3.998094
vt -30.986689 -2.998517
vt -30.986689 -1.998937
vt -30.986689 -0.999360
vt -30.986689 0.000216
vt -30.986689 0.999793
vt -30.986689 1.999370
vt -30.986689 2.998947
vt -30.986689 3.998524
vt -30.986689 4.998100
vt -30.986689 5.997678
vt -30.986689 6.997254
vt -30.986691 7.996831
vt -30.986689 8.996408
vt -30.986689 9.995985
vt -30.986689 10.995562
vt -30.986689 11.995139
vt -30.986691 12.994716
vt -30.986691 13.994292
vt -30.986691 14.993870
vt -30.986691 15.993446
vt -30.986691 16.993023
vt -30.986691 17.992599
vt -30.986691 18.992176
vt -30.986691 19.991755
vt -30.986691 20.991331
vt -30.986691 21.990908
vt -30.986691 22.990486
vt -30.986691 23.990061
vt -30.986691 24.989637
vt -30.986691 25.989216
vt -30.986691 26.988792
vt -30.986691 27.988369
vt -30.986691 28.987946
vt -30.986691 29.987522
vt -30.986691 30.987099
vt -30.986691 31.986675
vt -30.986691 32.986252
vt -30.986691 33.985828
vt -30.986691 34.985413
vt -30.986691 35.984993
vt -30.986691 36.984570
vt -30.986691 37.984146
vt -30.986691 38.983723
vt -29.987114 -39.982887
vt -29.987114 -38.983311
vt -29.987114 -37.983734
vt -29.987114 -36.984154
vt -29.987114 -35.984577
vt -29.987114 -34.985001
vt -29.987114 -33.985424
vt -29.987114 -32.985844
vt -29.987114 -31.986267
vt -29.987114 -30.986691
vt -29.987114 -29.987114
vt -29.987114 -28.987537
vt -29.987114 -27.987961
vt -29.987114 -26.988382
vt -29.987114 -25.988806
vt -29.987114 -24.989227
vt -29.987114 -23.989647
vt -29.987114 -22.990070
vt -29.987114 -21.990494
vt -29.987114 -20.990917
vt -29.987112 -19.991341
vt -29.987112 -18.991760
vt -29.987112 -17.992182
vt -29.987112 -16.992605
vt -29.987112 -15.993026
vt -29.987112 -14.993448
vt -29.987112 -13.993872
vt -29.987112 -12.994292
vt -29.987112 -11.994716
vt -29.987112 -10.995139
vt -29.987112 -9.995560
vt -29.987112 -8.995983
vt -29.987112 -7.996403
vt -29.987112 -6.996827
vt -29.987112 -5.997247
vt -29.987112 -4.997670
vt -29.987112 -3.998094
vt -29.987112 -2.998517
vt -29.987112 -1.998937
vt -29.987112 -0.999360
vt -29.987112 0.000216
vt -29.987108 0.999793
vt -29.987108 1.999370
vt -29.987108 2.998947
vt -29.987108 3.998524
vt -29.987108 4.998100
vt -29.987112 5.997678
vt -29.987112 6.997254
vt -29.987112 7.996831
vt -29.987112 8.996408
vt -29.987112 9.995985
vt -29.987112 10.995562
vt -29.987112 11.995139
vt -29.987112 12.994716
vt -29.987112 13.994292
vt -29.987112 14.993870
vt -29.987112 15.993446
vt -29.987112 16.993023
vt -29.987114 17.992599
vt -29.987114 18.992176
vt -29.987114 19.991755
vt -29.987114 20.991331
vt -29.987114 21.990908
vt -29.987114 22.990486
vt -29.987114 23.990061
vt -29.987114 24.989637
vt -29.987114 25.989216
vt -29.987114 26.988792
vt -29.987114 27.988369
vt -29.987114 28.987946
vt -29.987114 29.987522
vt -29.987114 30.987099
vt -29.987114 31.986675
vt -29.987114 32.986252
vt -29.987114 33.985828
vt -29.987114 34.985413
vt -29.987114 35.984993
vt -29.987114 36.984570
vt -29.987112 37.984146
vt -29.987112 38.983723
vt -28.987537 -39.982887
vt -28.987537 -38.983311
vt -28.987537 -37.983734
vt -28.987537 -36.984154
vt -28.987537 -35.984577
vt -28.987537 -34.985001
vt -28.987537 -33.985424
vt -28.987537 -32.985844
vt -28.987537 -31.986267
vt -28.987537 -30.986691
vt -28.987537 -29.987114
vt -28.987537 -28.987537
vt -28.987537 -27.987961
vt -28.987537 -26.988382
vt -28.987537 -25.988806
vt -28.987537 -24.989227
vt -28.987537 -23.989647
vt -28.987537 -22.990070
vt -28.987537 -21.990494
vt -28.987537 -20.990917
vt -28.987537 -19.991341
vt -28.987537 -18.991760
vt -28.987534 -17.992182
vt -28.987534 -16.992605
vt -28.987534 -15.993026
vt -28.987534 -14.993448
vt -28.987534 -13.993872
vt -28.987534 -12.994292
vt -28.987534 -11.994716
vt -28.987534 -10.995139
vt -28.987534 -9.995560
vt -28.987534 -8.995983
vt -28.987534 -7.996403
vt -28.987534 -6.996827
vt -28.987532 -5.997247
vt -28.987532 -4.997670
vt -28.987532 -3.998094
vt -28.987532 -2.998517
vt -28.987532 -1.998937
vt -28.987532 -0.999360
vt -28.987534 0.000216
vt -28.987532 0.999793
vt -28.987532 1.999370
vt -28.987532 2.998947
vt -28.987532 3.998524
vt -28.987532 4.998100
vt -28.987532 5.997678
vt -28.987532 6.997254
vt -28.987532 7.996831
vt -28.987532 8.996408
vt -28.987532 9.995985
vt -28.987532 10.995562
vt -28.987532 11.995139
vt -28.987532 12.994716
vt -28.987532 13.994292
vt -28.987532 14.993870
vt -28.987532 15.993446
vt -28.987532 16.993023
vt -28.987532 17.992599
vt -28.987532 18.992176
vt -28.987532 19.991755
vt -28.987532 20.991331
vt -28.987532 21.990908
vt -28.987532 22.990486
vt -28.987532 23.990061
vt -28.987532 24.989637
vt -28.987532 25.989216
vt -28.987532 26.988792
vt -28.987532 27.988369
vt -28.987532 28.987946
vt -28.987532 29.987522
vt -28.987532 30.987099
vt -28.987532 31.986675
vt -28.987532 32.986252
vt -28.987532 33.985828
vt -28.987532 34.985413
vt -28.987532 35.984993
vt -28.987532 36.984570
vt -28.987532 37.984146
vt -28.987532 38.983723
vt -27.987961 -39.982887
vt -27.987961 -38.983311
vt -27.987961 -37.983734
vt -27.987961 -36.984154
vt -27.987961 -35.984577
vt -27.987961 -34.985001
vt -27.987961 -33.985424
vt -27.987961 -32.985844
vt -27.987961 -31.986267
vt -27.987961 -30.986691
vt -27.987961 -29.987114
vt -27.987961 -28.987537
vt -27.987961 -27.987961
vt -27.987961 -26.988382
vt -27.987961 -25.988806
vt -27.987961 -24.989227
vt -27.987961 -23.989647
vt -27.987961 -22.990070
vt -27.987961 -21.990494
vt -27.987961 -20.990917
vt -27.987961 -19.991341
vt -27.987961 -18.991760
vt -27.987961 -17.992182
vt -27.987961 -16.992605
vt -27.987961 -15.993026
vt -27.987961 -14.993448
vt -27.987961 -13.993872
vt -27.987961 -12.994292
vt -27.987961 -11.994716
vt -27.987961 -10.995139
vt -27.987961 -9.995560
vt -27.987961 -8.995983
vt -27.987961 -7.996403
vt -27.987961 -6.996827
vt -27.987961 -5.997247
vt -27.987961 -4.997670
vt -27.987961 -3.998094
vt -27.987957 -2.998517
vt -27.987957 -1.998937
vt -27.987957 -0.999360
vt -27.987957 0.000216
vt -27.987957 0.999793
vt -27.987957 1.999370
vt -27.987957 2.998947
vt -27.987957 3.998524
vt -27.987957 4.998100
vt -27.987957 5.997678
vt -27.987957 6.997254
vt -27.987961 7.996831
vt -27.987961 8.996408
vt -27.987961 9.995985
vt -27.987961 10.995562
vt -27.987961 11.995139
vt -27.987961 12.994716
vt -27.987961 13.994292
vt -27.987961 14.993870
vt -27.987961 15.993446
vt -27.987961 16.993023
vt -27.987961 17.992599
vt -27.987961 18.992176
vt -27.987961 19.991755
vt -27.987961 20.991331
vt -27.987961 21.990908
vt -27.987961 22.990486
vt -27.987961 23.990061
vt -27.987961 24.989637
vt -27.987961 25.989216
vt -27.987961 26.988792
vt -27.987961 27.988369
vt -27.987957 28.987946
vt -27.987955 29.987522
vt -27.987957 30.987099
vt -27.987957 31.986675
vt -27.987957 32.986252
vt -27.987957 33.985828
vt -27.987955 34.985413
vt -27.987955 35.984993
vt -27.987955 36.984570
vt -27.987955 37.984146
vt -27.987955 38.983723
vt -26.988382 -39.982887
vt -26.988382 -38.983311
vt -26.988382 -37.983734
vt -26.988382 -36.984154
vt -26.988382 -35.984577
vt -26.988382 -34.985001
vt -26.988382 -33.985424
vt -26.988382 -32.985844
vt -26.988382 -31.986267
vt -26.988382 -30.986691
vt -26.988382 -29.987114
vt -26.988382 -28.987537
vt -26.988382 -27.987961
vt -26.988382 -26.988382
vt -26.988382 -25.988806
vt -26.988380 -24.989227
vt -26.988380 -23.989647
vt -26.988380 -22.990070
vt -26.988380 -21.990494
vt -26.988380 -20.990917
vt -26.988380 -19.991341
vt -26.988379 -18.991760
vt -26.988379 -17.992182
vt -26.988379 -16.992605
vt -26.988379 -15.993026
vt -26.988379 -14.993448
vt -26.988379 -13.993872
vt -26.988379 -12.994292
vt -26.988379 -11.994716
vt -26.988379 -10.995139
vt -26.988379 -9.995560
vt -26.988379 -8.995983
vt -26.988379 -7.996403
vt -26.988379 -6.996827
vt -26.988379 -5.997247
vt -26.988379 -4.997670
vt -26.988379 -3.998094
vt -26.988379 -2.998517
vt -26.988379 -1.998937
vt -26.988379 -0.999360
vt -26.988379 0.000216
vt -26.988379 0.999793
vt -26.988379 1.999370
vt -26.988379 2.998947
vt -26.988379 3.998524
vt -26.988379 4.998100
vt -26.988379 5.997678
vt -26.988379 6.997254
vt -26.988379 7.996831
vt -26.988379 8.996408
vt -26.988379 9.995985
vt -26.988379 10.995562
vt -26.988379 11.995139
vt -26.988379 12.994716
vt -26.988379 13.994292
vt -26.988377 14.993870
vt -26.988379 15.993446
vt -26.988379 16.993023
vt -26.988379 17.992599
vt -26.988379 18.992176
vt -26.988379 19.991755
vt -26.988379 20.991331
vt -26.988379 21.990908
vt -26.988379 22.990486
vt -26.988379 23.990061
vt -26.988379 24.989637
vt -26.988379 25.989216
vt -26.988379 26.988792
vt -26.988379 27.988369
vt -26.988379 28.987946
vt -26.988379 29.987522
vt -26.988379 30.987099
vt -26.988379 31.986675
vt -26.988379 32.986252
vt -26.988379 33.985828
vt -26.988379 34.985413
vt -26.988379 35.984993
vt -26.988379 36.984570
vt -26.988379 37.984146
vt -26.988379 38.983723
vt -25.988806 -39.982887
vt -25.988806 -38.983311
vt -25.988806 -37.983734
vt -25.988806 -36.984154
vt -25.988806 -35.984577
vt -25.988806 -34.985001
vt -25.988806 -33.985424
vt -25.988806 -32.985844
vt -25.988806 -31.986267
vt -25.988806 -30.986691
vt -25.988806 -29.987114
vt -25.988806 -28.987537
vt -25.988806 -27.987961
vt -25.988806 -26.988382
vt -25.988806 -25.988806
vt -25.988806 -24.989227
vt -25.988806 -23.989647
vt -25.988806 -22.990070
vt -25.988806 -21.990494
vt -25.988806 -20.990917
vt -25.988806 -19.991341
vt -25.988804 -18.991760
vt -25.988804 -17.992182
vt -25.988806 -16.992605
vt -25.988806 -15.993026
vt -25.988806 -14.993448
vt -25.988806 -13.993872
vt -25.988806 -12.994292
vt -25.988806 -11.994716
vt -25.988806 -10.995139
vt -25.988806 -9.995560
vt -25.988806 -8.995983
vt -25.988806 -7.996403
vt -25.988804 -6.996827
vt -25.988804 -5.997247
vt -25.988804 -4.997670
vt -25.988802 -3.998094
vt -25.988802 -2.998517
vt -25.988802 -1.998937
vt -25.988802 -0.999360
vt -25.988802 0.000216
vt -25.988802 0.999793
vt -25.988802 1.999370
vt -25.988802 2.998947
vt -25.988802 3.998524
vt -25.988802 4.998100
vt -25.988802 5.997678
vt -25.988802 6.997254
vt -25.988802 7.996831
vt -25.988802 8.996408
vt -25.988802 9.995985
vt -25.988802 10.995562
vt -25.988802 11.995139
vt -25.988802 12.994716
vt -25.988802 13.994292
vt -25.988802 14.993870
vt -25.988802 15.993446
vt -25.988802 16.993023
vt -25.988802 17.992599
vt -25.988802 18.992176
vt -25.988802 19.991755
vt -25.988802 20.991331
vt -25.988802 21.990908
vt -25.988802 22.990486
vt -25.988804 23.990061
vt -25.988804 24.989637
vt -25.988804 25.989216
vt -25.988804 26.988792
vt -25.988804 27.988369
vt -25.988802 28.987946
vt -25.988802 29.987522
vt -25.988802 30.987099
vt -25.988804 31.986675
vt -25.988804 32.986252
vt -25.988804 33.985828
vt -25.988804 34.985413
vt -25.988804 35.984993
vt -25.988802 36.984570
vt -25.988802 37.984146
vt -25.988802 38.983723
vt -24.989227 -39.982887
vt -24.989227 -38.983311
vt -24.989225 -37.983734
vt -24.989225 -36.984154
vt -24.989225 -35.984577
vt -24.989225 -34.985001
vt -24.989225 -33.985424
vt -24.989225 -32.985844
vt -24.989225 -31.986267
vt -24.989225 -30.986691
vt -24.989225 -29.987114
vt -24.989225 -28.987537
vt -24.989225 -27.987961
vt -24.989225 -26.988382
vt -24.989227 -25.988806
vt -24.989227 -24.989227
vt -24.989227 -23.989647
vt -24.989227 -22.990070
vt -24.989227 -21.990494
vt -24.989227 -20.990917
vt -24.989225 -19.991341
vt -24.989225 -18.991760
vt -24.989225 -17.992182
vt -24.989225 -16.992605
vt -24.989225 -15.993026
vt -24.989225 -14.993448
vt -24.989225 -13.993872
vt -24.989225 -12.994292
vt -24.989225 -11.994716
vt -24.989225 -10.995139
vt -24.989225 -9.995560
vt -24.989225 -8.995983
vt -24.989225 -7.996403
vt -24.989225 -6.996827
vt -24.989222 -5.997247
vt -24.989222 -4.997670
vt -24.989222 -3.998094
vt -24.989222 -2.998517
vt -24.989222 -1.998937
vt -24.989222 -0.999360
vt -24.989222 0.000216
vt -24.989222 0.999793
vt -24.989222 1.999370
vt -24.989222 2.998947
vt -24.989225 3.998524
vt -24.989225 4.998100
vt -24.989225 5.997678
vt -24.989225 6.997254
vt -24.989225 7.996831
vt -24.989225 8.996408
vt -24.989225 9.995985
vt -24.989225 10.995562
vt -24.989225 11.995139
vt -24.989225 12.994716
vt -24.989225 13.994292
vt -24.989225 14.993870
vt -24.989225 15.993446
vt -24.989225 16.993023
vt -24.989227 17.992599
vt -24.989227 18.992176
vt -24.989227 19.991755
vt -24.989227 20.991331
vt -24.989227 21.990908
vt -24.989225 22.990486
vt -24.989227 23.990061
vt -24.989227 24.989637
vt -24.989227 25.989216
vt -24.989225 26.988792
vt -24.989225 27.988369
vt -24.989225 28.987946
vt -24.989225 29.987522
vt -24.989225 30.987099
vt -24.989225 31.986675
vt -24.989225 32.986252
vt -24.989225 33.985828
vt -24.989225 34.985413
vt -24.989225 35.984993
vt -24.989225 36.984570
vt -24.989225 37.984146
vt -24.989225 38.983723
vt -23.989647 -39.982887
vt -23.989647 -38.983311
vt -23.989647 -37.983734
vt -23.989651 -36.984154
vt -23.989651 -35.984577
vt -23.989651 -34.985001
vt -23.989651 -33.985424
vt -23.989647 -32.985844
vt -23.989647 -31.986267
vt -23.989647 -30.986691
vt -23.989647 -29.987114
vt -23.989647 -28.987537
vt -23.989651 -27.987961
vt -23.989651 -26.988382
vt -23.989651 -25.988806
vt -23.989651 -24.989227
vt -23.989647 -23.989647
vt -23.989647 -22.990070
vt -23.989647 -21.990494
vt -23.989647 -20.990917
vt -23.989647 -19.991341
vt -23.989647 -18.991760
vt -23.989645 -17.992182
vt -23.989647 -16.992605
vt -23.989647 -15.993026
vt -23.989647 -14.993448
vt -23.989645 -13.993872
vt -23.989643 -12.994292
vt -23.989643 -11.994716
vt -23.989643 -10.995139
vt -23.989643 -9.995560
vt -23.989643 -8.995983
vt -23.989643 -7.996403
vt -23.989643 -6.996827
vt -23.989643 -5.997247
vt -23.989643 -4.997670
vt -23.989643 -3.998094
vt -23.989643 -2.998517
vt -23.989643 -1.998937
vt -23.989643 -0.999360
vt -23.989643 0.000216
vt -23.989643 0.999793
vt -23.989643 1.999370
vt -23.989643 2.998947
vt -23.989643 3.998524
vt -23.989643 4.998100
vt -23.989643 5.997678
vt -23.989643 6.997254
vt -23.989643 7.996831
vt -23.989643 8.996408
vt -23.989643 9.995985
vt -23.989643 10.995562
vt -23.989643 11.995139
vt -23.989643 12.994716
vt -23.989643 13.994292
vt -23.989643 14.993870
vt -23.989643 15.993446
vt -23.989643 16.993023
vt -23.989643 17.992599
vt -23.989643 18.992176
vt -23.989643 19.991755
vt -23.989643 20.991331
vt -23.989643 21.990908
vt -23.989643 22.990486
vt -23.989643 23.990061
vt -23.989643 24.989637
vt -23.989643 25.989216
vt -23.989643 26.988792
vt -23.989645 27.988369
vt -23.989645 28.987946
vt -23.989645 29.987522
vt -23.989645 30.987099
vt -23.989647 31.986675
vt -23.989647 32.986252
vt -23.989647 33.985828
vt -23.989647 34.985413
vt -23.989647 35.984993
vt -23.989645 36.984570
vt -23.989645 37.984146
vt -23.989645 38.983723
vt -22.990070 -39.982887
vt -22.990070 -38.983311
vt -22.990070 -37.983734
vt -22.990070 -36.984154
vt -22.990070 -35.984577
vt -22.990070 -34.985001
vt -22.990070 -33.985424
vt -22.990070 -32.985844
vt -22.990070 -31.986267
vt -22.990070 -30.986691
vt -22.990070 -29.987114
vt -22.990070 -28.987537
vt -22.990074 -27.987961
vt -22.990074 -26.988382
vt -22.990074 -25.988806
vt -22.990070 -24.989227
vt -22.990070 -23.989647
vt -22.990070 -22.990070
vt -22.990070 -21.990494
vt -22.990070 -20.990917
vt -22.990070 -19.991341
vt -22.990068 -18.991760
vt -22.990068 -17.992182
vt -22.990068 -16.992605
vt -22.990067 -15.993026
vt -22.990067 -14.993448
vt -22.990067 -13.993872
vt -22.990067 -12.994292
vt -22.990067 -11.994716
vt -22.990067 -10.995139
vt -22.990067 -9.995560
vt -22.990067 -8.995983
vt -22.990067 -7.996403
vt -22.990067 -6.996827
vt -22.990067 -5.997247
vt -22.990067 -4.997670
vt -22.990063 -3.998094
vt -22.990063 -2.998517
vt -22.990063 -1.998937
vt -22.990067 -0.999360
vt -22.990067 0.000216
vt -22.990067 0.999793
vt -22.990067 1.999370
vt -22.990067 2.998947
vt -22.990067 3.998524
vt -22.990067 4.998100
vt -22.990067 5.997678
vt -22.990067 6.997254
vt -22.990068 7.996831
vt -22.990068 8.996408
vt -22.990068 9.995985
vt -22.990068 10.995562
vt -22.990068 11.995139
vt -22.990068 12.994716
vt -22.990067 13.994292
vt -22.990067 14.993870
vt -22.990067 15.993446
vt -22.990067 16.993023
vt -22.990068 17.992599
vt -22.990068 18.992176
vt -22.990068 19.991755
vt -22.990068 20.991331
vt -22.990068 21.990908
vt -22.990067 22.990486
vt -22.990067 23.990061
vt -22.990067 24.989637
vt -22.990067 25.989216
vt -22.990067 26.988792
vt -22.990068 27.988369
vt -22.990068 28.987946
vt -22.990068 29.987522
vt -22.990070 30.987099
vt -22.990070 31.986675
vt -22.990070 32.986252
vt -22.990070 33.985828
vt -22.990068 34.985413
vt -22.990068 35.984993
vt -22.990067 36.984570
vt -22.990067 37.984146
vt -22.990067 38.983723
vt -21.990494 -39.982887
vt -21.990494 -38.983311
vt -21.990494 -37.983734
vt -21.990494 -36.984154
vt -21.990494 -35.984577
vt -21.990494 -34.985001
vt -21.990494 -33.985424
vt -21.990494 -32.985844
vt -21.990494 -31.986267
vt -21.990494 -30.986691
vt -21.990494 -29.987114
vt -21.990494 -28.987537
vt -21.990494 -27.987961
vt -21.990494 -26.988382
vt -21.990494 -25.988806
vt -21.990494 -24.989227
vt -21.990494 -23.989647
vt -21.990494 -22.990070
vt -21.990494 -21.990494
vt -21.990494 -20.990917
vt -21.990494 -19.991341
vt -21.990494 -18.991760
vt -21.990494 -17.992182
vt -21.990494 -16.992605
vt -21.990494 -15.993026
vt -21.990494 -14.993448
vt -21.990494 -13.993872
vt -21.990494 -12.994292
vt -21.990494 -11.994716
vt -21.990494 -10.995139
vt -21.990494 -9.995560
vt -21.990494 -8.995983
vt -21.990492 -7.996403
vt -21.990490 -6.996827
vt -21.990490 -5.997247
vt -21.990490 -4.997670
vt -21.990490 -3.998094
vt -21.990490 -2.998517
vt -21.990490 -1.998937
vt -21.990490 -0.999360
vt -21.990490 0.000216
vt -21.990490 0.999793
vt -21.990490 1.999370
vt -21.990490 2.998947
vt -21.990490 3.998524
vt -21.990490 4.998100
vt -21.990490 5.997678
vt -21.990490 6.997254
vt -21.990492 7.996831
vt -21.990490 8.996408
vt -21.990490 9.995985
vt -21.990490 10.995562
vt -21.990490 11.995139
vt -21.990492 12.994716
vt -21.990492 13.994292
vt -21.990492 14.993870
vt -21.990492 15.993446
vt -21.990494 16.993023
vt -21.990494 17.992599
vt -21.990494 18.992176
vt -21.990494 19.991755
vt -21.990494 20.991331
vt -21.990494 21.990908
vt -21.990494 22.990486
vt -21.990494 23.990061
vt -21.990494 24.989637
vt -21.990494 25.989216
vt -21.990494 26.988792
vt -21.990494 27.988369
vt -21.990494 28.987946
vt -21.990492 29.987522
vt -21.990492 30.987099
vt -21.990494 31.986675
vt -21.990494 32.986252
vt -21.990492 33.985828
vt -21.990490 34.985413
vt -21.990490 35.984993
vt -21.990490 36.984570
vt -21.990490 37.984146
vt -21.990490 38.983723
vt -20.990917 -39.982887
vt -20.990917 -38.983311
vt -20.990917 -37.983734
vt -20.990917 -36.984154
vt -20.990917 -35.984577
vt -20.990917 -34.985001
vt -20.990917 -33.985424
vt -20.990917 -32.985844
vt -20.990917 -31.986267
vt -20.990917 -30.986691
vt -20.990917 -29.987114
vt -20.990917 -28.987537
vt -20.990917 -27.987961
vt -20.990917 -26.988382
vt -20.990917 -25.988806
vt -20.990917 -24.989227
vt -20.990917 -23.989647
vt -20.990917 -22.990070
vt -20.990917 -21.990494
vt -20.990917 -20.990917
vt -20.990917 -19.991341
vt -20.990915 -18.991760
vt -20.990915 -17.992182
vt -20.990915 -16.992605
vt -20.990911 -15.993026
vt -20.990911 -14.993448
vt -20.990911 -13.993872
vt -20.990911 -12.994292
vt -20.990911 -11.994716
vt -20.990911 -10.995139
vt -20.990911 -9.995560
vt -20.990911 -8.995983
vt -20.990911 -7.996403
vt -20.990911 -6.996827
vt -20.990910 -5.997247
vt -20.990910 -4.997670
vt -20.990910 -3.998094
vt -20.990910 -2.998517
vt -20.990910 -1.998937
vt -20.990911 -0.999360
vt -20.990911 0.000216
vt -20.990911 0.999793
vt -20.990910 1.999370
vt -20.990910 2.998947
vt -20.990911 3.998524
vt -20.990911 4.998100
vt -20.990911 5.997678
vt -20.990911 6.997254
vt -20.990911 7.996831
vt -20.990911 8.996408
vt -20.990911 9.995985
vt -20.990911 10.995562
vt -20.990911 11.995139
vt -20.990911 12.994716
vt -20.990911 13.994292
vt -20.990910 14.993870
vt -20.990910 15.993446
vt -20.990910 16.993023
vt -20.990910 17.992599
vt -20.990910 18.992176
vt -20.990910 19.991755
vt -20.990910 20.991331
vt -20.990911 21.990908
vt -20.990910 22.990486
vt -20.990910 23.990061
vt -20.990910 24.989637
vt -20.990910 25.989216
vt -20.990910 26.988792
vt -20.990911 27.988369
vt -20.990911 28.987946
vt -20.990911 29.987522
vt -20.990911 30.987099
vt -20.990911 31.986675
vt -20.990911 32.986252
vt -20.990911 33.985828
vt -20.990911 34.985413
vt -20.990911 35.984993
vt -20.990911 36.984570
vt -20.990911 37.984146
vt -20.990911 38.983723
vt -19.991341 -39.982887
vt -19.991341 -38.983311
vt -19.991341 -37.983734
vt -19.991341 -36.984154
vt -19.991341 -35.984577
vt -19.991341 -34.985001
vt -19.991341 -33.985424
vt -19.991341 -32.985844
vt -19.991341 -31.986267
vt -19.991341 -30.986691
vt -19.991341 -29.987114
vt -19.991341 -28.987537
vt -19.991341 -27.987961
vt -19.991341 -26.988382
vt -19.991341 -25.988806
vt -19.991341 -24.989227
vt -19.991341 -23.989647
vt -19.991339 -22.990070
vt -19.991339 -21.990494
vt -19.991339 -20.990917
vt -19.991335 -19.991341
vt -19.991335 -18.991760
vt -19.991335 -17.992182
vt -19.991335 -16.992605
vt -19.991335 -15.993026
vt -19.991335 -14.993448
vt -19.991335 -13.993872
vt -19.991335 -12.994292
vt -19.991335 -11.994716
vt -19.991335 -10.995139
vt -19.991335 -9.995560
vt -19.991335 -8.995983
vt -19.991335 -7.996403
vt -19.991335 -6.996827
vt -19.991335 -5.997247
vt -19.991335 -4.997670
vt -19.991335 -3.998094
vt -19.991335 -2.998517
vt -19.991335 -1.998937
vt -19.991335 -0.999360
vt -19.991335 0.000216
vt -19.991333 0.999793
vt -19.991333 1.999370
vt -19.991333 2.998947
vt -19.991333 3.998524
vt -19.991333 4.998100
vt -19.991335 5.997678
vt -19.991335 6.997254
vt -19.991335 7.996831
vt -19.991335 8.996408
vt -19.991335 9.995985
vt -19.991335 10.995562
vt -19.991335 11.995139
vt -19.991335 12.994716
vt -19.991335 13.994292
vt -19.991335 14.993870
vt -19.991335 15.993446
vt -19.991335 16.993023
vt -19.991335 17.992599
vt -19.991335 18.992176
vt -19.991335 19.991755
vt -19.991335 20.991331
vt -19.991335 21.990908
vt -19.991335 22.990486
vt -19.991335 23.990061
vt -19.991335 24.989637
vt -19.991335 25.989216
vt -19.991335 26.988792
vt -19.991335 27.988369
vt -19.991335 28.987946
vt -19.991335 29.987522
vt -19.991335 30.987099
vt -19.991335 31.986675
vt -19.991335 32.986252
vt -19.991335 33.985828
vt -19.991335 34.985413
vt -19.991335 35.984993
vt -19.991335 36.984570
vt -19.991335 37.984146
vt -19.991335 38.983723
vt -18.991760 -39.982887
vt -18.991760 -38.983311
vt -18.991760 -37.983734
vt -18.991760 -36.984154
vt -18.991764 -35.984577
vt -18.991764 -34.985001
vt -18.991766 -33.985424
vt -18.991764 -32.985844
vt -18.991764 -31.986267
vt -18.991766 -30.986691
vt -18.991766 -29.987114
vt -18.991766 -28.987537
vt -18.991766 -27.987961
vt -18.991766 -26.988382
vt -18.991766 -25.988806
vt -18.991766 -24.989227
vt -18.991764 -23.989647
vt -18.991764 -22.990070
vt -18.991760 -21.990494
vt -18.991760 -20.990917
vt -18.991760 -19.991341
vt -18.991760 -18.991760
vt -18.991760 -17.992182
vt -18.991760 -16.992605
vt -18.991760 -15.993026
vt -18.991760 -14.993448
vt -18.991760 -13.993872
vt -18.991760 -12.994292
vt -18.991760 -11.994716
vt -18.991760 -10.995139
vt -18.991760 -9.995560
vt -18.991758 -8.995983
vt -18.991758 -7.996403
vt -18.991758 -6.996827
vt -18.991758 -5.997247
vt -18.991758 -4.997670
vt -18.991758 -3.998094
vt -18.991758 -2.998517
vt -18.991758 -1.998937
vt -18.991758 -0.999360
vt -18.991758 0.000216
vt -18.991758 0.999793
vt -18.991758 1.999370
vt -18.991758 2.998947
vt -18.991758 3.998524
vt -18.991758 4.998100
vt -18.991758 5.997678
vt -18.991758 6.997254
vt -18.991758 7.996831
vt -18.991758 8.996408
vt -18.991758 9.995985
vt -18.991756 10.995562
vt -18.991756 11.995139
vt -18.991756 12.994716
vt -18.991756 13.994292
vt -18.991756 14.993870
vt -18.991756 15.993446
vt -18.991756 16.993023
vt -18.991756 17.992599
vt -18.991756 18.992176
vt -18.991756 19.991755
vt -18.991756 20.991331
vt -18.991756 21.990908
vt -18.991756 22.990486
vt -18.991756 23.990061
vt -18.991756 24.989637
vt -18.991756 25.989216
vt -18.991756 26.988792
vt -18.991756 27.988369
vt -18.991756 28.987946
vt -18.991756 29.987522
vt -18.991756 30.987099
vt -18.991756 31.986675
vt -18.991756 32.986252
vt -18.991756 33.985828
vt -18.991756 34.985413
vt -18.991756 35.984993
vt -18.991756 36.984570
vt -18.991756 37.984146
vt -18.991756 38.983723
vt -17.992182 -39.982887
vt -17.992182 -38.983311
vt -17.992182 -37.983734
vt -17.992182 -36.984154
vt -17.992184 -35.984577
vt -17.992184 -34.985001
vt -17.992184 -33.985424
vt -17.992184 -32.985844
vt -17.992184 -31.986267
vt -17.992184 -30.986691
vt -17.992184 -29.987114
vt -17.992184 -28.987537
vt -17.992184 -27.987961
vt -17.992184 -26.988382
vt -17.992184 -25.988806
vt -17.992184 -24.989227
vt -17.992184 -23.989647
vt -17.992182 -22.990070
vt -17.992182 -21.990494
vt -17.992182 -20.990917
vt -17.992182 -19.991341
vt -17.992182 -18.991760
vt -17.992180 -17.992182
vt -17.992180 -16.992605
vt -17.992180 -15.993026
vt -17.992180 -14.993448
vt -17.992180 -13.993872
vt -17.992180 -12.994292
vt -17.992180 -11.994716
vt -17.992180 -10.995139
vt -17.992180 -9.995560
vt -17.992180 -8.995983
vt -17.992180 -7.996403
vt -17.992180 -6.996827
vt -17.992176 -5.997247
vt -17.992176 -4.997670
vt -17.992176 -3.998094
vt -17.992176 -2.998517
vt -17.992176 -1.998937
vt -17.992176 -0.999360
vt -17.992180 0.000216
vt -17.992180 0.999793
vt -17.992180 1.999370
vt -17.992180 2.998947
vt -17.992180 3.998524
vt -17.992180 4.998100
vt -17.992180 5.997678
vt -17.992180 6.997254
vt -17.992180 7.996831
vt -17.992180 8.996408
vt -17.992176 9.995985
vt -17.992174 10.995562
vt -17.992174 11.995139
vt -17.992176 12.994716
vt -17.992176 13.994292
vt -17.992176 14.993870
vt -17.992176 15.993446
vt -17.992176 16.993023
vt -17.992180 17.992599
vt -17.992180 18.992176
vt -17.992180 19.991755
vt -17.992180 20.991331
vt -17.992180 21.990908
vt -17.992176 22.990486
vt -17.992180 23.990061
vt -17.992180 24.989637
vt -17.992180 25.989216
vt -17.992180 26.988792
vt -17.992180 27.988369
vt -17.992176 28.987946
vt -17.992176 29.987522
vt -17.992176 30.987099
vt -17.992176 31.986675
vt -17.992176 32.986252
vt -17.992176 33.985828
vt -17.992176 34.985413
vt -17.992176 35.984993
vt -17.992176 36.984570
vt -17.992176 37.984146
vt -17.992176 38.983723
vt -16.992605 -39.982887
vt -16.992605 -38.983311
vt -16.992603 -37.983734
vt -16.992603 -36.984154
vt -16.992605 -35.984577
vt -16.992605 -34.985001
vt -16.992605 -33.985424
vt -16.992605 -32.985844
vt -16.992605 -31.986267
vt -16.992605 -30.986691
vt -16.992605 -29.987114
vt -16.992605 -28.987537
vt -16.992607 -27.987961
vt -16.992607 -26.988382
vt -16.992607 -25.988806
vt -16.992607 -24.989227
vt -16.992605 -23.989647
vt -16.992605 -22.990070
vt -16.992605 -21.990494
vt -16.992605 -20.990917
vt -16.992605 -19.991341
vt -16.992605 -18.991760
vt -16.992605 -17.992182
vt -16.992605 -16.992605
vt -16.992605 -15.993026
vt -16.992605 -14.993448
vt -16.992605 -13.993872
vt -16.992605 -12.994292
vt -16.992605 -11.994716
vt -16.992605 -10.995139
vt -16.992605 -9.995560
vt -16.992605 -8.995983
vt -16.992605 -7.996403
vt -16.992605 -6.996827
vt -16.992605 -5.997247
vt -16.992605 -4.997670
vt -16.992605 -3.998094
vt -16.992605 -2.998517
vt -16.992605 -1.998937
vt -16.992605 -0.999360
vt -16.992607 0.000216
vt -16.992607 0.999793
vt -16.992607 1.999370
vt -16.992607 2.998947
vt -16.992607 3.998524
vt -16.992607 4.998100
vt -16.992607 5.997678
vt -16.992607 6.997254
vt -16.992607 7.996831
vt -16.992607 8.996408
vt -16.992607 9.995985
vt -16.992605 10.995562
vt -16.992607 11.995139
vt -16.992607 12.994716
vt -16.992605 13.994292
vt -16.992603 14.993870
vt -16.992603 15.993446
vt -16.992603 16.993023
vt -16.992603 17.992599
vt -16.992603 18.992176
vt -16.992603 19.991755
vt -16.992603 20.991331
vt -16.992603 21.990908
vt -16.992603 22.990486
vt -16.992605 23.990061
vt -16.992605 24.989637
vt -16.992605 25.989216
vt -16.992605 26.988792
vt -16.992607 27.988369
vt -16.992607 28.987946
vt -16.992605 29.987522
vt -16.992605 30.987099
vt -16.992605 31.986675
vt -16.992605 32.986252
vt -16.992605 33.985828
vt -16.992605 34.985413
vt -16.992605 35.984993
vt -16.992605 36.984570
vt -16.992605 37.984146
vt -16.992605 38.983723
vt -15.993026 -39.982887
vt -15.993026 -38.983311
vt -15.993026 -37.983734
vt -15.993026 -36.984154
vt -15.993030 -35.984577
vt -15.993030 -34.985001
vt -15.993030 -33.985424
vt -15.993030 -32.985844
vt -15.993030 -31.986267
vt -15.993030 -30.986691
vt -15.993030 -29.987114
vt -15.993030 -28.987537
vt -15.993032 -27.987961
vt -15.993032 -26.988382
vt -15.993032 -25.988806
vt -15.993032 -24.989227
vt -15.993032 -23.989647
vt -15.993032 -22.990070
vt -15.993032 -21.990494
vt -15.993032 -20.990917
vt -15.993032 -19.991341
vt -15.993030 -18.991760
vt -15.993030 -17.992182
vt -15.993032 -16.992605
vt -15.993032 -15.993026
vt -15.993032 -14.993448
vt -15.993032 -13.993872
vt -15.993030 -12.994292
vt -15.993030 -11.994716
vt -15.993030 -10.995139
vt -15.993030 -9.995560
vt -15.993030 -8.995983
vt -15.993030 -7.996403
vt -15.993030 -6.996827
vt -15.993030 -5.997247
vt -15.993030 -4.997670
vt -15.993030 -3.998094
vt -15.993030 -2.998517
vt -15.993030 -1.998937
vt -15.993030 -0.999360
vt -15.993030 0.000216
vt -15.993030 0.999793
vt -15.993030 1.999370
vt -15.993026 2.998947
vt -15.993026 3.998524
vt -15.993026 4.998100
vt -15.993026 5.997678
vt -15.993026 6.997254
vt -15.993030 7.996831
vt -15.993030 8.996408
vt -15.993030 9.995985
vt -15.993030 10.995562
vt -15.993030 11.995139
vt -15.993030 12.994716
vt -15.993030 13.994292
vt -15.993030 14.993870
vt -15.993030 15.993446
vt -15.993030 16.993023
vt -15.993030 17.992599
vt -15.993030 18.992176
vt -15.993030 19.991755
vt -15.993030 20.991331
vt -15.993030 21.990908
vt -15.993030 22.990486
vt -15.993030 23.990061
vt -15.993030 24.989637
vt -15.993026 25.989216
vt -15.993026 26.988792
vt -15.993026 27.988369
vt -15.993024 28.987946
vt -15.993022 29.987522
vt -15.993024 30.987099
vt -15.993024 31.986675
vt -15.993024 32.986252
vt -15.993024 33.985828
vt -15.993024 34.985413
vt -15.993024 35.984993
vt -15.993024 36.984570
vt -15.993024 37.984146
vt -15.993024 38.983723
vt -14.993448 -39.982887
vt -14.993448 -38.983311
vt -14.993448 -37.983734
vt -14.993448 -36.984154
vt -14.993448 -35.984577
vt -14.993448 -34.985001
vt -14.993448 -33.985424
vt -14.993448 -32.985844
vt -14.993448 -31.986267
vt -14.993448 -30.986691
vt -14.993448 -29.987114
vt -14.993448 -28.987537
vt -14.993451 -27.987961
vt -14.993451 -26.988382
vt -14.993451 -25.988806
vt -14.993451 -24.989227
vt -14.993451 -23.989647
vt -14.993451 -22.990070
vt -14.993451 -21.990494
vt -14.993451 -20.990917
vt -14.993451 -19.991341
vt -14.993448 -18.991760
vt -14.993448 -17.992182
vt -14.993448 -16.992605
vt -14.993448 -15.993026
vt -14.993448 -14.993448
vt -14.993448 -13.993872
vt -14.993446 -12.994292
vt -14.993443 -11.994716
vt -14.993443 -10.995139
vt -14.993443 -9.995560
vt -14.993443 -8.995983
vt -14.993443 -7.996403
vt -14.993443 -6.996827
vt -14.993443 -5.997247
vt -14.993443 -4.997670
vt -14.993443 -3.998094
vt -14.993443 -2.998517
vt -14.993442 -1.998937
vt -14.993443 -0.999360
vt -14.993443 0.000216
vt -14.993443 0.999793
vt -14.993442 1.999370
vt -14.993442 2.998947
vt -14.993443 3.998524
vt -14.993443 4.998100
vt -14.993443 5.997678
vt -14.993443 6.997254
vt -14.993446 7.996831
vt -14.993443 8.996408
vt -14.993443 9.995985
vt -14.993442 10.995562
vt -14.993443 11.995139
vt -14.993443 12.994716
vt -14.993443 13.994292
vt -14.993443 14.993870
vt -14.993443 15.993446
vt -14.993446 16.993023
vt -14.993446 17.992599
vt -14.993446 18.992176
vt -14.993446 19.991755
vt -14.993443 20.991331
vt -14.993446 21.990908
vt -14.993446 22.990486
vt -14.993446 23.990061
vt -14.993446 24.989637
vt -14.993446 25.989216
vt -14.993443 26.988792
vt -14.993446 27.988369
vt -14.993446 28.987946
vt -14.993443 29.987522
vt -14.993443 30.987099
vt -14.993443 31.986675
vt -14.993443 32.986252
vt -14.993443 33.985828
vt -14.993443 34.985413
vt -14.993443 35.984993
vt -14.993442 36.984570
vt -14.993442 37.984146
vt -14.993442 38.983723
vt -13.993872 -39.982887
vt -13.993872 -38.983311
vt -13.993872 -37.983734
vt -13.993872 -36.984154
vt -13.993872 -35.984577
vt -13.993872 -34.985001
vt -13.993872 -33.985424
vt -13.993870 -32.985844
vt -13.993870 -31.986267
vt -13.993870 -30.986691
vt -13.993870 -29.987114
vt -13.993870 -28.987537
vt -13.993870 -27.987961
vt -13.993870 -26.988382
vt -13.993870 -25.988806
vt -13.993867 -24.989227
vt -13.993867 -23.989647
vt -13.993867 -22.990070
vt -13.993867 -21.990494
vt -13.993867 -20.990917
vt -13.993867 -19.991341
vt -13.993865 -18.991760
vt -13.993865 -17.992182
vt -13.993865 -16.992605
vt -13.993865 -15.993026
vt -13.993865 -14.993448
vt -13.993865 -13.993872
vt -13.993865 -12.994292
vt -13.993865 -11.994716
vt -13.993865 -10.995139
vt -13.993865 -9.995560
vt -13.993862 -8.995983
vt -13.993862 -7.996403
vt -13.993862 -6.996827
vt -13.993862 -5.997247
vt -13.993862 -4.997670
vt -13.993862 -3.998094
vt -13.993862 -2.998517
vt -13.993859 -1.998937
vt -13.993859 -0.999360
vt -13.993859 0.000216
vt -13.993857 0.999793
vt -13.993857 1.999370
vt -13.993857 2.998947
vt -13.993857 3.998524
vt -13.993857 4.998100
vt -13.993859 5.997678
vt -13.993859 6.997254
vt -13.993862 7.996831
vt -13.993859 8.996408
vt -13.993859 9.995985
vt -13.993859 10.995562
vt -13.993859 11.995139
vt -13.993859 12.994716
vt -13.993859 13.994292
vt -13.993859 14.993870
vt -13.993862 15.993446
vt -13.993865 16.993023
vt -13.993867 17.992599
vt -13.993867 18.992176
vt -13.993867 19.991755
vt -13.993867 20.991331
vt -13.993867 21.990908
vt -13.993865 22.990486
vt -13.993865 23.990061
vt -13.993862 24.989637
vt -13.993862 25.989216
vt -13.993859 26.988792
vt -13.993859 27.988369
vt -13.993859 28.987946
vt -13.993859 29.987522
vt -13.993862 30.987099
vt -13.993865 31.986675
vt -13.993865 32.986252
vt -13.993865 33.985828
vt -13.993865 34.985413
vt -13.993865 35.984993
vt -13.993862 36.984570
vt -13.993862 37.984146
vt -13.993862 38.983723
vt -12.994292 -39.982887
vt -12.994292 -38.983311
vt -12.994292 -37.983734
vt -12.994292 -36.984154
vt -12.994292 -35.984577
vt -12.994292 -34.985001
vt -12.994292 -33.985424
vt -12.994292 -32.985844
vt -12.994292 -31.986267
vt -12.994292 -30.986691
vt -12.994292 -29.987114
vt -12.994292 -28.987537
vt -12.994292 -27.987961
vt -12.994292 -26.988382
vt -12.994292 -25.988806
vt -12.994290 -24.989227
vt -12.994290 -23.989647
vt -12.994290 -22.990070
vt -12.994290 -21.990494
vt -12.994290 -20.990917
vt -12.994290 -19.991341
vt -12.994287 -18.991760
vt -12.994286 -17.992182
vt -12.994286 -16.992605
vt -12.994282 -15.993026
vt -12.994282 -14.993448
vt -12.994282 -13.993872
vt -12.994282 -12.994292
vt -12.994282 -11.994716
vt -12.994282 -10.995139
vt -12.994282 -9.995560
vt -12.994282 -8.995983
vt -12.994282 -7.996403
vt -12.994281 -6.996827
vt -12.994281 -5.997247
vt -12.994281 -4.997670
vt -12.994281 -3.998094
vt -12.994281 -2.998517
vt -12.994281 -1.998937
vt -12.994281 -0.999360
vt -12.994281 0.000216
vt -12.994281 0.999793
vt -12.994281 1.999370
vt -12.994281 2.998947
vt -12.994282 3.998524
vt -12.994282 4.998100
vt -12.994282 5.997678
vt -12.994282 6.997254
vt -12.994282 7.996831
vt -12.994281 8.996408
vt -12.994282 9.995985
vt -12.994282 10.995562
vt -12.994286 11.995139
vt -12.994286 12.994716
vt -12.994282 13.994292
vt -12.994282 14.993870
vt -12.994286 15.993446
vt -12.994286 16.993023
vt -12.994286 17.992599
vt -12.994286 18.992176
vt -12.994286 19.991755
vt -12.994286 20.991331
vt -12.994286 21.990908
vt -12.994282 22.990486
vt -12.994282 23.990061
vt -12.994282 24.989637
vt -12.994282 25.989216
vt -12.994282 26.988792
vt -12.994286 27.988369
vt -12.994286 28.987946
vt -12.994286 29.987522
vt -12.994287 30.987099
vt -12.994287 31.986675
vt -12.994287 32.986252
vt -12.994287 33.985828
vt -12.994286 34.985413
vt -12.994286 35.984993
vt -12.994286 36.984570
vt -12.994286 37.984146
vt -12.994286 38.983723
vt -11.994716 -39.982887
vt -11.994716 -38.983311
vt -11.994716 -37.983734
vt -11.994716 -36.984154
vt -11.994716 -35.984577
vt -11.994716 -34.985001
vt -11.994716 -33.985424
vt -11.994716 -32.985844
vt -11.994716 -31.986267
vt -11.994716 -30.986691
vt -11.994716 -29.987114
vt -11.994716 -28.987537
vt -11.994716 -27.987961
vt -11.994716 -26.988382
vt -11.994716 -25.988806
vt -11.994716 -24.989227
vt -11.994716 -23.989647
vt -11.994716 -22.990070
vt -11.994716 -21.990494
vt -11.994716 -20.990917
vt -11.994713 -19.991341
vt -11.994711 -18.991760
vt -11.994711 -17.992182
vt -11.994713 -16.992605
vt -11.994713 -15.993026
vt -11.994713 -14.993448
vt -11.994713 -13.993872
vt -11.994713 -12.994292
vt -11.994711 -11.994716
vt -11.994711 -10.995139
vt -11.994711 -9.995560
vt -11.994711 -8.995983
vt -11.994711 -7.996403
vt -11.994711 -6.996827
vt -11.994711 -5.997247
vt -11.994711 -4.997670
vt -11.994711 -3.998094
vt -11.994711 -2.998517
vt -11.994711 -1.998937
vt -11.994711 -0.999360
vt -11.994713 0.000216
vt -11.994713 0.999793
vt -11.994711 1.999370
vt -11.994711 2.998947
vt -11.994711 3.998524
vt -11.994711 4.998100
vt -11.994711 5.997678
vt -11.994711 6.997254
vt -11.994711 7.996831
vt -11.994711 8.996408
vt -11.994711 9.995985
vt -11.994711 10.995562
vt -11.994711 11.995139
vt -11.994711 12.994716
vt -11.994711 13.994292
vt -11.994711 14.993870
vt -11.994711 15.993446
vt -11.994711 16.993023
vt -11.994713 17.992599
vt -11.994713 18.992176
vt -11.994713 19.991755
vt -11.994711 20.991331
vt -11.994711 21.990908
vt -11.994711 22.990486
vt -11.994711 23.990061
vt -11.994711 24.989637
vt -11.994711 25.989216
vt -11.994711 26.988792
vt -11.994711 27.988369
vt -11.994711 28.987946
vt -11.994711 29.987522
vt -11.994711 30.987099
vt -11.994711 31.986675
vt -11.994711 32.986252
vt -11.994711 33.985828
vt -11.994708 34.985413
vt -11.994708 35.984993
vt -11.994706 36.984570
vt -11.994706 37.984146
vt -11.994708 38.983723
vt -10.995139 -39.982887
vt -10.995136 -38.983311
vt -10.995134 -37.983734
vt -10.995134 -36.984154
vt -10.995134 -35.984577
vt -10.995134 -34.985001
vt -10.995134 -33.985424
vt -10.995131 -32.985844
vt -10.995131 -31.986267
vt -10.995131 -30.986691
vt -10.995131 -29.987114
vt -10.995131 -28.987537
vt -10.995131 -27.987961
vt -10.995131 -26.988382
vt -10.995134 -25.988806
vt -10.995134 -24.989227
vt -10.995134 -23.989647
vt -10.995134 -22.990070
vt -10.995134 -21.990494
vt -10.995134 -20.990917
vt -10.995134 -19.991341
vt -10.995131 -18.991760
vt -10.995131 -17.992182
vt -10.995131 -16.992605
vt -10.995131 -15.993026
vt -10.995131 -14.993448
vt -10.995130 -13.993872
vt -10.995130 -12.994292
vt -10.995130 -11.994716
vt -10.995130 -10.995139
vt -10.995131 -9.995560
vt -10.995131 -8.995983
vt -10.995131 -7.996403
vt -10.995131 -6.996827
vt -10.995130 -5.997247
vt -10.995130 -4.997670
vt -10.995130 -3.998094
vt -10.995130 -2.998517
vt -10.995130 -1.998937
vt -10.995130 -0.999360
vt -10.995131 0.000216
vt -10.995131 0.999793
vt -10.995131 1.999370
vt -10.995131 2.998947
vt -10.995131 3.998524
vt -10.995131 4.998100
vt -10.995131 5.997678
vt -10.995131 6.997254
vt -10.995131 7.996831
vt -10.995131 8.996408
vt -10.995131 9.995985
vt -10.995131 10.995562
vt -10.995131 11.995139
vt -10.995134 12.994716
vt -10.995134 13.994292
vt -10.995131 14.993870
vt -10.995131 15.993446
vt -10.995131 16.993023
vt -10.995131 17.992599
vt -10.995131 18.992176
vt -10.995131 19.991755
vt -10.995131 20.991331
vt -10.995131 21.990908
vt -10.995131 22.990486
vt -10.995131 23.990061
vt -10.995131 24.989637
vt -10.995130 25.989216
vt -10.995130 26.988792
vt -10.995131 27.988369
vt -10.995130 28.987946
vt -10.995130 29.987522
vt -10.995130 30.987099
vt -10.995130 31.986675
vt -10.995130 32.986252
vt -10.995130 33.985828
vt -10.995127 34.985413
vt -10.995127 35.984993
vt -10.995127 36.984570
vt -10.995127 37.984146
vt -10.995130 38.983723
vt -9.995560 -39.982887
vt -9.995560 -38.983311
vt -9.995557 -37.983734
vt -9.995557 -36.984154
vt -9.995557 -35.984577
vt -9.995557 -34.985001
vt -9.995557 -33.985424
vt -9.995557 -32.985844
vt -9.995557 -31.986267
vt -9.995557 -30.986691
vt -9.995557 -29.987114
vt -9.995557 -28.987537
vt -9.995557 -27.987961
vt -9.995557 -26.988382
vt -9.995560 -25.988806
vt -9.995560 -24.989227
vt -9.995557 -23.989647
vt -9.995557 -22.990070
vt -9.995557 -21.990494
vt -9.995557 -20.990917
vt -9.995555 -19.991341
vt -9.995552 -18.991760
vt -9.995552 -17.992182
vt -9.995552 -16.992605
vt -9.995552 -15.993026
vt -9.995550 -14.993448
vt -9.995550 -13.993872
vt -9.995550 -12.994292
vt -9.995550 -11.994716
vt -9.995547 -10.995139
vt -9.995547 -9.995560
vt -9.995547 -8.995983
vt -9.995547 -7.996403
vt -9.995547 -6.996827
vt -9.995547 -5.997247
vt -9.995547 -4.997670
vt -9.995547 -3.998094
vt -9.995547 -2.998517
vt -9.995547 -1.998937
vt -9.995547 -0.999360
vt -9.995547 0.000216
vt -9.995545 0.999793
vt -9.995545 1.999370
vt -9.995545 2.998947
vt -9.995547 3.998524
vt -9.995547 4.998100
vt -9.995550 5.997678
vt -9.995547 6.997254
vt -9.995547 7.996831
vt -9.995547 8.996408
vt -9.995547 9.995985
vt -9.995547 10.995562
vt -9.995550 11.995139
vt -9.995550 12.994716
vt -9.995550 13.994292
vt -9.995547 14.993870
vt -9.995547 15.993446
vt -9.995547 16.993023
vt -9.995547 17.992599
vt -9.995547 18.992176
vt -9.995547 19.991755
vt -9.995547 20.991331
vt -9.995547 21.990908
vt -9.995547 22.990486
vt -9.995547 23.990061
vt -9.995547 24.989637
vt -9.995547 25.989216
vt -9.995547 26.988792
vt -9.995547 27.988369
vt -9.995547 28.987946
vt -9.995547 29.987522
vt -9.995550 30.987099
vt -9.995552 31.986675
vt -9.995552 32.986252
vt -9.995550 33.985828
vt -9.995547 34.985413
vt -9.995550 35.984993
vt -9.995547 36.984570
vt -9.995550 37.984146
vt -9.995552 38.983723
vt -8.995983 -39.982887
vt -8.995983 -38.983311
vt -8.995983 -37.983734
vt -8.995983 -36.984154
vt -8.995983 -35.984577
vt -8.995983 -34.985001
vt -8.995983 -33.985424
vt -8.995983 -32.985844
vt -8.995983 -31.986267
vt -8.995983 -30.986691
vt -8.995983 -29.987114
vt -8.995983 -28.987537
vt -8.995983 -27.987961
vt -8.995983 -26.988382
vt -8.995983 -25.988806
vt -8.995983 -24.989227
vt -8.995983 -23.989647
vt -8.995980 -22.990070
vt -8.995977 -21.990494
vt -8.995975 -20.990917
vt -8.995975 -19.991341
vt -8.995973 -18.991760
vt -8.995973 -17.992182
vt -8.995973 -16.992605
vt -8.995973 -15.993026
vt -8.995973 -14.993448
vt -8.995973 -13.993872
vt -8.995973 -12.994292
vt -8.995971 -11.994716
vt -8.995968 -10.995139
vt -8.995968 -9.995560
vt -8.995971 -8.995983
vt -8.995971 -7.996403
vt -8.995971 -6.996827
vt -8.995971 -5.997247
vt -8.995971 -4.997670
vt -8.995971 -3.998094
vt -8.995971 -2.998517
vt -8.995968 -1.998937
vt -8.995968 -0.999360
vt -8.995968 0.000216
vt -8.995968 0.999793
vt -8.995966 1.999370
vt -8.995966 2.998947
vt -8.995966 3.998524
vt -8.995966 4.998100
vt -8.995968 5.997678
vt -8.995968 6.997254
vt -8.995968 7.996831
vt -8.995968 8.996408
vt -8.995968 9.995985
vt -8.995968 10.995562
vt -8.995968 11.995139
vt -8.995968 12.994716
vt -8.995966 13.994292
vt -8.995966 14.993870
vt -8.995968 15.993446
vt -8.995968 16.993023
vt -8.995968 17.992599
vt -8.995968 18.992176
vt -8.995971 19.991755
vt -8.995971 20.991331
vt -8.995971 21.990908
vt -8.995968 22.990486
vt -8.995968 23.990061
vt -8.995971 24.989637
vt -8.995971 25.989216
vt -8.995971 26.988792
vt -8.995973 27.988369
vt -8.995973 28.987946
vt -8.995973 29.987522
vt -8.995973 30.987099
vt -8.995975 31.986675
vt -8.995975 32.986252
vt -8.995975 33.985828
vt -8.995975 34.985413
vt -8.995975 35.984993
vt -8.995975 36.984570
vt -8.995975 37.984146
vt -8.995975 38.983723
vt -7.996403 -39.982887
vt -7.996403 -38.983311
vt -7.996403 -37.983734
vt -7.996405 -36.984154
vt -7.996405 -35.984577
vt -7.996405 -34.985001
vt -7.996405 -33.985424
vt -7.996403 -32.985844
vt -7.996403 -31.986267
vt -7.996403 -30.986691
vt -7.996403 -29.987114
vt -7.996403 -28.987537
vt -7.996403 -27.987961
vt -7.996403 -26.988382
vt -7.996403 -25.988806
vt -7.996403 -24.989227
vt -7.996400 -23.989647
vt -7.996400 -22.990070
vt -7.996400 -21.990494
vt -7.996400 -20.990917
vt -7.996398 -19.991341
vt -7.996396 -18.991760
vt -7.996394 -17.992182
vt -7.996396 -16.992605
vt -7.996396 -15.993026
vt -7.996396 -14.993448
vt -7.996396 -13.993872
vt -7.996394 -12.994292
vt -7.996394 -11.994716
vt -7.996391 -10.995139
vt -7.996391 -9.995560
vt -7.996391 -8.995983
vt -7.996389 -7.996403
vt -7.996389 -6.996827
vt -7.996389 -5.997247
vt -7.996389 -4.997670
vt -7.996389 -3.998094
vt -7.996389 -2.998517
vt -7.996389 -1.998937
vt -7.996389 -0.999360
vt -7.996389 0.000216
vt -7.996389 0.999793
vt -7.996389 1.999370
vt -7.996389 2.998947
vt -7.996389 3.998524
vt -7.996389 4.998100
vt -7.996391 5.997678
vt -7.996391 6.997254
vt -7.996391 7.996831
vt -7.996391 8.996408
vt -7.996391 9.995985
vt -7.996391 10.995562
vt -7.996394 11.995139
vt -7.996394 12.994716
vt -7.996394 13.994292
vt -7.996394 14.993870
vt -7.996396 15.993446
vt -7.996396 16.993023
vt -7.996396 17.992599
vt -7.996396 18.992176
vt -7.996396 19.991755
vt -7.996396 20.991331
vt -7.996396 21.990908
vt -7.996396 22.990486
vt -7.996396 23.990061
vt -7.996396 24.989637
vt -7.996396 25.989216
vt -7.996394 26.988792
vt -7.996394 27.988369
vt -7.996394 28.987946
vt -7.996394 29.987522
vt -7.996394 30.987099
vt -7.996394 31.986675
vt -7.996394 32.986252
vt -7.996394 33.985828
vt -7.996394 34.985413
vt -7.996396 35.984993
vt -7.996394 36.984570
vt -7.996396 37.984146
vt -7.996398 38.983723
vt -6.996827 -39.982887
vt -6.996827 -38.983311
vt -6.996827 -37.983734
vt -6.996827 -36.984154
vt -6.996827 -35.984577
vt -6.996827 -34.985001
vt -6.996827 -33.985424
vt -6.996827 -32.985844
vt -6.996827 -31.986267
vt -6.996827 -30.986691
vt -6.996827 -29.987114
vt -6.996827 -28.987537
vt -6.996829 -27.987961
vt -6.996829 -26.988382
vt -6.996829 -25.988806
vt -6.996829 -24.989227
vt -6.996829 -23.989647
vt -6.996829 -22.990070
vt -6.996829 -21.990494
vt -6.996829 -20.990917
vt -6.996829 -19.991341
vt -6.996827 -18.991760
vt -6.996827 -17.992182
vt -6.996829 -16.992605
vt -6.996829 -15.993026
vt -6.996829 -14.993448
vt -6.996829 -13.993872
vt -6.996829 -12.994292
vt -6.996829 -11.994716
vt -6.996827 -10.995139
vt -6.996827 -9.995560
vt -6.996827 -8.995983
vt -6.996824 -7.996403
vt -6.996824 -6.996827
vt -6.996821 -5.997247
vt -6.996821 -4.997670
vt -6.996821 -3.998094
vt -6.996821 -2.998517
vt -6.996821 -1.998937
vt -6.996821 -0.999360
vt -6.996821 0.000216
vt -6.996819 0.999793
vt -6.996819 1.999370
vt -6.996819 2.998947
vt -6.996821 3.998524
vt -6.996821 4.998100
vt -6.996824 5.997678
vt -6.996824 6.997254
vt -6.996827 7.996831
vt -6.996827 8.996408
vt -6.996827 9.995985
vt -6.996827 10.995562
vt -6.996827 11.995139
vt -6.996827 12.994716
vt -6.996827 13.994292
vt -6.996827 14.993870
vt -6.996827 15.993446
vt -6.996827 16.993023
vt -6.996827 17.992599
vt -6.996827 18.992176
vt -6.996827 19.991755
vt -6.996827 20.991331
vt -6.996827 21.990908
vt -6.996827 22.990486
vt -6.996827 23.990061
vt -6.996827 24.989637
vt -6.996824 25.989216
vt -6.996824 26.988792
vt -6.996824 27.988369
vt -6.996824 28.987946
vt -6.996824 29.987522
vt -6.996824 30.987099
vt -6.996824 31.986675
vt -6.996821 32.986252
vt -6.996821 33.985828
vt -6.996821 34.985413
vt -6.996821 35.984993
vt -6.996819 36.984570
vt -6.996819 37.984146
vt -6.996821 38.983723
vt -5.997247 -39.982887
vt -5.997247 -38.983311
vt -5.997247 -37.983734
vt -5.997247 -36.984154
vt -5.997247 -35.984577
vt -5.997247 -34.985001
vt -5.997250 -33.985424
vt -5.997250 -32.985844
vt -5.997250 -31.986267
vt -5.997252 -30.986691
vt -5.997252 -29.987114
vt -5.997252 -28.987537
vt -5.997254 -27.987961
vt -5.997254 -26.988382
vt -5.997254 -25.988806
vt -5.997252 -24.989227
vt -5.997250 -23.989647
vt -5.997250 -22.990070
vt -5.997250 -21.990494
vt -5.997250 -20.990917
vt -5.997247 -19.991341
vt -5.997245 -18.991760
vt -5.997245 -17.992182
vt -5.997245 -16.992605
vt -5.997242 -15.993026
vt -5.997242 -14.993448
vt -5.997242 -13.993872
vt -5.997242 -12.994292
vt -5.997240 -11.994716
vt -5.997240 -10.995139
vt -5.997242 -9.995560
vt -5.997242 -8.995983
vt -5.997240 -7.996403
vt -5.997240 -6.996827
vt -5.997240 -5.997247
vt -5.997240 -4.997670
vt -5.997238 -3.998094
vt -5.997238 -2.998517
vt -5.997238 -1.998937
vt -5.997240 -0.999360
vt -5.997242 0.000216
vt -5.997242 0.999793
vt -5.997240 1.999370
vt -5.997240 2.998947
vt -5.997240 3.998524
vt -5.997240 4.998100
vt -5.997242 5.997678
vt -5.997242 6.997254
vt -5.997245 7.996831
vt -5.997242 8.996408
vt -5.997242 9.995985
vt -5.997242 10.995562
vt -5.997242 11.995139
vt -5.997242 12.994716
vt -5.997242 13.994292
vt -5.997242 14.993870
vt -5.997242 15.993446
vt -5.997245 16.993023
vt -5.997245 17.992599
vt -5.997245 18.992176
vt -5.997245 19.991755
vt -5.997245 20.991331
vt -5.997245 21.990908
vt -5.997242 22.990486
vt -5.997242 23.990061
vt -5.997242 24.989637
vt -5.997242 25.989216
vt -5.997242 26.988792
vt -5.997242 27.988369
vt -5.997242 28.987946
vt -5.997242 29.987522
vt -5.997242 30.987099
vt -5.997242 31.986675
vt -5.997240 32.986252
vt -5.997240 33.985828
vt -5.997240 34.985413
vt -5.997240 35.984993
vt -5.997240 36.984570
vt -5.997240 37.984146
vt -5.997240 38.983723
vt -4.997670 -39.982887
vt -4.997670 -38.983311
vt -4.997670 -37.983734
vt -4.997670 -36.984154
vt -4.997673 -35.984577
vt -4.997673 -34.985001
vt -4.997673 -33.985424
vt -4.997673 -32.985844
vt -4.997673 -31.986267
vt -4.997673 -30.986691
vt -4.997673 -29.987114
vt -4.997673 -28.987537
vt -4.997675 -27.987961
vt -4.997675 -26.988382
vt -4.997675 -25.988806
vt -4.997673 -24.989227
vt -4.997673 -23.989647
vt -4.997673 -22.990070
vt -4.997673 -21.990494
vt -4.997673 -20.990917
vt -4.997673 -19.991341
vt -4.997670 -18.991760
vt -4.997670 -17.992182
vt -4.997670 -16.992605
vt -4.997670 -15.993026
vt -4.997668 -14.993448
vt -4.997668 -13.993872
vt -4.997668 -12.994292
vt -4.997668 -11.994716
vt -4.997668 -10.995139
vt -4.997668 -9.995560
vt -4.997668 -8.995983
vt -4.997665 -7.996403
vt -4.997663 -6.996827
vt -4.997663 -5.997247
vt -4.997663 -4.997670
vt -4.997663 -3.998094
vt -4.997663 -2.998517
vt -4.997663 -1.998937
vt -4.997663 -0.999360
vt -4.997665 0.000216
vt -4.997665 0.999793
vt -4.997663 1.999370
vt -4.997663 2.998947
vt -4.997665 3.998524
vt -4.997665 4.998100
vt -4.997668 5.997678
vt -4.997668 6.997254
vt -4.997670 7.996831
vt -4.997668 8.996408
vt -4.997665 9.995985
vt -4.997665 10.995562
vt -4.997668 11.995139
vt -4.997668 12.994716
vt -4.997665 13.994292
vt -4.997663 14.993870
vt -4.997663 15.993446
vt -4.997665 16.993023
vt -4.997665 17.992599
vt -4.997665 18.992176
vt -4.997665 19.991755
vt -4.997665 20.991331
vt -4.997665 21.990908
vt -4.997663 22.990486
vt -4.997663 23.990061
vt -4.997663 24.989637
vt -4.997663 25.989216
vt -4.997663 26.988792
vt -4.997663 27.988369
vt -4.997663 28.987946
vt -4.997663 29.987522
vt -4.997663 30.987099
vt -4.997665 31.986675
vt -4.997663 32.986252
vt -4.997663 33.985828
vt -4.997663 34.985413
vt -4.997663 35.984993
vt -4.997663 36.984570
vt -4.997663 37.984146
vt -4.997663 38.983723
vt -3.998094 -39.982887
vt -3.998094 -38.983311
vt -3.998091 -37.983734
vt -3.998091 -36.984154
vt -3.998094 -35.984577
vt -3.998094 -34.985001
vt -3.998094 -33.985424
vt -3.998094 -32.985844
vt -3.998094 -31.986267
vt -3.998094 -30.986691
vt -3.998094 -29.987114
vt -3.998096 -28.987537
vt -3.998096 -27.987961
vt -3.998096 -26.988382
vt -3.998096 -25.988806
vt -3.998096 -24.989227
vt -3.998096 -23.989647
vt -3.998096 -22.990070
vt -3.998096 -21.990494
vt -3.998096 -20.990917
vt -3.998094 -19.991341
vt -3.998091 -18.991760
vt -3.998091 -17.992182
vt -3.998091 -16.992605
vt -3.998091 -15.993026
vt -3.998091 -14.993448
vt -3.998091 -13.993872
vt -3.998091 -12.994292
vt -3.998091 -11.994716
vt -3.998091 -10.995139
vt -3.998091 -9.995560
vt -3.998091 -8.995983
vt -3.998089 -7.996403
vt -3.998089 -6.996827
vt -3.998089 -5.997247
vt -3.998089 -4.997670
vt -3.998086 -3.998094
vt -3.998086 -2.998517
vt -3.998084 -1.998937
vt -3.998084 -0.999360
vt -3.998086 0.000216
vt -3.998084 0.999793
vt -3.998084 1.999370
vt -3.998084 2.998947
vt -3.998084 3.998524
vt -3.998084 4.998100
vt -3.998086 5.997678
vt -3.998086 6.997254
vt -3.998089 7.996831
vt -3.998086 8.996408
vt -3.998086 9.995985
vt -3.998086 10.995562
vt -3.998086 11.995139
vt -3.998089 12.994716
vt -3.998089 13.994292
vt -3.998086 14.993870
vt -3.998089 15.993446
vt -3.998091 16.993023
vt -3.998091 17.992599
vt -3.998091 18.992176
vt -3.998091 19.991755
vt -3.998091 20.991331
vt -3.998091 21.990908
vt -3.998091 22.990486
vt -3.998091 23.990061
vt -3.998091 24.989637
vt -3.998091 25.989216
vt -3.998091 26.988792
vt -3.998091 27.988369
vt -3.998089 28.987946
vt -3.998089 29.987522
vt -3.998089 30.987099
vt -3.998089 31.986675
vt -3.998086 32.986252
vt -3.998086 33.985828
vt -3.998086 34.985413
vt -3.998086 35.984993
vt -3.998086 36.984570
vt -3.998086 37.984146
vt -3.998086 38.983723
vt -2.998517 -39.982887
vt -2.998517 -38.983311
vt -2.998517 -37.983734
vt -2.998517 -36.984154
vt -2.998519 -35.984577
vt -2.998519 -34.985001
vt -2.998519 -33.985424
vt -2.998517 -32.985844
vt -2.998517 -31.986267
vt -2.998517 -30.986691
vt -2.998517 -29.987114
vt -2.998517 -28.987537
vt -2.998517 -27.987961
vt -2.998517 -26.988382
vt -2.998517 -25.988806
vt -2.998517 -24.989227
vt -2.998517 -23.989647
vt -2.998517 -22.990070
vt -2.998517 -21.990494
vt -2.998517 -20.990917
vt -2.998517 -19.991341
vt -2.998514 -18.991760
vt -2.998512 -17.992182
vt -2.998514 -16.992605
vt -2.998514 -15.993026
vt -2.998514 -14.993448
vt -2.998514 -13.993872
vt -2.998514 -12.994292
vt -2.998512 -11.994716
vt -2.998512 -10.995139
vt -2.998512 -9.995560
vt -2.998512 -8.995983
vt -2.998509 -7.996403
vt -2.998509 -6.996827
vt -2.998507 -5.997247
vt -2.998507 -4.997670
vt -2.998507 -3.998094
vt -2.998507 -2.998517
vt -2.998505 -1.998937
vt -2.998505 -0.999360
vt -2.998505 0.000216
vt -2.998502 0.999793
vt -2.998502 1.999370
vt -2.998502 2.998947
vt -2.998502 3.998524
vt -2.998502 4.998100
vt -2.998505 5.997678
vt -2.998505 6.997254
vt -2.998507 7.996831
vt -2.998505 8.996408
vt -2.998505 9.995985
vt -2.998505 10.995562
vt -2.998507 11.995139
vt -2.998507 12.994716
vt -2.998507 13.994292
vt -2.998507 14.993870
vt -2.998507 15.993446
vt -2.998507 16.993023
vt -2.998507 17.992599
vt -2.998507 18.992176
vt -2.998507 19.991755
vt -2.998507 20.991331
vt -2.998507 21.990908
vt -2.998507 22.990486
vt -2.998507 23.990061
vt -2.998507 24.989637
vt -2.998507 25.989216
vt -2.998507 26.988792
vt -2.998507 27.988369
vt -2.998507 28.987946
vt -2.998507 29.987522
vt -2.998509 30.987099
vt -2.998509 31.986675
vt -2.998507 32.986252
vt -2.998507 33.985828
vt -2.998507 34.985413
vt -2.998509 35.984993
vt -2.998507 36.984570
vt -2.998507 37.984146
vt -2.998509 38.983723
vt -1.998937 -39.982887
vt -1.998935 -38.983311
vt -1.998935 -37.983734
vt -1.998935 -36.984154
vt -1.998937 -35.984577
vt -1.998937 -34.985001
vt -1.998937 -33.985424
vt -1.998937 -32.985844
vt -1.998937 -31.986267
vt -1.998937 -30.986691
vt -1.998937 -29.987114
vt -1.998937 -28.987537
vt -1.998937 -27.987961
vt -1.998937 -26.988382
vt -1.998937 -25.988806
vt -1.998937 -24.989227
vt -1.998937 -23.989647
vt -1.998937 -22.990070
vt -1.998937 -21.990494
vt -1.998935 -20.990917
vt -1.998933 -19.991341
vt -1.998933 -18.991760
vt -1.998933 -17.992182
vt -1.998933 -16.992605
vt -1.998930 -15.993026
vt -1.998930 -14.993448
vt -1.998930 -13.993872
vt -1.998928 -12.994292
vt -1.998928 -11.994716
vt -1.998928 -10.995139
vt -1.998928 -9.995560
vt -1.998928 -8.995983
vt -1.998928 -7.996403
vt -1.998928 -6.996827
vt -1.998928 -5.997247
vt -1.998928 -4.997670
vt -1.998925 -3.998094
vt -1.998925 -2.998517
vt -1.998925 -1.998937
vt -1.998925 -0.999360
vt -1.998925 0.000216
vt -1.998925 0.999793
vt -1.998923 1.999370
vt -1.998923 2.998947
vt -1.998925 3.998524
vt -1.998925 4.998100
vt -1.998928 5.997678
vt -1.998928 6.997254
vt -1.998928 7.996831
vt -1.998925 8.996408
vt -1.998925 9.995985
vt -1.998925 10.995562
vt -1.998925 11.995139
vt -1.998928 12.994716
vt -1.998925 13.994292
vt -1.998925 14.993870
vt -1.998925 15.993446
vt -1.998925 16.993023
vt -1.998925 17.992599
vt -1.998925 18.992176
vt -1.998925 19.991755
vt -1.998925 20.991331
vt -1.998925 21.990908
vt -1.998925 22.990486
vt -1.998925 23.990061
vt -1.998925 24.989637
vt -1.998928 25.989216
vt -1.998928 26.988792
vt -1.998928 27.988369
vt -1.998928 28.987946
vt -1.998928 29.987522
vt -1.998928 30.987099
vt -1.998930 31.986675
vt -1.998930 32.986252
vt -1.998930 33.985828
vt -1.998930 34.985413
vt -1.998930 35.984993
vt -1.998928 36.984570
vt -1.998928 37.984146
vt -1.998928 38.983723
vt -0.999360 -39.982887
vt -0.999360 -38.983311
vt -0.999360 -37.983734
vt -0.999360 -36.984154
vt -0.999363 -35.984577
vt -0.999363 -34.985001
vt -0.999363 -33.985424
vt -0.999363 -32.985844
vt -0.999363 -31.986267
vt -0.999363 -30.986691
vt -0.999363 -29.987114
vt -0.999363 -28.987537
vt -0.999363 -27.987961
vt -0.999363 -26.988382
vt -0.999363 -25.988806
vt -0.999363 -24.989227
vt -0.999360 -23.989647
vt -0.999360 -22.990070
vt -0.999360 -21.990494
vt -0.999360 -20.990917
vt -0.999360 -19.991341
vt -0.999360 -18.991760
vt -0.999360 -17.992182
vt -0.999360 -16.992605
vt -0.999360 -15.993026
vt -0.999360 -14.993448
vt -0.999360 -13.993872
vt -0.999358 -12.994292
vt -0.999358 -11.994716
vt -0.999358 -10.995139
vt -0.999358 -9.995560
vt -0.999358 -8.995983
vt -0.999358 -7.996403
vt -0.999358 -6.996827
vt -0.999358 -5.997247
vt -0.999358 -4.997670
vt -0.999358 -3.998094
vt -0.999358 -2.998517
vt -0.999358 -1.998937
vt -0.999358 -0.999360
vt -0.999358 0.000216
vt -0.999358 0.999793
vt -0.999358 1.999370
vt -0.999358 2.998947
vt -0.999358 3.998524
vt -0.999358 4.998100
vt -0.999360 5.997678
vt -0.999358 6.997254
vt -0.999358 7.996831
vt -0.999356 8.996408
vt -0.999356 9.995985
vt -0.999356 10.995562
vt -0.999358 11.995139
vt -0.999358 12.994716
vt -0.999358 13.994292
vt -0.999356 14.993870
vt -0.999356 15.993446
vt -0.999356 16.993023
vt -0.999356 17.992599
vt -0.999356 18.992176
vt -0.999356 19.991755
vt -0.999356 20.991331
vt -0.999356 21.990908
vt -0.999353 22.990486
vt -0.999353 23.990061
vt -0.999353 24.989637
vt -0.999353 25.989216
vt -0.999353 26.988792
vt -0.999353 27.988369
vt -0.999353 28.987946
vt -0.999353 29.987522
vt -0.999356 30.987099
vt -0.999358 31.986675
vt -0.999356 32.986252
vt -0.999356 33.985828
vt -0.999353 34.985413
vt -0.999353 35.984993
vt -0.999351 36.984570
vt -0.999351 37.984146
vt -0.999351 38.983723
vt 0.000216 -39.982887
vt 0.000216 -38.983311
vt 0.000216 -37.983734
vt 0.000216 -36.984154
vt 0.000214 -35.984577
vt 0.000214 -34.985001
vt 0.000214 -33.985424
vt 0.000216 -32.985844
vt 0.000216 -31.986267
vt 0.000216 -30.986691
vt 0.000216 -29.987114
vt 0.000216 -28.987537
vt 0.000216 -27.987961
vt 0.000216 -26.988382
vt 0.000216 -25.988806
vt 0.000216 -24.989227
vt 0.000216 -23.989647
vt 0.000219 -22.990070
vt 0.000219 -21.990494
vt 0.000219 -20.990917
vt 0.000221 -19.991341
vt 0.000221 -18.991760
vt 0.000221 -17.992182
vt 0.000221 -16.992605
vt 0.000221 -15.993026
vt 0.000221 -14.993448
vt 0.000224 -13.993872
vt 0.000224 -12.994292
vt 0.000226 -11.994716
vt 0.000226 -10.995139
vt 0.000226 -9.995560
vt 0.000226 -8.995983
vt 0.000226 -7.996403
vt 0.000226 -6.996827
vt 0.000226 -5.997247
vt 0.000226 -4.997670
vt 0.000226 -3.998094
vt 0.000226 -2.998517
vt 0.000226 -1.998937
vt 0.000226 -0.999360
vt 0.000224 0.000216
vt 0.000226 0.999793
vt 0.000226 1.999370
vt 0.000226 2.998947
vt 0.000226 3.998524
vt 0.000226 4.998100
vt 0.000224 5.997678
vt 0.000224 6.997254
vt 0.000224 7.996831
vt 0.000224 8.996408
vt 0.000226 9.995985
vt 0.000226 10.995562
vt 0.000226 11.995139
vt 0.000226 12.994716
vt 0.000226 13.994292
vt 0.000226 14.993870
vt 0.000224 15.993446
vt 0.000224 16.993023
vt 0.000224 17.992599
vt 0.000224 18.992176
vt 0.000224 19.991755
vt 0.000224 20.991331
vt 0.000224 21.990908
vt 0.000224 22.990486
vt 0.000224 23.990061
vt 0.000226 24.989637
vt 0.000226 25.989216
vt 0.000226 26.988792
vt 0.000224 27.988369
vt 0.000224 28.987946
vt 0.000224 29.987522
vt 0.000221 30.987099
vt 0.000221 31.986675
vt 0.000224 32.986252
vt 0.000224 33.985828
vt 0.000226 34.985413
vt 0.000226 35.984993
vt 0.000226 36.984570
vt 0.000226 37.984146
vt 0.000226 38.983723
vt 0.999793 -39.982887
vt 0.999793 -38.983311
vt 0.999793 -37.983734
vt 0.999793 -36.984154
vt 0.999793 -35.984577
vt 0.999793 -34.985001
vt 0.999793 -33.985424
vt 0.999793 -32.985844
vt 0.999793 -31.986267
vt 0.999793 -30.986691
vt 0.999793 -29.987114
vt 0.999793 -28.987537
vt 0.999793 -27.987961
vt 0.999793 -26.988382
vt 0.999793 -25.988806
vt 0.999793 -24.989227
vt 0.999793 -23.989647
vt 0.999793 -22.990070
vt 0.999793 -21.990494
vt 0.999793 -20.990917
vt 0.999793 -19.991341
vt 0.999793 -18.991760
vt 0.999793 -17.992182
vt 0.999793 -16.992605
vt 0.999793 -15.993026
vt 0.999793 -14.993448
vt 0.999793 -13.993872
vt 0.999793 -12.994292
vt 0.999793 -11.994716
vt 0.999793 -10.995139
vt 0.999793 -9.995560
vt 0.999793 -8.995983
vt 0.999793 -7.996403
vt 0.999793 -6.996827
vt 0.999793 -5.997247
vt 0.999793 -4.997670
vt 0.999793 -3.998094
vt 0.999793 -2.998517
vt 0.999793 -1.998937
vt 0.999793 -0.999360
vt 0.999793 0.000216
vt 0.999793 0.999793
vt 0.999793 1.999370
vt 0.999793 2.998947
vt 0.999793 3.998524
vt 0.999793 4.998100
vt 0.999793 5.997678
vt 0.999793 6.997254
vt 0.999793 7.996831
vt 0.999793 8.996408
vt 0.999793 9.995985
vt 0.999793 10.995562
vt 0.999793 11.995139
vt 0.999793 12.994716
vt 0.999793 13.994292
vt 0.999793 14.993870
vt 0.999793 15.993446
vt 0.999793 16.993023
vt 0.999793 17.992599
vt 0.999793 18.992176
vt 0.999793 19.991755
vt 0.999793 20.991331
vt 0.999793 21.990908
vt 0.999798 22.990486
vt 0.999798 23.990061
vt 0.999798 24.989637
vt 0.999798 25.989216
vt 0.999798 26.988792
vt 0.999798 27.988369
vt 0.999798 28.987946
vt 0.999798 29.987522
vt 0.999798 30.987099
vt 0.999798 31.986675
vt 0.999798 32.986252
vt 0.999798 33.985828
vt 0.999798 34.985413
vt 0.999798 35.984993
vt 0.999798 36.984570
vt 0.999803 37.984146
vt 0.999803 38.983723
vt 1.999370 -39.982887
vt 1.999370 -38.983311
vt 1.999370 -37.983734
vt 1.999370 -36.984154
vt 1.999365 -35.984577
vt 1.999365 -34.985001
vt 1.999360 -33.985424
vt 1.999360 -32.985844
vt 1.999360 -31.986267
vt 1.999356 -30.986691
vt 1.999356 -29.987114
vt 1.999356 -28.987537
vt 1.999356 -27.987961
vt 1.999356 -26.988382
vt 1.999356 -25.988806
vt 1.999356 -24.989227
vt 1.999360 -23.989647
vt 1.999360 -22.990070
vt 1.999365 -21.990494
vt 1.999365 -20.990917
vt 1.999365 -19.991341
vt 1.999365 -18.991760
vt 1.999365 -17.992182
vt 1.999365 -16.992605
vt 1.999365 -15.993026
vt 1.999365 -14.993448
vt 1.999365 -13.993872
vt 1.999365 -12.994292
vt 1.999365 -11.994716
vt 1.999365 -10.995139
vt 1.999365 -9.995560
vt 1.999370 -8.995983
vt 1.999370 -7.996403
vt 1.999370 -6.996827
vt 1.999370 -5.997247
vt 1.999370 -4.997670
vt 1.999370 -3.998094
vt 1.999370 -2.998517
vt 1.999370 -1.998937
vt 1.999370 -0.999360
vt 1.999370 0.000216
vt 1.999370 0.999793
vt 1.999370 1.999370
vt 1.999370 2.998947
vt 1.999370 3.998524
vt 1.999370 4.998100
vt 1.999370 5.997678
vt 1.999370 6.997254
vt 1.999370 7.996831
vt 1.999370 8.996408
vt 1.999370 9.995985
vt 1.999375 10.995562
vt 1.999375 11.995139
vt 1.999375 12.994716
vt 1.999375 13.994292
vt 1.999375 14.993870
vt 1.999375 15.993446
vt 1.999375 16.993023
vt 1.999375 17.992599
vt 1.999375 18.992176
vt 1.999375 19.991755
vt 1.999375 20.991331
vt 1.999375 21.990908
vt 1.999375 22.990486
vt 1.999375 23.990061
vt 1.999375 24.989637
vt 1.999375 25.989216
vt 1.999375 26.988792
vt 1.999375 27.988369
vt 1.999375 28.987946
vt 1.999375 29.987522
vt 1.999375 30.987099
vt 1.999375 31.986675
vt 1.999375 32.986252
vt 1.999375 33.985828
vt 1.999375 34.985413
vt 1.999375 35.984993
vt 1.999380 36.984570
vt 1.999380 37.984146
vt 1.999380 38.983723
vt 2.998947 -39.982887
vt 2.998947 -38.983311
vt 2.998947 -37.983734
vt 2.998947 -36.984154
vt 2.998947 -35.984577
vt 2.998947 -34.985001
vt 2.998947 -33.985424
vt 2.998947 -32.985844
vt 2.998947 -31.986267
vt 2.998947 -30.986691
vt 2.998947 -29.987114
vt 2.998947 -28.987537
vt 2.998947 -27.987961
vt 2.998947 -26.988382
vt 2.998947 -25.988806
vt 2.998947 -24.989227
vt 2.998947 -23.989647
vt 2.998947 -22.990070
vt 2.998947 -21.990494
vt 2.998947 -20.990917
vt 2.998947 -19.991341
vt 2.998947 -18.991760
vt 2.998947 -17.992182
vt 2.998942 -16.992605
vt 2.998942 -15.993026
vt 2.998942 -14.993448
vt 2.998942 -13.993872
vt 2.998942 -12.994292
vt 2.998942 -11.994716
vt 2.998942 -10.995139
vt 2.998942 -9.995560
vt 2.998942 -8.995983
vt 2.998947 -7.996403
vt 2.998947 -6.996827
vt 2.998952 -5.997247
vt 2.998952 -4.997670
vt 2.998952 -3.998094
vt 2.998952 -2.998517
vt 2.998952 -1.998937
vt 2.998952 -0.999360
vt 2.998952 0.000216
vt 2.998952 0.999793
vt 2.998957 1.999370
vt 2.998957 2.998947
vt 2.998957 3.998524
vt 2.998957 4.998100
vt 2.998957 5.997678
vt 2.998957 6.997254
vt 2.998957 7.996831
vt 2.998961 8.996408
vt 2.998961 9.995985
vt 2.998961 10.995562
vt 2.998961 11.995139
vt 2.998961 12.994716
vt 2.998961 13.994292
vt 2.998966 14.993870
vt 2.998966 15.993446
vt 2.998966 16.993023
vt 2.998966 17.992599
vt 2.998966 18.992176
vt 2.998966 19.991755
vt 2.998966 20.991331
vt 2.998961 21.990908
vt 2.998961 22.990486
vt 2.998957 23.990061
vt 2.998957 24.989637
vt 2.998957 25.989216
vt 2.998957 26.988792
vt 2.998957 27.988369
vt 2.998957 28.987946
vt 2.998957 29.987522
vt 2.998957 30.987099
vt 2.998957 31.986675
vt 2.998957 32.986252
vt 2.998957 33.985828
vt 2.998957 34.985413
vt 2.998957 35.984993
vt 2.998957 36.984570
vt 2.998957 37.984146
vt 2.998957 38.983723
vt 3.998524 -39.982887
vt 3.998524 -38.983311
vt 3.998524 -37.983734
vt 3.998524 -36.984154
vt 3.998519 -35.984577
vt 3.998519 -34.985001
vt 3.998519 -33.985424
vt 3.998519 -32.985844
vt 3.998519 -31.986267
vt 3.998519 -30.986691
vt 3.998519 -29.987114
vt 3.998519 -28.987537
vt 3.998519 -27.987961
vt 3.998519 -26.988382
vt 3.998519 -25.988806
vt 3.998519 -24.989227
vt 3.998519 -23.989647
vt 3.998524 -22.990070
vt 3.998524 -21.990494
vt 3.998524 -20.990917
vt 3.998524 -19.991341
vt 3.998524 -18.991760
vt 3.998529 -17.992182
vt 3.998529 -16.992605
vt 3.998529 -15.993026
vt 3.998529 -14.993448
vt 3.998529 -13.993872
vt 3.998529 -12.994292
vt 3.998529 -11.994716
vt 3.998529 -10.995139
vt 3.998529 -9.995560
vt 3.998529 -8.995983
vt 3.998529 -7.996403
vt 3.998529 -6.996827
vt 3.998533 -5.997247
vt 3.998533 -4.997670
vt 3.998533 -3.998094
vt 3.998533 -2.998517
vt 3.998533 -1.998937
vt 3.998533 -0.999360
vt 3.998529 0.000216
vt 3.998529 0.999793
vt 3.998529 1.999370
vt 3.998529 2.998947
vt 3.998529 3.998524
vt 3.998529 4.998100
vt 3.998529 5.997678
vt 3.998529 6.997254
vt 3.998529 7.996831
vt 3.998529 8.996408
vt 3.998533 9.995985
vt 3.998538 10.995562
vt 3.998538 11.995139
vt 3.998533 12.994716
vt 3.998533 13.994292
vt 3.998533 14.993870
vt 3.998533 15.993446
vt 3.998533 16.993023
vt 3.998529 17.992599
vt 3.998529 18.992176
vt 3.998529 19.991755
vt 3.998529 20.991331
vt 3.998529 21.990908
vt 3.998533 22.990486
vt 3.998529 23.990061
vt 3.998529 24.989637
vt 3.998529 25.989216
vt 3.998529 26.988792
vt 3.998529 27.988369
vt 3.998533 28.987946
vt 3.998533 29.987522
vt 3.998533 30.987099
vt 3.998533 31.986675
vt 3.998533 32.986252
vt 3.998533 33.985828
vt 3.998533 34.985413
vt 3.998533 35.984993
vt 3.998533 36.984570
vt 3.998533 37.984146
vt 3.998533 38.983723
vt 4.998100 -39.982887
vt 4.998100 -38.983311
vt 4.998100 -37.983734
vt 4.998100 -36.984154
vt 4.998100 -35.984577
vt 4.998100 -34.985001
vt 4.998100 -33.985424
vt 4.998100 -32.985844
vt 4.998100 -31.986267
vt 4.998100 -30.986691
vt 4.998100 -29.987114
vt 4.998100 -28.987537
vt 4.998100 -27.987961
vt 4.998100 -26.988382
vt 4.998100 -25.988806
vt 4.998106 -24.989227
vt 4.998106 -23.989647
vt 4.998106 -22.990070
vt 4.998106 -21.990494
vt 4.998106 -20.990917
vt 4.998110 -19.991341
vt 4.998110 -18.991760
vt 4.998115 -17.992182
vt 4.998115 -16.992605
vt 4.998115 -15.993026
vt 4.998115 -14.993448
vt 4.998115 -13.993872
vt 4.998115 -12.994292
vt 4.998115 -11.994716
vt 4.998115 -10.995139
vt 4.998115 -9.995560
vt 4.998115 -8.995983
vt 4.998120 -7.996403
vt 4.998120 -6.996827
vt 4.998120 -5.997247
vt 4.998120 -4.997670
vt 4.998120 -3.998094
vt 4.998120 -2.998517
vt 4.998125 -1.998937
vt 4.998125 -0.999360
vt 4.998125 0.000216
vt 4.998130 0.999793
vt 4.998130 1.999370
vt 4.998130 2.998947
vt 4.998130 3.998524
vt 4.998130 4.998100
vt 4.998130 5.997678
vt 4.998130 6.997254
vt 4.998130 7.996831
vt 4.998130 8.996408
vt 4.998130 9.995985
vt 4.998130 10.995562
vt 4.998125 11.995139
vt 4.998125 12.994716
vt 4.998125 13.994292
vt 4.998125 14.993870
vt 4.998125 15.993446
vt 4.998125 16.993023
vt 4.998125 17.992599
vt 4.998125 18.992176
vt 4.998125 19.991755
vt 4.998125 20.991331
vt 4.998125 21.990908
vt 4.998125 22.990486
vt 4.998120 23.990061
vt 4.998120 24.989637
vt 4.998120 25.989216
vt 4.998120 26.988792
vt 4.998120 27.988369
vt 4.998120 28.987946
vt 4.998120 29.987522
vt 4.998115 30.987099
vt 4.998115 31.986675
vt 4.998115 32.986252
vt 4.998115 33.985828
vt 4.998115 34.985413
vt 4.998115 35.984993
vt 4.998115 36.984570
vt 4.998110 37.984146
vt 4.998110 38.983723
vt 5.997678 -39.982887
vt 5.997678 -38.983311
vt 5.997683 -37.983734
vt 5.997683 -36.984154
vt 5.997678 -35.984577
vt 5.997678 -34.985001
vt 5.997678 -33.985424
vt 5.997678 -32.985844
vt 5.997678 -31.986267
vt 5.997678 -30.986691
vt 5.997678 -29.987114
vt 5.997678 -28.987537
vt 5.997673 -27.987961
vt 5.997673 -26.988382
vt 5.997673 -25.988806
vt 5.997673 -24.989227
vt 5.997678 -23.989647
vt 5.997678 -22.990070
vt 5.997678 -21.990494
vt 5.997678 -20.990917
vt 5.997678 -19.991341
vt 5.997678 -18.991760
vt 5.997678 -17.992182
vt 5.997678 -16.992605
vt 5.997678 -15.993026
vt 5.997678 -14.993448
vt 5.997678 -13.993872
vt 5.997678 -12.994292
vt 5.997678 -11.994716
vt 5.997678 -10.995139
vt 5.997678 -9.995560
vt 5.997678 -8.995983
vt 5.997678 -7.996403
vt 5.997678 -6.996827
vt 5.997678 -5.997247
vt 5.997678 -4.997670
vt 5.997678 -3.998094
vt 5.997678 -2.998517
vt 5.997678 -1.998937
vt 5.997678 -0.999360
vt 5.997673 0.000216
vt 5.997673 0.999793
vt 5.997673 1.999370
vt 5.997673 2.998947
vt 5.997673 3.998524
vt 5.997673 4.998100
vt 5.997673 5.997678
vt 5.997673 6.997254
vt 5.997673 7.996831
vt 5.997673 8.996408
vt 5.997673 9.995985
vt 5.997678 10.995562
vt 5.997673 11.995139
vt 5.997673 12.994716
vt 5.997678 13.994292
vt 5.997683 14.993870
vt 5.997683 15.993446
vt 5.997683 16.993023
vt 5.997683 17.992599
vt 5.997683 18.992176
vt 5.997683 19.991755
vt 5.997683 20.991331
vt 5.997683 21.990908
vt 5.997683 22.990486
vt 5.997678 23.990061
vt 5.997678 24.989637
vt 5.997678 25.989216
vt 5.997678 26.988792
vt 5.997673 27.988369
vt 5.997673 28.987946
vt 5.997678 29.987522
vt 5.997678 30.987099
vt 5.997678 31.986675
vt 5.997678 32.986252
vt 5.997678 33.985828
vt 5.997678 34.985413
vt 5.997678 35.984993
vt 5.997678 36.984570
vt 5.997678 37.984146
vt 5.997678 38.983723
vt 6.997254 -39.982887
vt 6.997254 -38.983311
vt 6.997259 -37.983734
vt 6.997259 -36.984154
vt 6.997259 -35.984577
vt 6.997259 -34.985001
vt 6.997259 -33.985424
vt 6.997259 -32.985844
vt 6.997259 -31.986267
vt 6.997259 -30.986691
vt 6.997259 -29.987114
vt 6.997259 -28.987537
vt 6.997254 -27.987961
vt 6.997254 -26.988382
vt 6.997254 -25.988806
vt 6.997254 -24.989227
vt 6.997254 -23.989647
vt 6.997254 -22.990070
vt 6.997254 -21.990494
vt 6.997254 -20.990917
vt 6.997254 -19.991341
vt 6.997254 -18.991760
vt 6.997254 -17.992182
vt 6.997254 -16.992605
vt 6.997259 -15.993026
vt 6.997259 -14.993448
vt 6.997259 -13.993872
vt 6.997259 -12.994292
vt 6.997259 -11.994716
vt 6.997259 -10.995139
vt 6.997259 -9.995560
vt 6.997259 -8.995983
vt 6.997264 -7.996403
vt 6.997264 -6.996827
vt 6.997264 -5.997247
vt 6.997264 -4.997670
vt 6.997264 -3.998094
vt 6.997264 -2.998517
vt 6.997264 -1.998937
vt 6.997264 -0.999360
vt 6.997264 0.000216
vt 6.997264 0.999793
vt 6.997264 1.999370
vt 6.997264 2.998947
vt 6.997259 3.998524
vt 6.997259 4.998100
vt 6.997259 5.997678
vt 6.997259 6.997254
vt 6.997254 7.996831
vt 6.997254 8.996408
vt 6.997259 9.995985
vt 6.997259 10.995562
vt 6.997259 11.995139
vt 6.997259 12.994716
vt 6.997259 13.994292
vt 6.997259 14.993870
vt 6.997254 15.993446
vt 6.997254 16.993023
vt 6.997254 17.992599
vt 6.997254 18.992176
vt 6.997254 19.991755
vt 6.997254 20.991331
vt 6.997254 21.990908
vt 6.997259 22.990486
vt 6.997254 23.990061
vt 6.997254 24.989637
vt 6.997254 25.989216
vt 6.997254 26.988792
vt 6.997254 27.988369
vt 6.997254 28.987946
vt 6.997254 29.987522
vt 6.997254 30.987099
vt 6.997254 31.986675
vt 6.997254 32.986252
vt 6.997254 33.985828
vt 6.997254 34.985413
vt 6.997254 35.984993
vt 6.997254 36.984570
vt 6.997254 37.984146
vt 6.997254 38.983723
vt 7.996831 -39.982887
vt 7.996831 -38.983311
vt 7.996831 -37.983734
vt 7.996831 -36.984154
vt 7.996827 -35.984577
vt 7.996827 -34.985001
vt 7.996827 -33.985424
vt 7.996827 -32.985844
vt 7.996827 -31.986267
vt 7.996827 -30.986691
vt 7.996827 -29.987114
vt 7.996827 -28.987537
vt 7.996821 -27.987961
vt 7.996821 -26.988382
vt 7.996821 -25.988806
vt 7.996821 -24.989227
vt 7.996821 -23.989647
vt 7.996821 -22.990070
vt 7.996821 -21.990494
vt 7.996821 -20.990917
vt 7.996821 -19.991341
vt 7.996827 -18.991760
vt 7.996827 -17.992182
vt 7.996821 -16.992605
vt 7.996827 -15.993026
vt 7.996827 -14.993448
vt 7.996827 -13.993872
vt 7.996831 -12.994292
vt 7.996831 -11.994716
vt 7.996831 -10.995139
vt 7.996831 -9.995560
vt 7.996831 -8.995983
vt 7.996831 -7.996403
vt 7.996831 -6.996827
vt 7.996831 -5.997247
vt 7.996831 -4.997670
vt 7.996831 -3.998094
vt 7.996831 -2.998517
vt 7.996831 -1.998937
vt 7.996831 -0.999360
vt 7.996831 0.000216
vt 7.996831 0.999793
vt 7.996831 1.999370
vt 7.996836 2.998947
vt 7.996836 3.998524
vt 7.996836 4.998100
vt 7.996836 5.997678
vt 7.996836 6.997254
vt 7.996831 7.996831
vt 7.996831 8.996408
vt 7.996831 9.995985
vt 7.996831 10.995562
vt 7.996831 11.995139
vt 7.996831 12.994716
vt 7.996831 13.994292
vt 7.996831 14.993870
vt 7.996831 15.993446
vt 7.996831 16.993023
vt 7.996831 17.992599
vt 7.996831 18.992176
vt 7.996831 19.991755
vt 7.996831 20.991331
vt 7.996831 21.990908
vt 7.996831 22.990486
vt 7.996827 23.990061
vt 7.996827 24.989637
vt 7.996831 25.989216
vt 7.996831 26.988792
vt 7.996831 27.988369
vt 7.996836 28.987946
vt 7.996841 29.987522
vt 7.996836 30.987099
vt 7.996836 31.986675
vt 7.996836 32.986252
vt 7.996836 33.985828
vt 7.996841 34.985413
vt 7.996841 35.984993
vt 7.996841 36.984570
vt 7.996841 37.984146
vt 7.996841 38.983723
vt 8.996408 -39.982887
vt 8.996413 -38.983311
vt 8.996413 -37.983734
vt 8.996413 -36.984154
vt 8.996413 -35.984577
vt 8.996413 -34.985001
vt 8.996413 -33.985424
vt 8.996413 -32.985844
vt 8.996413 -31.986267
vt 8.996413 -30.986691
vt 8.996413 -29.987114
vt 8.996413 -28.987537
vt 8.996408 -27.987961
vt 8.996408 -26.988382
vt 8.996408 -25.988806
vt 8.996408 -24.989227
vt 8.996408 -23.989647
vt 8.996408 -22.990070
vt 8.996408 -21.990494
vt 8.996408 -20.990917
vt 8.996408 -19.991341
vt 8.996408 -18.991760
vt 8.996408 -17.992182
vt 8.996408 -16.992605
vt 8.996408 -15.993026
vt 8.996408 -14.993448
vt 8.996408 -13.993872
vt 8.996413 -12.994292
vt 8.996413 -11.994716
vt 8.996413 -10.995139
vt 8.996413 -9.995560
vt 8.996413 -8.995983
vt 8.996418 -7.996403
vt 8.996418 -6.996827
vt 8.996418 -5.997247
vt 8.996418 -4.997670
vt 8.996418 -3.998094
vt 8.996418 -2.998517
vt 8.996418 -1.998937
vt 8.996413 -0.999360
vt 8.996413 0.000216
vt 8.996413 0.999793
vt 8.996418 1.999370
vt 8.996418 2.998947
vt 8.996418 3.998524
vt 8.996418 4.998100
vt 8.996418 5.997678
vt 8.996418 6.997254
vt 8.996413 7.996831
vt 8.996413 8.996408
vt 8.996413 9.995985
vt 8.996413 10.995562
vt 8.996413 11.995139
vt 8.996413 12.994716
vt 8.996413 13.994292
vt 8.996418 14.993870
vt 8.996418 15.993446
vt 8.996418 16.993023
vt 8.996418 17.992599
vt 8.996418 18.992176
vt 8.996413 19.991755
vt 8.996413 20.991331
vt 8.996413 21.990908
vt 8.996418 22.990486
vt 8.996413 23.990061
vt 8.996413 24.989637
vt 8.996413 25.989216
vt 8.996413 26.988792
vt 8.996413 27.988369
vt 8.996413 28.987946
vt 8.996413 29.987522
vt 8.996413 30.987099
vt 8.996413 31.986675
vt 8.996413 32.986252
vt 8.996413 33.985828
vt 8.996413 34.985413
vt 8.996413 35.984993
vt 8.996413 36.984570
vt 8.996418 37.984146
vt 8.996418 38.983723
vt 9.995985 -39.982887
vt 9.995985 -38.983311
vt 9.995985 -37.983734
vt 9.995985 -36.984154
vt 9.995985 -35.984577
vt 9.995985 -34.985001
vt 9.995985 -33.985424
vt 9.995985 -32.985844
vt 9.995985 -31.986267
vt 9.995985 -30.986691
vt 9.995985 -29.987114
vt 9.995980 -28.987537
vt 9.995975 -27.987961
vt 9.995975 -26.988382
vt 9.995975 -25.988806
vt 9.995975 -24.989227
vt 9.995975 -23.989647
vt 9.995975 -22.990070
vt 9.995975 -21.990494
vt 9.995975 -20.990917
vt 9.995975 -19.991341
vt 9.995980 -18.991760
vt 9.995980 -17.992182
vt 9.995980 -16.992605
vt 9.995980 -15.993026
vt 9.995985 -14.993448
vt 9.995985 -13.993872
vt 9.995985 -12.994292
vt 9.995985 -11.994716
vt 9.995985 -10.995139
vt 9.995985 -9.995560
vt 9.995985 -8.995983
vt 9.995985 -7.996403
vt 9.995985 -6.996827
vt 9.995985 -5.997247
vt 9.995985 -4.997670
vt 9.995985 -3.998094
vt 9.995985 -2.998517
vt 9.995990 -1.998937
vt 9.995990 -0.999360
vt 9.995990 0.000216
vt 9.995990 0.999793
vt 9.995995 1.999370
vt 9.995995 2.998947
vt 9.995990 3.998524
vt 9.995990 4.998100
vt 9.995990 5.997678
vt 9.995995 6.997254
vt 9.995990 7.996831
vt 9.995995 8.996408
vt 9.995995 9.995985
vt 9.995995 10.995562
vt 9.995990 11.995139
vt 9.995990 12.994716
vt 9.995990 13.994292
vt 9.995990 14.993870
vt 9.995990 15.993446
vt 9.995985 16.993023
vt 9.995985 17.992599
vt 9.995985 18.992176
vt 9.995985 19.991755
vt 9.995990 20.991331
vt 9.995990 21.990908
vt 9.995990 22.990486
vt 9.995985 23.990061
vt 9.995990 24.989637
vt 9.995990 25.989216
vt 9.995995 26.988792
vt 9.995990 27.988369
vt 9.995990 28.987946
vt 9.995995 29.987522
vt 9.995995 30.987099
vt 9.995995 31.986675
vt 9.995995 32.986252
vt 9.995995 33.985828
vt 9.995999 34.985413
vt 9.995995 35.984993
vt 9.995995 36.984570
vt 9.995995 37.984146
vt 9.995995 38.983723
vt 10.995562 -39.982887
vt 10.995562 -38.983311
vt 10.995562 -37.983734
vt 10.995562 -36.984154
vt 10.995562 -35.984577
vt 10.995562 -34.985001
vt 10.995562 -33.985424
vt 10.995562 -32.985844
vt 10.995562 -31.986267
vt 10.995562 -30.986691
vt 10.995562 -29.987114
vt 10.995562 -28.987537
vt 10.995562 -27.987961
vt 10.995562 -26.988382
vt 10.995562 -25.988806
vt 10.995562 -24.989227
vt 10.995562 -23.989647
vt 10.995562 -22.990070
vt 10.995562 -21.990494
vt 10.995562 -20.990917
vt 10.995562 -19.991341
vt 10.995562 -18.991760
vt 10.995562 -17.992182
vt 10.995562 -16.992605
vt 10.995562 -15.993026
vt 10.995562 -14.993448
vt 10.995562 -13.993872
vt 10.995562 -12.994292
vt 10.995562 -11.994716
vt 10.995562 -10.995139
vt 10.995562 -9.995560
vt 10.995562 -8.995983
vt 10.995566 -7.996403
vt 10.995566 -6.996827
vt 10.995571 -5.997247
vt 10.995571 -4.997670
vt 10.995571 -3.998094
vt 10.995571 -2.998517
vt 10.995571 -1.998937
vt 10.995571 -0.999360
vt 10.995566 0.000216
vt 10.995571 0.999793
vt 10.995571 1.999370
vt 10.995571 2.998947
vt 10.995571 3.998524
vt 10.995571 4.998100
vt 10.995571 5.997678
vt 10.995571 6.997254
vt 10.995566 7.996831
vt 10.995566 8.996408
vt 10.995566 9.995985
vt 10.995566 10.995562
vt 10.995562 11.995139
vt 10.995562 12.994716
vt 10.995566 13.994292
vt 10.995566 14.993870
vt 10.995566 15.993446
vt 10.995562 16.993023
vt 10.995562 17.992599
vt 10.995562 18.992176
vt 10.995562 19.991755
vt 10.995562 20.991331
vt 10.995562 21.990908
vt 10.995562 22.990486
vt 10.995557 23.990061
vt 10.995562 24.989637
vt 10.995566 25.989216
vt 10.995566 26.988792
vt 10.995566 27.988369
vt 10.995566 28.987946
vt 10.995566 29.987522
vt 10.995566 30.987099
vt 10.995562 31.986675
vt 10.995562 32.986252
vt 10.995562 33.985828
vt 10.995562 34.985413
vt 10.995562 35.984993
vt 10.995566 36.984570
vt 10.995571 37.984146
vt 10.995571 38.983723
vt 11.995139 -39.982887
vt 11.995139 -38.983311
vt 11.995139 -37.983734
vt 11.995139 -36.984154
vt 11.995139 -35.984577
vt 11.995139 -34.985001
vt 11.995139 -33.985424
vt 11.995139 -32.985844
vt 11.995139 -31.986267
vt 11.995139 -30.986691
vt 11.995139 -29.987114
vt 11.995139 -28.987537
vt 11.995139 -27.987961
vt 11.995139 -26.988382
vt 11.995139 -25.988806
vt 11.995144 -24.989227
vt 11.995144 -23.989647
vt 11.995144 -22.990070
vt 11.995144 -21.990494
vt 11.995144 -20.990917
vt 11.995144 -19.991341
vt 11.995149 -18.991760
vt 11.995149 -17.992182
vt 11.995149 -16.992605
vt 11.995149 -15.993026
vt 11.995149 -14.993448
vt 11.995149 -13.993872
vt 11.995149 -12.994292
vt 11.995149 -11.994716
vt 11.995149 -10.995139
vt 11.995149 -9.995560
vt 11.995149 -8.995983
vt 11.995149 -7.996403
vt 11.995149 -6.996827
vt 11.995153 -5.997247
vt 11.995153 -4.997670
vt 11.995153 -3.998094
vt 11.995153 -2.998517
vt 11.995153 -1.998937
vt 11.995153 -0.999360
vt 11.995153 0.000216
vt 11.995158 0.999793
vt 11.995158 1.999370
vt 11.995158 2.998947
vt 11.995158 3.998524
vt 11.995158 4.998100
vt 11.995158 5.997678
vt 11.995158 6.997254
vt 11.995153 7.996831
vt 11.995158 8.996408
vt 11.995158 9.995985
vt 11.995158 10.995562
vt 11.995158 11.995139
vt 11.995158 12.994716
vt 11.995158 13.994292
vt 11.995163 14.993870
vt 11.995158 15.993446
vt 11.995153 16.993023
vt 11.995149 17.992599
vt 11.995149 18.992176
vt 11.995149 19.991755
vt 11.995149 20.991331
vt 11.995149 21.990908
vt 11.995153 22.990486
vt 11.995149 23.990061
vt 11.995149 24.989637
vt 11.995149 25.989216
vt 11.995149 26.988792
vt 11.995149 27.988369
vt 11.995149 28.987946
vt 11.995153 29.987522
vt 11.995153 30.987099
vt 11.995153 31.986675
vt 11.995153 32.986252
vt 11.995153 33.985828
vt 11.995158 34.985413
vt 11.995153 35.984993
vt 11.995153 36.984570
vt 11.995153 37.984146
vt 11.995149 38.983723
vt 12.994716 -39.982887
vt 12.994716 -38.983311
vt 12.994716 -37.983734
vt 12.994716 -36.984154
vt 12.994716 -35.984577
vt 12.994716 -34.985001
vt 12.994716 -33.985424
vt 12.994716 -32.985844
vt 12.994716 -31.986267
vt 12.994716 -30.986691
vt 12.994716 -29.987114
vt 12.994716 -28.987537
vt 12.994716 -27.987961
vt 12.994716 -26.988382
vt 12.994716 -25.988806
vt 12.994716 -24.989227
vt 12.994720 -23.989647
vt 12.994720 -22.990070
vt 12.994720 -21.990494
vt 12.994720 -20.990917
vt 12.994720 -19.991341
vt 12.994720 -18.991760
vt 12.994720 -17.992182
vt 12.994716 -16.992605
vt 12.994716 -15.993026
vt 12.994716 -14.993448
vt 12.994716 -13.993872
vt 12.994716 -12.994292
vt 12.994716 -11.994716
vt 12.994716 -10.995139
vt 12.994716 -9.995560
vt 12.994716 -8.995983
vt 12.994720 -7.996403
vt 12.994720 -6.996827
vt 12.994720 -5.997247
vt 12.994720 -4.997670
vt 12.994720 -3.998094
vt 12.994720 -2.998517
vt 12.994720 -1.998937
vt 12.994720 -0.999360
vt 12.994716 0.000216
vt 12.994716 0.999793
vt 12.994716 1.999370
vt 12.994716 2.998947
vt 12.994711 3.998524
vt 12.994711 4.998100
vt 12.994711 5.997678
vt 12.994711 6.997254
vt 12.994711 7.996831
vt 12.994711 8.996408
vt 12.994711 9.995985
vt 12.994716 10.995562
vt 12.994716 11.995139
vt 12.994716 12.994716
vt 12.994716 13.994292
vt 12.994716 14.993870
vt 12.994716 15.993446
vt 12.994711 16.993023
vt 12.994711 17.992599
vt 12.994716 18.992176
vt 12.994716 19.991755
vt 12.994716 20.991331
vt 12.994716 21.990908
vt 12.994716 22.990486
vt 12.994711 23.990061
vt 12.994711 24.989637
vt 12.994711 25.989216
vt 12.994716 26.988792
vt 12.994711 27.988369
vt 12.994711 28.987946
vt 12.994711 29.987522
vt 12.994706 30.987099
vt 12.994711 31.986675
vt 12.994716 32.986252
vt 12.994720 33.985828
vt 12.994720 34.985413
vt 12.994720 35.984993
vt 12.994720 36.984570
vt 12.994725 37.984146
vt 12.994725 38.983723
vt 13.994292 -39.982887
vt 13.994292 -38.983311
vt 13.994292 -37.983734
vt 13.994292 -36.984154
vt 13.994292 -35.984577
vt 13.994292 -34.985001
vt 13.994292 -33.985424
vt 13.994292 -32.985844
vt 13.994292 -31.986267
vt 13.994292 -30.986691
vt 13.994292 -29.987114
vt 13.994292 -28.987537
vt 13.994292 -27.987961
vt 13.994292 -26.988382
vt 13.994292 -25.988806
vt 13.994292 -24.989227
vt 13.994292 -23.989647
vt 13.994292 -22.990070
vt 13.994292 -21.990494
vt 13.994292 -20.990917
vt 13.994292 -19.991341
vt 13.994297 -18.991760
vt 13.994302 -17.992182
vt 13.994302 -16.992605
vt 13.994307 -15.993026
vt 13.994307 -14.993448
vt 13.994307 -13.993872
vt 13.994307 -12.994292
vt 13.994307 -11.994716
vt 13.994307 -10.995139
vt 13.994307 -9.995560
vt 13.994307 -8.995983
vt 13.994307 -7.996403
vt 13.994307 -6.996827
vt 13.994307 -5.997247
vt 13.994307 -4.997670
vt 13.994307 -3.998094
vt 13.994307 -2.998517
vt 13.994307 -1.998937
vt 13.994307 -0.999360
vt 13.994307 0.000216
vt 13.994307 0.999793
vt 13.994307 1.999370
vt 13.994307 2.998947
vt 13.994307 3.998524
vt 13.994307 4.998100
vt 13.994307 5.997678
vt 13.994307 6.997254
vt 13.994307 7.996831
vt 13.994312 8.996408
vt 13.994312 9.995985
vt 13.994312 10.995562
vt 13.994312 11.995139
vt 13.994312 12.994716
vt 13.994317 13.994292
vt 13.994317 14.993870
vt 13.994312 15.993446
vt 13.994307 16.993023
vt 13.994307 17.992599
vt 13.994307 18.992176
vt 13.994307 19.991755
vt 13.994307 20.991331
vt 13.994307 21.990908
vt 13.994307 22.990486
vt 13.994302 23.990061
vt 13.994302 24.989637
vt 13.994302 25.989216
vt 13.994302 26.988792
vt 13.994302 27.988369
vt 13.994302 28.987946
vt 13.994307 29.987522
vt 13.994302 30.987099
vt 13.994302 31.986675
vt 13.994302 32.986252
vt 13.994302 33.985828
vt 13.994302 34.985413
vt 13.994297 35.984993
vt 13.994302 36.984570
vt 13.994302 37.984146
vt 13.994302 38.983723
vt 14.993870 -39.982887
vt 14.993870 -38.983311
vt 14.993870 -37.983734
vt 14.993870 -36.984154
vt 14.993865 -35.984577
vt 14.993865 -34.985001
vt 14.993865 -33.985424
vt 14.993870 -32.985844
vt 14.993870 -31.986267
vt 14.993870 -30.986691
vt 14.993870 -29.987114
vt 14.993870 -28.987537
vt 14.993870 -27.987961
vt 14.993875 -26.988382
vt 14.993870 -25.988806
vt 14.993870 -24.989227
vt 14.993870 -23.989647
vt 14.993870 -22.990070
vt 14.993870 -21.990494
vt 14.993870 -20.990917
vt 14.993870 -19.991341
vt 14.993870 -18.991760
vt 14.993875 -17.992182
vt 14.993875 -16.992605
vt 14.993879 -15.993026
vt 14.993884 -14.993448
vt 14.993884 -13.993872
vt 14.993884 -12.994292
vt 14.993884 -11.994716
vt 14.993884 -10.995139
vt 14.993884 -9.995560
vt 14.993884 -8.995983
vt 14.993884 -7.996403
vt 14.993889 -6.996827
vt 14.993889 -5.997247
vt 14.993889 -4.997670
vt 14.993889 -3.998094
vt 14.993889 -2.998517
vt 14.993894 -1.998937
vt 14.993894 -0.999360
vt 14.993894 0.000216
vt 14.993894 0.999793
vt 14.993894 1.999370
vt 14.993894 2.998947
vt 14.993894 3.998524
vt 14.993894 4.998100
vt 14.993894 5.997678
vt 14.993894 6.997254
vt 14.993894 7.996831
vt 14.993894 8.996408
vt 14.993894 9.995985
vt 14.993894 10.995562
vt 14.993889 11.995139
vt 14.993884 12.994716
vt 14.993884 13.994292
vt 14.993889 14.993870
vt 14.993884 15.993446
vt 14.993879 16.993023
vt 14.993879 17.992599
vt 14.993879 18.992176
vt 14.993875 19.991755
vt 14.993875 20.991331
vt 14.993875 21.990908
vt 14.993879 22.990486
vt 14.993875 23.990061
vt 14.993875 24.989637
vt 14.993875 25.989216
vt 14.993879 26.988792
vt 14.993879 27.988369
vt 14.993879 28.987946
vt 14.993879 29.987522
vt 14.993879 30.987099
vt 14.993879 31.986675
vt 14.993879 32.986252
vt 14.993879 33.985828
vt 14.993879 34.985413
vt 14.993875 35.984993
vt 14.993879 36.984570
vt 14.993879 37.984146
vt 14.993879 38.983723
vt 15.993446 -39.982887
vt 15.993446 -38.983311
vt 15.993446 -37.983734
vt 15.993446 -36.984154
vt 15.993446 -35.984577
vt 15.993446 -34.985001
vt 15.993446 -33.985424
vt 15.993446 -32.985844
vt 15.993446 -31.986267
vt 15.993446 -30.986691
vt 15.993446 -29.987114
vt 15.993446 -28.987537
vt 15.993446 -27.987961
vt 15.993446 -26.988382
vt 15.993442 -25.988806
vt 15.993442 -24.989227
vt 15.993442 -23.989647
vt 15.993442 -22.990070
vt 15.993442 -21.990494
vt 15.993442 -20.990917
vt 15.993446 -19.991341
vt 15.993451 -18.991760
vt 15.993451 -17.992182
vt 15.993446 -16.992605
vt 15.993446 -15.993026
vt 15.993446 -14.993448
vt 15.993446 -13.993872
vt 15.993446 -12.994292
vt 15.993446 -11.994716
vt 15.993446 -10.995139
vt 15.993446 -9.995560
vt 15.993446 -8.995983
vt 15.993446 -7.996403
vt 15.993451 -6.996827
vt 15.993451 -5.997247
vt 15.993451 -4.997670
vt 15.993456 -3.998094
vt 15.993456 -2.998517
vt 15.993456 -1.998937
vt 15.993456 -0.999360
vt 15.993451 0.000216
vt 15.993451 0.999793
vt 15.993456 1.999370
vt 15.993456 2.998947
vt 15.993456 3.998524
vt 15.993456 4.998100
vt 15.993456 5.997678
vt 15.993456 6.997254
vt 15.993456 7.996831
vt 15.993461 8.996408
vt 15.993461 9.995985
vt 15.993461 10.995562
vt 15.993456 11.995139
vt 15.993456 12.994716
vt 15.993456 13.994292
vt 15.993456 14.993870
vt 15.993456 15.993446
vt 15.993456 16.993023
vt 15.993451 17.992599
vt 15.993451 18.992176
vt 15.993451 19.991755
vt 15.993451 20.991331
vt 15.993451 21.990908
vt 15.993451 22.990486
vt 15.993446 23.990061
vt 15.993446 24.989637
vt 15.993446 25.989216
vt 15.993446 26.988792
vt 15.993446 27.988369
vt 15.993451 28.987946
vt 15.993456 29.987522
vt 15.993451 30.987099
vt 15.993446 31.986675
vt 15.993446 32.986252
vt 15.993446 33.985828
vt 15.993446 34.985413
vt 15.993446 35.984993
vt 15.993451 36.984570
vt 15.993451 37.984146
vt 15.993451 38.983723
vt 16.993023 -39.982887
vt 16.993023 -38.983311
vt 16.993023 -37.983734
vt 16.993019 -36.984154
vt 16.993013 -35.984577
vt 16.993013 -34.985001
vt 16.993013 -33.985424
vt 16.993013 -32.985844
vt 16.993013 -31.986267
vt 16.993013 -30.986691
vt 16.993013 -29.987114
vt 16.993013 -28.987537
vt 16.993013 -27.987961
vt 16.993013 -26.988382
vt 16.993010 -25.988806
vt 16.993010 -24.989227
vt 16.993013 -23.989647
vt 16.993013 -22.990070
vt 16.993013 -21.990494
vt 16.993013 -20.990917
vt 16.993013 -19.991341
vt 16.993013 -18.991760
vt 16.993013 -17.992182
vt 16.993013 -16.992605
vt 16.993013 -15.993026
vt 16.993013 -14.993448
vt 16.993013 -13.993872
vt 16.993013 -12.994292
vt 16.993013 -11.994716
vt 16.993013 -10.995139
vt 16.993013 -9.995560
vt 16.993013 -8.995983
vt 16.993019 -7.996403
vt 16.993023 -6.996827
vt 16.993023 -5.997247
vt 16.993029 -4.997670
vt 16.993029 -3.998094
vt 16.993029 -2.998517
vt 16.993032 -1.998937
vt 16.993032 -0.999360
vt 16.993032 0.000216
vt 16.993032 0.999793
vt 16.993038 1.999370
vt 16.993038 2.998947
vt 16.993038 3.998524
vt 16.993038 4.998100
vt 16.993038 5.997678
vt 16.993038 6.997254
vt 16.993038 7.996831
vt 16.993038 8.996408
vt 16.993038 9.995985
vt 16.993038 10.995562
vt 16.993038 11.995139
vt 16.993038 12.994716
vt 16.993042 13.994292
vt 16.993042 14.993870
vt 16.993038 15.993446
vt 16.993038 16.993023
vt 16.993038 17.992599
vt 16.993038 18.992176
vt 16.993038 19.991755
vt 16.993038 20.991331
vt 16.993032 21.990908
vt 16.993032 22.990486
vt 16.993029 23.990061
vt 16.993029 24.989637
vt 16.993029 25.989216
vt 16.993029 26.988792
vt 16.993023 27.988369
vt 16.993023 28.987946
vt 16.993023 29.987522
vt 16.993023 30.987099
vt 16.993023 31.986675
vt 16.993023 32.986252
vt 16.993023 33.985828
vt 16.993029 34.985413
vt 16.993029 35.984993
vt 16.993029 36.984570
vt 16.993032 37.984146
vt 16.993032 38.983723
vt 17.992599 -39.982887
vt 17.992605 -38.983311
vt 17.992605 -37.983734
vt 17.992605 -36.984154
vt 17.992605 -35.984577
vt 17.992605 -34.985001
vt 17.992605 -33.985424
vt 17.992609 -32.985844
vt 17.992609 -31.986267
vt 17.992609 -30.986691
vt 17.992609 -29.987114
vt 17.992609 -28.987537
vt 17.992609 -27.987961
vt 17.992609 -26.988382
vt 17.992605 -25.988806
vt 17.992605 -24.989227
vt 17.992605 -23.989647
vt 17.992605 -22.990070
vt 17.992605 -21.990494
vt 17.992605 -20.990917
vt 17.992605 -19.991341
vt 17.992609 -18.991760
vt 17.992609 -17.992182
vt 17.992609 -16.992605
vt 17.992609 -15.993026
vt 17.992609 -14.993448
vt 17.992615 -13.993872
vt 17.992615 -12.994292
vt 17.992615 -11.994716
vt 17.992615 -10.995139
vt 17.992615 -9.995560
vt 17.992615 -8.995983
vt 17.992615 -7.996403
vt 17.992615 -6.996827
vt 17.992615 -5.997247
vt 17.992615 -4.997670
vt 17.992615 -3.998094
vt 17.992615 -2.998517
vt 17.992615 -1.998937
vt 17.992609 -0.999360
vt 17.992605 0.000216
vt 17.992609 0.999793
vt 17.992609 1.999370
vt 17.992609 2.998947
vt 17.992609 3.998524
vt 17.992609 4.998100
vt 17.992609 5.997678
vt 17.992609 6.997254
vt 17.992609 7.996831
vt 17.992609 8.996408
vt 17.992609 9.995985
vt 17.992609 10.995562
vt 17.992609 11.995139
vt 17.992609 12.994716
vt 17.992609 13.994292
vt 17.992615 14.993870
vt 17.992615 15.993446
vt 17.992615 16.993023
vt 17.992615 17.992599
vt 17.992615 18.992176
vt 17.992615 19.991755
vt 17.992615 20.991331
vt 17.992615 21.990908
vt 17.992615 22.990486
vt 17.992609 23.990061
vt 17.992609 24.989637
vt 17.992609 25.989216
vt 17.992609 26.988792
vt 17.992609 27.988369
vt 17.992609 28.987946
vt 17.992615 29.987522
vt 17.992615 30.987099
vt 17.992615 31.986675
vt 17.992615 32.986252
vt 17.992609 33.985828
vt 17.992609 34.985413
vt 17.992605 35.984993
vt 17.992605 36.984570
vt 17.992605 37.984146
vt 17.992605 38.983723
vt 18.992176 -39.982887
vt 18.992176 -38.983311
vt 18.992182 -37.983734
vt 18.992182 -36.984154
vt 18.992176 -35.984577
vt 18.992176 -34.985001
vt 18.992176 -33.985424
vt 18.992176 -32.985844
vt 18.992176 -31.986267
vt 18.992176 -30.986691
vt 18.992176 -29.987114
vt 18.992176 -28.987537
vt 18.992176 -27.987961
vt 18.992176 -26.988382
vt 18.992172 -25.988806
vt 18.992176 -24.989227
vt 18.992176 -23.989647
vt 18.992176 -22.990070
vt 18.992176 -21.990494
vt 18.992176 -20.990917
vt 18.992176 -19.991341
vt 18.992176 -18.991760
vt 18.992176 -17.992182
vt 18.992176 -16.992605
vt 18.992176 -15.993026
vt 18.992176 -14.993448
vt 18.992176 -13.993872
vt 18.992176 -12.994292
vt 18.992176 -11.994716
vt 18.992176 -10.995139
vt 18.992176 -9.995560
vt 18.992182 -8.995983
vt 18.992182 -7.996403
vt 18.992182 -6.996827
vt 18.992186 -5.997247
vt 18.992186 -4.997670
vt 18.992186 -3.998094
vt 18.992186 -2.998517
vt 18.992186 -1.998937
vt 18.992186 -0.999360
vt 18.992186 0.000216
vt 18.992191 0.999793
vt 18.992191 1.999370
vt 18.992191 2.998947
vt 18.992191 3.998524
vt 18.992191 4.998100
vt 18.992191 5.997678
vt 18.992197 6.997254
vt 18.992197 7.996831
vt 18.992197 8.996408
vt 18.992197 9.995985
vt 18.992201 10.995562
vt 18.992197 11.995139
vt 18.992197 12.994716
vt 18.992197 13.994292
vt 18.992197 14.993870
vt 18.992197 15.993446
vt 18.992197 16.993023
vt 18.992197 17.992599
vt 18.992197 18.992176
vt 18.992197 19.991755
vt 18.992197 20.991331
vt 18.992197 21.990908
vt 18.992197 22.990486
vt 18.992191 23.990061
vt 18.992191 24.989637
vt 18.992191 25.989216
vt 18.992191 26.988792
vt 18.992191 27.988369
vt 18.992191 28.987946
vt 18.992191 29.987522
vt 18.992186 30.987099
vt 18.992186 31.986675
vt 18.992186 32.986252
vt 18.992186 33.985828
vt 18.992186 34.985413
vt 18.992182 35.984993
vt 18.992186 36.984570
vt 18.992186 37.984146
vt 18.992186 38.983723
vt 19.991755 -39.982887
vt 19.991755 -38.983311
vt 19.991758 -37.983734
vt 19.991758 -36.984154
vt 19.991758 -35.984577
vt 19.991758 -34.985001
vt 19.991758 -33.985424
vt 19.991758 -32.985844
vt 19.991758 -31.986267
vt 19.991758 -30.986691
vt 19.991758 -29.987114
vt 19.991758 -28.987537
vt 19.991758 -27.987961
vt 19.991758 -26.988382
vt 19.991755 -25.988806
vt 19.991755 -24.989227
vt 19.991755 -23.989647
vt 19.991755 -22.990070
vt 19.991755 -21.990494
vt 19.991755 -20.990917
vt 19.991758 -19.991341
vt 19.991764 -18.991760
vt 19.991764 -17.992182
vt 19.991764 -16.992605
vt 19.991764 -15.993026
vt 19.991768 -14.993448
vt 19.991768 -13.993872
vt 19.991768 -12.994292
vt 19.991768 -11.994716
vt 19.991768 -10.995139
vt 19.991768 -9.995560
vt 19.991768 -8.995983
vt 19.991768 -7.996403
vt 19.991768 -6.996827
vt 19.991774 -5.997247
vt 19.991774 -4.997670
vt 19.991774 -3.998094
vt 19.991774 -2.998517
vt 19.991774 -1.998937
vt 19.991774 -0.999360
vt 19.991768 0.000216
vt 19.991768 0.999793
vt 19.991768 1.999370
vt 19.991768 2.998947
vt 19.991764 3.998524
vt 19.991764 4.998100
vt 19.991764 5.997678
vt 19.991764 6.997254
vt 19.991764 7.996831
vt 19.991764 8.996408
vt 19.991764 9.995985
vt 19.991764 10.995562
vt 19.991758 11.995139
vt 19.991758 12.994716
vt 19.991764 13.994292
vt 19.991764 14.993870
vt 19.991758 15.993446
vt 19.991758 16.993023
vt 19.991755 17.992599
vt 19.991755 18.992176
vt 19.991755 19.991755
vt 19.991755 20.991331
vt 19.991755 21.990908
vt 19.991755 22.990486
vt 19.991749 23.990061
vt 19.991749 24.989637
vt 19.991749 25.989216
vt 19.991755 26.988792
vt 19.991749 27.988369
vt 19.991755 28.987946
vt 19.991758 29.987522
vt 19.991758 30.987099
vt 19.991758 31.986675
vt 19.991758 32.986252
vt 19.991758 33.985828
vt 19.991758 34.985413
vt 19.991758 35.984993
vt 19.991764 36.984570
vt 19.991764 37.984146
vt 19.991764 38.983723
vt 20.991331 -39.982887
vt 20.991331 -38.983311
vt 20.991335 -37.983734
vt 20.991335 -36.984154
vt 20.991331 -35.984577
vt 20.991331 -34.985001
vt 20.991331 -33.985424
vt 20.991335 -32.985844
vt 20.991335 -31.986267
vt 20.991335 -30.986691
vt 20.991335 -29.987114
vt 20.991331 -28.987537
vt 20.991331 -27.987961
vt 20.991335 -26.988382
vt 20.991335 -25.988806
vt 20.991341 -24.989227
vt 20.991341 -23.989647
vt 20.991341 -22.990070
vt 20.991341 -21.990494
vt 20.991341 -20.990917
vt 20.991341 -19.991341
vt 20.991341 -18.991760
vt 20.991341 -17.992182
vt 20.991335 -16.992605
vt 20.991341 -15.993026
vt 20.991341 -14.993448
vt 20.991344 -13.993872
vt 20.991344 -12.994292
vt 20.991344 -11.994716
vt 20.991344 -10.995139
vt 20.991344 -9.995560
vt 20.991344 -8.995983
vt 20.991344 -7.996403
vt 20.991344 -6.996827
vt 20.991344 -5.997247
vt 20.991344 -4.997670
vt 20.991344 -3.998094
vt 20.991344 -2.998517
vt 20.991344 -1.998937
vt 20.991344 -0.999360
vt 20.991344 0.000216
vt 20.991344 0.999793
vt 20.991344 1.999370
vt 20.991344 2.998947
vt 20.991344 3.998524
vt 20.991344 4.998100
vt 20.991344 5.997678
vt 20.991344 6.997254
vt 20.991344 7.996831
vt 20.991350 8.996408
vt 20.991350 9.995985
vt 20.991354 10.995562
vt 20.991350 11.995139
vt 20.991350 12.994716
vt 20.991350 13.994292
vt 20.991354 14.993870
vt 20.991354 15.993446
vt 20.991354 16.993023
vt 20.991354 17.992599
vt 20.991354 18.992176
vt 20.991350 19.991755
vt 20.991350 20.991331
vt 20.991350 21.990908
vt 20.991350 22.990486
vt 20.991344 23.990061
vt 20.991344 24.989637
vt 20.991344 25.989216
vt 20.991344 26.988792
vt 20.991341 27.988369
vt 20.991344 28.987946
vt 20.991344 29.987522
vt 20.991344 30.987099
vt 20.991341 31.986675
vt 20.991341 32.986252
vt 20.991341 33.985828
vt 20.991341 34.985413
vt 20.991341 35.984993
vt 20.991341 36.984570
vt 20.991341 37.984146
vt 20.991341 38.983723
vt 21.990908 -39.982887
vt 21.990908 -38.983311
vt 21.990908 -37.983734
vt 21.990908 -36.984154
vt 21.990908 -35.984577
vt 21.990908 -34.985001
vt 21.990908 -33.985424
vt 21.990908 -32.985844
vt 21.990908 -31.986267
vt 21.990908 -30.986691
vt 21.990908 -29.987114
vt 21.990908 -28.987537
vt 21.990908 -27.987961
vt 21.990908 -26.988382
vt 21.990908 -25.988806
vt 21.990908 -24.989227
vt 21.990908 -23.989647
vt 21.990908 -22.990070
vt 21.990908 -21.990494
vt 21.990908 -20.990917
vt 21.990908 -19.991341
vt 21.990911 -18.991760
vt 21.990911 -17.992182
vt 21.990911 -16.992605
vt 21.990917 -15.993026
vt 21.990917 -14.993448
vt 21.990917 -13.993872
vt 21.990921 -12.994292
vt 21.990921 -11.994716
vt 21.990927 -10.995139
vt 21.990927 -9.995560
vt 21.990927 -8.995983
vt 21.990927 -7.996403
vt 21.990927 -6.996827
vt 21.990927 -5.997247
vt 21.990927 -4.997670
vt 21.990927 -3.998094
vt 21.990927 -2.998517
vt 21.990932 -1.998937
vt 21.990932 -0.999360
vt 21.990932 0.000216
vt 21.990932 0.999793
vt 21.990936 1.999370
vt 21.990932 2.998947
vt 21.990932 3.998524
vt 21.990932 4.998100
vt 21.990932 5.997678
vt 21.990932 6.997254
vt 21.990932 7.996831
vt 21.990932 8.996408
vt 21.990932 9.995985
vt 21.990932 10.995562
vt 21.990932 11.995139
vt 21.990927 12.994716
vt 21.990927 13.994292
vt 21.990927 14.993870
vt 21.990921 15.993446
vt 21.990921 16.993023
vt 21.990921 17.992599
vt 21.990921 18.992176
vt 21.990921 19.991755
vt 21.990921 20.991331
vt 21.990921 21.990908
vt 21.990921 22.990486
vt 21.990917 23.990061
vt 21.990917 24.989637
vt 21.990917 25.989216
vt 21.990917 26.988792
vt 21.990917 27.988369
vt 21.990917 28.987946
vt 21.990921 29.987522
vt 21.990917 30.987099
vt 21.990917 31.986675
vt 21.990917 32.986252
vt 21.990917 33.985828
vt 21.990917 34.985413
vt 21.990917 35.984993
vt 21.990917 36.984570
vt 21.990917 37.984146
vt 21.990917 38.983723
vt 22.990486 -39.982887
vt 22.990486 -38.983311
vt 22.990486 -37.983734
vt 22.990486 -36.984154
vt 22.990480 -35.984577
vt 22.990480 -34.985001
vt 22.990480 -33.985424
vt 22.990480 -32.985844
vt 22.990480 -31.986267
vt 22.990480 -30.986691
vt 22.990480 -29.987114
vt 22.990480 -28.987537
vt 22.990480 -27.987961
vt 22.990480 -26.988382
vt 22.990480 -25.988806
vt 22.990480 -24.989227
vt 22.990480 -23.989647
vt 22.990480 -22.990070
vt 22.990480 -21.990494
vt 22.990480 -20.990917
vt 22.990480 -19.991341
vt 22.990480 -18.991760
vt 22.990480 -17.992182
vt 22.990480 -16.992605
vt 22.990480 -15.993026
vt 22.990480 -14.993448
vt 22.990480 -13.993872
vt 22.990486 -12.994292
vt 22.990486 -11.994716
vt 22.990490 -10.995139
vt 22.990490 -9.995560
vt 22.990490 -8.995983
vt 22.990490 -7.996403
vt 22.990490 -6.996827
vt 22.990490 -5.997247
vt 22.990490 -4.997670
vt 22.990490 -3.998094
vt 22.990490 -2.998517
vt 22.990490 -1.998937
vt 22.990490 -0.999360
vt 22.990486 0.000216
vt 22.990486 0.999793
vt 22.990490 1.999370
vt 22.990490 2.998947
vt 22.990486 3.998524
vt 22.990486 4.998100
vt 22.990486 5.997678
vt 22.990486 6.997254
vt 22.990486 7.996831
vt 22.990490 8.996408
vt 22.990490 9.995985
vt 22.990494 10.995562
vt 22.990494 11.995139
vt 22.990494 12.994716
vt 22.990494 13.994292
vt 22.990494 14.993870
vt 22.990494 15.993446
vt 22.990494 16.993023
vt 22.990494 17.992599
vt 22.990494 18.992176
vt 22.990494 19.991755
vt 22.990494 20.991331
vt 22.990494 21.990908
vt 22.990499 22.990486
vt 22.990494 23.990061
vt 22.990494 24.989637
vt 22.990494 25.989216
vt 22.990494 26.988792
vt 22.990494 27.988369
vt 22.990494 28.987946
vt 22.990494 29.987522
vt 22.990494 30.987099
vt 22.990494 31.986675
vt 22.990494 32.986252
vt 22.990494 33.985828
vt 22.990494 34.985413
vt 22.990494 35.984993
vt 22.990494 36.984570
vt 22.990494 37.984146
vt 22.990494 38.983723
vt 23.990061 -39.982887
vt 23.990061 -38.983311
vt 23.990061 -37.983734
vt 23.990061 -36.984154
vt 23.990061 -35.984577
vt 23.990061 -34.985001
vt 23.990061 -33.985424
vt 23.990067 -32.985844
vt 23.990067 -31.986267
vt 23.990067 -30.986691
vt 23.990067 -29.987114
vt 23.990067 -28.987537
vt 23.990061 -27.987961
vt 23.990061 -26.988382
vt 23.990061 -25.988806
vt 23.990061 -24.989227
vt 23.990067 -23.989647
vt 23.990067 -22.990070
vt 23.990067 -21.990494
vt 23.990067 -20.990917
vt 23.990070 -19.991341
vt 23.990076 -18.991760
vt 23.990080 -17.992182
vt 23.990076 -16.992605
vt 23.990076 -15.993026
vt 23.990076 -14.993448
vt 23.990080 -13.993872
vt 23.990080 -12.994292
vt 23.990080 -11.994716
vt 23.990086 -10.995139
vt 23.990080 -9.995560
vt 23.990080 -8.995983
vt 23.990080 -7.996403
vt 23.990080 -6.996827
vt 23.990080 -5.997247
vt 23.990080 -4.997670
vt 23.990080 -3.998094
vt 23.990080 -2.998517
vt 23.990080 -1.998937
vt 23.990080 -0.999360
vt 23.990080 0.000216
vt 23.990080 0.999793
vt 23.990080 1.999370
vt 23.990080 2.998947
vt 23.990080 3.998524
vt 23.990080 4.998100
vt 23.990080 5.997678
vt 23.990080 6.997254
vt 23.990076 7.996831
vt 23.990076 8.996408
vt 23.990076 9.995985
vt 23.990076 10.995562
vt 23.990076 11.995139
vt 23.990076 12.994716
vt 23.990076 13.994292
vt 23.990080 14.993870
vt 23.990080 15.993446
vt 23.990080 16.993023
vt 23.990076 17.992599
vt 23.990076 18.992176
vt 23.990076 19.991755
vt 23.990076 20.991331
vt 23.990076 21.990908
vt 23.990076 22.990486
vt 23.990070 23.990061
vt 23.990070 24.989637
vt 23.990070 25.989216
vt 23.990070 26.988792
vt 23.990067 27.988369
vt 23.990067 28.987946
vt 23.990070 29.987522
vt 23.990070 30.987099
vt 23.990067 31.986675
vt 23.990067 32.986252
vt 23.990067 33.985828
vt 23.990070 34.985413
vt 23.990070 35.984993
vt 23.990070 36.984570
vt 23.990070 37.984146
vt 23.990070 38.983723
vt 24.989637 -39.982887
vt 24.989637 -38.983311
vt 24.989637 -37.983734
vt 24.989637 -36.984154
vt 24.989637 -35.984577
vt 24.989637 -34.985001
vt 24.989637 -33.985424
vt 24.989637 -32.985844
vt 24.989637 -31.986267
vt 24.989637 -30.986691
vt 24.989637 -29.987114
vt 24.989637 -28.987537
vt 24.989634 -27.987961
vt 24.989634 -26.988382
vt 24.989634 -25.988806
vt 24.989634 -24.989227
vt 24.989634 -23.989647
vt 24.989634 -22.990070
vt 24.989634 -21.990494
vt 24.989637 -20.990917
vt 24.989637 -19.991341
vt 24.989637 -18.991760
vt 24.989643 -17.992182
vt 24.989643 -16.992605
vt 24.989643 -15.993026
vt 24.989643 -14.993448
vt 24.989643 -13.993872
vt 24.989643 -12.994292
vt 24.989643 -11.994716
vt 24.989647 -10.995139
vt 24.989647 -9.995560
vt 24.989647 -8.995983
vt 24.989647 -7.996403
vt 24.989647 -6.996827
vt 24.989647 -5.997247
vt 24.989647 -4.997670
vt 24.989647 -3.998094
vt 24.989647 -2.998517
vt 24.989653 -1.998937
vt 24.989653 -0.999360
vt 24.989647 0.000216
vt 24.989653 0.999793
vt 24.989653 1.999370
vt 24.989653 2.998947
vt 24.989653 3.998524
vt 24.989653 4.998100
vt 24.989653 5.997678
vt 24.989653 6.997254
vt 24.989647 7.996831
vt 24.989653 8.996408
vt 24.989653 9.995985
vt 24.989656 10.995562
vt 24.989653 11.995139
vt 24.989653 12.994716
vt 24.989656 13.994292
vt 24.989656 14.993870
vt 24.989653 15.993446
vt 24.989653 16.993023
vt 24.989653 17.992599
vt 24.989653 18.992176
vt 24.989653 19.991755
vt 24.989653 20.991331
vt 24.989653 21.990908
vt 24.989653 22.990486
vt 24.989647 23.990061
vt 24.989647 24.989637
vt 24.989647 25.989216
vt 24.989653 26.988792
vt 24.989653 27.988369
vt 24.989653 28.987946
vt 24.989653 29.987522
vt 24.989647 30.987099
vt 24.989647 31.986675
vt 24.989647 32.986252
vt 24.989647 33.985828
vt 24.989647 34.985413
vt 24.989647 35.984993
vt 24.989653 36.984570
vt 24.989647 37.984146
vt 24.989647 38.983723
vt 25.989216 -39.982887
vt 25.989216 -38.983311
vt 25.989216 -37.983734
vt 25.989216 -36.984154
vt 25.989216 -35.984577
vt 25.989216 -34.985001
vt 25.989216 -33.985424
vt 25.989216 -32.985844
vt 25.989216 -31.986267
vt 25.989216 -30.986691
vt 25.989216 -29.987114
vt 25.989216 -28.987537
vt 25.989210 -27.987961
vt 25.989210 -26.988382
vt 25.989210 -25.988806
vt 25.989216 -24.989227
vt 25.989216 -23.989647
vt 25.989216 -22.990070
vt 25.989216 -21.990494
vt 25.989216 -20.990917
vt 25.989216 -19.991341
vt 25.989220 -18.991760
vt 25.989225 -17.992182
vt 25.989220 -16.992605
vt 25.989220 -15.993026
vt 25.989220 -14.993448
vt 25.989220 -13.993872
vt 25.989220 -12.994292
vt 25.989220 -11.994716
vt 25.989225 -10.995139
vt 25.989225 -9.995560
vt 25.989225 -8.995983
vt 25.989225 -7.996403
vt 25.989225 -6.996827
vt 25.989225 -5.997247
vt 25.989225 -4.997670
vt 25.989225 -3.998094
vt 25.989225 -2.998517
vt 25.989225 -1.998937
vt 25.989225 -0.999360
vt 25.989225 0.000216
vt 25.989229 0.999793
vt 25.989229 1.999370
vt 25.989229 2.998947
vt 25.989225 3.998524
vt 25.989225 4.998100
vt 25.989225 5.997678
vt 25.989225 6.997254
vt 25.989220 7.996831
vt 25.989220 8.996408
vt 25.989220 9.995985
vt 25.989220 10.995562
vt 25.989216 11.995139
vt 25.989210 12.994716
vt 25.989210 13.994292
vt 25.989210 14.993870
vt 25.989210 15.993446
vt 25.989210 16.993023
vt 25.989210 17.992599
vt 25.989210 18.992176
vt 25.989210 19.991755
vt 25.989210 20.991331
vt 25.989210 21.990908
vt 25.989216 22.990486
vt 25.989210 23.990061
vt 25.989216 24.989637
vt 25.989216 25.989216
vt 25.989216 26.988792
vt 25.989216 27.988369
vt 25.989216 28.987946
vt 25.989220 29.987522
vt 25.989220 30.987099
vt 25.989216 31.986675
vt 25.989216 32.986252
vt 25.989216 33.985828
vt 25.989216 34.985413
vt 25.989216 35.984993
vt 25.989220 36.984570
vt 25.989220 37.984146
vt 25.989220 38.983723
vt 26.988792 -39.982887
vt 26.988796 -38.983311
vt 26.988796 -37.983734
vt 26.988796 -36.984154
vt 26.988796 -35.984577
vt 26.988796 -34.985001
vt 26.988796 -33.985424
vt 26.988802 -32.985844
vt 26.988802 -31.986267
vt 26.988802 -30.986691
vt 26.988802 -29.987114
vt 26.988802 -28.987537
vt 26.988796 -27.987961
vt 26.988796 -26.988382
vt 26.988796 -25.988806
vt 26.988796 -24.989227
vt 26.988796 -23.989647
vt 26.988796 -22.990070
vt 26.988796 -21.990494
vt 26.988796 -20.990917
vt 26.988796 -19.991341
vt 26.988796 -18.991760
vt 26.988796 -17.992182
vt 26.988796 -16.992605
vt 26.988796 -15.993026
vt 26.988796 -14.993448
vt 26.988802 -13.993872
vt 26.988802 -12.994292
vt 26.988802 -11.994716
vt 26.988806 -10.995139
vt 26.988806 -9.995560
vt 26.988806 -8.995983
vt 26.988806 -7.996403
vt 26.988806 -6.996827
vt 26.988811 -5.997247
vt 26.988811 -4.997670
vt 26.988811 -3.998094
vt 26.988811 -2.998517
vt 26.988815 -1.998937
vt 26.988811 -0.999360
vt 26.988806 0.000216
vt 26.988806 0.999793
vt 26.988806 1.999370
vt 26.988806 2.998947
vt 26.988806 3.998524
vt 26.988806 4.998100
vt 26.988806 5.997678
vt 26.988806 6.997254
vt 26.988802 7.996831
vt 26.988806 8.996408
vt 26.988806 9.995985
vt 26.988811 10.995562
vt 26.988811 11.995139
vt 26.988811 12.994716
vt 26.988811 13.994292
vt 26.988815 14.993870
vt 26.988811 15.993446
vt 26.988811 16.993023
vt 26.988811 17.992599
vt 26.988811 18.992176
vt 26.988811 19.991755
vt 26.988811 20.991331
vt 26.988811 21.990908
vt 26.988811 22.990486
vt 26.988806 23.990061
vt 26.988806 24.989637
vt 26.988806 25.989216
vt 26.988806 26.988792
vt 26.988802 27.988369
vt 26.988802 28.987946
vt 26.988802 29.987522
vt 26.988796 30.987099
vt 26.988796 31.986675
vt 26.988796 32.986252
vt 26.988796 33.985828
vt 26.988796 34.985413
vt 26.988802 35.984993
vt 26.988802 36.984570
vt 26.988802 37.984146
vt 26.988802 38.983723
vt 27.988369 -39.982887
vt 27.988369 -38.983311
vt 27.988369 -37.983734
vt 27.988369 -36.984154
vt 27.988363 -35.984577
vt 27.988363 -34.985001
vt 27.988363 -33.985424
vt 27.988363 -32.985844
vt 27.988363 -31.986267
vt 27.988363 -30.986691
vt 27.988363 -29.987114
vt 27.988363 -28.987537
vt 27.988359 -27.987961
vt 27.988359 -26.988382
vt 27.988359 -25.988806
vt 27.988363 -24.989227
vt 27.988369 -23.989647
vt 27.988369 -22.990070
vt 27.988369 -21.990494
vt 27.988369 -20.990917
vt 27.988373 -19.991341
vt 27.988379 -18.991760
vt 27.988379 -17.992182
vt 27.988379 -16.992605
vt 27.988382 -15.993026
vt 27.988382 -14.993448
vt 27.988382 -13.993872
vt 27.988382 -12.994292
vt 27.988382 -11.994716
vt 27.988382 -10.995139
vt 27.988382 -9.995560
vt 27.988382 -8.995983
vt 27.988388 -7.996403
vt 27.988388 -6.996827
vt 27.988392 -5.997247
vt 27.988392 -4.997670
vt 27.988392 -3.998094
vt 27.988392 -2.998517
vt 27.988392 -1.998937
vt 27.988388 -0.999360
vt 27.988388 0.000216
vt 27.988388 0.999793
vt 27.988388 1.999370
vt 27.988388 2.998947
vt 27.988388 3.998524
vt 27.988388 4.998100
vt 27.988388 5.997678
vt 27.988388 6.997254
vt 27.988382 7.996831
vt 27.988382 8.996408
vt 27.988382 9.995985
vt 27.988382 10.995562
vt 27.988382 11.995139
vt 27.988382 12.994716
vt 27.988388 13.994292
vt 27.988388 14.993870
vt 27.988388 15.993446
vt 27.988388 16.993023
vt 27.988382 17.992599
vt 27.988382 18.992176
vt 27.988382 19.991755
vt 27.988382 20.991331
vt 27.988382 21.990908
vt 27.988388 22.990486
vt 27.988382 23.990061
vt 27.988388 24.989637
vt 27.988388 25.989216
vt 27.988388 26.988792
vt 27.988382 27.988369
vt 27.988382 28.987946
vt 27.988388 29.987522
vt 27.988382 30.987099
vt 27.988382 31.986675
vt 27.988382 32.986252
vt 27.988382 33.985828
vt 27.988382 34.985413
vt 27.988379 35.984993
vt 27.988379 36.984570
vt 27.988379 37.984146
vt 27.988379 38.983723
vt 28.987946 -39.982887
vt 28.987946 -38.983311
vt 28.987946 -37.983734
vt 28.987946 -36.984154
vt 28.987946 -35.984577
vt 28.987946 -34.985001
vt 28.987946 -33.985424
vt 28.987946 -32.985844
vt 28.987946 -31.986267
vt 28.987946 -30.986691
vt 28.987946 -29.987114
vt 28.987946 -28.987537
vt 28.987940 -27.987961
vt 28.987940 -26.988382
vt 28.987940 -25.988806
vt 28.987940 -24.989227
vt 28.987940 -23.989647
vt 28.987940 -22.990070
vt 28.987940 -21.990494
vt 28.987940 -20.990917
vt 28.987940 -19.991341
vt 28.987940 -18.991760
vt 28.987940 -17.992182
vt 28.987936 -16.992605
vt 28.987940 -15.993026
vt 28.987946 -14.993448
vt 28.987946 -13.993872
vt 28.987946 -12.994292
vt 28.987946 -11.994716
vt 28.987946 -10.995139
vt 28.987940 -9.995560
vt 28.987940 -8.995983
vt 28.987940 -7.996403
vt 28.987940 -6.996827
vt 28.987946 -5.997247
vt 28.987946 -4.997670
vt 28.987946 -3.998094
vt 28.987946 -2.998517
vt 28.987946 -1.998937
vt 28.987946 -0.999360
vt 28.987946 0.000216
vt 28.987946 0.999793
vt 28.987951 1.999370
vt 28.987951 2.998947
vt 28.987946 3.998524
vt 28.987946 4.998100
vt 28.987946 5.997678
vt 28.987946 6.997254
vt 28.987940 7.996831
vt 28.987946 8.996408
vt 28.987946 9.995985
vt 28.987951 10.995562
vt 28.987951 11.995139
vt 28.987946 12.994716
vt 28.987946 13.994292
vt 28.987946 14.993870
vt 28.987946 15.993446
vt 28.987946 16.993023
vt 28.987946 17.992599
vt 28.987946 18.992176
vt 28.987946 19.991755
vt 28.987946 20.991331
vt 28.987946 21.990908
vt 28.987951 22.990486
vt 28.987946 23.990061
vt 28.987946 24.989637
vt 28.987946 25.989216
vt 28.987946 26.988792
vt 28.987946 27.988369
vt 28.987951 28.987946
vt 28.987951 29.987522
vt 28.987951 30.987099
vt 28.987951 31.986675
vt 28.987951 32.986252
vt 28.987951 33.985828
vt 28.987955 34.985413
vt 28.987955 35.984993
vt 28.987955 36.984570
vt 28.987955 37.984146
vt 28.987955 38.983723
vt 29.987522 -39.982887
vt 29.987522 -38.983311
vt 29.987522 -37.983734
vt 29.987518 -36.984154
vt 29.987513 -35.984577
vt 29.987513 -34.985001
vt 29.987513 -33.985424
vt 29.987518 -32.985844
vt 29.987518 -31.986267
vt 29.987518 -30.986691
vt 29.987518 -29.987114
vt 29.987518 -28.987537
vt 29.987518 -27.987961
vt 29.987518 -26.988382
vt 29.987518 -25.988806
vt 29.987518 -24.989227
vt 29.987518 -23.989647
vt 29.987518 -22.990070
vt 29.987518 -21.990494
vt 29.987518 -20.990917
vt 29.987518 -19.991341
vt 29.987522 -18.991760
vt 29.987522 -17.992182
vt 29.987522 -16.992605
vt 29.987528 -15.993026
vt 29.987528 -14.993448
vt 29.987528 -13.993872
vt 29.987528 -12.994292
vt 29.987528 -11.994716
vt 29.987528 -10.995139
vt 29.987528 -9.995560
vt 29.987528 -8.995983
vt 29.987532 -7.996403
vt 29.987532 -6.996827
vt 29.987532 -5.997247
vt 29.987532 -4.997670
vt 29.987532 -3.998094
vt 29.987532 -2.998517
vt 29.987532 -1.998937
vt 29.987532 -0.999360
vt 29.987528 0.000216
vt 29.987528 0.999793
vt 29.987532 1.999370
vt 29.987532 2.998947
vt 29.987532 3.998524
vt 29.987532 4.998100
vt 29.987532 5.997678
vt 29.987532 6.997254
vt 29.987528 7.996831
vt 29.987528 8.996408
vt 29.987528 9.995985
vt 29.987528 10.995562
vt 29.987522 11.995139
vt 29.987522 12.994716
vt 29.987522 13.994292
vt 29.987528 14.993870
vt 29.987522 15.993446
vt 29.987522 16.993023
vt 29.987522 17.992599
vt 29.987522 18.992176
vt 29.987522 19.991755
vt 29.987522 20.991331
vt 29.987522 21.990908
vt 29.987522 22.990486
vt 29.987522 23.990061
vt 29.987522 24.989637
vt 29.987522 25.989216
vt 29.987528 26.988792
vt 29.987528 27.988369
vt 29.987532 28.987946
vt 29.987537 29.987522
vt 29.987532 30.987099
vt 29.987532 31.986675
vt 29.987532 32.986252
vt 29.987532 33.985828
vt 29.987532 34.985413
vt 29.987532 35.984993
vt 29.987537 36.984570
vt 29.987537 37.984146
vt 29.987532 38.983723
vt 30.987099 -39.982887
vt 30.987099 -38.983311
vt 30.987099 -37.983734
vt 30.987099 -36.984154
vt 30.987099 -35.984577
vt 30.987099 -34.985001
vt 30.987095 -33.985424
vt 30.987095 -32.985844
vt 30.987095 -31.986267
vt 30.987095 -30.986691
vt 30.987095 -29.987114
vt 30.987095 -28.987537
vt 30.987095 -27.987961
vt 30.987095 -26.988382
vt 30.987095 -25.988806
vt 30.987095 -24.989227
vt 30.987099 -23.989647
vt 30.987099 -22.990070
vt 30.987104 -21.990494
vt 30.987104 -20.990917
vt 30.987104 -19.991341
vt 30.987104 -18.991760
vt 30.987104 -17.992182
vt 30.987099 -16.992605
vt 30.987099 -15.993026
vt 30.987099 -14.993448
vt 30.987099 -13.993872
vt 30.987099 -12.994292
vt 30.987099 -11.994716
vt 30.987099 -10.995139
vt 30.987099 -9.995560
vt 30.987099 -8.995983
vt 30.987099 -7.996403
vt 30.987104 -6.996827
vt 30.987104 -5.997247
vt 30.987104 -4.997670
vt 30.987104 -3.998094
vt 30.987104 -2.998517
vt 30.987104 -1.998937
vt 30.987104 -0.999360
vt 30.987104 0.000216
vt 30.987108 0.999793
vt 30.987114 1.999370
vt 30.987114 2.998947
vt 30.987114 3.998524
vt 30.987114 4.998100
vt 30.987114 5.997678
vt 30.987114 6.997254
vt 30.987108 7.996831
vt 30.987108 8.996408
vt 30.987108 9.995985
vt 30.987114 10.995562
vt 30.987114 11.995139
vt 30.987114 12.994716
vt 30.987118 13.994292
vt 30.987118 14.993870
vt 30.987118 15.993446
vt 30.987114 16.993023
vt 30.987114 17.992599
vt 30.987114 18.992176
vt 30.987108 19.991755
vt 30.987114 20.991331
vt 30.987114 21.990908
vt 30.987118 22.990486
vt 30.987118 23.990061
vt 30.987118 24.989637
vt 30.987118 25.989216
vt 30.987118 26.988792
vt 30.987114 27.988369
vt 30.987114 28.987946
vt 30.987114 29.987522
vt 30.987114 30.987099
vt 30.987108 31.986675
vt 30.987108 32.986252
vt 30.987108 33.985828
vt 30.987114 34.985413
vt 30.987108 35.984993
vt 30.987108 36.984570
vt 30.987114 37.984146
vt 30.987108 38.983723
vt 31.986675 -39.982887
vt 31.986675 -38.983311
vt 31.986681 -37.983734
vt 31.986681 -36.984154
vt 31.986675 -35.984577
vt 31.986675 -34.985001
vt 31.986675 -33.985424
vt 31.986675 -32.985844
vt 31.986675 -31.986267
vt 31.986675 -30.986691
vt 31.986675 -29.987114
vt 31.986671 -28.987537
vt 31.986671 -27.987961
vt 31.986675 -26.988382
vt 31.986675 -25.988806
vt 31.986675 -24.989227
vt 31.986675 -23.989647
vt 31.986675 -22.990070
vt 31.986675 -21.990494
vt 31.986675 -20.990917
vt 31.986681 -19.991341
vt 31.986687 -18.991760
vt 31.986687 -17.992182
vt 31.986687 -16.992605
vt 31.986687 -15.993026
vt 31.986687 -14.993448
vt 31.986687 -13.993872
vt 31.986687 -12.994292
vt 31.986687 -11.994716
vt 31.986687 -10.995139
vt 31.986687 -9.995560
vt 31.986687 -8.995983
vt 31.986691 -7.996403
vt 31.986696 -6.996827
vt 31.986696 -5.997247
vt 31.986696 -4.997670
vt 31.986696 -3.998094
vt 31.986696 -2.998517
vt 31.986700 -1.998937
vt 31.986700 -0.999360
vt 31.986696 0.000216
vt 31.986700 0.999793
vt 31.986700 1.999370
vt 31.986700 2.998947
vt 31.986696 3.998524
vt 31.986696 4.998100
vt 31.986696 5.997678
vt 31.986696 6.997254
vt 31.986696 7.996831
vt 31.986700 8.996408
vt 31.986700 9.995985
vt 31.986700 10.995562
vt 31.986700 11.995139
vt 31.986696 12.994716
vt 31.986696 13.994292
vt 31.986696 14.993870
vt 31.986696 15.993446
vt 31.986691 16.993023
vt 31.986687 17.992599
vt 31.986687 18.992176
vt 31.986681 19.991755
vt 31.986681 20.991331
vt 31.986681 21.990908
vt 31.986681 22.990486
vt 31.986675 23.990061
vt 31.986675 24.989637
vt 31.986681 25.989216
vt 31.986681 26.988792
vt 31.986681 27.988369
vt 31.986681 28.987946
vt 31.986687 29.987522
vt 31.986687 30.987099
vt 31.986687 31.986675
vt 31.986687 32.986252
vt 31.986687 33.985828
vt 31.986687 34.985413
vt 31.986687 35.984993
vt 31.986687 36.984570
vt 31.986687 37.984146
vt 31.986687 38.983723
vt 32.986252 -39.982887
vt 32.986252 -38.983311
vt 32.986259 -37.983734
vt 32.986259 -36.984154
vt 32.986259 -35.984577
vt 32.986259 -34.985001
vt 32.986259 -33.985424
vt 32.986259 -32.985844
vt 32.986259 -31.986267
vt 32.986259 -30.986691
vt 32.986259 -29.987114
vt 32.986259 -28.987537
vt 32.986259 -27.987961
vt 32.986259 -26.988382
vt 32.986259 -25.988806
vt 32.986259 -24.989227
vt 32.986259 -23.989647
vt 32.986259 -22.990070
vt 32.986259 -21.990494
vt 32.986259 -20.990917
vt 32.986259 -19.991341
vt 32.986259 -18.991760
vt 32.986259 -17.992182
vt 32.986259 -16.992605
vt 32.986259 -15.993026
vt 32.986259 -14.993448
vt 32.986259 -13.993872
vt 32.986259 -12.994292
vt 32.986259 -11.994716
vt 32.986259 -10.995139
vt 32.986259 -9.995560
vt 32.986259 -8.995983
vt 32.986259 -7.996403
vt 32.986263 -6.996827
vt 32.986263 -5.997247
vt 32.986267 -4.997670
vt 32.986267 -3.998094
vt 32.986267 -2.998517
vt 32.986267 -1.998937
vt 32.986267 -0.999360
vt 32.986267 0.000216
vt 32.986271 0.999793
vt 32.986271 1.999370
vt 32.986271 2.998947
vt 32.986271 3.998524
vt 32.986271 4.998100
vt 32.986271 5.997678
vt 32.986271 6.997254
vt 32.986271 7.996831
vt 32.986271 8.996408
vt 32.986271 9.995985
vt 32.986279 10.995562
vt 32.986279 11.995139
vt 32.986271 12.994716
vt 32.986271 13.994292
vt 32.986279 14.993870
vt 32.986271 15.993446
vt 32.986267 16.993023
vt 32.986267 17.992599
vt 32.986267 18.992176
vt 32.986267 19.991755
vt 32.986267 20.991331
vt 32.986263 21.990908
vt 32.986263 22.990486
vt 32.986263 23.990061
vt 32.986263 24.989637
vt 32.986263 25.989216
vt 32.986263 26.988792
vt 32.986263 27.988369
vt 32.986263 28.987946
vt 32.986263 29.987522
vt 32.986259 30.987099
vt 32.986259 31.986675
vt 32.986259 32.986252
vt 32.986259 33.985828
vt 32.986263 34.985413
vt 32.986263 35.984993
vt 32.986263 36.984570
vt 32.986263 37.984146
vt 32.986263 38.983723
vt 33.985828 -39.982887
vt 33.985828 -38.983311
vt 33.985836 -37.983734
vt 33.985836 -36.984154
vt 33.985828 -35.984577
vt 33.985828 -34.985001
vt 33.985825 -33.985424
vt 33.985825 -32.985844
vt 33.985825 -31.986267
vt 33.985825 -30.986691
vt 33.985825 -29.987114
vt 33.985825 -28.987537
vt 33.985825 -27.987961
vt 33.985825 -26.988382
vt 33.985825 -25.988806
vt 33.985825 -24.989227
vt 33.985825 -23.989647
vt 33.985825 -22.990070
vt 33.985825 -21.990494
vt 33.985825 -20.990917
vt 33.985825 -19.991341
vt 33.985825 -18.991760
vt 33.985828 -17.992182
vt 33.985825 -16.992605
vt 33.985825 -15.993026
vt 33.985828 -14.993448
vt 33.985828 -13.993872
vt 33.985836 -12.994292
vt 33.985840 -11.994716
vt 33.985840 -10.995139
vt 33.985836 -9.995560
vt 33.985836 -8.995983
vt 33.985840 -7.996403
vt 33.985840 -6.996827
vt 33.985840 -5.997247
vt 33.985840 -4.997670
vt 33.985840 -3.998094
vt 33.985840 -2.998517
vt 33.985840 -1.998937
vt 33.985840 -0.999360
vt 33.985840 0.000216
vt 33.985840 0.999793
vt 33.985840 1.999370
vt 33.985844 2.998947
vt 33.985844 3.998524
vt 33.985844 4.998100
vt 33.985844 5.997678
vt 33.985844 6.997254
vt 33.985844 7.996831
vt 33.985847 8.996408
vt 33.985847 9.995985
vt 33.985847 10.995562
vt 33.985844 11.995139
vt 33.985844 12.994716
vt 33.985847 13.994292
vt 33.985847 14.993870
vt 33.985847 15.993446
vt 33.985844 16.993023
vt 33.985844 17.992599
vt 33.985844 18.992176
vt 33.985844 19.991755
vt 33.985844 20.991331
vt 33.985844 21.990908
vt 33.985847 22.990486
vt 33.985847 23.990061
vt 33.985847 24.989637
vt 33.985847 25.989216
vt 33.985847 26.988792
vt 33.985847 27.988369
vt 33.985847 28.987946
vt 33.985847 29.987522
vt 33.985847 30.987099
vt 33.985844 31.986675
vt 33.985844 32.986252
vt 33.985844 33.985828
vt 33.985844 34.985413
vt 33.985840 35.984993
vt 33.985844 36.984570
vt 33.985844 37.984146
vt 33.985840 38.983723
vt 34.985413 -39.982887
vt 34.985413 -38.983311
vt 34.985413 -37.983734
vt 34.985413 -36.984154
vt 34.985413 -35.984577
vt 34.985413 -34.985001
vt 34.985413 -33.985424
vt 34.985413 -32.985844
vt 34.985413 -31.986267
vt 34.985413 -30.986691
vt 34.985413 -29.987114
vt 34.985413 -28.987537
vt 34.985413 -27.987961
vt 34.985413 -26.988382
vt 34.985413 -25.988806
vt 34.985416 -24.989227
vt 34.985420 -23.989647
vt 34.985420 -22.990070
vt 34.985420 -21.990494
vt 34.985420 -20.990917
vt 34.985420 -19.991341
vt 34.985420 -18.991760
vt 34.985428 -17.992182
vt 34.985428 -16.992605
vt 34.985428 -15.993026
vt 34.985428 -14.993448
vt 34.985428 -13.993872
vt 34.985432 -12.994292
vt 34.985432 -11.994716
vt 34.985432 -10.995139
vt 34.985432 -9.995560
vt 34.985432 -8.995983
vt 34.985432 -7.996403
vt 34.985432 -6.996827
vt 34.985435 -5.997247
vt 34.985435 -4.997670
vt 34.985435 -3.998094
vt 34.985435 -2.998517
vt 34.985435 -1.998937
vt 34.985435 -0.999360
vt 34.985432 0.000216
vt 34.985432 0.999793
vt 34.985432 1.999370
vt 34.985432 2.998947
vt 34.985432 3.998524
vt 34.985432 4.998100
vt 34.985432 5.997678
vt 34.985432 6.997254
vt 34.985432 7.996831
vt 34.985432 8.996408
vt 34.985432 9.995985
vt 34.985435 10.995562
vt 34.985432 11.995139
vt 34.985432 12.994716
vt 34.985432 13.994292
vt 34.985432 14.993870
vt 34.985428 15.993446
vt 34.985420 16.993023
vt 34.985420 17.992599
vt 34.985420 18.992176
vt 34.985420 19.991755
vt 34.985420 20.991331
vt 34.985420 21.990908
vt 34.985420 22.990486
vt 34.985416 23.990061
vt 34.985416 24.989637
vt 34.985416 25.989216
vt 34.985420 26.988792
vt 34.985416 27.988369
vt 34.985416 28.987946
vt 34.985416 29.987522
vt 34.985416 30.987099
vt 34.985416 31.986675
vt 34.985416 32.986252
vt 34.985416 33.985828
vt 34.985416 34.985413
vt 34.985416 35.984993
vt 34.985420 36.984570
vt 34.985420 37.984146
vt 34.985416 38.983723
vt 35.984993 -39.982887
vt 35.984997 -38.983311
vt 35.984997 -37.983734
vt 35.984997 -36.984154
vt 35.984993 -35.984577
vt 35.984993 -34.985001
vt 35.984993 -33.985424
vt 35.984993 -32.985844
vt 35.984993 -31.986267
vt 35.984993 -30.986691
vt 35.984993 -29.987114
vt 35.984989 -28.987537
vt 35.984989 -27.987961
vt 35.984989 -26.988382
vt 35.984989 -25.988806
vt 35.984989 -24.989227
vt 35.984989 -23.989647
vt 35.984989 -22.990070
vt 35.984989 -21.990494
vt 35.984989 -20.990917
vt 35.984993 -19.991341
vt 35.984997 -18.991760
vt 35.985004 -17.992182
vt 35.985004 -16.992605
vt 35.985008 -15.993026
vt 35.985008 -14.993448
vt 35.985008 -13.993872
vt 35.985012 -12.994292
vt 35.985012 -11.994716
vt 35.985012 -10.995139
vt 35.985012 -9.995560
vt 35.985012 -8.995983
vt 35.985016 -7.996403
vt 35.985016 -6.996827
vt 35.985023 -5.997247
vt 35.985023 -4.997670
vt 35.985023 -3.998094
vt 35.985023 -2.998517
vt 35.985023 -1.998937
vt 35.985016 -0.999360
vt 35.985016 0.000216
vt 35.985016 0.999793
vt 35.985023 1.999370
vt 35.985023 2.998947
vt 35.985016 3.998524
vt 35.985016 4.998100
vt 35.985012 5.997678
vt 35.985012 6.997254
vt 35.985012 7.996831
vt 35.985016 8.996408
vt 35.985016 9.995985
vt 35.985016 10.995562
vt 35.985012 11.995139
vt 35.985008 12.994716
vt 35.985012 13.994292
vt 35.985016 14.993870
vt 35.985016 15.993446
vt 35.985012 16.993023
vt 35.985008 17.992599
vt 35.985008 18.992176
vt 35.985008 19.991755
vt 35.985008 20.991331
vt 35.985004 21.990908
vt 35.985004 22.990486
vt 35.985004 23.990061
vt 35.985004 24.989637
vt 35.985004 25.989216
vt 35.985004 26.988792
vt 35.985004 27.988369
vt 35.985004 28.987946
vt 35.985004 29.987522
vt 35.984997 30.987099
vt 35.984993 31.986675
vt 35.984993 32.986252
vt 35.984993 33.985828
vt 35.984993 34.985413
vt 35.984993 35.984993
vt 35.984993 36.984570
vt 35.984993 37.984146
vt 35.984993 38.983723
vt 36.984570 -39.982887
vt 36.984570 -38.983311
vt 36.984570 -37.983734
vt 36.984566 -36.984154
vt 36.984566 -35.984577
vt 36.984566 -34.985001
vt 36.984562 -33.985424
vt 36.984562 -32.985844
vt 36.984562 -31.986267
vt 36.984554 -30.986691
vt 36.984554 -29.987114
vt 36.984554 -28.987537
vt 36.984554 -27.987961
vt 36.984554 -26.988382
vt 36.984554 -25.988806
vt 36.984554 -24.989227
vt 36.984554 -23.989647
vt 36.984554 -22.990070
vt 36.984554 -21.990494
vt 36.984554 -20.990917
vt 36.984554 -19.991341
vt 36.984554 -18.991760
vt 36.984554 -17.992182
vt 36.984554 -16.992605
vt 36.984562 -15.993026
vt 36.984562 -14.993448
vt 36.984562 -13.993872
vt 36.984566 -12.994292
vt 36.984570 -11.994716
vt 36.984570 -10.995139
vt 36.984570 -9.995560
vt 36.984570 -8.995983
vt 36.984570 -7.996403
vt 36.984570 -6.996827
vt 36.984573 -5.997247
vt 36.984573 -4.997670
vt 36.984573 -3.998094
vt 36.984573 -2.998517
vt 36.984581 -1.998937
vt 36.984581 -0.999360
vt 36.984573 0.000216
vt 36.984573 0.999793
vt 36.984581 1.999370
vt 36.984581 2.998947
vt 36.984581 3.998524
vt 36.984581 4.998100
vt 36.984581 5.997678
vt 36.984581 6.997254
vt 36.984581 7.996831
vt 36.984581 8.996408
vt 36.984581 9.995985
vt 36.984585 10.995562
vt 36.984585 11.995139
vt 36.984585 12.994716
vt 36.984585 13.994292
vt 36.984585 14.993870
vt 36.984585 15.993446
vt 36.984581 16.993023
vt 36.984581 17.992599
vt 36.984581 18.992176
vt 36.984573 19.991755
vt 36.984573 20.991331
vt 36.984573 21.990908
vt 36.984581 22.990486
vt 36.984581 23.990061
vt 36.984581 24.989637
vt 36.984581 25.989216
vt 36.984581 26.988792
vt 36.984581 27.988369
vt 36.984581 28.987946
vt 36.984581 29.987522
vt 36.984581 30.987099
vt 36.984573 31.986675
vt 36.984573 32.986252
vt 36.984573 33.985828
vt 36.984581 34.985413
vt 36.984581 35.984993
vt 36.984581 36.984570
vt 36.984581 37.984146
vt 36.984573 38.983723
vt 37.984146 -39.982887
vt 37.984146 -38.983311
vt 37.984146 -37.983734
vt 37.984146 -36.984154
vt 37.984142 -35.984577
vt 37.984142 -34.985001
vt 37.984142 -33.985424
vt 37.984142 -32.985844
vt 37.984142 -31.986267
vt 37.984142 -30.986691
vt 37.984142 -29.987114
vt 37.984142 -28.987537
vt 37.984142 -27.987961
vt 37.984146 -26.988382
vt 37.984146 -25.988806
vt 37.984146 -24.989227
vt 37.984146 -23.989647
vt 37.984146 -22.990070
vt 37.984146 -21.990494
vt 37.984146 -20.990917
vt 37.984146 -19.991341
vt 37.984150 -18.991760
vt 37.984150 -17.992182
vt 37.984150 -16.992605
vt 37.984150 -15.993026
vt 37.984150 -14.993448
vt 37.984150 -13.993872
vt 37.984158 -12.994292
vt 37.984158 -11.994716
vt 37.984158 -10.995139
vt 37.984158 -9.995560
vt 37.984158 -8.995983
vt 37.984161 -7.996403
vt 37.984161 -6.996827
vt 37.984161 -5.997247
vt 37.984161 -4.997670
vt 37.984161 -3.998094
vt 37.984161 -2.998517
vt 37.984161 -1.998937
vt 37.984161 -0.999360
vt 37.984161 0.000216
vt 37.984165 0.999793
vt 37.984165 1.999370
vt 37.984165 2.998947
vt 37.984165 3.998524
vt 37.984165 4.998100
vt 37.984161 5.997678
vt 37.984161 6.997254
vt 37.984161 7.996831
vt 37.984165 8.996408
vt 37.984165 9.995985
vt 37.984165 10.995562
vt 37.984165 11.995139
vt 37.984165 12.994716
vt 37.984165 13.994292
vt 37.984165 14.993870
vt 37.984161 15.993446
vt 37.984158 16.993023
vt 37.984158 17.992599
vt 37.984158 18.992176
vt 37.984150 19.991755
vt 37.984150 20.991331
vt 37.984150 21.990908
vt 37.984150 22.990486
vt 37.984150 23.990061
vt 37.984150 24.989637
vt 37.984150 25.989216
vt 37.984150 26.988792
vt 37.984146 27.988369
vt 37.984146 28.987946
vt 37.984150 29.987522
vt 37.984150 30.987099
vt 37.984150 31.986675
vt 37.984150 32.986252
vt 37.984150 33.985828
vt 37.984150 34.985413
vt 37.984150 35.984993
vt 37.984158 36.984570
vt 37.984158 37.984146
vt 37.984158 38.983723
vt 38.983723 -39.982887
vt 38.983723 -38.983311
vt 38.983723 -37.983734
vt 38.983723 -36.984154
vt 38.983723 -35.984577
vt 38.983723 -34.985001
vt 38.983723 -33.985424
vt 38.983723 -32.985844
vt 38.983723 -31.986267
vt 38.983723 -30.986691
vt 38.983723 -29.987114
vt 38.983723 -28.987537
vt 38.983723 -27.987961
vt 38.983723 -26.988382
vt 38.983723 -25.988806
vt 38.983723 -24.989227
vt 38.983730 -23.989647
vt 38.983730 -22.990070
vt 38.983730 -21.990494
vt 38.983730 -20.990917
vt 38.983730 -19.991341
vt 38.983730 -18.991760
vt 38.983730 -17.992182
vt 38.983723 -16.992605
vt 38.983723 -15.993026
vt 38.983730 -14.993448
vt 38.983730 -13.993872
vt 38.983730 -12.994292
vt 38.983730 -11.994716
vt 38.983730 -10.995139
vt 38.983723 -9.995560
vt 38.983723 -8.995983
vt 38.983723 -7.996403
vt 38.983723 -6.996827
vt 38.983723 -5.997247
vt 38.983723 -4.997670
vt 38.983730 -3.998094
vt 38.983730 -2.998517
vt 38.983734 -1.998937
vt 38.983734 -0.999360
vt 38.983730 0.000216
vt 38.983734 0.999793
vt 38.983734 1.999370
vt 38.983734 2.998947
vt 38.983730 3.998524
vt 38.983730 4.998100
vt 38.983730 5.997678
vt 38.983730 6.997254
vt 38.983730 7.996831
vt 38.983730 8.996408
vt 38.983730 9.995985
vt 38.983734 10.995562
vt 38.983730 11.995139
vt 38.983730 12.994716
vt 38.983734 13.994292
vt 38.983738 14.993870
vt 38.983738 15.993446
vt 38.983738 16.993023
vt 38.983734 17.992599
vt 38.983734 18.992176
vt 38.983734 19.991755
vt 38.983734 20.991331
vt 38.983734 21.990908
vt 38.983738 22.990486
vt 38.983738 23.990061
vt 38.983738 24.989637
vt 38.983738 25.989216
vt 38.983738 26.988792
vt 38.983734 27.988369
vt 38.983738 28.987946
vt 38.983738 29.987522
vt 38.983734 30.987099
vt 38.983730 31.986675
vt 38.983730 32.986252
vt 38.983734 33.985828
vt 38.983734 34.985413
vt 38.983734 35.984993
vt 38.983734 36.984570
vt 38.983734 37.984146
vt 38.983734 38.983723
vt 39.983307 -39.982887
vt 39.983307 -38.983311
vt 39.983307 -37.983734
vt 39.983307 -36.984154
vt 39.983299 -35.984577
vt 39.983299 -34.985001
vt 39.983299 -33.985424
vt 39.983307 -32.985844
vt 39.983307 -31.986267
vt 39.983307 -30.986691
vt 39.983307 -29.987114
vt 39.983307 -28.987537
vt 39.983307 -27.987961
vt 39.983307 -26.988382
vt 39.983307 -25.988806
vt 39.983307 -24.989227
vt 39.983307 -23.989647
vt 39.983307 -22.990070
vt 39.983307 -21.990494
vt 39.983307 -20.990917
vt 39.983311 -19.991341
vt 39.983315 -18.991760
vt 39.983315 -17.992182
vt 39.983315 -16.992605
vt 39.983315 -15.993026
vt 39.983315 -14.993448
vt 39.983315 -13.993872
vt 39.983315 -12.994292
vt 39.983318 -11.994716
vt 39.983318 -10.995139
vt 39.983318 -9.995560
vt 39.983318 -8.995983
vt 39.983318 -7.996403
vt 39.983318 -6.996827
vt 39.983318 -5.997247
vt 39.983318 -4.997670
vt 39.983318 -3.998094
vt 39.983318 -2.998517
vt 39.983318 -1.998937
vt 39.983318 -0.999360
vt 39.983318 0.000216
vt 39.983326 0.999793
vt 39.983326 1.999370
vt 39.983326 2.998947
vt 39.983326 3.998524
vt 39.983326 4.998100
vt 39.983318 5.997678
vt 39.983318 6.997254
vt 39.983318 7.996831
vt 39.983318 8.996408
vt 39.983318 9.995985
vt 39.983318 10.995562
vt 39.983315 11.995139
vt 39.983311 12.994716
vt 39.983311 13.994292
vt 39.983311 14.993870
vt 39.983307 15.993446
vt 39.983307 16.993023
vt 39.983299 17.992599
vt 39.983307 18.992176
vt 39.983307 19.991755
vt 39.983307 20.991331
vt 39.983299 21.990908
vt 39.983299 22.990486
vt 39.983299 23.990061
vt 39.983299 24.989637
vt 39.983307 25.989216
vt 39.983307 26.988792
vt 39.983307 27.988369
vt 39.983307 28.987946
vt 39.983311 29.987522
vt 39.983311 30.987099
vt 39.983311 31.986675
vt 39.983311 32.986252
vt 39.983311 33.985828
vt 39.983311 34.985413
vt 39.983311 35.984993
vt 39.983311 36.984570
vt 39.983311 37.984146
vt 39.983311 38.983723
vt 40.982887 -39.982887
vt 40.982887 -38.983311
vt 40.982887 -37.983734
vt 40.982887 -36.984154
vt 40.982887 -35.984577
vt 40.982887 -34.985001
vt 40.982887 -33.985424
vt 40.982887 -32.985844
vt 40.982887 -31.986267
vt 40.982887 -30.986691
vt 40.982887 -29.987114
vt 40.982887 -28.987537
vt 40.982887 -27.987961
vt 40.982887 -26.988382
vt 40.982887 -25.988806
vt 40.982887 -24.989227
vt 40.982887 -23.989647
vt 40.982887 -22.990070
vt 40.982887 -21.990494
vt 40.982887 -20.990917
vt 40.982887 -19.991341
vt 40.982887 -18.991760
vt 40.982887 -17.992182
vt 40.982887 -16.992605
vt 40.982887 -15.993026
vt 40.982887 -14.993448
vt 40.982887 -13.993872
vt 40.982887 -12.994292
vt 40.982887 -11.994716
vt 40.982887 -10.995139
vt 40.982887 -9.995560
vt 40.982887 -8.995983
vt 40.982887 -7.996403
vt 40.982887 -6.996827
vt 40.982887 -5.997247
vt 40.982887 -4.997670
vt 40.982887 -3.998094
vt 40.982887 -2.998517
vt 40.982887 -1.998937
vt 40.982887 -0.999360
vt 40.982887 0.000216
vt 40.982887 0.999793
vt 40.982887 1.999370
vt 40.982887 2.998947
vt 40.982887 3.998524
vt 40.982887 4.998100
vt 40.982887 5.997678
vt 40.982887 6.997254
vt 40.982887 7.996831
vt 40.982887 8.996408
vt 40.982887 9.995985
vt 40.982887 10.995562
vt 40.982887 11.995139
vt 40.982887 12.994716
vt 40.982887 13.994292
vt 40.982887 14.993870
vt 40.982887 15.993446
vt 40.982887 16.993023
vt 40.982887 17.992599
vt 40.982887 18.992176
vt 40.982887 19.991755
vt 40.982887 20.991331
vt 40.982887 21.990908
vt 40.982887 22.990486
vt 40.982887 23.990061
vt 40.982887 24.989637
vt 40.982887 25.989216
vt 40.982887 26.988792
vt 40.982887 27.988369
vt 40.982887 28.987946
vt 40.982887 29.987522
vt 40.982887 30.987099
vt 40.982887 31.986675
vt 40.982887 32.986252
vt 40.982887 33.985828
vt 40.982887 34.985413
vt 40.982887 35.984993
vt 40.982887 36.984570
vt 40.982887 37.984146
vt 40.982887 38.983723
s 1
usemtl Material.001
f 6724/1/3 244/2/3 4/3/3 245/4/3
f 5/5/3 404/6/310 324/7/240 3/8/3
f 404/6/310 484/9/385 323/10/239 324/7/240
f 484/9/385 564/11/461 322/12/238 323/10/239
f 564/11/461 644/13/537 321/14/237 322/12/238
f 644/13/537 724/15/612 320/16/236 321/14/237
f 724/15/612 804/17/687 319/18/235 320/16/236
f 804/17/687 884/19/762 318/20/234 319/18/235
f 884/19/762 964/21/835 317/22/233 318/20/234
f 964/21/835 1044/23/906 316/24/232 317/22/233
f 1044/23/906 1124/25/975 315/26/231 316/24/232
f 1124/25/975 1204/27/1043 314/28/230 315/26/231
f 1204/27/1043 1284/29/1112 313/30/229 314/28/230
f 1284/29/1112 1364/31/1181 312/32/228 313/30/229
f 1364/31/1181 1444/33/1250 311/34/227 312/32/228
f 1444/33/1250 1524/35/1313 310/36/226 311/34/227
f 1524/35/1313 1604/37/1373 309/38/225 310/36/226
f 1604/37/1373 1684/39/1430 308/40/224 309/38/225
f 1684/39/1430 1764/41/1483 307/42/223 308/40/224
f 1764/41/1483 1844/43/1532 306/44/222 307/42/223
f 1844/43/1532 1924/45/1577 305/46/221 306/44/222
f 1924/45/1577 2004/47/1616 304/48/220 305/46/221
f 2004/47/1616 2084/49/1650 303/50/219 304/48/220
f 2084/49/1650 2164/51/1684 302/52/218 303/50/219
f 2164/51/1684 2244/53/1718 301/54/217 302/52/218
f 2244/53/1718 2324/55/1752 300/56/216 301/54/217
f 2324/55/1752 2404/57/1787 299/58/215 300/56/216
f 2404/57/1787 2484/59/1823 298/60/214 299/58/215
f 2484/59/1823 2564/61/1860 297/62/213 298/60/214
f 2564/61/1860 2644/63/1897 296/64/212 297/62/213
f 2644/63/1897 2724/65/1935 295/66/211 296/64/212
f 2724/65/1935 2804/67/1973 294/68/210 295/66/211
f 2804/67/1973 2884/69/2011 293/70/209 294/68/210
f 2884/69/2011 2964/71/2049 292/72/208 293/70/209
f 2964/71/2049 3044/73/2086 291/74/207 292/72/208
f 3044/73/2086 3124/75/2123 290/76/206 291/74/207
f 3124/75/2123 3204/77/2159 289/78/205 290/76/206
f 3204/77/2159 3284/79/2194 288/80/204 289/78/205
f 3284/79/2194 3364/81/2228 287/82/203 288/80/204
f 3364/81/2228 3444/83/2262 286/84/202 287/82/203
f 3444/83/2262 3524/85/2295 285/86/3 286/84/202
f 3524/85/2295 3604/87/2328 284/88/3 285/86/3
f 3604/87/2328 3684/89/3 283/90/3 284/88/3
f 3684/89/3 3764/91/3 282/92/3 283/90/3
f 3764/91/3 3844/93/3 281/94/3 282/92/3
f 3844/93/3 3924/95/3 280/96/3 281/94/3
f 3924/95/3 4004/97/3 279/98/3 280/96/3
f 4004/97/3 4084/99/3 278/100/3 279/98/3
f 4084/99/3 4164/101/3 277/102/3 278/100/3
f 4164/101/3 4244/103/3 276/104/3 277/102/3
f 4244/103/3 4324/105/3 275/106/3 276/104/3
f 4324/105/3 4404/107/3 274/108/3 275/106/3
f 4404/107/3 4484/109/2787 273/110/3 274/108/3
f 4484/109/2787 4564/111/2866 272/112/201 273/110/3
f 4564/111/2866 4644/113/2946 271/114/200 272/112/201
f 4644/113/2946 4724/115/3026 270/116/199 271/114/200
f 4724/115/3026 4804/117/3106 269/118/198 270/116/199
f 4804/117/3106 4884/119/3186 268/120/197 269/118/198
f 4884/119/3186 4964/121/3265 267/122/196 268/120/197
f 4964/121/3265 5044/123/3345 266/124/195 267/122/196
f 5044/123/3345 5124/125/3423 265/126/194 266/124/195
f 5124/125/3423 5204/127/3500 264/128/3 265/126/194
f 5204/127/3500 5284/129/3 263/130/3 264/128/3
f 5284/129/3 5364/131/3 262/132/3 263/130/3
f 5364/131/3 5444/133/3 261/134/3 262/132/3
f 5444/133/3 5524/135/3 260/136/3 261/134/3
f 5524/135/3 5604/137/3 259/138/3 260/136/3
f 5604/137/3 5684/139/3 258/140/3 259/138/3
f 5684/139/3 5764/141/3 257/142/3 258/140/3
f 5764/141/3 5844/143/3 256/144/3 257/142/3
f 5844/143/3 5924/145/3 255/146/3 256/144/3
f 5924/145/3 6004/147/3 254/148/3 255/146/3
f 6004/147/3 6084/149/3 253/150/3 254/148/3
f 6084/149/3 6164/151/3 252/152/3 253/150/3
f 6164/151/3 6244/153/3 251/154/3 252/152/3
f 6244/153/3 6324/155/3 250/156/3 251/154/3
f 6324/155/3 6404/157/3 249/158/3 250/156/3
f 6404/157/3 6484/159/3 248/160/3 249/158/3
f 6484/159/3 6564/161/3 247/162/3 248/160/3
f 6564/161/3 6644/163/3 246/164/3 247/162/3
f 6644/163/3 6724/1/3 245/4/3 246/164/3
f 1/165/1 85/166/69 325/167/241 84/168/68
f 84/168/68 325/167/241 326/169/242 83/170/67
f 83/170/67 326/169/242 327/171/243 82/172/66
f 82/172/66 327/171/243 328/173/244 81/174/65
f 81/174/65 328/173/244 329/175/245 80/176/64
f 80/176/64 329/175/245 330/177/246 79/178/63
f 79/178/63 330/177/246 331/179/247 78/180/62
f 78/180/62 331/179/247 332/181/248 77/182/61
f 77/182/61 332/181/248 333/183/249 76/184/60
f 76/184/60 333/183/249 334/185/250 75/186/59
f 75/186/59 334/185/250 335/187/251 74/188/58
f 74/188/58 335/187/251 336/189/252 73/190/57
f 73/190/57 336/189/252 337/191/253 72/192/56
f 72/192/56 337/191/253 338/193/254 71/194/55
f 71/194/55 338/193/254 339/195/255 70/196/54
f 70/196/54 339/195/255 340/197/256 69/198/53
f 69/198/53 340/197/256 341/199/257 68/200/52
f 68/200/52 341/199/257 342/201/258 67/202/51
f 67/202/51 342/201/258 343/203/259 66/204/50
f 66/204/50 343/203/259 344/205/260 65/206/49
f 65/206/49 344/205/260 345/207/261 64/208/48
f 64/208/48 345/207/261 346/209/262 63/210/47
f 63/210/47 346/209/262 347/211/263 62/212/46
f 62/212/46 347/211/263 348/213/264 61/214/45
f 61/214/45 348/213/264 349/215/265 60/216/44
f 60/216/44 349/215/265 350/217/266 59/218/43
f 59/218/43 350/217/266 351/219/267 58/220/42
f 58/220/42 351/219/267 352/221/268 57/222/41
f 57/222/41 352/221/268 353/223/269 56/224/40
f 56/224/40 353/223/269 354/225/270 55/226/39
f 55/226/39 354/225/270 355/227/271 54/228/38
f 54/228/38 355/227/271 356/229/272 53/230/37
f 53/230/37 356/229/272 357/231/273 52/232/36
f 52/232/36 357/231/273 358/233/274 51/234/35
f 51/234/35 358/233/274 359/235/275 50/236/34
f 50/236/34 359/235/275 360/237/276 49/238/33
f 49/238/33 360/237/276 361/239/277 48/240/32
f 48/240/32 361/239/277 362/241/278 47/242/31
f 47/242/31 362/241/278 363/243/279 46/244/30
f 46/244/30 363/243/279 364/245/280 45/246/29
f 45/246/29 364/245/280 365/247/281 44/248/28
f 44/248/28 365/247/281 366/249/282 43/250/27
f 43/250/27 366/249/282 367/251/283 42/252/26
f 42/252/26 367/251/283 368/253/284 41/254/25
f 41/254/25 368/253/284 369/255/285 40/256/24
f 40/256/24 369/255/285 370/257/286 39/258/23
f 39/258/23 370/257/286 371/259/287 38/260/22
f 38/260/22 371/259/287 372/261/288 37/262/21
f 37/262/21 372/261/288 373/263/289 36/264/20
f 36/264/20 373/263/289 374/265/290 35/266/19
f 35/266/19 374/265/290 375/267/291 34/268/18
f 34/268/18 375/267/291 376/269/292 33/270/17
f 33/270/17 376/269/292 377/271/293 32/272/3
f 32/272/3 377/271/293 378/273/3 31/274/3
f 31/274/3 378/273/3 379/275/3 30/276/3
f 30/276/3 379/275/3 380/277/3 29/278/3
f 29/278/3 380/277/3 381/279/3 28/280/3
f 28/280/3 381/279/3 382/281/3 27/282/3
f 27/282/3 382/281/3 383/283/294 26/284/3
f 26/284/3 383/283/294 384/285/295 25/286/16
f 25/286/16 384/285/295 385/287/296 24/288/15
f 24/288/15 385/287/296 386/289/297 23/290/14
f 23/290/14 386/289/297 387/291/298 22/292/13
f 22/292/13 387/291/298 388/293/299 21/294/12
f 21/294/12 388/293/299 389/295/300 20/296/11
f 20/296/11 389/295/300 390/297/301 19/298/10
f 19/298/10 390/297/301 391/299/302 18/300/9
f 18/300/9 391/299/302 392/301/303 17/302/8
f 17/302/8 392/301/303 393/303/304 16/304/7
f 16/304/7 393/303/304 394/305/305 15/306/6
f 15/306/6 394/305/305 395/307/306 14/308/5
f 14/308/5 395/307/306 396/309/307 13/310/4
f 13/310/4 396/309/307 397/311/308 12/312/3
f 12/312/3 397/311/308 398/313/3 11/314/3
f 11/314/3 398/313/3 399/315/3 10/316/3
f 10/316/3 399/315/3 400/317/3 9/318/3
f 9/318/3 400/317/3 401/319/3 8/320/3
f 8/320/3 401/319/3 402/321/3 7/322/3
f 7/322/3 402/321/3 403/323/309 6/324/3
f 6/324/3 403/323/309 404/6/310 5/5/3
f 85/166/69 86/325/70 405/326/311 325/167/241
f 325/167/241 405/326/311 406/327/312 326/169/242
f 326/169/242 406/327/312 407/328/313 327/171/243
f 327/171/243 407/328/313 408/329/314 328/173/244
f 328/173/244 408/329/314 409/330/315 329/175/245
f 329/175/245 409/330/315 410/331/316 330/177/246
f 330/177/246 410/331/316 411/332/317 331/179/247
f 331/179/247 411/332/317 412/333/318 332/181/248
f 332/181/248 412/333/318 413/334/319 333/183/249
f 333/183/249 413/334/319 414/335/320 334/185/250
f 334/185/250 414/335/320 415/336/321 335/187/251
f 335/187/251 415/336/321 416/337/322 336/189/252
f 336/189/252 416/337/322 417/338/323 337/191/253
f 337/191/253 417/338/323 418/339/324 338/193/254
f 338/193/254 418/339/324 419/340/325 339/195/255
f 339/195/255 419/340/325 420/341/326 340/197/256
f 340/197/256 420/341/326 421/342/327 341/199/257
f 341/199/257 421/342/327 422/343/328 342/201/258
f 342/201/258 422/343/328 423/344/329 343/203/259
f 343/203/259 423/344/329 424/345/330 344/205/260
f 344/205/260 424/345/330 425/346/331 345/207/261
f 345/207/261 425/346/331 426/347/332 346/209/262
f 346/209/262 426/347/332 427/348/333 347/211/263
f 347/211/263 427/348/333 428/349/334 348/213/264
f 348/213/264 428/349/334 429/350/335 349/215/265
f 349/215/265 429/350/335 430/351/336 350/217/266
f 350/217/266 430/351/336 431/352/337 351/219/267
f 351/219/267 431/352/337 432/353/338 352/221/268
f 352/221/268 432/353/338 433/354/339 353/223/269
f 353/223/269 433/354/339 434/355/340 354/225/270
f 354/225/270 434/355/340 435/356/341 355/227/271
f 355/227/271 435/356/341 436/357/342 356/229/272
f 356/229/272 436/357/342 437/358/343 357/231/273
f 357/231/273 437/358/343 438/359/344 358/233/274
f 358/233/274 438/359/344 439/360/345 359/235/275
f 359/235/275 439/360/345 440/361/346 360/237/276
f 360/237/276 440/361/346 441/362/347 361/239/277
f 361/239/277 441/362/347 442/363/348 362/241/278
f 362/241/278 442/363/348 443/364/349 363/243/279
f 363/243/279 443/364/349 444/365/350 364/245/280
f 364/245/280 444/365/350 445/366/351 365/247/281
f 365/247/281 445/366/351 446/367/352 366/249/282
f 366/249/282 446/367/352 447/368/353 367/251/283
f 367/251/283 447/368/353 448/369/354 368/253/284
f 368/253/284 448/369/354 449/370/355 369/255/285
f 369/255/285 449/370/355 450/371/356 370/257/286
f 370/257/286 450/371/356 451/372/357 371/259/287
f 371/259/287 451/372/357 452/373/358 372/261/288
f 372/261/288 452/373/358 453/374/359 373/263/289
f 373/263/289 453/374/359 454/375/360 374/265/290
f 374/265/290 454/375/360 455/376/361 375/267/291
f 375/267/291 455/376/361 456/377/362 376/269/292
f 376/269/292 456/377/362 457/378/363 377/271/293
f 377/271/293 457/378/363 458/379/3 378/273/3
f 378/273/3 458/379/3 459/380/3 379/275/3
f 379/275/3 459/380/3 460/381/3 380/277/3
f 380/277/3 460/381/3 461/382/3 381/279/3
f 381/279/3 461/382/3 462/383/3 382/281/3
f 382/281/3 462/383/3 463/384/364 383/283/294
f 383/283/294 463/384/364 464/385/365 384/285/295
f 384/285/295 464/385/365 465/386/366 385/287/296
f 385/287/296 465/386/366 466/387/367 386/289/297
f 386/289/297 466/387/367 467/388/368 387/291/298
f 387/291/298 467/388/368 468/389/369 388/293/299
f 388/293/299 468/389/369 469/390/370 389/295/300
f 389/295/300 469/390/370 470/391/371 390/297/301
f 390/297/301 470/391/371 471/392/372 391/299/302
f 391/299/302 471/392/372 472/393/373 392/301/303
f 392/301/303 472/393/373 473/394/374 393/303/304
f 393/303/304 473/394/374 474/395/375 394/305/305
f 394/305/305 474/395/375 475/396/376 395/307/306
f 395/307/306 475/396/376 476/397/377 396/309/307
f 396/309/307 476/397/377 477/398/378 397/311/308
f 397/311/308 477/398/378 478/399/379 398/313/3
f 398/313/3 478/399/379 479/400/380 399/315/3
f 399/315/3 479/400/380 480/401/381 400/317/3
f 400/317/3 480/401/381 481/402/382 401/319/3
f 401/319/3 481/402/382 482/403/383 402/321/3
f 402/321/3 482/403/383 483/404/384 403/323/309
f 403/323/309 483/404/384 484/9/385 404/6/310
f 86/325/70 87/405/71 485/406/386 405/326/311
f 405/326/311 485/406/386 486/407/387 406/327/312
f 406/327/312 486/407/387 487/408/388 407/328/313
f 407/328/313 487/408/388 488/409/389 408/329/314
f 408/329/314 488/409/389 489/410/390 409/330/315
f 409/330/315 489/410/390 490/411/391 410/331/316
f 410/331/316 490/411/391 491/412/392 411/332/317
f 411/332/317 491/412/392 492/413/393 412/333/318
f 412/333/318 492/413/393 493/414/394 413/334/319
f 413/334/319 493/414/394 494/415/395 414/335/320
f 414/335/320 494/415/395 495/416/396 415/336/321
f 415/336/321 495/416/396 496/417/397 416/337/322
f 416/337/322 496/417/397 497/418/398 417/338/323
f 417/338/323 497/418/398 498/419/399 418/339/324
f 418/339/324 498/419/399 499/420/400 419/340/325
f 419/340/325 499/420/400 500/421/401 420/341/326
f 420/341/326 500/421/401 501/422/402 421/342/327
f 421/342/327 501/422/402 502/423/403 422/343/328
f 422/343/328 502/423/403 503/424/404 423/344/329
f 423/344/329 503/424/404 504/425/405 424/345/330
f 424/345/330 504/425/405 505/426/406 425/346/331
f 425/346/331 505/426/406 506/427/407 426/347/332
f 426/347/332 506/427/407 507/428/408 427/348/333
f 427/348/333 507/428/408 508/429/409 428/349/334
f 428/349/334 508/429/409 509/430/410 429/350/335
f 429/350/335 509/430/410 510/431/411 430/351/336
f 430/351/336 510/431/411 511/432/412 431/352/337
f 431/352/337 511/432/412 512/433/413 432/353/338
f 432/353/338 512/433/413 513/434/414 433/354/339
f 433/354/339 513/434/414 514/435/415 434/355/340
f 434/355/340 514/435/415 515/436/416 435/356/341
f 435/356/341 515/436/416 516/437/417 436/357/342
f 436/357/342 516/437/417 517/438/418 437/358/343
f 437/358/343 517/438/418 518/439/419 438/359/344
f 438/359/344 518/439/419 519/440/420 439/360/345
f 439/360/345 519/440/420 520/441/421 440/361/346
f 440/361/346 520/441/421 521/442/422 441/362/347
f 441/362/347 521/442/422 522/443/423 442/363/348
f 442/363/348 522/443/423 523/444/424 443/364/349
f 443/364/349 523/444/424 524/445/425 444/365/350
f 444/365/350 524/445/425 525/446/426 445/366/351
f 445/366/351 525/446/426 526/447/427 446/367/352
f 446/367/352 526/447/427 527/448/428 447/368/353
f 447/368/353 527/448/428 528/449/429 448/369/354
f 448/369/354 528/449/429 529/450/430 449/370/355
f 449/370/355 529/450/430 530/451/431 450/371/356
f 450/371/356 530/451/431 531/452/432 451/372/357
f 451/372/357 531/452/432 532/453/433 452/373/358
f 452/373/358 532/453/433 533/454/434 453/374/359
f 453/374/359 533/454/434 534/455/435 454/375/360
f 454/375/360 534/455/435 535/456/436 455/376/361
f 455/376/361 535/456/436 536/457/437 456/377/362
f 456/377/362 536/457/437 537/458/438 457/378/363
f 457/378/363 537/458/438 538/459/3 458/379/3
f 458/379/3 538/459/3 539/460/3 459/380/3
f 459/380/3 539/460/3 540/461/3 460/381/3
f 460/381/3 540/461/3 541/462/3 461/382/3
f 461/382/3 541/462/3 542/463/439 462/383/3
f 462/383/3 542/463/439 543/464/440 463/384/364
f 463/384/364 543/464/440 544/465/441 464/385/365
f 464/385/365 544/465/441 545/466/442 465/386/366
f 465/386/366 545/466/442 546/467/443 466/387/367
f 466/387/367 546/467/443 547/468/444 467/388/368
f 467/388/368 547/468/444 548/469/445 468/389/369
f 468/389/369 548/469/445 549/470/446 469/390/370
f 469/390/370 549/470/446 550/471/447 470/391/371
f 470/391/371 550/471/447 551/472/448 471/392/372
f 471/392/372 551/472/448 552/473/449 472/393/373
f 472/393/373 552/473/449 553/474/450 473/394/374
f 473/394/374 553/474/450 554/475/451 474/395/375
f 474/395/375 554/475/451 555/476/452 475/396/376
f 475/396/376 555/476/452 556/477/453 476/397/377
f 476/397/377 556/477/453 557/478/454 477/398/378
f 477/398/378 557/478/454 558/479/455 478/399/379
f 478/399/379 558/479/455 559/480/456 479/400/380
f 479/400/380 559/480/456 560/481/457 480/401/381
f 480/401/381 560/481/457 561/482/458 481/402/382
f 481/402/382 561/482/458 562/483/459 482/403/383
f 482/403/383 562/483/459 563/484/460 483/404/384
f 483/404/384 563/484/460 564/11/461 484/9/385
f 87/405/71 88/485/72 565/486/462 485/406/386
f 485/406/386 565/486/462 566/487/463 486/407/387
f 486/407/387 566/487/463 567/488/464 487/408/388
f 487/408/388 567/488/464 568/489/465 488/409/389
f 488/409/389 568/489/465 569/490/466 489/410/390
f 489/410/390 569/490/466 570/491/467 490/411/391
f 490/411/391 570/491/467 571/492/468 491/412/392
f 491/412/392 571/492/468 572/493/469 492/413/393
f 492/413/393 572/493/469 573/494/470 493/414/394
f 493/414/394 573/494/470 574/495/471 494/415/395
f 494/415/395 574/495/471 575/496/472 495/416/396
f 495/416/396 575/496/472 576/497/473 496/417/397
f 496/417/397 576/497/473 577/498/474 497/418/398
f 497/418/398 577/498/474 578/499/475 498/419/399
f 498/419/399 578/499/475 579/500/476 499/420/400
f 499/420/400 579/500/476 580/501/477 500/421/401
f 500/421/401 580/501/477 581/502/478 501/422/402
f 501/422/402 581/502/478 582/503/479 502/423/403
f 502/423/403 582/503/479 583/504/480 503/424/404
f 503/424/404 583/504/480 584/505/481 504/425/405
f 504/425/405 584/505/481 585/506/482 505/426/406
f 505/426/406 585/506/482 586/507/483 506/427/407
f 506/427/407 586/507/483 587/508/484 507/428/408
f 507/428/408 587/508/484 588/509/485 508/429/409
f 508/429/409 588/509/485 589/510/486 509/430/410
f 509/430/410 589/510/486 590/511/487 510/431/411
f 510/431/411 590/511/487 591/512/488 511/432/412
f 511/432/412 591/512/488 592/513/489 512/433/413
f 512/433/413 592/513/489 593/514/490 513/434/414
f 513/434/414 593/514/490 594/515/491 514/435/415
f 514/435/415 594/515/491 595/516/492 515/436/416
f 515/436/416 595/516/492 596/517/493 516/437/417
f 516/437/417 596/517/493 597/518/494 517/438/418
f 517/438/418 597/518/494 598/519/495 518/439/419
f 518/439/419 598/519/495 599/520/496 519/440/420
f 519/440/420 599/520/496 600/521/497 520/441/421
f 520/441/421 600/521/497 601/522/498 521/442/422
f 521/442/422 601/522/498 602/523/499 522/443/423
f 522/443/423 602/523/499 603/524/500 523/444/424
f 523/444/424 603/524/500 604/525/501 524/445/425
f 524/445/425 604/525/501 605/526/502 525/446/426
f 525/446/426 605/526/502 606/527/503 526/447/427
f 526/447/427 606/527/503 607/528/504 527/448/428
f 527/448/428 607/528/504 608/529/505 528/449/429
f 528/449/429 608/529/505 609/530/506 529/450/430
f 529/450/430 609/530/506 610/531/507 530/451/431
f 530/451/431 610/531/507 611/532/508 531/452/432
f 531/452/432 611/532/508 612/533/509 532/453/433
f 532/453/433 612/533/509 613/534/510 533/454/434
f 533/454/434 613/534/510 614/535/511 534/455/435
f 534/455/435 614/535/511 615/536/512 535/456/436
f 535/456/436 615/536/512 616/537/513 536/457/437
f 536/457/437 616/537/513 617/538/514 537/458/438
f 537/458/438 617/538/514 618/539/3 538/459/3
f 538/459/3 618/539/3 619/540/3 539/460/3
f 539/460/3 619/540/3 620/541/3 540/461/3
f 540/461/3 620/541/3 621/542/3 541/462/3
f 541/462/3 621/542/3 622/543/515 542/463/439
f 542/463/439 622/543/515 623/544/516 543/464/440
f 543/464/440 623/544/516 624/545/517 544/465/441
f 544/465/441 624/545/517 625/546/518 545/466/442
f 545/466/442 625/546/518 626/547/519 546/467/443
f 546/467/443 626/547/519 627/548/520 547/468/444
f 547/468/444 627/548/520 628/549/521 548/469/445
f 548/469/445 628/549/521 629/550/522 549/470/446
f 549/470/446 629/550/522 630/551/523 550/471/447
f 550/471/447 630/551/523 631/552/524 551/472/448
f 551/472/448 631/552/524 632/553/525 552/473/449
f 552/473/449 632/553/525 633/554/526 553/474/450
f 553/474/450 633/554/526 634/555/527 554/475/451
f 554/475/451 634/555/527 635/556/528 555/476/452
f 555/476/452 635/556/528 636/557/529 556/477/453
f 556/477/453 636/557/529 637/558/530 557/478/454
f 557/478/454 637/558/530 638/559/531 558/479/455
f 558/479/455 638/559/531 639/560/532 559/480/456
f 559/480/456 639/560/532 640/561/533 560/481/457
f 560/481/457 640/561/533 641/562/534 561/482/458
f 561/482/458 641/562/534 642/563/535 562/483/459
f 562/483/459 642/563/535 643/564/536 563/484/460
f 563/484/460 643/564/536 644/13/537 564/11/461
f 88/485/72 89/565/73 645/566/538 565/486/462
f 565/486/462 645/566/538 646/567/539 566/487/463
f 566/487/463 646/567/539 647/568/540 567/488/464
f 567/488/464 647/568/540 648/569/541 568/489/465
f 568/489/465 648/569/541 649/570/542 569/490/466
f 569/490/466 649/570/542 650/571/543 570/491/467
f 570/491/467 650/571/543 651/572/544 571/492/468
f 571/492/468 651/572/544 652/573/545 572/493/469
f 572/493/469 652/573/545 653/574/546 573/494/470
f 573/494/470 653/574/546 654/575/547 574/495/471
f 574/495/471 654/575/547 655/576/548 575/496/472
f 575/496/472 655/576/548 656/577/549 576/497/473
f 576/497/473 656/577/549 657/578/550 577/498/474
f 577/498/474 657/578/550 658/579/551 578/499/475
f 578/499/475 658/579/551 659/580/552 579/500/476
f 579/500/476 659/580/552 660/581/553 580/501/477
f 580/501/477 660/581/553 661/582/554 581/502/478
f 581/502/478 661/582/554 662/583/555 582/503/479
f 582/503/479 662/583/555 663/584/556 583/504/480
f 583/504/480 663/584/556 664/585/557 584/505/481
f 584/505/481 664/585/557 665/586/558 585/506/482
f 585/506/482 665/586/558 666/587/559 586/507/483
f 586/507/483 666/587/559 667/588/560 587/508/484
f 587/508/484 667/588/560 668/589/561 588/509/485
f 588/509/485 668/589/561 669/590/562 589/510/486
f 589/510/486 669/590/562 670/591/563 590/511/487
f 590/511/487 670/591/563 671/592/564 591/512/488
f 591/512/488 671/592/564 672/593/565 592/513/489
f 592/513/489 672/593/565 673/594/566 593/514/490
f 593/514/490 673/594/566 674/595/567 594/515/491
f 594/515/491 674/595/567 675/596/568 595/516/492
f 595/516/492 675/596/568 676/597/569 596/517/493
f 596/517/493 676/597/569 677/598/570 597/518/494
f 597/518/494 677/598/570 678/599/571 598/519/495
f 598/519/495 678/599/571 679/600/572 599/520/496
f 599/520/496 679/600/572 680/601/573 600/521/497
f 600/521/497 680/601/573 681/602/574 601/522/498
f 601/522/498 681/602/574 682/603/575 602/523/499
f 602/523/499 682/603/575 683/604/576 603/524/500
f 603/524/500 683/604/576 684/605/577 604/525/501
f 604/525/501 684/605/577 685/606/578 605/526/502
f 605/526/502 685/606/578 686/607/579 606/527/503
f 606/527/503 686/607/579 687/608/580 607/528/504
f 607/528/504 687/608/580 688/609/581 608/529/505
f 608/529/505 688/609/581 689/610/582 609/530/506
f 609/530/506 689/610/582 690/611/583 610/531/507
f 610/531/507 690/611/583 691/612/584 611/532/508
f 611/532/508 691/612/584 692/613/585 612/533/509
f 612/533/509 692/613/585 693/614/586 613/534/510
f 613/534/510 693/614/586 694/615/587 614/535/511
f 614/535/511 694/615/587 695/616/588 615/536/512
f 615/536/512 695/616/588 696/617/589 616/537/513
f 616/537/513 696/617/589 697/618/3 617/538/514
f 617/538/514 697/618/3 698/619/3 618/539/3
f 618/539/3 698/619/3 699/620/3 619/540/3
f 619/540/3 699/620/3 700/621/3 620/541/3
f 620/541/3 700/621/3 701/622/3 621/542/3
f 621/542/3 701/622/3 702/623/590 622/543/515
f 622/543/515 702/623/590 703/624/591 623/544/516
f 623/544/516 703/624/591 704/625/592 624/545/517
f 624/545/517 704/625/592 705/626/593 625/546/518
f 625/546/518 705/626/593 706/627/594 626/547/519
f 626/547/519 706/627/594 707/628/595 627/548/520
f 627/548/520 707/628/595 708/629/596 628/549/521
f 628/549/521 708/629/596 709/630/597 629/550/522
f 629/550/522 709/630/597 710/631/598 630/551/523
f 630/551/523 710/631/598 711/632/599 631/552/524
f 631/552/524 711/632/599 712/633/600 632/553/525
f 632/553/525 712/633/600 713/634/601 633/554/526
f 633/554/526 713/634/601 714/635/602 634/555/527
f 634/555/527 714/635/602 715/636/603 635/556/528
f 635/556/528 715/636/603 716/637/604 636/557/529
f 636/557/529 716/637/604 717/638/605 637/558/530
f 637/558/530 717/638/605 718/639/606 638/559/531
f 638/559/531 718/639/606 719/640/607 639/560/532
f 639/560/532 719/640/607 720/641/608 640/561/533
f 640/561/533 720/641/608 721/642/609 641/562/534
f 641/562/534 721/642/609 722/643/610 642/563/535
f 642/563/535 722/643/610 723/644/611 643/564/536
f 643/564/536 723/644/611 724/15/612 644/13/537
f 89/565/73 90/645/74 725/646/613 645/566/538
f 645/566/538 725/646/613 726/647/614 646/567/539
f 646/567/539 726/647/614 727/648/615 647/568/540
f 647/568/540 727/648/615 728/649/616 648/569/541
f 648/569/541 728/649/616 729/650/617 649/570/542
f 649/570/542 729/650/617 730/651/618 650/571/543
f 650/571/543 730/651/618 731/652/619 651/572/544
f 651/572/544 731/652/619 732/653/620 652/573/545
f 652/573/545 732/653/620 733/654/621 653/574/546
f 653/574/546 733/654/621 734/655/622 654/575/547
f 654/575/547 734/655/622 735/656/623 655/576/548
f 655/576/548 735/656/623 736/657/624 656/577/549
f 656/577/549 736/657/624 737/658/625 657/578/550
f 657/578/550 737/658/625 738/659/626 658/579/551
f 658/579/551 738/659/626 739/660/627 659/580/552
f 659/580/552 739/660/627 740/661/628 660/581/553
f 660/581/553 740/661/628 741/662/629 661/582/554
f 661/582/554 741/662/629 742/663/630 662/583/555
f 662/583/555 742/663/630 743/664/631 663/584/556
f 663/584/556 743/664/631 744/665/632 664/585/557
f 664/585/557 744/665/632 745/666/633 665/586/558
f 665/586/558 745/666/633 746/667/634 666/587/559
f 666/587/559 746/667/634 747/668/635 667/588/560
f 667/588/560 747/668/635 748/669/636 668/589/561
f 668/589/561 748/669/636 749/670/637 669/590/562
f 669/590/562 749/670/637 750/671/638 670/591/563
f 670/591/563 750/671/638 751/672/639 671/592/564
f 671/592/564 751/672/639 752/673/640 672/593/565
f 672/593/565 752/673/640 753/674/641 673/594/566
f 673/594/566 753/674/641 754/675/642 674/595/567
f 674/595/567 754/675/642 755/676/643 675/596/568
f 675/596/568 755/676/643 756/677/644 676/597/569
f 676/597/569 756/677/644 757/678/645 677/598/570
f 677/598/570 757/678/645 758/679/646 678/599/571
f 678/599/571 758/679/646 759/680/647 679/600/572
f 679/600/572 759/680/647 760/681/648 680/601/573
f 680/601/573 760/681/648 761/682/649 681/602/574
f 681/602/574 761/682/649 762/683/650 682/603/575
f 682/603/575 762/683/650 763/684/651 683/604/576
f 683/604/576 763/684/651 764/685/652 684/605/577
f 684/605/577 764/685/652 765/686/653 685/606/578
f 685/606/578 765/686/653 766/687/654 686/607/579
f 686/607/579 766/687/654 767/688/655 687/608/580
f 687/608/580 767/688/655 768/689/656 688/609/581
f 688/609/581 768/689/656 769/690/657 689/610/582
f 689/610/582 769/690/657 770/691/658 690/611/583
f 690/611/583 770/691/658 771/692/659 691/612/584
f 691/612/584 771/692/659 772/693/660 692/613/585
f 692/613/585 772/693/660 773/694/661 693/614/586
f 693/614/586 773/694/661 774/695/662 694/615/587
f 694/615/587 774/695/662 775/696/663 695/616/588
f 695/616/588 775/696/663 776/697/664 696/617/589
f 696/617/589 776/697/664 777/698/3 697/618/3
f 697/618/3 777/698/3 778/699/3 698/619/3
f 698/619/3 778/699/3 779/700/3 699/620/3
f 699/620/3 779/700/3 780/701/3 700/621/3
f 700/621/3 780/701/3 781/702/3 701/622/3
f 701/622/3 781/702/3 782/703/665 702/623/590
f 702/623/590 782/703/665 783/704/666 703/624/591
f 703/624/591 783/704/666 784/705/667 704/625/592
f 704/625/592 784/705/667 785/706/668 705/626/593
f 705/626/593 785/706/668 786/707/669 706/627/594
f 706/627/594 786/707/669 787/708/670 707/628/595
f 707/628/595 787/708/670 788/709/671 708/629/596
f 708/629/596 788/709/671 789/710/672 709/630/597
f 709/630/597 789/710/672 790/711/673 710/631/598
f 710/631/598 790/711/673 791/712/674 711/632/599
f 711/632/599 791/712/674 792/713/675 712/633/600
f 712/633/600 792/713/675 793/714/676 713/634/601
f 713/634/601 793/714/676 794/715/677 714/635/602
f 714/635/602 794/715/677 795/716/678 715/636/603
f 715/636/603 795/716/678 796/717/679 716/637/604
f 716/637/604 796/717/679 797/718/680 717/638/605
f 717/638/605 797/718/680 798/719/681 718/639/606
f 718/639/606 798/719/681 799/720/682 719/640/607
f 719/640/607 799/720/682 800/721/683 720/641/608
f 720/641/608 800/721/683 801/722/684 721/642/609
f 721/642/609 801/722/684 802/723/685 722/643/610
f 722/643/610 802/723/685 803/724/686 723/644/611
f 723/644/611 803/724/686 804/17/687 724/15/612
f 90/645/74 91/725/75 805/726/688 725/646/613
f 725/646/613 805/726/688 806/727/689 726/647/614
f 726/647/614 806/727/689 807/728/690 727/648/615
f 727/648/615 807/728/690 808/729/691 728/649/616
f 728/649/616 808/729/691 809/730/692 729/650/617
f 729/650/617 809/730/692 810/731/693 730/651/618
f 730/651/618 810/731/693 811/732/694 731/652/619
f 731/652/619 811/732/694 812/733/695 732/653/620
f 732/653/620 812/733/695 813/734/696 733/654/621
f 733/654/621 813/734/696 814/735/697 734/655/622
f 734/655/622 814/735/697 815/736/698 735/656/623
f 735/656/623 815/736/698 816/737/699 736/657/624
f 736/657/624 816/737/699 817/738/700 737/658/625
f 737/658/625 817/738/700 818/739/701 738/659/626
f 738/659/626 818/739/701 819/740/702 739/660/627
f 739/660/627 819/740/702 820/741/703 740/661/628
f 740/661/628 820/741/703 821/742/704 741/662/629
f 741/662/629 821/742/704 822/743/705 742/663/630
f 742/663/630 822/743/705 823/744/706 743/664/631
f 743/664/631 823/744/706 824/745/707 744/665/632
f 744/665/632 824/745/707 825/746/708 745/666/633
f 745/666/633 825/746/708 826/747/709 746/667/634
f 746/667/634 826/747/709 827/748/710 747/668/635
f 747/668/635 827/748/710 828/749/711 748/669/636
f 748/669/636 828/749/711 829/750/712 749/670/637
f 749/670/637 829/750/712 830/751/713 750/671/638
f 750/671/638 830/751/713 831/752/714 751/672/639
f 751/672/639 831/752/714 832/753/715 752/673/640
f 752/673/640 832/753/715 833/754/716 753/674/641
f 753/674/641 833/754/716 834/755/717 754/675/642
f 754/675/642 834/755/717 835/756/718 755/676/643
f 755/676/643 835/756/718 836/757/719 756/677/644
f 756/677/644 836/757/719 837/758/720 757/678/645
f 757/678/645 837/758/720 838/759/721 758/679/646
f 758/679/646 838/759/721 839/760/722 759/680/647
f 759/680/647 839/760/722 840/761/723 760/681/648
f 760/681/648 840/761/723 841/762/724 761/682/649
f 761/682/649 841/762/724 842/763/725 762/683/650
f 762/683/650 842/763/725 843/764/726 763/684/651
f 763/684/651 843/764/726 844/765/727 764/685/652
f 764/685/652 844/765/727 845/766/728 765/686/653
f 765/686/653 845/766/728 846/767/729 766/687/654
f 766/687/654 846/767/729 847/768/730 767/688/655
f 767/688/655 847/768/730 848/769/731 768/689/656
f 768/689/656 848/769/731 849/770/732 769/690/657
f 769/690/657 849/770/732 850/771/733 770/691/658
f 770/691/658 850/771/733 851/772/734 771/692/659
f 771/692/659 851/772/734 852/773/735 772/693/660
f 772/693/660 852/773/735 853/774/736 773/694/661
f 773/694/661 853/774/736 854/775/737 774/695/662
f 774/695/662 854/775/737 855/776/738 775/696/663
f 775/696/663 855/776/738 856/777/739 776/697/664
f 776/697/664 856/777/739 857/778/3 777/698/3
f 777/698/3 857/778/3 858/779/3 778/699/3
f 778/699/3 858/779/3 859/780/3 779/700/3
f 779/700/3 859/780/3 860/781/3 780/701/3
f 780/701/3 860/781/3 861/782/3 781/702/3
f 781/702/3 861/782/3 862/783/740 782/703/665
f 782/703/665 862/783/740 863/784/741 783/704/666
f 783/704/666 863/784/741 864/785/742 784/705/667
f 784/705/667 864/785/742 865/786/743 785/706/668
f 785/706/668 865/786/743 866/787/744 786/707/669
f 786/707/669 866/787/744 867/788/745 787/708/670
f 787/708/670 867/788/745 868/789/746 788/709/671
f 788/709/671 868/789/746 869/790/747 789/710/672
f 789/710/672 869/790/747 870/791/748 790/711/673
f 790/711/673 870/791/748 871/792/749 791/712/674
f 791/712/674 871/792/749 872/793/750 792/713/675
f 792/713/675 872/793/750 873/794/751 793/714/676
f 793/714/676 873/794/751 874/795/752 794/715/677
f 794/715/677 874/795/752 875/796/753 795/716/678
f 795/716/678 875/796/753 876/797/754 796/717/679
f 796/717/679 876/797/754 877/798/755 797/718/680
f 797/718/680 877/798/755 878/799/756 798/719/681
f 798/719/681 878/799/756 879/800/757 799/720/682
f 799/720/682 879/800/757 880/801/758 800/721/683
f 800/721/683 880/801/758 881/802/759 801/722/684
f 801/722/684 881/802/759 882/803/760 802/723/685
f 802/723/685 882/803/760 883/804/761 803/724/686
f 803/724/686 883/804/761 884/19/762 804/17/687
f 91/725/75 92/805/76 885/806/763 805/726/688
f 805/726/688 885/806/763 886/807/764 806/727/689
f 806/727/689 886/807/764 887/808/765 807/728/690
f 807/728/690 887/808/765 888/809/766 808/729/691
f 808/729/691 888/809/766 889/810/767 809/730/692
f 809/730/692 889/810/767 890/811/768 810/731/693
f 810/731/693 890/811/768 891/812/769 811/732/694
f 811/732/694 891/812/769 892/813/770 812/733/695
f 812/733/695 892/813/770 893/814/771 813/734/696
f 813/734/696 893/814/771 894/815/772 814/735/697
f 814/735/697 894/815/772 895/816/773 815/736/698
f 815/736/698 895/816/773 896/817/774 816/737/699
f 816/737/699 896/817/774 897/818/775 817/738/700
f 817/738/700 897/818/775 898/819/776 818/739/701
f 818/739/701 898/819/776 899/820/777 819/740/702
f 819/740/702 899/820/777 900/821/778 820/741/703
f 820/741/703 900/821/778 901/822/779 821/742/704
f 821/742/704 901/822/779 902/823/780 822/743/705
f 822/743/705 902/823/780 903/824/781 823/744/706
f 823/744/706 903/824/781 904/825/782 824/745/707
f 824/745/707 904/825/782 905/826/783 825/746/708
f 825/746/708 905/826/783 906/827/784 826/747/709
f 826/747/709 906/827/784 907/828/785 827/748/710
f 827/748/710 907/828/785 908/829/786 828/749/711
f 828/749/711 908/829/786 909/830/787 829/750/712
f 829/750/712 909/830/787 910/831/788 830/751/713
f 830/751/713 910/831/788 911/832/789 831/752/714
f 831/752/714 911/832/789 912/833/790 832/753/715
f 832/753/715 912/833/790 913/834/791 833/754/716
f 833/754/716 913/834/791 914/835/792 834/755/717
f 834/755/717 914/835/792 915/836/793 835/756/718
f 835/756/718 915/836/793 916/837/794 836/757/719
f 836/757/719 916/837/794 917/838/795 837/758/720
f 837/758/720 917/838/795 918/839/796 838/759/721
f 838/759/721 918/839/796 919/840/797 839/760/722
f 839/760/722 919/840/797 920/841/798 840/761/723
f 840/761/723 920/841/798 921/842/799 841/762/724
f 841/762/724 921/842/799 922/843/800 842/763/725
f 842/763/725 922/843/800 923/844/801 843/764/726
f 843/764/726 923/844/801 924/845/802 844/765/727
f 844/765/727 924/845/802 925/846/803 845/766/728
f 845/766/728 925/846/803 926/847/804 846/767/729
f 846/767/729 926/847/804 927/848/805 847/768/730
f 847/768/730 927/848/805 928/849/806 848/769/731
f 848/769/731 928/849/806 929/850/807 849/770/732
f 849/770/732 929/850/807 930/851/808 850/771/733
f 850/771/733 930/851/808 931/852/809 851/772/734
f 851/772/734 931/852/809 932/853/810 852/773/735
f 852/773/735 932/853/810 933/854/811 853/774/736
f 853/774/736 933/854/811 934/855/812 854/775/737
f 854/775/737 934/855/812 935/856/813 855/776/738
f 855/776/738 935/856/813 936/857/3 856/777/739
f 856/777/739 936/857/3 937/858/3 857/778/3
f 857/778/3 937/858/3 938/859/3 858/779/3
f 858/779/3 938/859/3 939/860/3 859/780/3
f 859/780/3 939/860/3 940/861/3 860/781/3
f 860/781/3 940/861/3 941/862/3 861/782/3
f 861/782/3 941/862/3 942/863/3 862/783/740
f 862/783/740 942/863/3 943/864/814 863/784/741
f 863/784/741 943/864/814 944/865/815 864/785/742
f 864/785/742 944/865/815 945/866/816 865/786/743
f 865/786/743 945/866/816 946/867/817 866/787/744
f 866/787/744 946/867/817 947/868/818 867/788/745
f 867/788/745 947/868/818 948/869/819 868/789/746
f 868/789/746 948/869/819 949/870/820 869/790/747
f 869/790/747 949/870/820 950/871/821 870/791/748
f 870/791/748 950/871/821 951/872/822 871/792/749
f 871/792/749 951/872/822 952/873/823 872/793/750
f 872/793/750 952/873/823 953/874/824 873/794/751
f 873/794/751 953/874/824 954/875/825 874/795/752
f 874/795/752 954/875/825 955/876/826 875/796/753
f 875/796/753 955/876/826 956/877/827 876/797/754
f 876/797/754 956/877/827 957/878/828 877/798/755
f 877/798/755 957/878/828 958/879/829 878/799/756
f 878/799/756 958/879/829 959/880/830 879/800/757
f 879/800/757 959/880/830 960/881/831 880/801/758
f 880/801/758 960/881/831 961/882/832 881/802/759
f 881/802/759 961/882/832 962/883/833 882/803/760
f 882/803/760 962/883/833 963/884/834 883/804/761
f 883/804/761 963/884/834 964/21/835 884/19/762
f 92/805/76 93/885/77 965/886/836 885/806/763
f 885/806/763 965/886/836 966/887/837 886/807/764
f 886/807/764 966/887/837 967/888/838 887/808/765
f 887/808/765 967/888/838 968/889/839 888/809/766
f 888/809/766 968/889/839 969/890/840 889/810/767
f 889/810/767 969/890/840 970/891/841 890/811/768
f 890/811/768 970/891/841 971/892/842 891/812/769
f 891/812/769 971/892/842 972/893/843 892/813/770
f 892/813/770 972/893/843 973/894/844 893/814/771
f 893/814/771 973/894/844 974/895/845 894/815/772
f 894/815/772 974/895/845 975/896/846 895/816/773
f 895/816/773 975/896/846 976/897/847 896/817/774
f 896/817/774 976/897/847 977/898/848 897/818/775
f 897/818/775 977/898/848 978/899/849 898/819/776
f 898/819/776 978/899/849 979/900/850 899/820/777
f 899/820/777 979/900/850 980/901/851 900/821/778
f 900/821/778 980/901/851 981/902/852 901/822/779
f 901/822/779 981/902/852 982/903/853 902/823/780
f 902/823/780 982/903/853 983/904/854 903/824/781
f 903/824/781 983/904/854 984/905/855 904/825/782
f 904/825/782 984/905/855 985/906/856 905/826/783
f 905/826/783 985/906/856 986/907/857 906/827/784
f 906/827/784 986/907/857 987/908/858 907/828/785
f 907/828/785 987/908/858 988/909/859 908/829/786
f 908/829/786 988/909/859 989/910/860 909/830/787
f 909/830/787 989/910/860 990/911/861 910/831/788
f 910/831/788 990/911/861 991/912/862 911/832/789
f 911/832/789 991/912/862 992/913/863 912/833/790
f 912/833/790 992/913/863 993/914/864 913/834/791
f 913/834/791 993/914/864 994/915/865 914/835/792
f 914/835/792 994/915/865 995/916/866 915/836/793
f 915/836/793 995/916/866 996/917/867 916/837/794
f 916/837/794 996/917/867 997/918/868 917/838/795
f 917/838/795 997/918/868 998/919/869 918/839/796
f 918/839/796 998/919/869 999/920/870 919/840/797
f 919/840/797 999/920/870 1000/921/871 920/841/798
f 920/841/798 1000/921/871 1001/922/872 921/842/799
f 921/842/799 1001/922/872 1002/923/873 922/843/800
f 922/843/800 1002/923/873 1003/924/874 923/844/801
f 923/844/801 1003/924/874 1004/925/875 924/845/802
f 924/845/802 1004/925/875 1005/926/876 925/846/803
f 925/846/803 1005/926/876 1006/927/877 926/847/804
f 926/847/804 1006/927/877 1007/928/878 927/848/805
f 927/848/805 1007/928/878 1008/929/879 928/849/806
f 928/849/806 1008/929/879 1009/930/880 929/850/807
f 929/850/807 1009/930/880 1010/931/881 930/851/808
f 930/851/808 1010/931/881 1011/932/882 931/852/809
f 931/852/809 1011/932/882 1012/933/883 932/853/810
f 932/853/810 1012/933/883 1013/934/884 933/854/811
f 933/854/811 1013/934/884 1014/935/193 934/855/812
f 934/855/812 1014/935/193 1015/936/3 935/856/813
f 935/856/813 1015/936/3 1016/937/3 936/857/3
f 936/857/3 1016/937/3 1017/938/3 937/858/3
f 937/858/3 1017/938/3 1018/939/3 938/859/3
f 938/859/3 1018/939/3 1019/940/3 939/860/3
f 939/860/3 1019/940/3 1020/941/3 940/861/3
f 940/861/3 1020/941/3 1021/942/3 941/862/3
f 941/862/3 1021/942/3 1022/943/3 942/863/3
f 942/863/3 1022/943/3 1023/944/885 943/864/814
f 943/864/814 1023/944/885 1024/945/886 944/865/815
f 944/865/815 1024/945/886 1025/946/887 945/866/816
f 945/866/816 1025/946/887 1026/947/888 946/867/817
f 946/867/817 1026/947/888 1027/948/889 947/868/818
f 947/868/818 1027/948/889 1028/949/890 948/869/819
f 948/869/819 1028/949/890 1029/950/891 949/870/820
f 949/870/820 1029/950/891 1030/951/892 950/871/821
f 950/871/821 1030/951/892 1031/952/893 951/872/822
f 951/872/822 1031/952/893 1032/953/894 952/873/823
f 952/873/823 1032/953/894 1033/954/895 953/874/824
f 953/874/824 1033/954/895 1034/955/896 954/875/825
f 954/875/825 1034/955/896 1035/956/897 955/876/826
f 955/876/826 1035/956/897 1036/957/898 956/877/827
f 956/877/827 1036/957/898 1037/958/899 957/878/828
f 957/878/828 1037/958/899 1038/959/900 958/879/829
f 958/879/829 1038/959/900 1039/960/901 959/880/830
f 959/880/830 1039/960/901 1040/961/902 960/881/831
f 960/881/831 1040/961/902 1041/962/903 961/882/832
f 961/882/832 1041/962/903 1042/963/904 962/883/833
f 962/883/833 1042/963/904 1043/964/905 963/884/834
f 963/884/834 1043/964/905 1044/23/906 964/21/835
f 93/885/77 94/965/78 1045/966/907 965/886/836
f 965/886/836 1045/966/907 1046/967/908 966/887/837
f 966/887/837 1046/967/908 1047/968/909 967/888/838
f 967/888/838 1047/968/909 1048/969/910 968/889/839
f 968/889/839 1048/969/910 1049/970/911 969/890/840
f 969/890/840 1049/970/911 1050/971/912 970/891/841
f 970/891/841 1050/971/912 1051/972/913 971/892/842
f 971/892/842 1051/972/913 1052/973/914 972/893/843
f 972/893/843 1052/973/914 1053/974/915 973/894/844
f 973/894/844 1053/974/915 1054/975/916 974/895/845
f 974/895/845 1054/975/916 1055/976/917 975/896/846
f 975/896/846 1055/976/917 1056/977/918 976/897/847
f 976/897/847 1056/977/918 1057/978/919 977/898/848
f 977/898/848 1057/978/919 1058/979/920 978/899/849
f 978/899/849 1058/979/920 1059/980/921 979/900/850
f 979/900/850 1059/980/921 1060/981/922 980/901/851
f 980/901/851 1060/981/922 1061/982/923 981/902/852
f 981/902/852 1061/982/923 1062/983/924 982/903/853
f 982/903/853 1062/983/924 1063/984/925 983/904/854
f 983/904/854 1063/984/925 1064/985/926 984/905/855
f 984/905/855 1064/985/926 1065/986/927 985/906/856
f 985/906/856 1065/986/927 1066/987/928 986/907/857
f 986/907/857 1066/987/928 1067/988/929 987/908/858
f 987/908/858 1067/988/929 1068/989/930 988/909/859
f 988/909/859 1068/989/930 1069/990/931 989/910/860
f 989/910/860 1069/990/931 1070/991/932 990/911/861
f 990/911/861 1070/991/932 1071/992/933 991/912/862
f 991/912/862 1071/992/933 1072/993/934 992/913/863
f 992/913/863 1072/993/934 1073/994/935 993/914/864
f 993/914/864 1073/994/935 1074/995/936 994/915/865
f 994/915/865 1074/995/936 1075/996/937 995/916/866
f 995/916/866 1075/996/937 1076/997/938 996/917/867
f 996/917/867 1076/997/938 1077/998/939 997/918/868
f 997/918/868 1077/998/939 1078/999/940 998/919/869
f 998/919/869 1078/999/940 1079/1000/941 999/920/870
f 999/920/870 1079/1000/941 1080/1001/942 1000/921/871
f 1000/921/871 1080/1001/942 1081/1002/943 1001/922/872
f 1001/922/872 1081/1002/943 1082/1003/944 1002/923/873
f 1002/923/873 1082/1003/944 1083/1004/945 1003/924/874
f 1003/924/874 1083/1004/945 1084/1005/946 1004/925/875
f 1004/925/875 1084/1005/946 1085/1006/947 1005/926/876
f 1005/926/876 1085/1006/947 1086/1007/948 1006/927/877
f 1006/927/877 1086/1007/948 1087/1008/949 1007/928/878
f 1007/928/878 1087/1008/949 1088/1009/950 1008/929/879
f 1008/929/879 1088/1009/950 1089/1010/951 1009/930/880
f 1009/930/880 1089/1010/951 1090/1011/952 1010/931/881
f 1010/931/881 1090/1011/952 1091/1012/953 1011/932/882
f 1011/932/882 1091/1012/953 1092/1013/954 1012/933/883
f 1012/933/883 1092/1013/954 1093/1014/3 1013/934/884
f 1013/934/884 1093/1014/3 1094/1015/3 1014/935/193
f 1014/935/193 1094/1015/3 1095/1016/3 1015/936/3
f 1015/936/3 1095/1016/3 1096/1017/3 1016/937/3
f 1016/937/3 1096/1017/3 1097/1018/3 1017/938/3
f 1017/938/3 1097/1018/3 1098/1019/3 1018/939/3
f 1018/939/3 1098/1019/3 1099/1020/3 1019/940/3
f 1019/940/3 1099/1020/3 1100/1021/3 1020/941/3
f 1020/941/3 1100/1021/3 1101/1022/3 1021/942/3
f 1021/942/3 1101/1022/3 1102/1023/3 1022/943/3
f 1022/943/3 1102/1023/3 1103/1024/163 1023/944/885
f 1023/944/885 1103/1024/163 1104/1025/955 1024/945/886
f 1024/945/886 1104/1025/955 1105/1026/956 1025/946/887
f 1025/946/887 1105/1026/956 1106/1027/957 1026/947/888
f 1026/947/888 1106/1027/957 1107/1028/958 1027/948/889
f 1027/948/889 1107/1028/958 1108/1029/959 1028/949/890
f 1028/949/890 1108/1029/959 1109/1030/960 1029/950/891
f 1029/950/891 1109/1030/960 1110/1031/961 1030/951/892
f 1030/951/892 1110/1031/961 1111/1032/962 1031/952/893
f 1031/952/893 1111/1032/962 1112/1033/963 1032/953/894
f 1032/953/894 1112/1033/963 1113/1034/964 1033/954/895
f 1033/954/895 1113/1034/964 1114/1035/965 1034/955/896
f 1034/955/896 1114/1035/965 1115/1036/966 1035/956/897
f 1035/956/897 1115/1036/966 1116/1037/967 1036/957/898
f 1036/957/898 1116/1037/967 1117/1038/968 1037/958/899
f 1037/958/899 1117/1038/968 1118/1039/969 1038/959/900
f 1038/959/900 1118/1039/969 1119/1040/970 1039/960/901
f 1039/960/901 1119/1040/970 1120/1041/971 1040/961/902
f 1040/961/902 1120/1041/971 1121/1042/972 1041/962/903
f 1041/962/903 1121/1042/972 1122/1043/973 1042/963/904
f 1042/963/904 1122/1043/973 1123/1044/974 1043/964/905
f 1043/964/905 1123/1044/974 1124/25/975 1044/23/906
f 94/965/78 95/1045/79 1125/1046/976 1045/966/907
f 1045/966/907 1125/1046/976 1126/1047/977 1046/967/908
f 1046/967/908 1126/1047/977 1127/1048/978 1047/968/909
f 1047/968/909 1127/1048/978 1128/1049/979 1048/969/910
f 1048/969/910 1128/1049/979 1129/1050/980 1049/970/911
f 1049/970/911 1129/1050/980 1130/1051/981 1050/971/912
f 1050/971/912 1130/1051/981 1131/1052/982 1051/972/913
f 1051/972/913 1131/1052/982 1132/1053/983 1052/973/914
f 1052/973/914 1132/1053/983 1133/1054/984 1053/974/915
f 1053/974/915 1133/1054/984 1134/1055/985 1054/975/916
f 1054/975/916 1134/1055/985 1135/1056/986 1055/976/917
f 1055/976/917 1135/1056/986 1136/1057/987 1056/977/918
f 1056/977/918 1136/1057/987 1137/1058/988 1057/978/919
f 1057/978/919 1137/1058/988 1138/1059/989 1058/979/920
f 1058/979/920 1138/1059/989 1139/1060/990 1059/980/921
f 1059/980/921 1139/1060/990 1140/1061/991 1060/981/922
f 1060/981/922 1140/1061/991 1141/1062/992 1061/982/923
f 1061/982/923 1141/1062/992 1142/1063/993 1062/983/924
f 1062/983/924 1142/1063/993 1143/1064/994 1063/984/925
f 1063/984/925 1143/1064/994 1144/1065/995 1064/985/926
f 1064/985/926 1144/1065/995 1145/1066/996 1065/986/927
f 1065/986/927 1145/1066/996 1146/1067/997 1066/987/928
f 1066/987/928 1146/1067/997 1147/1068/998 1067/988/929
f 1067/988/929 1147/1068/998 1148/1069/999 1068/989/930
f 1068/989/930 1148/1069/999 1149/1070/1000 1069/990/931
f 1069/990/931 1149/1070/1000 1150/1071/1001 1070/991/932
f 1070/991/932 1150/1071/1001 1151/1072/1002 1071/992/933
f 1071/992/933 1151/1072/1002 1152/1073/1003 1072/993/934
f 1072/993/934 1152/1073/1003 1153/1074/1004 1073/994/935
f 1073/994/935 1153/1074/1004 1154/1075/1005 1074/995/936
f 1074/995/936 1154/1075/1005 1155/1076/1006 1075/996/937
f 1075/996/937 1155/1076/1006 1156/1077/1007 1076/997/938
f 1076/997/938 1156/1077/1007 1157/1078/1008 1077/998/939
f 1077/998/939 1157/1078/1008 1158/1079/1009 1078/999/940
f 1078/999/940 1158/1079/1009 1159/1080/1010 1079/1000/941
f 1079/1000/941 1159/1080/1010 1160/1081/1011 1080/1001/942
f 1080/1001/942 1160/1081/1011 1161/1082/1012 1081/1002/943
f 1081/1002/943 1161/1082/1012 1162/1083/1013 1082/1003/944
f 1082/1003/944 1162/1083/1013 1163/1084/1014 1083/1004/945
f 1083/1004/945 1163/1084/1014 1164/1085/1015 1084/1005/946
f 1084/1005/946 1164/1085/1015 1165/1086/1016 1085/1006/947
f 1085/1006/947 1165/1086/1016 1166/1087/1017 1086/1007/948
f 1086/1007/948 1166/1087/1017 1167/1088/1018 1087/1008/949
f 1087/1008/949 1167/1088/1018 1168/1089/1019 1088/1009/950
f 1088/1009/950 1168/1089/1019 1169/1090/1020 1089/1010/951
f 1089/1010/951 1169/1090/1020 1170/1091/1021 1090/1011/952
f 1090/1011/952 1170/1091/1021 1171/1092/1022 1091/1012/953
f 1091/1012/953 1171/1092/1022 1172/1093/3 1092/1013/954
f 1092/1013/954 1172/1093/3 1173/1094/3 1093/1014/3
f 1093/1014/3 1173/1094/3 1174/1095/3 1094/1015/3
f 1094/1015/3 1174/1095/3 1175/1096/3 1095/1016/3
f 1095/1016/3 1175/1096/3 1176/1097/3 1096/1017/3
f 1096/1017/3 1176/1097/3 1177/1098/3 1097/1018/3
f 1097/1018/3 1177/1098/3 1178/1099/3 1098/1019/3
f 1098/1019/3 1178/1099/3 1179/1100/3 1099/1020/3
f 1099/1020/3 1179/1100/3 1180/1101/3 1100/1021/3
f 1100/1021/3 1180/1101/3 1181/1102/3 1101/1022/3
f 1101/1022/3 1181/1102/3 1182/1103/3 1102/1023/3
f 1102/1023/3 1182/1103/3 1183/1104/3 1103/1024/163
f 1103/1024/163 1183/1104/3 1184/1105/1023 1104/1025/955
f 1104/1025/955 1184/1105/1023 1185/1106/1024 1105/1026/956
f 1105/1026/956 1185/1106/1024 1186/1107/1025 1106/1027/957
f 1106/1027/957 1186/1107/1025 1187/1108/1026 1107/1028/958
f 1107/1028/958 1187/1108/1026 1188/1109/1027 1108/1029/959
f 1108/1029/959 1188/1109/1027 1189/1110/1028 1109/1030/960
f 1109/1030/960 1189/1110/1028 1190/1111/1029 1110/1031/961
f 1110/1031/961 1190/1111/1029 1191/1112/1030 1111/1032/962
f 1111/1032/962 1191/1112/1030 1192/1113/1031 1112/1033/963
f 1112/1033/963 1192/1113/1031 1193/1114/1032 1113/1034/964
f 1113/1034/964 1193/1114/1032 1194/1115/1033 1114/1035/965
f 1114/1035/965 1194/1115/1033 1195/1116/1034 1115/1036/966
f 1115/1036/966 1195/1116/1034 1196/1117/1035 1116/1037/967
f 1116/1037/967 1196/1117/1035 1197/1118/1036 1117/1038/968
f 1117/1038/968 1197/1118/1036 1198/1119/1037 1118/1039/969
f 1118/1039/969 1198/1119/1037 1199/1120/1038 1119/1040/970
f 1119/1040/970 1199/1120/1038 1200/1121/1039 1120/1041/971
f 1120/1041/971 1200/1121/1039 1201/1122/1040 1121/1042/972
f 1121/1042/972 1201/1122/1040 1202/1123/1041 1122/1043/973
f 1122/1043/973 1202/1123/1041 1203/1124/1042 1123/1044/974
f 1123/1044/974 1203/1124/1042 1204/27/1043 1124/25/975
f 95/1045/79 96/1125/80 1205/1126/1044 1125/1046/976
f 1125/1046/976 1205/1126/1044 1206/1127/1045 1126/1047/977
f 1126/1047/977 1206/1127/1045 1207/1128/1046 1127/1048/978
f 1127/1048/978 1207/1128/1046 1208/1129/1047 1128/1049/979
f 1128/1049/979 1208/1129/1047 1209/1130/1048 1129/1050/980
f 1129/1050/980 1209/1130/1048 1210/1131/1049 1130/1051/981
f 1130/1051/981 1210/1131/1049 1211/1132/1050 1131/1052/982
f 1131/1052/982 1211/1132/1050 1212/1133/1051 1132/1053/983
f 1132/1053/983 1212/1133/1051 1213/1134/1052 1133/1054/984
f 1133/1054/984 1213/1134/1052 1214/1135/1053 1134/1055/985
f 1134/1055/985 1214/1135/1053 1215/1136/1054 1135/1056/986
f 1135/1056/986 1215/1136/1054 1216/1137/1055 1136/1057/987
f 1136/1057/987 1216/1137/1055 1217/1138/1056 1137/1058/988
f 1137/1058/988 1217/1138/1056 1218/1139/1057 1138/1059/989
f 1138/1059/989 1218/1139/1057 1219/1140/1058 1139/1060/990
f 1139/1060/990 1219/1140/1058 1220/1141/1059 1140/1061/991
f 1140/1061/991 1220/1141/1059 1221/1142/1060 1141/1062/992
f 1141/1062/992 1221/1142/1060 1222/1143/1061 1142/1063/993
f 1142/1063/993 1222/1143/1061 1223/1144/1062 1143/1064/994
f 1143/1064/994 1223/1144/1062 1224/1145/1063 1144/1065/995
f 1144/1065/995 1224/1145/1063 1225/1146/1064 1145/1066/996
f 1145/1066/996 1225/1146/1064 1226/1147/1065 1146/1067/997
f 1146/1067/997 1226/1147/1065 1227/1148/1066 1147/1068/998
f 1147/1068/998 1227/1148/1066 1228/1149/1067 1148/1069/999
f 1148/1069/999 1228/1149/1067 1229/1150/1068 1149/1070/1000
f 1149/1070/1000 1229/1150/1068 1230/1151/1069 1150/1071/1001
f 1150/1071/1001 1230/1151/1069 1231/1152/1070 1151/1072/1002
f 1151/1072/1002 1231/1152/1070 1232/1153/1071 1152/1073/1003
f 1152/1073/1003 1232/1153/1071 1233/1154/1072 1153/1074/1004
f 1153/1074/1004 1233/1154/1072 1234/1155/1073 1154/1075/1005
f 1154/1075/1005 1234/1155/1073 1235/1156/1074 1155/1076/1006
f 1155/1076/1006 1235/1156/1074 1236/1157/1075 1156/1077/1007
f 1156/1077/1007 1236/1157/1075 1237/1158/1076 1157/1078/1008
f 1157/1078/1008 1237/1158/1076 1238/1159/1077 1158/1079/1009
f 1158/1079/1009 1238/1159/1077 1239/1160/1078 1159/1080/1010
f 1159/1080/1010 1239/1160/1078 1240/1161/1079 1160/1081/1011
f 1160/1081/1011 1240/1161/1079 1241/1162/1080 1161/1082/1012
f 1161/1082/1012 1241/1162/1080 1242/1163/1081 1162/1083/1013
f 1162/1083/1013 1242/1163/1081 1243/1164/1082 1163/1084/1014
f 1163/1084/1014 1243/1164/1082 1244/1165/1083 1164/1085/1015
f 1164/1085/1015 1244/1165/1083 1245/1166/1084 1165/1086/1016
f 1165/1086/1016 1245/1166/1084 1246/1167/1085 1166/1087/1017
f 1166/1087/1017 1246/1167/1085 1247/1168/1086 1167/1088/1018
f 1167/1088/1018 1247/1168/1086 1248/1169/1087 1168/1089/1019
f 1168/1089/1019 1248/1169/1087 1249/1170/1088 1169/1090/1020
f 1169/1090/1020 1249/1170/1088 1250/1171/1089 1170/1091/1021
f 1170/1091/1021 1250/1171/1089 1251/1172/1090 1171/1092/1022
f 1171/1092/1022 1251/1172/1090 1252/1173/1091 1172/1093/3
f 1172/1093/3 1252/1173/1091 1253/1174/3 1173/1094/3
f 1173/1094/3 1253/1174/3 1254/1175/3 1174/1095/3
f 1174/1095/3 1254/1175/3 1255/1176/3 1175/1096/3
f 1175/1096/3 1255/1176/3 1256/1177/3 1176/1097/3
f 1176/1097/3 1256/1177/3 1257/1178/3 1177/1098/3
f 1177/1098/3 1257/1178/3 1258/1179/3 1178/1099/3
f 1178/1099/3 1258/1179/3 1259/1180/3 1179/1100/3
f 1179/1100/3 1259/1180/3 1260/1181/3 1180/1101/3
f 1180/1101/3 1260/1181/3 1261/1182/3 1181/1102/3
f 1181/1102/3 1261/1182/3 1262/1183/3 1182/1103/3
f 1182/1103/3 1262/1183/3 1263/1184/3 1183/1104/3
f 1183/1104/3 1263/1184/3 1264/1185/1092 1184/1105/1023
f 1184/1105/1023 1264/1185/1092 1265/1186/1093 1185/1106/1024
f 1185/1106/1024 1265/1186/1093 1266/1187/1094 1186/1107/1025
f 1186/1107/1025 1266/1187/1094 1267/1188/1095 1187/1108/1026
f 1187/1108/1026 1267/1188/1095 1268/1189/1096 1188/1109/1027
f 1188/1109/1027 1268/1189/1096 1269/1190/1097 1189/1110/1028
f 1189/1110/1028 1269/1190/1097 1270/1191/1098 1190/1111/1029
f 1190/1111/1029 1270/1191/1098 1271/1192/1099 1191/1112/1030
f 1191/1112/1030 1271/1192/1099 1272/1193/1100 1192/1113/1031
f 1192/1113/1031 1272/1193/1100 1273/1194/1101 1193/1114/1032
f 1193/1114/1032 1273/1194/1101 1274/1195/1102 1194/1115/1033
f 1194/1115/1033 1274/1195/1102 1275/1196/1103 1195/1116/1034
f 1195/1116/1034 1275/1196/1103 1276/1197/1104 1196/1117/1035
f 1196/1117/1035 1276/1197/1104 1277/1198/1105 1197/1118/1036
f 1197/1118/1036 1277/1198/1105 1278/1199/1106 1198/1119/1037
f 1198/1119/1037 1278/1199/1106 1279/1200/1107 1199/1120/1038
f 1199/1120/1038 1279/1200/1107 1280/1201/1108 1200/1121/1039
f 1200/1121/1039 1280/1201/1108 1281/1202/1109 1201/1122/1040
f 1201/1122/1040 1281/1202/1109 1282/1203/1110 1202/1123/1041
f 1202/1123/1041 1282/1203/1110 1283/1204/1111 1203/1124/1042
f 1203/1124/1042 1283/1204/1111 1284/29/1112 1204/27/1043
f 96/1125/80 97/1205/81 1285/1206/1113 1205/1126/1044
f 1205/1126/1044 1285/1206/1113 1286/1207/1114 1206/1127/1045
f 1206/1127/1045 1286/1207/1114 1287/1208/1115 1207/1128/1046
f 1207/1128/1046 1287/1208/1115 1288/1209/1116 1208/1129/1047
f 1208/1129/1047 1288/1209/1116 1289/1210/1117 1209/1130/1048
f 1209/1130/1048 1289/1210/1117 1290/1211/1118 1210/1131/1049
f 1210/1131/1049 1290/1211/1118 1291/1212/1119 1211/1132/1050
f 1211/1132/1050 1291/1212/1119 1292/1213/1120 1212/1133/1051
f 1212/1133/1051 1292/1213/1120 1293/1214/1121 1213/1134/1052
f 1213/1134/1052 1293/1214/1121 1294/1215/1122 1214/1135/1053
f 1214/1135/1053 1294/1215/1122 1295/1216/1123 1215/1136/1054
f 1215/1136/1054 1295/1216/1123 1296/1217/1124 1216/1137/1055
f 1216/1137/1055 1296/1217/1124 1297/1218/1125 1217/1138/1056
f 1217/1138/1056 1297/1218/1125 1298/1219/1126 1218/1139/1057
f 1218/1139/1057 1298/1219/1126 1299/1220/1127 1219/1140/1058
f 1219/1140/1058 1299/1220/1127 1300/1221/1128 1220/1141/1059
f 1220/1141/1059 1300/1221/1128 1301/1222/1129 1221/1142/1060
f 1221/1142/1060 1301/1222/1129 1302/1223/1130 1222/1143/1061
f 1222/1143/1061 1302/1223/1130 1303/1224/1131 1223/1144/1062
f 1223/1144/1062 1303/1224/1131 1304/1225/1132 1224/1145/1063
f 1224/1145/1063 1304/1225/1132 1305/1226/1133 1225/1146/1064
f 1225/1146/1064 1305/1226/1133 1306/1227/1134 1226/1147/1065
f 1226/1147/1065 1306/1227/1134 1307/1228/1135 1227/1148/1066
f 1227/1148/1066 1307/1228/1135 1308/1229/1136 1228/1149/1067
f 1228/1149/1067 1308/1229/1136 1309/1230/1137 1229/1150/1068
f 1229/1150/1068 1309/1230/1137 1310/1231/1138 1230/1151/1069
f 1230/1151/1069 1310/1231/1138 1311/1232/1139 1231/1152/1070
f 1231/1152/1070 1311/1232/1139 1312/1233/1140 1232/1153/1071
f 1232/1153/1071 1312/1233/1140 1313/1234/1141 1233/1154/1072
f 1233/1154/1072 1313/1234/1141 1314/1235/1142 1234/1155/1073
f 1234/1155/1073 1314/1235/1142 1315/1236/1143 1235/1156/1074
f 1235/1156/1074 1315/1236/1143 1316/1237/1144 1236/1157/1075
f 1236/1157/1075 1316/1237/1144 1317/1238/1145 1237/1158/1076
f 1237/1158/1076 1317/1238/1145 1318/1239/1146 1238/1159/1077
f 1238/1159/1077 1318/1239/1146 1319/1240/1147 1239/1160/1078
f 1239/1160/1078 1319/1240/1147 1320/1241/1148 1240/1161/1079
f 1240/1161/1079 1320/1241/1148 1321/1242/1149 1241/1162/1080
f 1241/1162/1080 1321/1242/1149 1322/1243/1150 1242/1163/1081
f 1242/1163/1081 1322/1243/1150 1323/1244/1151 1243/1164/1082
f 1243/1164/1082 1323/1244/1151 1324/1245/1152 1244/1165/1083
f 1244/1165/1083 1324/1245/1152 1325/1246/1153 1245/1166/1084
f 1245/1166/1084 1325/1246/1153 1326/1247/1154 1246/1167/1085
f 1246/1167/1085 1326/1247/1154 1327/1248/1155 1247/1168/1086
f 1247/1168/1086 1327/1248/1155 1328/1249/1156 1248/1169/1087
f 1248/1169/1087 1328/1249/1156 1329/1250/1157 1249/1170/1088
f 1249/1170/1088 1329/1250/1157 1330/1251/1158 1250/1171/1089
f 1250/1171/1089 1330/1251/1158 1331/1252/1159 1251/1172/1090
f 1251/1172/1090 1331/1252/1159 1332/1253/1160 1252/1173/1091
f 1252/1173/1091 1332/1253/1160 1333/1254/3 1253/1174/3
f 1253/1174/3 1333/1254/3 1334/1255/3 1254/1175/3
f 1254/1175/3 1334/1255/3 1335/1256/3 1255/1176/3
f 1255/1176/3 1335/1256/3 1336/1257/3 1256/1177/3
f 1256/1177/3 1336/1257/3 1337/1258/3 1257/1178/3
f 1257/1178/3 1337/1258/3 1338/1259/3 1258/1179/3
f 1258/1179/3 1338/1259/3 1339/1260/3 1259/1180/3
f 1259/1180/3 1339/1260/3 1340/1261/3 1260/1181/3
f 1260/1181/3 1340/1261/3 1341/1262/3 1261/1182/3
f 1261/1182/3 1341/1262/3 1342/1263/3 1262/1183/3
f 1262/1183/3 1342/1263/3 1343/1264/3 1263/1184/3
f 1263/1184/3 1343/1264/3 1344/1265/1161 1264/1185/1092
f 1264/1185/1092 1344/1265/1161 1345/1266/1162 1265/1186/1093
f 1265/1186/1093 1345/1266/1162 1346/1267/1163 1266/1187/1094
f 1266/1187/1094 1346/1267/1163 1347/1268/1164 1267/1188/1095
f 1267/1188/1095 1347/1268/1164 1348/1269/1165 1268/1189/1096
f 1268/1189/1096 1348/1269/1165 1349/1270/1166 1269/1190/1097
f 1269/1190/1097 1349/1270/1166 1350/1271/1167 1270/1191/1098
f 1270/1191/1098 1350/1271/1167 1351/1272/1168 1271/1192/1099
f 1271/1192/1099 1351/1272/1168 1352/1273/1169 1272/1193/1100
f 1272/1193/1100 1352/1273/1169 1353/1274/1170 1273/1194/1101
f 1273/1194/1101 1353/1274/1170 1354/1275/1171 1274/1195/1102
f 1274/1195/1102 1354/1275/1171 1355/1276/1172 1275/1196/1103
f 1275/1196/1103 1355/1276/1172 1356/1277/1173 1276/1197/1104
f 1276/1197/1104 1356/1277/1173 1357/1278/1174 1277/1198/1105
f 1277/1198/1105 1357/1278/1174 1358/1279/1175 1278/1199/1106
f 1278/1199/1106 1358/1279/1175 1359/1280/1176 1279/1200/1107
f 1279/1200/1107 1359/1280/1176 1360/1281/1177 1280/1201/1108
f 1280/1201/1108 1360/1281/1177 1361/1282/1178 1281/1202/1109
f 1281/1202/1109 1361/1282/1178 1362/1283/1179 1282/1203/1110
f 1282/1203/1110 1362/1283/1179 1363/1284/1180 1283/1204/1111
f 1283/1204/1111 1363/1284/1180 1364/31/1181 1284/29/1112
f 97/1205/81 98/1285/82 1365/1286/1182 1285/1206/1113
f 1285/1206/1113 1365/1286/1182 1366/1287/1183 1286/1207/1114
f 1286/1207/1114 1366/1287/1183 1367/1288/1184 1287/1208/1115
f 1287/1208/1115 1367/1288/1184 1368/1289/1185 1288/1209/1116
f 1288/1209/1116 1368/1289/1185 1369/1290/1186 1289/1210/1117
f 1289/1210/1117 1369/1290/1186 1370/1291/1187 1290/1211/1118
f 1290/1211/1118 1370/1291/1187 1371/1292/1188 1291/1212/1119
f 1291/1212/1119 1371/1292/1188 1372/1293/1189 1292/1213/1120
f 1292/1213/1120 1372/1293/1189 1373/1294/1190 1293/1214/1121
f 1293/1214/1121 1373/1294/1190 1374/1295/1191 1294/1215/1122
f 1294/1215/1122 1374/1295/1191 1375/1296/1192 1295/1216/1123
f 1295/1216/1123 1375/1296/1192 1376/1297/1193 1296/1217/1124
f 1296/1217/1124 1376/1297/1193 1377/1298/1194 1297/1218/1125
f 1297/1218/1125 1377/1298/1194 1378/1299/1195 1298/1219/1126
f 1298/1219/1126 1378/1299/1195 1379/1300/1196 1299/1220/1127
f 1299/1220/1127 1379/1300/1196 1380/1301/1197 1300/1221/1128
f 1300/1221/1128 1380/1301/1197 1381/1302/1198 1301/1222/1129
f 1301/1222/1129 1381/1302/1198 1382/1303/1199 1302/1223/1130
f 1302/1223/1130 1382/1303/1199 1383/1304/1200 1303/1224/1131
f 1303/1224/1131 1383/1304/1200 1384/1305/1201 1304/1225/1132
f 1304/1225/1132 1384/1305/1201 1385/1306/1202 1305/1226/1133
f 1305/1226/1133 1385/1306/1202 1386/1307/1203 1306/1227/1134
f 1306/1227/1134 1386/1307/1203 1387/1308/1204 1307/1228/1135
f 1307/1228/1135 1387/1308/1204 1388/1309/1205 1308/1229/1136
f 1308/1229/1136 1388/1309/1205 1389/1310/1206 1309/1230/1137
f 1309/1230/1137 1389/1310/1206 1390/1311/1207 1310/1231/1138
f 1310/1231/1138 1390/1311/1207 1391/1312/1208 1311/1232/1139
f 1311/1232/1139 1391/1312/1208 1392/1313/1209 1312/1233/1140
f 1312/1233/1140 1392/1313/1209 1393/1314/1210 1313/1234/1141
f 1313/1234/1141 1393/1314/1210 1394/1315/1211 1314/1235/1142
f 1314/1235/1142 1394/1315/1211 1395/1316/1212 1315/1236/1143
f 1315/1236/1143 1395/1316/1212 1396/1317/1213 1316/1237/1144
f 1316/1237/1144 1396/1317/1213 1397/1318/1214 1317/1238/1145
f 1317/1238/1145 1397/1318/1214 1398/1319/1215 1318/1239/1146
f 1318/1239/1146 1398/1319/1215 1399/1320/1216 1319/1240/1147
f 1319/1240/1147 1399/1320/1216 1400/1321/1217 1320/1241/1148
f 1320/1241/1148 1400/1321/1217 1401/1322/1218 1321/1242/1149
f 1321/1242/1149 1401/1322/1218 1402/1323/1219 1322/1243/1150
f 1322/1243/1150 1402/1323/1219 1403/1324/1220 1323/1244/1151
f 1323/1244/1151 1403/1324/1220 1404/1325/1221 1324/1245/1152
f 1324/1245/1152 1404/1325/1221 1405/1326/1222 1325/1246/1153
f 1325/1246/1153 1405/1326/1222 1406/1327/1223 1326/1247/1154
f 1326/1247/1154 1406/1327/1223 1407/1328/1224 1327/1248/1155
f 1327/1248/1155 1407/1328/1224 1408/1329/1225 1328/1249/1156
f 1328/1249/1156 1408/1329/1225 1409/1330/1226 1329/1250/1157
f 1329/1250/1157 1409/1330/1226 1410/1331/1227 1330/1251/1158
f 1330/1251/1158 1410/1331/1227 1411/1332/1228 1331/1252/1159
f 1331/1252/1159 1411/1332/1228 1412/1333/1229 1332/1253/1160
f 1332/1253/1160 1412/1333/1229 1413/1334/3 1333/1254/3
f 1333/1254/3 1413/1334/3 1414/1335/3 1334/1255/3
f 1334/1255/3 1414/1335/3 1415/1336/3 1335/1256/3
f 1335/1256/3 1415/1336/3 1416/1337/3 1336/1257/3
f 1336/1257/3 1416/1337/3 1417/1338/3 1337/1258/3
f 1337/1258/3 1417/1338/3 1418/1339/3 1338/1259/3
f 1338/1259/3 1418/1339/3 1419/1340/3 1339/1260/3
f 1339/1260/3 1419/1340/3 1420/1341/3 1340/1261/3
f 1340/1261/3 1420/1341/3 1421/1342/3 1341/1262/3
f 1341/1262/3 1421/1342/3 1422/1343/3 1342/1263/3
f 1342/1263/3 1422/1343/3 1423/1344/3 1343/1264/3
f 1343/1264/3 1423/1344/3 1424/1345/1230 1344/1265/1161
f 1344/1265/1161 1424/1345/1230 1425/1346/1231 1345/1266/1162
f 1345/1266/1162 1425/1346/1231 1426/1347/1232 1346/1267/1163
f 1346/1267/1163 1426/1347/1232 1427/1348/1233 1347/1268/1164
f 1347/1268/1164 1427/1348/1233 1428/1349/1234 1348/1269/1165
f 1348/1269/1165 1428/1349/1234 1429/1350/1235 1349/1270/1166
f 1349/1270/1166 1429/1350/1235 1430/1351/1236 1350/1271/1167
f 1350/1271/1167 1430/1351/1236 1431/1352/1237 1351/1272/1168
f 1351/1272/1168 1431/1352/1237 1432/1353/1238 1352/1273/1169
f 1352/1273/1169 1432/1353/1238 1433/1354/1239 1353/1274/1170
f 1353/1274/1170 1433/1354/1239 1434/1355/1240 1354/1275/1171
f 1354/1275/1171 1434/1355/1240 1435/1356/1241 1355/1276/1172
f 1355/1276/1172 1435/1356/1241 1436/1357/1242 1356/1277/1173
f 1356/1277/1173 1436/1357/1242 1437/1358/1243 1357/1278/1174
f 1357/1278/1174 1437/1358/1243 1438/1359/1244 1358/1279/1175
f 1358/1279/1175 1438/1359/1244 1439/1360/1245 1359/1280/1176
f 1359/1280/1176 1439/1360/1245 1440/1361/1246 1360/1281/1177
f 1360/1281/1177 1440/1361/1246 1441/1362/1247 1361/1282/1178
f 1361/1282/1178 1441/1362/1247 1442/1363/1248 1362/1283/1179
f 1362/1283/1179 1442/1363/1248 1443/1364/1249 1363/1284/1180
f 1363/1284/1180 1443/1364/1249 1444/33/1250 1364/31/1181
f 98/1285/82 99/1365/83 1445/1366/1251 1365/1286/1182
f 1365/1286/1182 1445/1366/1251 1446/1367/1252 1366/1287/1183
f 1366/1287/1183 1446/1367/1252 1447/1368/1253 1367/1288/1184
f 1367/1288/1184 1447/1368/1253 1448/1369/1254 1368/1289/1185
f 1368/1289/1185 1448/1369/1254 1449/1370/1255 1369/1290/1186
f 1369/1290/1186 1449/1370/1255 1450/1371/1256 1370/1291/1187
f 1370/1291/1187 1450/1371/1256 1451/1372/1257 1371/1292/1188
f 1371/1292/1188 1451/1372/1257 1452/1373/1258 1372/1293/1189
f 1372/1293/1189 1452/1373/1258 1453/1374/1259 1373/1294/1190
f 1373/1294/1190 1453/1374/1259 1454/1375/1260 1374/1295/1191
f 1374/1295/1191 1454/1375/1260 1455/1376/1261 1375/1296/1192
f 1375/1296/1192 1455/1376/1261 1456/1377/1262 1376/1297/1193
f 1376/1297/1193 1456/1377/1262 1457/1378/1263 1377/1298/1194
f 1377/1298/1194 1457/1378/1263 1458/1379/1264 1378/1299/1195
f 1378/1299/1195 1458/1379/1264 1459/1380/1265 1379/1300/1196
f 1379/1300/1196 1459/1380/1265 1460/1381/1266 1380/1301/1197
f 1380/1301/1197 1460/1381/1266 1461/1382/1267 1381/1302/1198
f 1381/1302/1198 1461/1382/1267 1462/1383/1268 1382/1303/1199
f 1382/1303/1199 1462/1383/1268 1463/1384/1269 1383/1304/1200
f 1383/1304/1200 1463/1384/1269 1464/1385/1270 1384/1305/1201
f 1384/1305/1201 1464/1385/1270 1465/1386/1271 1385/1306/1202
f 1385/1306/1202 1465/1386/1271 1466/1387/1272 1386/1307/1203
f 1386/1307/1203 1466/1387/1272 1467/1388/1273 1387/1308/1204
f 1387/1308/1204 1467/1388/1273 1468/1389/1274 1388/1309/1205
f 1388/1309/1205 1468/1389/1274 1469/1390/1275 1389/1310/1206
f 1389/1310/1206 1469/1390/1275 1470/1391/3 1390/1311/1207
f 1390/1311/1207 1470/1391/3 1471/1392/3 1391/1312/1208
f 1391/1312/1208 1471/1392/3 1472/1393/3 1392/1313/1209
f 1392/1313/1209 1472/1393/3 1473/1394/3 1393/1314/1210
f 1393/1314/1210 1473/1394/3 1474/1395/3 1394/1315/1211
f 1394/1315/1211 1474/1395/3 1475/1396/3 1395/1316/1212
f 1395/1316/1212 1475/1396/3 1476/1397/1276 1396/1317/1213
f 1396/1317/1213 1476/1397/1276 1477/1398/1277 1397/1318/1214
f 1397/1318/1214 1477/1398/1277 1478/1399/1278 1398/1319/1215
f 1398/1319/1215 1478/1399/1278 1479/1400/1279 1399/1320/1216
f 1399/1320/1216 1479/1400/1279 1480/1401/1280 1400/1321/1217
f 1400/1321/1217 1480/1401/1280 1481/1402/1281 1401/1322/1218
f 1401/1322/1218 1481/1402/1281 1482/1403/1282 1402/1323/1219
f 1402/1323/1219 1482/1403/1282 1483/1404/1283 1403/1324/1220
f 1403/1324/1220 1483/1404/1283 1484/1405/1284 1404/1325/1221
f 1404/1325/1221 1484/1405/1284 1485/1406/1285 1405/1326/1222
f 1405/1326/1222 1485/1406/1285 1486/1407/1286 1406/1327/1223
f 1406/1327/1223 1486/1407/1286 1487/1408/1287 1407/1328/1224
f 1407/1328/1224 1487/1408/1287 1488/1409/1288 1408/1329/1225
f 1408/1329/1225 1488/1409/1288 1489/1410/1289 1409/1330/1226
f 1409/1330/1226 1489/1410/1289 1490/1411/1290 1410/1331/1227
f 1410/1331/1227 1490/1411/1290 1491/1412/1291 1411/1332/1228
f 1411/1332/1228 1491/1412/1291 1492/1413/1292 1412/1333/1229
f 1412/1333/1229 1492/1413/1292 1493/1414/3 1413/1334/3
f 1413/1334/3 1493/1414/3 1494/1415/3 1414/1335/3
f 1414/1335/3 1494/1415/3 1495/1416/3 1415/1336/3
f 1415/1336/3 1495/1416/3 1496/1417/3 1416/1337/3
f 1416/1337/3 1496/1417/3 1497/1418/3 1417/1338/3
f 1417/1338/3 1497/1418/3 1498/1419/3 1418/1339/3
f 1418/1339/3 1498/1419/3 1499/1420/3 1419/1340/3
f 1419/1340/3 1499/1420/3 1500/1421/3 1420/1341/3
f 1420/1341/3 1500/1421/3 1501/1422/3 1421/1342/3
f 1421/1342/3 1501/1422/3 1502/1423/3 1422/1343/3
f 1422/1343/3 1502/1423/3 1503/1424/3 1423/1344/3
f 1423/1344/3 1503/1424/3 1504/1425/1293 1424/1345/1230
f 1424/1345/1230 1504/1425/1293 1505/1426/1294 1425/1346/1231
f 1425/1346/1231 1505/1426/1294 1506/1427/1295 1426/1347/1232
f 1426/1347/1232 1506/1427/1295 1507/1428/1296 1427/1348/1233
f 1427/1348/1233 1507/1428/1296 1508/1429/1297 1428/1349/1234
f 1428/1349/1234 1508/1429/1297 1509/1430/1298 1429/1350/1235
f 1429/1350/1235 1509/1430/1298 1510/1431/1299 1430/1351/1236
f 1430/1351/1236 1510/1431/1299 1511/1432/1300 1431/1352/1237
f 1431/1352/1237 1511/1432/1300 1512/1433/1301 1432/1353/1238
f 1432/1353/1238 1512/1433/1301 1513/1434/1302 1433/1354/1239
f 1433/1354/1239 1513/1434/1302 1514/1435/1303 1434/1355/1240
f 1434/1355/1240 1514/1435/1303 1515/1436/1304 1435/1356/1241
f 1435/1356/1241 1515/1436/1304 1516/1437/1305 1436/1357/1242
f 1436/1357/1242 1516/1437/1305 1517/1438/1306 1437/1358/1243
f 1437/1358/1243 1517/1438/1306 1518/1439/1307 1438/1359/1244
f 1438/1359/1244 1518/1439/1307 1519/1440/1308 1439/1360/1245
f 1439/1360/1245 1519/1440/1308 1520/1441/1309 1440/1361/1246
f 1440/1361/1246 1520/1441/1309 1521/1442/1310 1441/1362/1247
f 1441/1362/1247 1521/1442/1310 1522/1443/1311 1442/1363/1248
f 1442/1363/1248 1522/1443/1311 1523/1444/1312 1443/1364/1249
f 1443/1364/1249 1523/1444/1312 1524/35/1313 1444/33/1250
f 99/1365/83 100/1445/84 1525/1446/1314 1445/1366/1251
f 1445/1366/1251 1525/1446/1314 1526/1447/1315 1446/1367/1252
f 1446/1367/1252 1526/1447/1315 1527/1448/1316 1447/1368/1253
f 1447/1368/1253 1527/1448/1316 1528/1449/1317 1448/1369/1254
f 1448/1369/1254 1528/1449/1317 1529/1450/1318 1449/1370/1255
f 1449/1370/1255 1529/1450/1318 1530/1451/1319 1450/1371/1256
f 1450/1371/1256 1530/1451/1319 1531/1452/1320 1451/1372/1257
f 1451/1372/1257 1531/1452/1320 1532/1453/1321 1452/1373/1258
f 1452/1373/1258 1532/1453/1321 1533/1454/1322 1453/1374/1259
f 1453/1374/1259 1533/1454/1322 1534/1455/1323 1454/1375/1260
f 1454/1375/1260 1534/1455/1323 1535/1456/1324 1455/1376/1261
f 1455/1376/1261 1535/1456/1324 1536/1457/1325 1456/1377/1262
f 1456/1377/1262 1536/1457/1325 1537/1458/1326 1457/1378/1263
f 1457/1378/1263 1537/1458/1326 1538/1459/1327 1458/1379/1264
f 1458/1379/1264 1538/1459/1327 1539/1460/1328 1459/1380/1265
f 1459/1380/1265 1539/1460/1328 1540/1461/1329 1460/1381/1266
f 1460/1381/1266 1540/1461/1329 1541/1462/1330 1461/1382/1267
f 1461/1382/1267 1541/1462/1330 1542/1463/1331 1462/1383/1268
f 1462/1383/1268 1542/1463/1331 1543/1464/1332 1463/1384/1269
f 1463/1384/1269 1543/1464/1332 1544/1465/1333 1464/1385/1270
f 1464/1385/1270 1544/1465/1333 1545/1466/1334 1465/1386/1271
f 1465/1386/1271 1545/1466/1334 1546/1467/1335 1466/1387/1272
f 1466/1387/1272 1546/1467/1335 1547/1468/1336 1467/1388/1273
f 1467/1388/1273 1547/1468/1336 1548/1469/1337 1468/1389/1274
f 1468/1389/1274 1548/1469/1337 1549/1470/3 1469/1390/1275
f 1469/1390/1275 1549/1470/3 1550/1471/3 1470/1391/3
f 1470/1391/3 1550/1471/3 1551/1472/3 1471/1392/3
f 1471/1392/3 1551/1472/3 1552/1473/3 1472/1393/3
f 1472/1393/3 1552/1473/3 1553/1474/3 1473/1394/3
f 1473/1394/3 1553/1474/3 1554/1475/3 1474/1395/3
f 1474/1395/3 1554/1475/3 1555/1476/3 1475/1396/3
f 1475/1396/3 1555/1476/3 1556/1477/3 1476/1397/1276
f 1476/1397/1276 1556/1477/3 1557/1478/3 1477/1398/1277
f 1477/1398/1277 1557/1478/3 1558/1479/1338 1478/1399/1278
f 1478/1399/1278 1558/1479/1338 1559/1480/1339 1479/1400/1279
f 1479/1400/1279 1559/1480/1339 1560/1481/1340 1480/1401/1280
f 1480/1401/1280 1560/1481/1340 1561/1482/1341 1481/1402/1281
f 1481/1402/1281 1561/1482/1341 1562/1483/1342 1482/1403/1282
f 1482/1403/1282 1562/1483/1342 1563/1484/1343 1483/1404/1283
f 1483/1404/1283 1563/1484/1343 1564/1485/1344 1484/1405/1284
f 1484/1405/1284 1564/1485/1344 1565/1486/1345 1485/1406/1285
f 1485/1406/1285 1565/1486/1345 1566/1487/1346 1486/1407/1286
f 1486/1407/1286 1566/1487/1346 1567/1488/1347 1487/1408/1287
f 1487/1408/1287 1567/1488/1347 1568/1489/1348 1488/1409/1288
f 1488/1409/1288 1568/1489/1348 1569/1490/1349 1489/1410/1289
f 1489/1410/1289 1569/1490/1349 1570/1491/1350 1490/1411/1290
f 1490/1411/1290 1570/1491/1350 1571/1492/1351 1491/1412/1291
f 1491/1412/1291 1571/1492/1351 1572/1493/1352 1492/1413/1292
f 1492/1413/1292 1572/1493/1352 1573/1494/3 1493/1414/3
f 1493/1414/3 1573/1494/3 1574/1495/3 1494/1415/3
f 1494/1415/3 1574/1495/3 1575/1496/3 1495/1416/3
f 1495/1416/3 1575/1496/3 1576/1497/3 1496/1417/3
f 1496/1417/3 1576/1497/3 1577/1498/3 1497/1418/3
f 1497/1418/3 1577/1498/3 1578/1499/3 1498/1419/3
f 1498/1419/3 1578/1499/3 1579/1500/3 1499/1420/3
f 1499/1420/3 1579/1500/3 1580/1501/3 1500/1421/3
f 1500/1421/3 1580/1501/3 1581/1502/3 1501/1422/3
f 1501/1422/3 1581/1502/3 1582/1503/3 1502/1423/3
f 1502/1423/3 1582/1503/3 1583/1504/3 1503/1424/3
f 1503/1424/3 1583/1504/3 1584/1505/1353 1504/1425/1293
f 1504/1425/1293 1584/1505/1353 1585/1506/1354 1505/1426/1294
f 1505/1426/1294 1585/1506/1354 1586/1507/1355 1506/1427/1295
f 1506/1427/1295 1586/1507/1355 1587/1508/1356 1507/1428/1296
f 1507/1428/1296 1587/1508/1356 1588/1509/1357 1508/1429/1297
f 1508/1429/1297 1588/1509/1357 1589/1510/1358 1509/1430/1298
f 1509/1430/1298 1589/1510/1358 1590/1511/1359 1510/1431/1299
f 1510/1431/1299 1590/1511/1359 1591/1512/1360 1511/1432/1300
f 1511/1432/1300 1591/1512/1360 1592/1513/1361 1512/1433/1301
f 1512/1433/1301 1592/1513/1361 1593/1514/1362 1513/1434/1302
f 1513/1434/1302 1593/1514/1362 1594/1515/1363 1514/1435/1303
f 1514/1435/1303 1594/1515/1363 1595/1516/1364 1515/1436/1304
f 1515/1436/1304 1595/1516/1364 1596/1517/1365 1516/1437/1305
f 1516/1437/1305 1596/1517/1365 1597/1518/1366 1517/1438/1306
f 1517/1438/1306 1597/1518/1366 1598/1519/1367 1518/1439/1307
f 1518/1439/1307 1598/1519/1367 1599/1520/1368 1519/1440/1308
f 1519/1440/1308 1599/1520/1368 1600/1521/1369 1520/1441/1309
f 1520/1441/1309 1600/1521/1369 1601/1522/1370 1521/1442/1310
f 1521/1442/1310 1601/1522/1370 1602/1523/1371 1522/1443/1311
f 1522/1443/1311 1602/1523/1371 1603/1524/1372 1523/1444/1312
f 1523/1444/1312 1603/1524/1372 1604/37/1373 1524/35/1313
f 100/1445/84 101/1525/85 1605/1526/1374 1525/1446/1314
f 1525/1446/1314 1605/1526/1374 1606/1527/1375 1526/1447/1315
f 1526/1447/1315 1606/1527/1375 1607/1528/1376 1527/1448/1316
f 1527/1448/1316 1607/1528/1376 1608/1529/1377 1528/1449/1317
f 1528/1449/1317 1608/1529/1377 1609/1530/1378 1529/1450/1318
f 1529/1450/1318 1609/1530/1378 1610/1531/1379 1530/1451/1319
f 1530/1451/1319 1610/1531/1379 1611/1532/1380 1531/1452/1320
f 1531/1452/1320 1611/1532/1380 1612/1533/1381 1532/1453/1321
f 1532/1453/1321 1612/1533/1381 1613/1534/1382 1533/1454/1322
f 1533/1454/1322 1613/1534/1382 1614/1535/1383 1534/1455/1323
f 1534/1455/1323 1614/1535/1383 1615/1536/1384 1535/1456/1324
f 1535/1456/1324 1615/1536/1384 1616/1537/1385 1536/1457/1325
f 1536/1457/1325 1616/1537/1385 1617/1538/1386 1537/1458/1326
f 1537/1458/1326 1617/1538/1386 1618/1539/1387 1538/1459/1327
f 1538/1459/1327 1618/1539/1387 1619/1540/1388 1539/1460/1328
f 1539/1460/1328 1619/1540/1388 1620/1541/1389 1540/1461/1329
f 1540/1461/1329 1620/1541/1389 1621/1542/1390 1541/1462/1330
f 1541/1462/1330 1621/1542/1390 1622/1543/1391 1542/1463/1331
f 1542/1463/1331 1622/1543/1391 1623/1544/1392 1543/1464/1332
f 1543/1464/1332 1623/1544/1392 1624/1545/1393 1544/1465/1333
f 1544/1465/1333 1624/1545/1393 1625/1546/1394 1545/1466/1334
f 1545/1466/1334 1625/1546/1394 1626/1547/1395 1546/1467/1335
f 1546/1467/1335 1626/1547/1395 1627/1548/194 1547/1468/1336
f 1547/1468/1336 1627/1548/194 1628/1549/3 1548/1469/1337
f 1548/1469/1337 1628/1549/3 1629/1550/3 1549/1470/3
f 1549/1470/3 1629/1550/3 1630/1551/3 1550/1471/3
f 1550/1471/3 1630/1551/3 1631/1552/3 1551/1472/3
f 1551/1472/3 1631/1552/3 1632/1553/3 1552/1473/3
f 1552/1473/3 1632/1553/3 1633/1554/3 1553/1474/3
f 1553/1474/3 1633/1554/3 1634/1555/3 1554/1475/3
f 1554/1475/3 1634/1555/3 1635/1556/3 1555/1476/3
f 1555/1476/3 1635/1556/3 1636/1557/3 1556/1477/3
f 1556/1477/3 1636/1557/3 1637/1558/3 1557/1478/3
f 1557/1478/3 1637/1558/3 1638/1559/3 1558/1479/1338
f 1558/1479/1338 1638/1559/3 1639/1560/1396 1559/1480/1339
f 1559/1480/1339 1639/1560/1396 1640/1561/1397 1560/1481/1340
f 1560/1481/1340 1640/1561/1397 1641/1562/1398 1561/1482/1341
f 1561/1482/1341 1641/1562/1398 1642/1563/1399 1562/1483/1342
f 1562/1483/1342 1642/1563/1399 1643/1564/1400 1563/1484/1343
f 1563/1484/1343 1643/1564/1400 1644/1565/1401 1564/1485/1344
f 1564/1485/1344 1644/1565/1401 1645/1566/1402 1565/1486/1345
f 1565/1486/1345 1645/1566/1402 1646/1567/1403 1566/1487/1346
f 1566/1487/1346 1646/1567/1403 1647/1568/1404 1567/1488/1347
f 1567/1488/1347 1647/1568/1404 1648/1569/1405 1568/1489/1348
f 1568/1489/1348 1648/1569/1405 1649/1570/1406 1569/1490/1349
f 1569/1490/1349 1649/1570/1406 1650/1571/1407 1570/1491/1350
f 1570/1491/1350 1650/1571/1407 1651/1572/1408 1571/1492/1351
f 1571/1492/1351 1651/1572/1408 1652/1573/1409 1572/1493/1352
f 1572/1493/1352 1652/1573/1409 1653/1574/3 1573/1494/3
f 1573/1494/3 1653/1574/3 1654/1575/3 1574/1495/3
f 1574/1495/3 1654/1575/3 1655/1576/3 1575/1496/3
f 1575/1496/3 1655/1576/3 1656/1577/3 1576/1497/3
f 1576/1497/3 1656/1577/3 1657/1578/3 1577/1498/3
f 1577/1498/3 1657/1578/3 1658/1579/3 1578/1499/3
f 1578/1499/3 1658/1579/3 1659/1580/3 1579/1500/3
f 1579/1500/3 1659/1580/3 1660/1581/3 1580/1501/3
f 1580/1501/3 1660/1581/3 1661/1582/3 1581/1502/3
f 1581/1502/3 1661/1582/3 1662/1583/3 1582/1503/3
f 1582/1503/3 1662/1583/3 1663/1584/3 1583/1504/3
f 1583/1504/3 1663/1584/3 1664/1585/1410 1584/1505/1353
f 1584/1505/1353 1664/1585/1410 1665/1586/1411 1585/1506/1354
f 1585/1506/1354 1665/1586/1411 1666/1587/1412 1586/1507/1355
f 1586/1507/1355 1666/1587/1412 1667/1588/1413 1587/1508/1356
f 1587/1508/1356 1667/1588/1413 1668/1589/1414 1588/1509/1357
f 1588/1509/1357 1668/1589/1414 1669/1590/1415 1589/1510/1358
f 1589/1510/1358 1669/1590/1415 1670/1591/1416 1590/1511/1359
f 1590/1511/1359 1670/1591/1416 1671/1592/1417 1591/1512/1360
f 1591/1512/1360 1671/1592/1417 1672/1593/1418 1592/1513/1361
f 1592/1513/1361 1672/1593/1418 1673/1594/1419 1593/1514/1362
f 1593/1514/1362 1673/1594/1419 1674/1595/1420 1594/1515/1363
f 1594/1515/1363 1674/1595/1420 1675/1596/1421 1595/1516/1364
f 1595/1516/1364 1675/1596/1421 1676/1597/1422 1596/1517/1365
f 1596/1517/1365 1676/1597/1422 1677/1598/1423 1597/1518/1366
f 1597/1518/1366 1677/1598/1423 1678/1599/1424 1598/1519/1367
f 1598/1519/1367 1678/1599/1424 1679/1600/1425 1599/1520/1368
f 1599/1520/1368 1679/1600/1425 1680/1601/1426 1600/1521/1369
f 1600/1521/1369 1680/1601/1426 1681/1602/1427 1601/1522/1370
f 1601/1522/1370 1681/1602/1427 1682/1603/1428 1602/1523/1371
f 1602/1523/1371 1682/1603/1428 1683/1604/1429 1603/1524/1372
f 1603/1524/1372 1683/1604/1429 1684/39/1430 1604/37/1373
f 101/1525/85 102/1605/86 1685/1606/1431 1605/1526/1374
f 1605/1526/1374 1685/1606/1431 1686/1607/1432 1606/1527/1375
f 1606/1527/1375 1686/1607/1432 1687/1608/1433 1607/1528/1376
f 1607/1528/1376 1687/1608/1433 1688/1609/1434 1608/1529/1377
f 1608/1529/1377 1688/1609/1434 1689/1610/1435 1609/1530/1378
f 1609/1530/1378 1689/1610/1435 1690/1611/1436 1610/1531/1379
f 1610/1531/1379 1690/1611/1436 1691/1612/1437 1611/1532/1380
f 1611/1532/1380 1691/1612/1437 1692/1613/1438 1612/1533/1381
f 1612/1533/1381 1692/1613/1438 1693/1614/1439 1613/1534/1382
f 1613/1534/1382 1693/1614/1439 1694/1615/1440 1614/1535/1383
f 1614/1535/1383 1694/1615/1440 1695/1616/1441 1615/1536/1384
f 1615/1536/1384 1695/1616/1441 1696/1617/1442 1616/1537/1385
f 1616/1537/1385 1696/1617/1442 1697/1618/1443 1617/1538/1386
f 1617/1538/1386 1697/1618/1443 1698/1619/1444 1618/1539/1387
f 1618/1539/1387 1698/1619/1444 1699/1620/1445 1619/1540/1388
f 1619/1540/1388 1699/1620/1445 1700/1621/1446 1620/1541/1389
f 1620/1541/1389 1700/1621/1446 1701/1622/1447 1621/1542/1390
f 1621/1542/1390 1701/1622/1447 1702/1623/1448 1622/1543/1391
f 1622/1543/1391 1702/1623/1448 1703/1624/1449 1623/1544/1392
f 1623/1544/1392 1703/1624/1449 1704/1625/1450 1624/1545/1393
f 1624/1545/1393 1704/1625/1450 1705/1626/1451 1625/1546/1394
f 1625/1546/1394 1705/1626/1451 1706/1627/3 1626/1547/1395
f 1626/1547/1395 1706/1627/3 1707/1628/3 1627/1548/194
f 1627/1548/194 1707/1628/3 1708/1629/3 1628/1549/3
f 1628/1549/3 1708/1629/3 1709/1630/3 1629/1550/3
f 1629/1550/3 1709/1630/3 1710/1631/3 1630/1551/3
f 1630/1551/3 1710/1631/3 1711/1632/3 1631/1552/3
f 1631/1552/3 1711/1632/3 1712/1633/3 1632/1553/3
f 1632/1553/3 1712/1633/3 1713/1634/3 1633/1554/3
f 1633/1554/3 1713/1634/3 1714/1635/3 1634/1555/3
f 1634/1555/3 1714/1635/3 1715/1636/3 1635/1556/3
f 1635/1556/3 1715/1636/3 1716/1637/3 1636/1557/3
f 1636/1557/3 1716/1637/3 1717/1638/3 1637/1558/3
f 1637/1558/3 1717/1638/3 1718/1639/3 1638/1559/3
f 1638/1559/3 1718/1639/3 1719/1640/3 1639/1560/1396
f 1639/1560/1396 1719/1640/3 1720/1641/3 1640/1561/1397
f 1640/1561/1397 1720/1641/3 1721/1642/1452 1641/1562/1398
f 1641/1562/1398 1721/1642/1452 1722/1643/1453 1642/1563/1399
f 1642/1563/1399 1722/1643/1453 1723/1644/1454 1643/1564/1400
f 1643/1564/1400 1723/1644/1454 1724/1645/1455 1644/1565/1401
f 1644/1565/1401 1724/1645/1455 1725/1646/1456 1645/1566/1402
f 1645/1566/1402 1725/1646/1456 1726/1647/1457 1646/1567/1403
f 1646/1567/1403 1726/1647/1457 1727/1648/1458 1647/1568/1404
f 1647/1568/1404 1727/1648/1458 1728/1649/1459 1648/1569/1405
f 1648/1569/1405 1728/1649/1459 1729/1650/1460 1649/1570/1406
f 1649/1570/1406 1729/1650/1460 1730/1651/1461 1650/1571/1407
f 1650/1571/1407 1730/1651/1461 1731/1652/1462 1651/1572/1408
f 1651/1572/1408 1731/1652/1462 1732/1653/3 1652/1573/1409
f 1652/1573/1409 1732/1653/3 1733/1654/3 1653/1574/3
f 1653/1574/3 1733/1654/3 1734/1655/3 1654/1575/3
f 1654/1575/3 1734/1655/3 1735/1656/3 1655/1576/3
f 1655/1576/3 1735/1656/3 1736/1657/3 1656/1577/3
f 1656/1577/3 1736/1657/3 1737/1658/3 1657/1578/3
f 1657/1578/3 1737/1658/3 1738/1659/3 1658/1579/3
f 1658/1579/3 1738/1659/3 1739/1660/3 1659/1580/3
f 1659/1580/3 1739/1660/3 1740/1661/3 1660/1581/3
f 1660/1581/3 1740/1661/3 1741/1662/3 1661/1582/3
f 1661/1582/3 1741/1662/3 1742/1663/3 1662/1583/3
f 1662/1583/3 1742/1663/3 1743/1664/3 1663/1584/3
f 1663/1584/3 1743/1664/3 1744/1665/1463 1664/1585/1410
f 1664/1585/1410 1744/1665/1463 1745/1666/1464 1665/1586/1411
f 1665/1586/1411 1745/1666/1464 1746/1667/1465 1666/1587/1412
f 1666/1587/1412 1746/1667/1465 1747/1668/1466 1667/1588/1413
f 1667/1588/1413 1747/1668/1466 1748/1669/1467 1668/1589/1414
f 1668/1589/1414 1748/1669/1467 1749/1670/1468 1669/1590/1415
f 1669/1590/1415 1749/1670/1468 1750/1671/1469 1670/1591/1416
f 1670/1591/1416 1750/1671/1469 1751/1672/1470 1671/1592/1417
f 1671/1592/1417 1751/1672/1470 1752/1673/1471 1672/1593/1418
f 1672/1593/1418 1752/1673/1471 1753/1674/1472 1673/1594/1419
f 1673/1594/1419 1753/1674/1472 1754/1675/1473 1674/1595/1420
f 1674/1595/1420 1754/1675/1473 1755/1676/1474 1675/1596/1421
f 1675/1596/1421 1755/1676/1474 1756/1677/1475 1676/1597/1422
f 1676/1597/1422 1756/1677/1475 1757/1678/1476 1677/1598/1423
f 1677/1598/1423 1757/1678/1476 1758/1679/1477 1678/1599/1424
f 1678/1599/1424 1758/1679/1477 1759/1680/1478 1679/1600/1425
f 1679/1600/1425 1759/1680/1478 1760/1681/1479 1680/1601/1426
f 1680/1601/1426 1760/1681/1479 1761/1682/1480 1681/1602/1427
f 1681/1602/1427 1761/1682/1480 1762/1683/1481 1682/1603/1428
f 1682/1603/1428 1762/1683/1481 1763/1684/1482 1683/1604/1429
f 1683/1604/1429 1763/1684/1482 1764/41/1483 1684/39/1430
f 102/1605/86 103/1685/87 1765/1686/1484 1685/1606/1431
f 1685/1606/1431 1765/1686/1484 1766/1687/1485 1686/1607/1432
f 1686/1607/1432 1766/1687/1485 1767/1688/1486 1687/1608/1433
f 1687/1608/1433 1767/1688/1486 1768/1689/1487 1688/1609/1434
f 1688/1609/1434 1768/1689/1487 1769/1690/1488 1689/1610/1435
f 1689/1610/1435 1769/1690/1488 1770/1691/1489 1690/1611/1436
f 1690/1611/1436 1770/1691/1489 1771/1692/1490 1691/1612/1437
f 1691/1612/1437 1771/1692/1490 1772/1693/1491 1692/1613/1438
f 1692/1613/1438 1772/1693/1491 1773/1694/1492 1693/1614/1439
f 1693/1614/1439 1773/1694/1492 1774/1695/1493 1694/1615/1440
f 1694/1615/1440 1774/1695/1493 1775/1696/1494 1695/1616/1441
f 1695/1616/1441 1775/1696/1494 1776/1697/1495 1696/1617/1442
f 1696/1617/1442 1776/1697/1495 1777/1698/1496 1697/1618/1443
f 1697/1618/1443 1777/1698/1496 1778/1699/1497 1698/1619/1444
f 1698/1619/1444 1778/1699/1497 1779/1700/1498 1699/1620/1445
f 1699/1620/1445 1779/1700/1498 1780/1701/1499 1700/1621/1446
f 1700/1621/1446 1780/1701/1499 1781/1702/1500 1701/1622/1447
f 1701/1622/1447 1781/1702/1500 1782/1703/1501 1702/1623/1448
f 1702/1623/1448 1782/1703/1501 1783/1704/1502 1703/1624/1449
f 1703/1624/1449 1783/1704/1502 1784/1705/1503 1704/1625/1450
f 1704/1625/1450 1784/1705/1503 1785/1706/3 1705/1626/1451
f 1705/1626/1451 1785/1706/3 1786/1707/3 1706/1627/3
f 1706/1627/3 1786/1707/3 1787/1708/3 1707/1628/3
f 1707/1628/3 1787/1708/3 1788/1709/3 1708/1629/3
f 1708/1629/3 1788/1709/3 1789/1710/3 1709/1630/3
f 1709/1630/3 1789/1710/3 1790/1711/3 1710/1631/3
f 1710/1631/3 1790/1711/3 1791/1712/3 1711/1632/3
f 1711/1632/3 1791/1712/3 1792/1713/3 1712/1633/3
f 1712/1633/3 1792/1713/3 1793/1714/3 1713/1634/3
f 1713/1634/3 1793/1714/3 1794/1715/3 1714/1635/3
f 1714/1635/3 1794/1715/3 1795/1716/3 1715/1636/3
f 1715/1636/3 1795/1716/3 1796/1717/3 1716/1637/3
f 1716/1637/3 1796/1717/3 1797/1718/3 1717/1638/3
f 1717/1638/3 1797/1718/3 1798/1719/3 1718/1639/3
f 1718/1639/3 1798/1719/3 1799/1720/3 1719/1640/3
f 1719/1640/3 1799/1720/3 1800/1721/3 1720/1641/3
f 1720/1641/3 1800/1721/3 1801/1722/163 1721/1642/1452
f 1721/1642/1452 1801/1722/163 1802/1723/1504 1722/1643/1453
f 1722/1643/1453 1802/1723/1504 1803/1724/1505 1723/1644/1454
f 1723/1644/1454 1803/1724/1505 1804/1725/1506 1724/1645/1455
f 1724/1645/1455 1804/1725/1506 1805/1726/1507 1725/1646/1456
f 1725/1646/1456 1805/1726/1507 1806/1727/1508 1726/1647/1457
f 1726/1647/1457 1806/1727/1508 1807/1728/1509 1727/1648/1458
f 1727/1648/1458 1807/1728/1509 1808/1729/1510 1728/1649/1459
f 1728/1649/1459 1808/1729/1510 1809/1730/1511 1729/1650/1460
f 1729/1650/1460 1809/1730/1511 1810/1731/1512 1730/1651/1461
f 1730/1651/1461 1810/1731/1512 1811/1732/193 1731/1652/1462
f 1731/1652/1462 1811/1732/193 1812/1733/3 1732/1653/3
f 1732/1653/3 1812/1733/3 1813/1734/3 1733/1654/3
f 1733/1654/3 1813/1734/3 1814/1735/3 1734/1655/3
f 1734/1655/3 1814/1735/3 1815/1736/3 1735/1656/3
f 1735/1656/3 1815/1736/3 1816/1737/3 1736/1657/3
f 1736/1657/3 1816/1737/3 1817/1738/3 1737/1658/3
f 1737/1658/3 1817/1738/3 1818/1739/3 1738/1659/3
f 1738/1659/3 1818/1739/3 1819/1740/3 1739/1660/3
f 1739/1660/3 1819/1740/3 1820/1741/3 1740/1661/3
f 1740/1661/3 1820/1741/3 1821/1742/3 1741/1662/3
f 1741/1662/3 1821/1742/3 1822/1743/3 1742/1663/3
f 1742/1663/3 1822/1743/3 1823/1744/3 1743/1664/3
f 1743/1664/3 1823/1744/3 1824/1745/3 1744/1665/1463
f 1744/1665/1463 1824/1745/3 1825/1746/1513 1745/1666/1464
f 1745/1666/1464 1825/1746/1513 1826/1747/1514 1746/1667/1465
f 1746/1667/1465 1826/1747/1514 1827/1748/1515 1747/1668/1466
f 1747/1668/1466 1827/1748/1515 1828/1749/1516 1748/1669/1467
f 1748/1669/1467 1828/1749/1516 1829/1750/1517 1749/1670/1468
f 1749/1670/1468 1829/1750/1517 1830/1751/1518 1750/1671/1469
f 1750/1671/1469 1830/1751/1518 1831/1752/1519 1751/1672/1470
f 1751/1672/1470 1831/1752/1519 1832/1753/1520 1752/1673/1471
f 1752/1673/1471 1832/1753/1520 1833/1754/1521 1753/1674/1472
f 1753/1674/1472 1833/1754/1521 1834/1755/1522 1754/1675/1473
f 1754/1675/1473 1834/1755/1522 1835/1756/1523 1755/1676/1474
f 1755/1676/1474 1835/1756/1523 1836/1757/1524 1756/1677/1475
f 1756/1677/1475 1836/1757/1524 1837/1758/1525 1757/1678/1476
f 1757/1678/1476 1837/1758/1525 1838/1759/1526 1758/1679/1477
f 1758/1679/1477 1838/1759/1526 1839/1760/1527 1759/1680/1478
f 1759/1680/1478 1839/1760/1527 1840/1761/1528 1760/1681/1479
f 1760/1681/1479 1840/1761/1528 1841/1762/1529 1761/1682/1480
f 1761/1682/1480 1841/1762/1529 1842/1763/1530 1762/1683/1481
f 1762/1683/1481 1842/1763/1530 1843/1764/1531 1763/1684/1482
f 1763/1684/1482 1843/1764/1531 1844/43/1532 1764/41/1483
f 103/1685/87 104/1765/88 1845/1766/1533 1765/1686/1484
f 1765/1686/1484 1845/1766/1533 1846/1767/1534 1766/1687/1485
f 1766/1687/1485 1846/1767/1534 1847/1768/1535 1767/1688/1486
f 1767/1688/1486 1847/1768/1535 1848/1769/1536 1768/1689/1487
f 1768/1689/1487 1848/1769/1536 1849/1770/1537 1769/1690/1488
f 1769/1690/1488 1849/1770/1537 1850/1771/1538 1770/1691/1489
f 1770/1691/1489 1850/1771/1538 1851/1772/1539 1771/1692/1490
f 1771/1692/1490 1851/1772/1539 1852/1773/1540 1772/1693/1491
f 1772/1693/1491 1852/1773/1540 1853/1774/1541 1773/1694/1492
f 1773/1694/1492 1853/1774/1541 1854/1775/1542 1774/1695/1493
f 1774/1695/1493 1854/1775/1542 1855/1776/1543 1775/1696/1494
f 1775/1696/1494 1855/1776/1543 1856/1777/1544 1776/1697/1495
f 1776/1697/1495 1856/1777/1544 1857/1778/1545 1777/1698/1496
f 1777/1698/1496 1857/1778/1545 1858/1779/1546 1778/1699/1497
f 1778/1699/1497 1858/1779/1546 1859/1780/1547 1779/1700/1498
f 1779/1700/1498 1859/1780/1547 1860/1781/1548 1780/1701/1499
f 1780/1701/1499 1860/1781/1548 1861/1782/1549 1781/1702/1500
f 1781/1702/1500 1861/1782/1549 1862/1783/1550 1782/1703/1501
f 1782/1703/1501 1862/1783/1550 1863/1784/3 1783/1704/1502
f 1783/1704/1502 1863/1784/3 1864/1785/3 1784/1705/1503
f 1784/1705/1503 1864/1785/3 1865/1786/3 1785/1706/3
f 1785/1706/3 1865/1786/3 1866/1787/3 1786/1707/3
f 1786/1707/3 1866/1787/3 1867/1788/3 1787/1708/3
f 1787/1708/3 1867/1788/3 1868/1789/3 1788/1709/3
f 1788/1709/3 1868/1789/3 1869/1790/3 1789/1710/3
f 1789/1710/3 1869/1790/3 1870/1791/3 1790/1711/3
f 1790/1711/3 1870/1791/3 1871/1792/3 1791/1712/3
f 1791/1712/3 1871/1792/3 1872/1793/3 1792/1713/3
f 1792/1713/3 1872/1793/3 1873/1794/3 1793/1714/3
f 1793/1714/3 1873/1794/3 1874/1795/3 1794/1715/3
f 1794/1715/3 1874/1795/3 1875/1796/3 1795/1716/3
f 1795/1716/3 1875/1796/3 1876/1797/3 1796/1717/3
f 1796/1717/3 1876/1797/3 1877/1798/3 1797/1718/3
f 1797/1718/3 1877/1798/3 1878/1799/3 1798/1719/3
f 1798/1719/3 1878/1799/3 1879/1800/3 1799/1720/3
f 1799/1720/3 1879/1800/3 1880/1801/3 1800/1721/3
f 1800/1721/3 1880/1801/3 1881/1802/3 1801/1722/163
f 1801/1722/163 1881/1802/3 1882/1803/163 1802/1723/1504
f 1802/1723/1504 1882/1803/163 1883/1804/1551 1803/1724/1505
f 1803/1724/1505 1883/1804/1551 1884/1805/1552 1804/1725/1506
f 1804/1725/1506 1884/1805/1552 1885/1806/1553 1805/1726/1507
f 1805/1726/1507 1885/1806/1553 1886/1807/1554 1806/1727/1508
f 1806/1727/1508 1886/1807/1554 1887/1808/1555 1807/1728/1509
f 1807/1728/1509 1887/1808/1555 1888/1809/1556 1808/1729/1510
f 1808/1729/1510 1888/1809/1556 1889/1810/1557 1809/1730/1511
f 1809/1730/1511 1889/1810/1557 1890/1811/1558 1810/1731/1512
f 1810/1731/1512 1890/1811/1558 1891/1812/3 1811/1732/193
f 1811/1732/193 1891/1812/3 1892/1813/3 1812/1733/3
f 1812/1733/3 1892/1813/3 1893/1814/3 1813/1734/3
f 1813/1734/3 1893/1814/3 1894/1815/3 1814/1735/3
f 1814/1735/3 1894/1815/3 1895/1816/3 1815/1736/3
f 1815/1736/3 1895/1816/3 1896/1817/3 1816/1737/3
f 1816/1737/3 1896/1817/3 1897/1818/3 1817/1738/3
f 1817/1738/3 1897/1818/3 1898/1819/3 1818/1739/3
f 1818/1739/3 1898/1819/3 1899/1820/3 1819/1740/3
f 1819/1740/3 1899/1820/3 1900/1821/3 1820/1741/3
f 1820/1741/3 1900/1821/3 1901/1822/3 1821/1742/3
f 1821/1742/3 1901/1822/3 1902/1823/3 1822/1743/3
f 1822/1743/3 1902/1823/3 1903/1824/3 1823/1744/3
f 1823/1744/3 1903/1824/3 1904/1825/3 1824/1745/3
f 1824/1745/3 1904/1825/3 1905/1826/163 1825/1746/1513
f 1825/1746/1513 1905/1826/163 1906/1827/1559 1826/1747/1514
f 1826/1747/1514 1906/1827/1559 1907/1828/1560 1827/1748/1515
f 1827/1748/1515 1907/1828/1560 1908/1829/1561 1828/1749/1516
f 1828/1749/1516 1908/1829/1561 1909/1830/1562 1829/1750/1517
f 1829/1750/1517 1909/1830/1562 1910/1831/1563 1830/1751/1518
f 1830/1751/1518 1910/1831/1563 1911/1832/1564 1831/1752/1519
f 1831/1752/1519 1911/1832/1564 1912/1833/1565 1832/1753/1520
f 1832/1753/1520 1912/1833/1565 1913/1834/1566 1833/1754/1521
f 1833/1754/1521 1913/1834/1566 1914/1835/1567 1834/1755/1522
f 1834/1755/1522 1914/1835/1567 1915/1836/1568 1835/1756/1523
f 1835/1756/1523 1915/1836/1568 1916/1837/1569 1836/1757/1524
f 1836/1757/1524 1916/1837/1569 1917/1838/1570 1837/1758/1525
f 1837/1758/1525 1917/1838/1570 1918/1839/1571 1838/1759/1526
f 1838/1759/1526 1918/1839/1571 1919/1840/1572 1839/1760/1527
f 1839/1760/1527 1919/1840/1572 1920/1841/1573 1840/1761/1528
f 1840/1761/1528 1920/1841/1573 1921/1842/1574 1841/1762/1529
f 1841/1762/1529 1921/1842/1574 1922/1843/1575 1842/1763/1530
f 1842/1763/1530 1922/1843/1575 1923/1844/1576 1843/1764/1531
f 1843/1764/1531 1923/1844/1576 1924/45/1577 1844/43/1532
f 104/1765/88 105/1845/89 1925/1846/1578 1845/1766/1533
f 1845/1766/1533 1925/1846/1578 1926/1847/1579 1846/1767/1534
f 1846/1767/1534 1926/1847/1579 1927/1848/1580 1847/1768/1535
f 1847/1768/1535 1927/1848/1580 1928/1849/1581 1848/1769/1536
f 1848/1769/1536 1928/1849/1581 1929/1850/1582 1849/1770/1537
f 1849/1770/1537 1929/1850/1582 1930/1851/1583 1850/1771/1538
f 1850/1771/1538 1930/1851/1583 1931/1852/1584 1851/1772/1539
f 1851/1772/1539 1931/1852/1584 1932/1853/1585 1852/1773/1540
f 1852/1773/1540 1932/1853/1585 1933/1854/1586 1853/1774/1541
f 1853/1774/1541 1933/1854/1586 1934/1855/1587 1854/1775/1542
f 1854/1775/1542 1934/1855/1587 1935/1856/1588 1855/1776/1543
f 1855/1776/1543 1935/1856/1588 1936/1857/1589 1856/1777/1544
f 1856/1777/1544 1936/1857/1589 1937/1858/1590 1857/1778/1545
f 1857/1778/1545 1937/1858/1590 1938/1859/1591 1858/1779/1546
f 1858/1779/1546 1938/1859/1591 1939/1860/1592 1859/1780/1547
f 1859/1780/1547 1939/1860/1592 1940/1861/1593 1860/1781/1548
f 1860/1781/1548 1940/1861/1593 1941/1862/3 1861/1782/1549
f 1861/1782/1549 1941/1862/3 1942/1863/3 1862/1783/1550
f 1862/1783/1550 1942/1863/3 1943/1864/3 1863/1784/3
f 1863/1784/3 1943/1864/3 1944/1865/3 1864/1785/3
f 1864/1785/3 1944/1865/3 1945/1866/3 1865/1786/3
f 1865/1786/3 1945/1866/3 1946/1867/3 1866/1787/3
f 1866/1787/3 1946/1867/3 1947/1868/3 1867/1788/3
f 1867/1788/3 1947/1868/3 1948/1869/3 1868/1789/3
f 1868/1789/3 1948/1869/3 1949/1870/3 1869/1790/3
f 1869/1790/3 1949/1870/3 1950/1871/3 1870/1791/3
f 1870/1791/3 1950/1871/3 1951/1872/3 1871/1792/3
f 1871/1792/3 1951/1872/3 1952/1873/3 1872/1793/3
f 1872/1793/3 1952/1873/3 1953/1874/3 1873/1794/3
f 1873/1794/3 1953/1874/3 1954/1875/3 1874/1795/3
f 1874/1795/3 1954/1875/3 1955/1876/3 1875/1796/3
f 1875/1796/3 1955/1876/3 1956/1877/3 1876/1797/3
f 1876/1797/3 1956/1877/3 1957/1878/3 1877/1798/3
f 1877/1798/3 1957/1878/3 1958/1879/3 1878/1799/3
f 1878/1799/3 1958/1879/3 1959/1880/3 1879/1800/3
f 1879/1800/3 1959/1880/3 1960/1881/3 1880/1801/3
f 1880/1801/3 1960/1881/3 1961/1882/3 1881/1802/3
f 1881/1802/3 1961/1882/3 1962/1883/3 1882/1803/163
f 1882/1803/163 1962/1883/3 1963/1884/3 1883/1804/1551
f 1883/1804/1551 1963/1884/3 1964/1885/3 1884/1805/1552
f 1884/1805/1552 1964/1885/3 1965/1886/1594 1885/1806/1553
f 1885/1806/1553 1965/1886/1594 1966/1887/1595 1886/1807/1554
f 1886/1807/1554 1966/1887/1595 1967/1888/1596 1887/1808/1555
f 1887/1808/1555 1967/1888/1596 1968/1889/1597 1888/1809/1556
f 1888/1809/1556 1968/1889/1597 1969/1890/3 1889/1810/1557
f 1889/1810/1557 1969/1890/3 1970/1891/3 1890/1811/1558
f 1890/1811/1558 1970/1891/3 1971/1892/3 1891/1812/3
f 1891/1812/3 1971/1892/3 1972/1893/3 1892/1813/3
f 1892/1813/3 1972/1893/3 1973/1894/3 1893/1814/3
f 1893/1814/3 1973/1894/3 1974/1895/3 1894/1815/3
f 1894/1815/3 1974/1895/3 1975/1896/3 1895/1816/3
f 1895/1816/3 1975/1896/3 1976/1897/3 1896/1817/3
f 1896/1817/3 1976/1897/3 1977/1898/3 1897/1818/3
f 1897/1818/3 1977/1898/3 1978/1899/3 1898/1819/3
f 1898/1819/3 1978/1899/3 1979/1900/3 1899/1820/3
f 1899/1820/3 1979/1900/3 1980/1901/3 1900/1821/3
f 1900/1821/3 1980/1901/3 1981/1902/3 1901/1822/3
f 1901/1822/3 1981/1902/3 1982/1903/3 1902/1823/3
f 1902/1823/3 1982/1903/3 1983/1904/3 1903/1824/3
f 1903/1824/3 1983/1904/3 1984/1905/3 1904/1825/3
f 1904/1825/3 1984/1905/3 1985/1906/3 1905/1826/163
f 1905/1826/163 1985/1906/3 1986/1907/1598 1906/1827/1559
f 1906/1827/1559 1986/1907/1598 1987/1908/1599 1907/1828/1560
f 1907/1828/1560 1987/1908/1599 1988/1909/1600 1908/1829/1561
f 1908/1829/1561 1988/1909/1600 1989/1910/1601 1909/1830/1562
f 1909/1830/1562 1989/1910/1601 1990/1911/1602 1910/1831/1563
f 1910/1831/1563 1990/1911/1602 1991/1912/1603 1911/1832/1564
f 1911/1832/1564 1991/1912/1603 1992/1913/1604 1912/1833/1565
f 1912/1833/1565 1992/1913/1604 1993/1914/1605 1913/1834/1566
f 1913/1834/1566 1993/1914/1605 1994/1915/1606 1914/1835/1567
f 1914/1835/1567 1994/1915/1606 1995/1916/1607 1915/1836/1568
f 1915/1836/1568 1995/1916/1607 1996/1917/1608 1916/1837/1569
f 1916/1837/1569 1996/1917/1608 1997/1918/1609 1917/1838/1570
f 1917/1838/1570 1997/1918/1609 1998/1919/1610 1918/1839/1571
f 1918/1839/1571 1998/1919/1610 1999/1920/1611 1919/1840/1572
f 1919/1840/1572 1999/1920/1611 2000/1921/1612 1920/1841/1573
f 1920/1841/1573 2000/1921/1612 2001/1922/1613 1921/1842/1574
f 1921/1842/1574 2001/1922/1613 2002/1923/1614 1922/1843/1575
f 1922/1843/1575 2002/1923/1614 2003/1924/1615 1923/1844/1576
f 1923/1844/1576 2003/1924/1615 2004/47/1616 1924/45/1577
f 105/1845/89 106/1925/90 2005/1926/1617 1925/1846/1578
f 1925/1846/1578 2005/1926/1617 2006/1927/1618 1926/1847/1579
f 1926/1847/1579 2006/1927/1618 2007/1928/1619 1927/1848/1580
f 1927/1848/1580 2007/1928/1619 2008/1929/1620 1928/1849/1581
f 1928/1849/1581 2008/1929/1620 2009/1930/1621 1929/1850/1582
f 1929/1850/1582 2009/1930/1621 2010/1931/1622 1930/1851/1583
f 1930/1851/1583 2010/1931/1622 2011/1932/1623 1931/1852/1584
f 1931/1852/1584 2011/1932/1623 2012/1933/1624 1932/1853/1585
f 1932/1853/1585 2012/1933/1624 2013/1934/1625 1933/1854/1586
f 1933/1854/1586 2013/1934/1625 2014/1935/1626 1934/1855/1587
f 1934/1855/1587 2014/1935/1626 2015/1936/1627 1935/1856/1588
f 1935/1856/1588 2015/1936/1627 2016/1937/1628 1936/1857/1589
f 1936/1857/1589 2016/1937/1628 2017/1938/1629 1937/1858/1590
f 1937/1858/1590 2017/1938/1629 2018/1939/1630 1938/1859/1591
f 1938/1859/1591 2018/1939/1630 2019/1940/1631 1939/1860/1592
f 1939/1860/1592 2019/1940/1631 2020/1941/1632 1940/1861/1593
f 1940/1861/1593 2020/1941/1632 2021/1942/3 1941/1862/3
f 1941/1862/3 2021/1942/3 2022/1943/3 1942/1863/3
f 1942/1863/3 2022/1943/3 2023/1944/3 1943/1864/3
f 1943/1864/3 2023/1944/3 2024/1945/3 1944/1865/3
f 1944/1865/3 2024/1945/3 2025/1946/3 1945/1866/3
f 1945/1866/3 2025/1946/3 2026/1947/3 1946/1867/3
f 1946/1867/3 2026/1947/3 2027/1948/3 1947/1868/3
f 1947/1868/3 2027/1948/3 2028/1949/3 1948/1869/3
f 1948/1869/3 2028/1949/3 2029/1950/3 1949/1870/3
f 1949/1870/3 2029/1950/3 2030/1951/3 1950/1871/3
f 1950/1871/3 2030/1951/3 2031/1952/3 1951/1872/3
f 1951/1872/3 2031/1952/3 2032/1953/3 1952/1873/3
f 1952/1873/3 2032/1953/3 2033/1954/3 1953/1874/3
f 1953/1874/3 2033/1954/3 2034/1955/3 1954/1875/3
f 1954/1875/3 2034/1955/3 2035/1956/3 1955/1876/3
f 1955/1876/3 2035/1956/3 2036/1957/3 1956/1877/3
f 1956/1877/3 2036/1957/3 2037/1958/3 1957/1878/3
f 1957/1878/3 2037/1958/3 2038/1959/3 1958/1879/3
f 1958/1879/3 2038/1959/3 2039/1960/3 1959/1880/3
f 1959/1880/3 2039/1960/3 2040/1961/3 1960/1881/3
f 1960/1881/3 2040/1961/3 2041/1962/3 1961/1882/3
f 1961/1882/3 2041/1962/3 2042/1963/3 1962/1883/3
f 1962/1883/3 2042/1963/3 2043/1964/3 1963/1884/3
f 1963/1884/3 2043/1964/3 2044/1965/3 1964/1885/3
f 1964/1885/3 2044/1965/3 2045/1966/3 1965/1886/1594
f 1965/1886/1594 2045/1966/3 2046/1967/3 1966/1887/1595
f 1966/1887/1595 2046/1967/3 2047/1968/3 1967/1888/1596
f 1967/1888/1596 2047/1968/3 2048/1969/3 1968/1889/1597
f 1968/1889/1597 2048/1969/3 2049/1970/3 1969/1890/3
f 1969/1890/3 2049/1970/3 2050/1971/3 1970/1891/3
f 1970/1891/3 2050/1971/3 2051/1972/3 1971/1892/3
f 1971/1892/3 2051/1972/3 2052/1973/3 1972/1893/3
f 1972/1893/3 2052/1973/3 2053/1974/3 1973/1894/3
f 1973/1894/3 2053/1974/3 2054/1975/3 1974/1895/3
f 1974/1895/3 2054/1975/3 2055/1976/3 1975/1896/3
f 1975/1896/3 2055/1976/3 2056/1977/3 1976/1897/3
f 1976/1897/3 2056/1977/3 2057/1978/3 1977/1898/3
f 1977/1898/3 2057/1978/3 2058/1979/3 1978/1899/3
f 1978/1899/3 2058/1979/3 2059/1980/3 1979/1900/3
f 1979/1900/3 2059/1980/3 2060/1981/3 1980/1901/3
f 1980/1901/3 2060/1981/3 2061/1982/3 1981/1902/3
f 1981/1902/3 2061/1982/3 2062/1983/3 1982/1903/3
f 1982/1903/3 2062/1983/3 2063/1984/3 1983/1904/3
f 1983/1904/3 2063/1984/3 2064/1985/3 1984/1905/3
f 1984/1905/3 2064/1985/3 2065/1986/3 1985/1906/3
f 1985/1906/3 2065/1986/3 2066/1987/163 1986/1907/1598
f 1986/1907/1598 2066/1987/163 2067/1988/1633 1987/1908/1599
f 1987/1908/1599 2067/1988/1633 2068/1989/1634 1988/1909/1600
f 1988/1909/1600 2068/1989/1634 2069/1990/1635 1989/1910/1601
f 1989/1910/1601 2069/1990/1635 2070/1991/1636 1990/1911/1602
f 1990/1911/1602 2070/1991/1636 2071/1992/1637 1991/1912/1603
f 1991/1912/1603 2071/1992/1637 2072/1993/1638 1992/1913/1604
f 1992/1913/1604 2072/1993/1638 2073/1994/1639 1993/1914/1605
f 1993/1914/1605 2073/1994/1639 2074/1995/1640 1994/1915/1606
f 1994/1915/1606 2074/1995/1640 2075/1996/1641 1995/1916/1607
f 1995/1916/1607 2075/1996/1641 2076/1997/1642 1996/1917/1608
f 1996/1917/1608 2076/1997/1642 2077/1998/1643 1997/1918/1609
f 1997/1918/1609 2077/1998/1643 2078/1999/1644 1998/1919/1610
f 1998/1919/1610 2078/1999/1644 2079/2000/1645 1999/1920/1611
f 1999/1920/1611 2079/2000/1645 2080/2001/1646 2000/1921/1612
f 2000/1921/1612 2080/2001/1646 2081/2002/1647 2001/1922/1613
f 2001/1922/1613 2081/2002/1647 2082/2003/1648 2002/1923/1614
f 2002/1923/1614 2082/2003/1648 2083/2004/1649 2003/1924/1615
f 2003/1924/1615 2083/2004/1649 2084/49/1650 2004/47/1616
f 106/1925/90 107/2005/91 2085/2006/1651 2005/1926/1617
f 2005/1926/1617 2085/2006/1651 2086/2007/1652 2006/1927/1618
f 2006/1927/1618 2086/2007/1652 2087/2008/1653 2007/1928/1619
f 2007/1928/1619 2087/2008/1653 2088/2009/1654 2008/1929/1620
f 2008/1929/1620 2088/2009/1654 2089/2010/1655 2009/1930/1621
f 2009/1930/1621 2089/2010/1655 2090/2011/1656 2010/1931/1622
f 2010/1931/1622 2090/2011/1656 2091/2012/1657 2011/1932/1623
f 2011/1932/1623 2091/2012/1657 2092/2013/1658 2012/1933/1624
f 2012/1933/1624 2092/2013/1658 2093/2014/1659 2013/1934/1625
f 2013/1934/1625 2093/2014/1659 2094/2015/1660 2014/1935/1626
f 2014/1935/1626 2094/2015/1660 2095/2016/1661 2015/1936/1627
f 2015/1936/1627 2095/2016/1661 2096/2017/1662 2016/1937/1628
f 2016/1937/1628 2096/2017/1662 2097/2018/1663 2017/1938/1629
f 2017/1938/1629 2097/2018/1663 2098/2019/1664 2018/1939/1630
f 2018/1939/1630 2098/2019/1664 2099/2020/1665 2019/1940/1631
f 2019/1940/1631 2099/2020/1665 2100/2021/1666 2020/1941/1632
f 2020/1941/1632 2100/2021/1666 2101/2022/3 2021/1942/3
f 2021/1942/3 2101/2022/3 2102/2023/3 2022/1943/3
f 2022/1943/3 2102/2023/3 2103/2024/3 2023/1944/3
f 2023/1944/3 2103/2024/3 2104/2025/3 2024/1945/3
f 2024/1945/3 2104/2025/3 2105/2026/3 2025/1946/3
f 2025/1946/3 2105/2026/3 2106/2027/3 2026/1947/3
f 2026/1947/3 2106/2027/3 2107/2028/3 2027/1948/3
f 2027/1948/3 2107/2028/3 2108/2029/3 2028/1949/3
f 2028/1949/3 2108/2029/3 2109/2030/3 2029/1950/3
f 2029/1950/3 2109/2030/3 2110/2031/3 2030/1951/3
f 2030/1951/3 2110/2031/3 2111/2032/3 2031/1952/3
f 2031/1952/3 2111/2032/3 2112/2033/3 2032/1953/3
f 2032/1953/3 2112/2033/3 2113/2034/3 2033/1954/3
f 2033/1954/3 2113/2034/3 2114/2035/3 2034/1955/3
f 2034/1955/3 2114/2035/3 2115/2036/3 2035/1956/3
f 2035/1956/3 2115/2036/3 2116/2037/3 2036/1957/3
f 2036/1957/3 2116/2037/3 2117/2038/3 2037/1958/3
f 2037/1958/3 2117/2038/3 2118/2039/3 2038/1959/3
f 2038/1959/3 2118/2039/3 2119/2040/3 2039/1960/3
f 2039/1960/3 2119/2040/3 2120/2041/3 2040/1961/3
f 2040/1961/3 2120/2041/3 2121/2042/3 2041/1962/3
f 2041/1962/3 2121/2042/3 2122/2043/3 2042/1963/3
f 2042/1963/3 2122/2043/3 2123/2044/3 2043/1964/3
f 2043/1964/3 2123/2044/3 2124/2045/3 2044/1965/3
f 2044/1965/3 2124/2045/3 2125/2046/3 2045/1966/3
f 2045/1966/3 2125/2046/3 2126/2047/3 2046/1967/3
f 2046/1967/3 2126/2047/3 2127/2048/3 2047/1968/3
f 2047/1968/3 2127/2048/3 2128/2049/3 2048/1969/3
f 2048/1969/3 2128/2049/3 2129/2050/3 2049/1970/3
f 2049/1970/3 2129/2050/3 2130/2051/3 2050/1971/3
f 2050/1971/3 2130/2051/3 2131/2052/3 2051/1972/3
f 2051/1972/3 2131/2052/3 2132/2053/3 2052/1973/3
f 2052/1973/3 2132/2053/3 2133/2054/3 2053/1974/3
f 2053/1974/3 2133/2054/3 2134/2055/3 2054/1975/3
f 2054/1975/3 2134/2055/3 2135/2056/3 2055/1976/3
f 2055/1976/3 2135/2056/3 2136/2057/3 2056/1977/3
f 2056/1977/3 2136/2057/3 2137/2058/3 2057/1978/3
f 2057/1978/3 2137/2058/3 2138/2059/3 2058/1979/3
f 2058/1979/3 2138/2059/3 2139/2060/3 2059/1980/3
f 2059/1980/3 2139/2060/3 2140/2061/3 2060/1981/3
f 2060/1981/3 2140/2061/3 2141/2062/3 2061/1982/3
f 2061/1982/3 2141/2062/3 2142/2063/3 2062/1983/3
f 2062/1983/3 2142/2063/3 2143/2064/3 2063/1984/3
f 2063/1984/3 2143/2064/3 2144/2065/3 2064/1985/3
f 2064/1985/3 2144/2065/3 2145/2066/3 2065/1986/3
f 2065/1986/3 2145/2066/3 2146/2067/3 2066/1987/163
f 2066/1987/163 2146/2067/3 2147/2068/1667 2067/1988/1633
f 2067/1988/1633 2147/2068/1667 2148/2069/1668 2068/1989/1634
f 2068/1989/1634 2148/2069/1668 2149/2070/1669 2069/1990/1635
f 2069/1990/1635 2149/2070/1669 2150/2071/1670 2070/1991/1636
f 2070/1991/1636 2150/2071/1670 2151/2072/1671 2071/1992/1637
f 2071/1992/1637 2151/2072/1671 2152/2073/1672 2072/1993/1638
f 2072/1993/1638 2152/2073/1672 2153/2074/1673 2073/1994/1639
f 2073/1994/1639 2153/2074/1673 2154/2075/1674 2074/1995/1640
f 2074/1995/1640 2154/2075/1674 2155/2076/1675 2075/1996/1641
f 2075/1996/1641 2155/2076/1675 2156/2077/1676 2076/1997/1642
f 2076/1997/1642 2156/2077/1676 2157/2078/1677 2077/1998/1643
f 2077/1998/1643 2157/2078/1677 2158/2079/1678 2078/1999/1644
f 2078/1999/1644 2158/2079/1678 2159/2080/1679 2079/2000/1645
f 2079/2000/1645 2159/2080/1679 2160/2081/1680 2080/2001/1646
f 2080/2001/1646 2160/2081/1680 2161/2082/1681 2081/2002/1647
f 2081/2002/1647 2161/2082/1681 2162/2083/1682 2082/2003/1648
f 2082/2003/1648 2162/2083/1682 2163/2084/1683 2083/2004/1649
f 2083/2004/1649 2163/2084/1683 2164/51/1684 2084/49/1650
f 107/2005/91 108/2085/92 2165/2086/1685 2085/2006/1651
f 2085/2006/1651 2165/2086/1685 2166/2087/1686 2086/2007/1652
f 2086/2007/1652 2166/2087/1686 2167/2088/1687 2087/2008/1653
f 2087/2008/1653 2167/2088/1687 2168/2089/1688 2088/2009/1654
f 2088/2009/1654 2168/2089/1688 2169/2090/1689 2089/2010/1655
f 2089/2010/1655 2169/2090/1689 2170/2091/1690 2090/2011/1656
f 2090/2011/1656 2170/2091/1690 2171/2092/1691 2091/2012/1657
f 2091/2012/1657 2171/2092/1691 2172/2093/1692 2092/2013/1658
f 2092/2013/1658 2172/2093/1692 2173/2094/1693 2093/2014/1659
f 2093/2014/1659 2173/2094/1693 2174/2095/1694 2094/2015/1660
f 2094/2015/1660 2174/2095/1694 2175/2096/1695 2095/2016/1661
f 2095/2016/1661 2175/2096/1695 2176/2097/1696 2096/2017/1662
f 2096/2017/1662 2176/2097/1696 2177/2098/1697 2097/2018/1663
f 2097/2018/1663 2177/2098/1697 2178/2099/1698 2098/2019/1664
f 2098/2019/1664 2178/2099/1698 2179/2100/1699 2099/2020/1665
f 2099/2020/1665 2179/2100/1699 2180/2101/1700 2100/2021/1666
f 2100/2021/1666 2180/2101/1700 2181/2102/3 2101/2022/3
f 2101/2022/3 2181/2102/3 2182/2103/3 2102/2023/3
f 2102/2023/3 2182/2103/3 2183/2104/3 2103/2024/3
f 2103/2024/3 2183/2104/3 2184/2105/3 2104/2025/3
f 2104/2025/3 2184/2105/3 2185/2106/3 2105/2026/3
f 2105/2026/3 2185/2106/3 2186/2107/3 2106/2027/3
f 2106/2027/3 2186/2107/3 2187/2108/3 2107/2028/3
f 2107/2028/3 2187/2108/3 2188/2109/3 2108/2029/3
f 2108/2029/3 2188/2109/3 2189/2110/3 2109/2030/3
f 2109/2030/3 2189/2110/3 2190/2111/3 2110/2031/3
f 2110/2031/3 2190/2111/3 2191/2112/3 2111/2032/3
f 2111/2032/3 2191/2112/3 2192/2113/3 2112/2033/3
f 2112/2033/3 2192/2113/3 2193/2114/3 2113/2034/3
f 2113/2034/3 2193/2114/3 2194/2115/3 2114/2035/3
f 2114/2035/3 2194/2115/3 2195/2116/3 2115/2036/3
f 2115/2036/3 2195/2116/3 2196/2117/3 2116/2037/3
f 2116/2037/3 2196/2117/3 2197/2118/3 2117/2038/3
f 2117/2038/3 2197/2118/3 2198/2119/3 2118/2039/3
f 2118/2039/3 2198/2119/3 2199/2120/3 2119/2040/3
f 2119/2040/3 2199/2120/3 2200/2121/3 2120/2041/3
f 2120/2041/3 2200/2121/3 2201/2122/3 2121/2042/3
f 2121/2042/3 2201/2122/3 2202/2123/3 2122/2043/3
f 2122/2043/3 2202/2123/3 2203/2124/3 2123/2044/3
f 2123/2044/3 2203/2124/3 2204/2125/3 2124/2045/3
f 2124/2045/3 2204/2125/3 2205/2126/3 2125/2046/3
f 2125/2046/3 2205/2126/3 2206/2127/3 2126/2047/3
f 2126/2047/3 2206/2127/3 2207/2128/3 2127/2048/3
f 2127/2048/3 2207/2128/3 2208/2129/3 2128/2049/3
f 2128/2049/3 2208/2129/3 2209/2130/3 2129/2050/3
f 2129/2050/3 2209/2130/3 2210/2131/3 2130/2051/3
f 2130/2051/3 2210/2131/3 2211/2132/3 2131/2052/3
f 2131/2052/3 2211/2132/3 2212/2133/3 2132/2053/3
f 2132/2053/3 2212/2133/3 2213/2134/3 2133/2054/3
f 2133/2054/3 2213/2134/3 2214/2135/3 2134/2055/3
f 2134/2055/3 2214/2135/3 2215/2136/3 2135/2056/3
f 2135/2056/3 2215/2136/3 2216/2137/3 2136/2057/3
f 2136/2057/3 2216/2137/3 2217/2138/3 2137/2058/3
f 2137/2058/3 2217/2138/3 2218/2139/3 2138/2059/3
f 2138/2059/3 2218/2139/3 2219/2140/3 2139/2060/3
f 2139/2060/3 2219/2140/3 2220/2141/3 2140/2061/3
f 2140/2061/3 2220/2141/3 2221/2142/3 2141/2062/3
f 2141/2062/3 2221/2142/3 2222/2143/3 2142/2063/3
f 2142/2063/3 2222/2143/3 2223/2144/3 2143/2064/3
f 2143/2064/3 2223/2144/3 2224/2145/3 2144/2065/3
f 2144/2065/3 2224/2145/3 2225/2146/3 2145/2066/3
f 2145/2066/3 2225/2146/3 2226/2147/3 2146/2067/3
f 2146/2067/3 2226/2147/3 2227/2148/1701 2147/2068/1667
f 2147/2068/1667 2227/2148/1701 2228/2149/1702 2148/2069/1668
f 2148/2069/1668 2228/2149/1702 2229/2150/1703 2149/2070/1669
f 2149/2070/1669 2229/2150/1703 2230/2151/1704 2150/2071/1670
f 2150/2071/1670 2230/2151/1704 2231/2152/1705 2151/2072/1671
f 2151/2072/1671 2231/2152/1705 2232/2153/1706 2152/2073/1672
f 2152/2073/1672 2232/2153/1706 2233/2154/1707 2153/2074/1673
f 2153/2074/1673 2233/2154/1707 2234/2155/1708 2154/2075/1674
f 2154/2075/1674 2234/2155/1708 2235/2156/1709 2155/2076/1675
f 2155/2076/1675 2235/2156/1709 2236/2157/1710 2156/2077/1676
f 2156/2077/1676 2236/2157/1710 2237/2158/1711 2157/2078/1677
f 2157/2078/1677 2237/2158/1711 2238/2159/1712 2158/2079/1678
f 2158/2079/1678 2238/2159/1712 2239/2160/1713 2159/2080/1679
f 2159/2080/1679 2239/2160/1713 2240/2161/1714 2160/2081/1680
f 2160/2081/1680 2240/2161/1714 2241/2162/1715 2161/2082/1681
f 2161/2082/1681 2241/2162/1715 2242/2163/1716 2162/2083/1682
f 2162/2083/1682 2242/2163/1716 2243/2164/1717 2163/2084/1683
f 2163/2084/1683 2243/2164/1717 2244/53/1718 2164/51/1684
f 108/2085/92 109/2165/93 2245/2166/1719 2165/2086/1685
f 2165/2086/1685 2245/2166/1719 2246/2167/1720 2166/2087/1686
f 2166/2087/1686 2246/2167/1720 2247/2168/1721 2167/2088/1687
f 2167/2088/1687 2247/2168/1721 2248/2169/1722 2168/2089/1688
f 2168/2089/1688 2248/2169/1722 2249/2170/1723 2169/2090/1689
f 2169/2090/1689 2249/2170/1723 2250/2171/1724 2170/2091/1690
f 2170/2091/1690 2250/2171/1724 2251/2172/1725 2171/2092/1691
f 2171/2092/1691 2251/2172/1725 2252/2173/1726 2172/2093/1692
f 2172/2093/1692 2252/2173/1726 2253/2174/1727 2173/2094/1693
f 2173/2094/1693 2253/2174/1727 2254/2175/1728 2174/2095/1694
f 2174/2095/1694 2254/2175/1728 2255/2176/1729 2175/2096/1695
f 2175/2096/1695 2255/2176/1729 2256/2177/1730 2176/2097/1696
f 2176/2097/1696 2256/2177/1730 2257/2178/1731 2177/2098/1697
f 2177/2098/1697 2257/2178/1731 2258/2179/1732 2178/2099/1698
f 2178/2099/1698 2258/2179/1732 2259/2180/1733 2179/2100/1699
f 2179/2100/1699 2259/2180/1733 2260/2181/1734 2180/2101/1700
f 2180/2101/1700 2260/2181/1734 2261/2182/3 2181/2102/3
f 2181/2102/3 2261/2182/3 2262/2183/3 2182/2103/3
f 2182/2103/3 2262/2183/3 2263/2184/3 2183/2104/3
f 2183/2104/3 2263/2184/3 2264/2185/3 2184/2105/3
f 2184/2105/3 2264/2185/3 2265/2186/3 2185/2106/3
f 2185/2106/3 2265/2186/3 2266/2187/3 2186/2107/3
f 2186/2107/3 2266/2187/3 2267/2188/3 2187/2108/3
f 2187/2108/3 2267/2188/3 2268/2189/3 2188/2109/3
f 2188/2109/3 2268/2189/3 2269/2190/3 2189/2110/3
f 2189/2110/3 2269/2190/3 2270/2191/3 2190/2111/3
f 2190/2111/3 2270/2191/3 2271/2192/3 2191/2112/3
f 2191/2112/3 2271/2192/3 2272/2193/3 2192/2113/3
f 2192/2113/3 2272/2193/3 2273/2194/3 2193/2114/3
f 2193/2114/3 2273/2194/3 2274/2195/3 2194/2115/3
f 2194/2115/3 2274/2195/3 2275/2196/3 2195/2116/3
f 2195/2116/3 2275/2196/3 2276/2197/3 2196/2117/3
f 2196/2117/3 2276/2197/3 2277/2198/3 2197/2118/3
f 2197/2118/3 2277/2198/3 2278/2199/3 2198/2119/3
f 2198/2119/3 2278/2199/3 2279/2200/3 2199/2120/3
f 2199/2120/3 2279/2200/3 2280/2201/3 2200/2121/3
f 2200/2121/3 2280/2201/3 2281/2202/3 2201/2122/3
f 2201/2122/3 2281/2202/3 2282/2203/3 2202/2123/3
f 2202/2123/3 2282/2203/3 2283/2204/3 2203/2124/3
f 2203/2124/3 2283/2204/3 2284/2205/3 2204/2125/3
f 2204/2125/3 2284/2205/3 2285/2206/3 2205/2126/3
f 2205/2126/3 2285/2206/3 2286/2207/3 2206/2127/3
f 2206/2127/3 2286/2207/3 2287/2208/3 2207/2128/3
f 2207/2128/3 2287/2208/3 2288/2209/3 2208/2129/3
f 2208/2129/3 2288/2209/3 2289/2210/3 2209/2130/3
f 2209/2130/3 2289/2210/3 2290/2211/3 2210/2131/3
f 2210/2131/3 2290/2211/3 2291/2212/3 2211/2132/3
f 2211/2132/3 2291/2212/3 2292/2213/3 2212/2133/3
f 2212/2133/3 2292/2213/3 2293/2214/3 2213/2134/3
f 2213/2134/3 2293/2214/3 2294/2215/3 2214/2135/3
f 2214/2135/3 2294/2215/3 2295/2216/3 2215/2136/3
f 2215/2136/3 2295/2216/3 2296/2217/3 2216/2137/3
f 2216/2137/3 2296/2217/3 2297/2218/3 2217/2138/3
f 2217/2138/3 2297/2218/3 2298/2219/3 2218/2139/3
f 2218/2139/3 2298/2219/3 2299/2220/3 2219/2140/3
f 2219/2140/3 2299/2220/3 2300/2221/3 2220/2141/3
f 2220/2141/3 2300/2221/3 2301/2222/3 2221/2142/3
f 2221/2142/3 2301/2222/3 2302/2223/3 2222/2143/3
f 2222/2143/3 2302/2223/3 2303/2224/3 2223/2144/3
f 2223/2144/3 2303/2224/3 2304/2225/3 2224/2145/3
f 2224/2145/3 2304/2225/3 2305/2226/3 2225/2146/3
f 2225/2146/3 2305/2226/3 2306/2227/3 2226/2147/3
f 2226/2147/3 2306/2227/3 2307/2228/1735 2227/2148/1701
f 2227/2148/1701 2307/2228/1735 2308/2229/1736 2228/2149/1702
f 2228/2149/1702 2308/2229/1736 2309/2230/1737 2229/2150/1703
f 2229/2150/1703 2309/2230/1737 2310/2231/1738 2230/2151/1704
f 2230/2151/1704 2310/2231/1738 2311/2232/1739 2231/2152/1705
f 2231/2152/1705 2311/2232/1739 2312/2233/1740 2232/2153/1706
f 2232/2153/1706 2312/2233/1740 2313/2234/1741 2233/2154/1707
f 2233/2154/1707 2313/2234/1741 2314/2235/1742 2234/2155/1708
f 2234/2155/1708 2314/2235/1742 2315/2236/1743 2235/2156/1709
f 2235/2156/1709 2315/2236/1743 2316/2237/1744 2236/2157/1710
f 2236/2157/1710 2316/2237/1744 2317/2238/1745 2237/2158/1711
f 2237/2158/1711 2317/2238/1745 2318/2239/1746 2238/2159/1712
f 2238/2159/1712 2318/2239/1746 2319/2240/1747 2239/2160/1713
f 2239/2160/1713 2319/2240/1747 2320/2241/1748 2240/2161/1714
f 2240/2161/1714 2320/2241/1748 2321/2242/1749 2241/2162/1715
f 2241/2162/1715 2321/2242/1749 2322/2243/1750 2242/2163/1716
f 2242/2163/1716 2322/2243/1750 2323/2244/1751 2243/2164/1717
f 2243/2164/1717 2323/2244/1751 2324/55/1752 2244/53/1718
f 109/2165/93 110/2245/94 2325/2246/1753 2245/2166/1719
f 2245/2166/1719 2325/2246/1753 2326/2247/1754 2246/2167/1720
f 2246/2167/1720 2326/2247/1754 2327/2248/1755 2247/2168/1721
f 2247/2168/1721 2327/2248/1755 2328/2249/1756 2248/2169/1722
f 2248/2169/1722 2328/2249/1756 2329/2250/1757 2249/2170/1723
f 2249/2170/1723 2329/2250/1757 2330/2251/1758 2250/2171/1724
f 2250/2171/1724 2330/2251/1758 2331/2252/1759 2251/2172/1725
f 2251/2172/1725 2331/2252/1759 2332/2253/1760 2252/2173/1726
f 2252/2173/1726 2332/2253/1760 2333/2254/1761 2253/2174/1727
f 2253/2174/1727 2333/2254/1761 2334/2255/1762 2254/2175/1728
f 2254/2175/1728 2334/2255/1762 2335/2256/1763 2255/2176/1729
f 2255/2176/1729 2335/2256/1763 2336/2257/1764 2256/2177/1730
f 2256/2177/1730 2336/2257/1764 2337/2258/1765 2257/2178/1731
f 2257/2178/1731 2337/2258/1765 2338/2259/1766 2258/2179/1732
f 2258/2179/1732 2338/2259/1766 2339/2260/1767 2259/2180/1733
f 2259/2180/1733 2339/2260/1767 2340/2261/1768 2260/2181/1734
f 2260/2181/1734 2340/2261/1768 2341/2262/1769 2261/2182/3
f 2261/2182/3 2341/2262/1769 2342/2263/3 2262/2183/3
f 2262/2183/3 2342/2263/3 2343/2264/3 2263/2184/3
f 2263/2184/3 2343/2264/3 2344/2265/3 2264/2185/3
f 2264/2185/3 2344/2265/3 2345/2266/3 2265/2186/3
f 2265/2186/3 2345/2266/3 2346/2267/3 2266/2187/3
f 2266/2187/3 2346/2267/3 2347/2268/3 2267/2188/3
f 2267/2188/3 2347/2268/3 2348/2269/3 2268/2189/3
f 2268/2189/3 2348/2269/3 2349/2270/3 2269/2190/3
f 2269/2190/3 2349/2270/3 2350/2271/3 2270/2191/3
f 2270/2191/3 2350/2271/3 2351/2272/3 2271/2192/3
f 2271/2192/3 2351/2272/3 2352/2273/3 2272/2193/3
f 2272/2193/3 2352/2273/3 2353/2274/3 2273/2194/3
f 2273/2194/3 2353/2274/3 2354/2275/3 2274/2195/3
f 2274/2195/3 2354/2275/3 2355/2276/3 2275/2196/3
f 2275/2196/3 2355/2276/3 2356/2277/3 2276/2197/3
f 2276/2197/3 2356/2277/3 2357/2278/3 2277/2198/3
f 2277/2198/3 2357/2278/3 2358/2279/3 2278/2199/3
f 2278/2199/3 2358/2279/3 2359/2280/3 2279/2200/3
f 2279/2200/3 2359/2280/3 2360/2281/3 2280/2201/3
f 2280/2201/3 2360/2281/3 2361/2282/3 2281/2202/3
f 2281/2202/3 2361/2282/3 2362/2283/3 2282/2203/3
f 2282/2203/3 2362/2283/3 2363/2284/3 2283/2204/3
f 2283/2204/3 2363/2284/3 2364/2285/3 2284/2205/3
f 2284/2205/3 2364/2285/3 2365/2286/3 2285/2206/3
f 2285/2206/3 2365/2286/3 2366/2287/3 2286/2207/3
f 2286/2207/3 2366/2287/3 2367/2288/3 2287/2208/3
f 2287/2208/3 2367/2288/3 2368/2289/3 2288/2209/3
f 2288/2209/3 2368/2289/3 2369/2290/3 2289/2210/3
f 2289/2210/3 2369/2290/3 2370/2291/3 2290/2211/3
f 2290/2211/3 2370/2291/3 2371/2292/3 2291/2212/3
f 2291/2212/3 2371/2292/3 2372/2293/3 2292/2213/3
f 2292/2213/3 2372/2293/3 2373/2294/3 2293/2214/3
f 2293/2214/3 2373/2294/3 2374/2295/3 2294/2215/3
f 2294/2215/3 2374/2295/3 2375/2296/3 2295/2216/3
f 2295/2216/3 2375/2296/3 2376/2297/3 2296/2217/3
f 2296/2217/3 2376/2297/3 2377/2298/3 2297/2218/3
f 2297/2218/3 2377/2298/3 2378/2299/3 2298/2219/3
f 2298/2219/3 2378/2299/3 2379/2300/3 2299/2220/3
f 2299/2220/3 2379/2300/3 2380/2301/3 2300/2221/3
f 2300/2221/3 2380/2301/3 2381/2302/3 2301/2222/3
f 2301/2222/3 2381/2302/3 2382/2303/3 2302/2223/3
f 2302/2223/3 2382/2303/3 2383/2304/3 2303/2224/3
f 2303/2224/3 2383/2304/3 2384/2305/3 2304/2225/3
f 2304/2225/3 2384/2305/3 2385/2306/3 2305/2226/3
f 2305/2226/3 2385/2306/3 2386/2307/3 2306/2227/3
f 2306/2227/3 2386/2307/3 2387/2308/1770 2307/2228/1735
f 2307/2228/1735 2387/2308/1770 2388/2309/1771 2308/2229/1736
f 2308/2229/1736 2388/2309/1771 2389/2310/1772 2309/2230/1737
f 2309/2230/1737 2389/2310/1772 2390/2311/1773 2310/2231/1738
f 2310/2231/1738 2390/2311/1773 2391/2312/1774 2311/2232/1739
f 2311/2232/1739 2391/2312/1774 2392/2313/1775 2312/2233/1740
f 2312/2233/1740 2392/2313/1775 2393/2314/1776 2313/2234/1741
f 2313/2234/1741 2393/2314/1776 2394/2315/1777 2314/2235/1742
f 2314/2235/1742 2394/2315/1777 2395/2316/1778 2315/2236/1743
f 2315/2236/1743 2395/2316/1778 2396/2317/1779 2316/2237/1744
f 2316/2237/1744 2396/2317/1779 2397/2318/1780 2317/2238/1745
f 2317/2238/1745 2397/2318/1780 2398/2319/1781 2318/2239/1746
f 2318/2239/1746 2398/2319/1781 2399/2320/1782 2319/2240/1747
f 2319/2240/1747 2399/2320/1782 2400/2321/1783 2320/2241/1748
f 2320/2241/1748 2400/2321/1783 2401/2322/1784 2321/2242/1749
f 2321/2242/1749 2401/2322/1784 2402/2323/1785 2322/2243/1750
f 2322/2243/1750 2402/2323/1785 2403/2324/1786 2323/2244/1751
f 2323/2244/1751 2403/2324/1786 2404/57/1787 2324/55/1752
f 110/2245/94 111/2325/95 2405/2326/1788 2325/2246/1753
f 2325/2246/1753 2405/2326/1788 2406/2327/1789 2326/2247/1754
f 2326/2247/1754 2406/2327/1789 2407/2328/1790 2327/2248/1755
f 2327/2248/1755 2407/2328/1790 2408/2329/1791 2328/2249/1756
f 2328/2249/1756 2408/2329/1791 2409/2330/1792 2329/2250/1757
f 2329/2250/1757 2409/2330/1792 2410/2331/1793 2330/2251/1758
f 2330/2251/1758 2410/2331/1793 2411/2332/1794 2331/2252/1759
f 2331/2252/1759 2411/2332/1794 2412/2333/1795 2332/2253/1760
f 2332/2253/1760 2412/2333/1795 2413/2334/1796 2333/2254/1761
f 2333/2254/1761 2413/2334/1796 2414/2335/1797 2334/2255/1762
f 2334/2255/1762 2414/2335/1797 2415/2336/1798 2335/2256/1763
f 2335/2256/1763 2415/2336/1798 2416/2337/1799 2336/2257/1764
f 2336/2257/1764 2416/2337/1799 2417/2338/1800 2337/2258/1765
f 2337/2258/1765 2417/2338/1800 2418/2339/1801 2338/2259/1766
f 2338/2259/1766 2418/2339/1801 2419/2340/1802 2339/2260/1767
f 2339/2260/1767 2419/2340/1802 2420/2341/1803 2340/2261/1768
f 2340/2261/1768 2420/2341/1803 2421/2342/1804 2341/2262/1769
f 2341/2262/1769 2421/2342/1804 2422/2343/3 2342/2263/3
f 2342/2263/3 2422/2343/3 2423/2344/3 2343/2264/3
f 2343/2264/3 2423/2344/3 2424/2345/3 2344/2265/3
f 2344/2265/3 2424/2345/3 2425/2346/3 2345/2266/3
f 2345/2266/3 2425/2346/3 2426/2347/3 2346/2267/3
f 2346/2267/3 2426/2347/3 2427/2348/3 2347/2268/3
f 2347/2268/3 2427/2348/3 2428/2349/3 2348/2269/3
f 2348/2269/3 2428/2349/3 2429/2350/3 2349/2270/3
f 2349/2270/3 2429/2350/3 2430/2351/3 2350/2271/3
f 2350/2271/3 2430/2351/3 2431/2352/3 2351/2272/3
f 2351/2272/3 2431/2352/3 2432/2353/3 2352/2273/3
f 2352/2273/3 2432/2353/3 2433/2354/3 2353/2274/3
f 2353/2274/3 2433/2354/3 2434/2355/3 2354/2275/3
f 2354/2275/3 2434/2355/3 2435/2356/3 2355/2276/3
f 2355/2276/3 2435/2356/3 2436/2357/3 2356/2277/3
f 2356/2277/3 2436/2357/3 2437/2358/3 2357/2278/3
f 2357/2278/3 2437/2358/3 2438/2359/3 2358/2279/3
f 2358/2279/3 2438/2359/3 2439/2360/3 2359/2280/3
f 2359/2280/3 2439/2360/3 2440/2361/3 2360/2281/3
f 2360/2281/3 2440/2361/3 2441/2362/3 2361/2282/3
f 2361/2282/3 2441/2362/3 2442/2363/3 2362/2283/3
f 2362/2283/3 2442/2363/3 2443/2364/3 2363/2284/3
f 2363/2284/3 2443/2364/3 2444/2365/3 2364/2285/3
f 2364/2285/3 2444/2365/3 2445/2366/3 2365/2286/3
f 2365/2286/3 2445/2366/3 2446/2367/3 2366/2287/3
f 2366/2287/3 2446/2367/3 2447/2368/3 2367/2288/3
f 2367/2288/3 2447/2368/3 2448/2369/3 2368/2289/3
f 2368/2289/3 2448/2369/3 2449/2370/3 2369/2290/3
f 2369/2290/3 2449/2370/3 2450/2371/3 2370/2291/3
f 2370/2291/3 2450/2371/3 2451/2372/3 2371/2292/3
f 2371/2292/3 2451/2372/3 2452/2373/3 2372/2293/3
f 2372/2293/3 2452/2373/3 2453/2374/3 2373/2294/3
f 2373/2294/3 2453/2374/3 2454/2375/3 2374/2295/3
f 2374/2295/3 2454/2375/3 2455/2376/3 2375/2296/3
f 2375/2296/3 2455/2376/3 2456/2377/3 2376/2297/3
f 2376/2297/3 2456/2377/3 2457/2378/3 2377/2298/3
f 2377/2298/3 2457/2378/3 2458/2379/3 2378/2299/3
f 2378/2299/3 2458/2379/3 2459/2380/3 2379/2300/3
f 2379/2300/3 2459/2380/3 2460/2381/3 2380/2301/3
f 2380/2301/3 2460/2381/3 2461/2382/3 2381/2302/3
f 2381/2302/3 2461/2382/3 2462/2383/3 2382/2303/3
f 2382/2303/3 2462/2383/3 2463/2384/3 2383/2304/3
f 2383/2304/3 2463/2384/3 2464/2385/3 2384/2305/3
f 2384/2305/3 2464/2385/3 2465/2386/3 2385/2306/3
f 2385/2306/3 2465/2386/3 2466/2387/1805 2386/2307/3
f 2386/2307/3 2466/2387/1805 2467/2388/1806 2387/2308/1770
f 2387/2308/1770 2467/2388/1806 2468/2389/1807 2388/2309/1771
f 2388/2309/1771 2468/2389/1807 2469/2390/1808 2389/2310/1772
f 2389/2310/1772 2469/2390/1808 2470/2391/1809 2390/2311/1773
f 2390/2311/1773 2470/2391/1809 2471/2392/1810 2391/2312/1774
f 2391/2312/1774 2471/2392/1810 2472/2393/1811 2392/2313/1775
f 2392/2313/1775 2472/2393/1811 2473/2394/1812 2393/2314/1776
f 2393/2314/1776 2473/2394/1812 2474/2395/1813 2394/2315/1777
f 2394/2315/1777 2474/2395/1813 2475/2396/1814 2395/2316/1778
f 2395/2316/1778 2475/2396/1814 2476/2397/1815 2396/2317/1779
f 2396/2317/1779 2476/2397/1815 2477/2398/1816 2397/2318/1780
f 2397/2318/1780 2477/2398/1816 2478/2399/1817 2398/2319/1781
f 2398/2319/1781 2478/2399/1817 2479/2400/1818 2399/2320/1782
f 2399/2320/1782 2479/2400/1818 2480/2401/1819 2400/2321/1783
f 2400/2321/1783 2480/2401/1819 2481/2402/1820 2401/2322/1784
f 2401/2322/1784 2481/2402/1820 2482/2403/1821 2402/2323/1785
f 2402/2323/1785 2482/2403/1821 2483/2404/1822 2403/2324/1786
f 2403/2324/1786 2483/2404/1822 2484/59/1823 2404/57/1787
f 111/2325/95 112/2405/96 2485/2406/1824 2405/2326/1788
f 2405/2326/1788 2485/2406/1824 2486/2407/1825 2406/2327/1789
f 2406/2327/1789 2486/2407/1825 2487/2408/1826 2407/2328/1790
f 2407/2328/1790 2487/2408/1826 2488/2409/1827 2408/2329/1791
f 2408/2329/1791 2488/2409/1827 2489/2410/1828 2409/2330/1792
f 2409/2330/1792 2489/2410/1828 2490/2411/1829 2410/2331/1793
f 2410/2331/1793 2490/2411/1829 2491/2412/1830 2411/2332/1794
f 2411/2332/1794 2491/2412/1830 2492/2413/1831 2412/2333/1795
f 2412/2333/1795 2492/2413/1831 2493/2414/1832 2413/2334/1796
f 2413/2334/1796 2493/2414/1832 2494/2415/1833 2414/2335/1797
f 2414/2335/1797 2494/2415/1833 2495/2416/1834 2415/2336/1798
f 2415/2336/1798 2495/2416/1834 2496/2417/1835 2416/2337/1799
f 2416/2337/1799 2496/2417/1835 2497/2418/1836 2417/2338/1800
f 2417/2338/1800 2497/2418/1836 2498/2419/1837 2418/2339/1801
f 2418/2339/1801 2498/2419/1837 2499/2420/1838 2419/2340/1802
f 2419/2340/1802 2499/2420/1838 2500/2421/1839 2420/2341/1803
f 2420/2341/1803 2500/2421/1839 2501/2422/1840 2421/2342/1804
f 2421/2342/1804 2501/2422/1840 2502/2423/3 2422/2343/3
f 2422/2343/3 2502/2423/3 2503/2424/3 2423/2344/3
f 2423/2344/3 2503/2424/3 2504/2425/3 2424/2345/3
f 2424/2345/3 2504/2425/3 2505/2426/3 2425/2346/3
f 2425/2346/3 2505/2426/3 2506/2427/3 2426/2347/3
f 2426/2347/3 2506/2427/3 2507/2428/3 2427/2348/3
f 2427/2348/3 2507/2428/3 2508/2429/3 2428/2349/3
f 2428/2349/3 2508/2429/3 2509/2430/3 2429/2350/3
f 2429/2350/3 2509/2430/3 2510/2431/3 2430/2351/3
f 2430/2351/3 2510/2431/3 2511/2432/3 2431/2352/3
f 2431/2352/3 2511/2432/3 2512/2433/3 2432/2353/3
f 2432/2353/3 2512/2433/3 2513/2434/3 2433/2354/3
f 2433/2354/3 2513/2434/3 2514/2435/3 2434/2355/3
f 2434/2355/3 2514/2435/3 2515/2436/3 2435/2356/3
f 2435/2356/3 2515/2436/3 2516/2437/3 2436/2357/3
f 2436/2357/3 2516/2437/3 2517/2438/3 2437/2358/3
f 2437/2358/3 2517/2438/3 2518/2439/3 2438/2359/3
f 2438/2359/3 2518/2439/3 2519/2440/3 2439/2360/3
f 2439/2360/3 2519/2440/3 2520/2441/3 2440/2361/3
f 2440/2361/3 2520/2441/3 2521/2442/3 2441/2362/3
f 2441/2362/3 2521/2442/3 2522/2443/3 2442/2363/3
f 2442/2363/3 2522/2443/3 2523/2444/3 2443/2364/3
f 2443/2364/3 2523/2444/3 2524/2445/3 2444/2365/3
f 2444/2365/3 2524/2445/3 2525/2446/3 2445/2366/3
f 2445/2366/3 2525/2446/3 2526/2447/3 2446/2367/3
f 2446/2367/3 2526/2447/3 2527/2448/3 2447/2368/3
f 2447/2368/3 2527/2448/3 2528/2449/3 2448/2369/3
f 2448/2369/3 2528/2449/3 2529/2450/3 2449/2370/3
f 2449/2370/3 2529/2450/3 2530/2451/3 2450/2371/3
f 2450/2371/3 2530/2451/3 2531/2452/3 2451/2372/3
f 2451/2372/3 2531/2452/3 2532/2453/3 2452/2373/3
f 2452/2373/3 2532/2453/3 2533/2454/3 2453/2374/3
f 2453/2374/3 2533/2454/3 2534/2455/3 2454/2375/3
f 2454/2375/3 2534/2455/3 2535/2456/3 2455/2376/3
f 2455/2376/3 2535/2456/3 2536/2457/3 2456/2377/3
f 2456/2377/3 2536/2457/3 2537/2458/3 2457/2378/3
f 2457/2378/3 2537/2458/3 2538/2459/3 2458/2379/3
f 2458/2379/3 2538/2459/3 2539/2460/3 2459/2380/3
f 2459/2380/3 2539/2460/3 2540/2461/3 2460/2381/3
f 2460/2381/3 2540/2461/3 2541/2462/3 2461/2382/3
f 2461/2382/3 2541/2462/3 2542/2463/3 2462/2383/3
f 2462/2383/3 2542/2463/3 2543/2464/3 2463/2384/3
f 2463/2384/3 2543/2464/3 2544/2465/3 2464/2385/3
f 2464/2385/3 2544/2465/3 2545/2466/1841 2465/2386/3
f 2465/2386/3 2545/2466/1841 2546/2467/1842 2466/2387/1805
f 2466/2387/1805 2546/2467/1842 2547/2468/1843 2467/2388/1806
f 2467/2388/1806 2547/2468/1843 2548/2469/1844 2468/2389/1807
f 2468/2389/1807 2548/2469/1844 2549/2470/1845 2469/2390/1808
f 2469/2390/1808 2549/2470/1845 2550/2471/1846 2470/2391/1809
f 2470/2391/1809 2550/2471/1846 2551/2472/1847 2471/2392/1810
f 2471/2392/1810 2551/2472/1847 2552/2473/1848 2472/2393/1811
f 2472/2393/1811 2552/2473/1848 2553/2474/1849 2473/2394/1812
f 2473/2394/1812 2553/2474/1849 2554/2475/1850 2474/2395/1813
f 2474/2395/1813 2554/2475/1850 2555/2476/1851 2475/2396/1814
f 2475/2396/1814 2555/2476/1851 2556/2477/1852 2476/2397/1815
f 2476/2397/1815 2556/2477/1852 2557/2478/1853 2477/2398/1816
f 2477/2398/1816 2557/2478/1853 2558/2479/1854 2478/2399/1817
f 2478/2399/1817 2558/2479/1854 2559/2480/1855 2479/2400/1818
f 2479/2400/1818 2559/2480/1855 2560/2481/1856 2480/2401/1819
f 2480/2401/1819 2560/2481/1856 2561/2482/1857 2481/2402/1820
f 2481/2402/1820 2561/2482/1857 2562/2483/1858 2482/2403/1821
f 2482/2403/1821 2562/2483/1858 2563/2484/1859 2483/2404/1822
f 2483/2404/1822 2563/2484/1859 2564/61/1860 2484/59/1823
f 112/2405/96 113/2485/97 2565/2486/1861 2485/2406/1824
f 2485/2406/1824 2565/2486/1861 2566/2487/1862 2486/2407/1825
f 2486/2407/1825 2566/2487/1862 2567/2488/1863 2487/2408/1826
f 2487/2408/1826 2567/2488/1863 2568/2489/1864 2488/2409/1827
f 2488/2409/1827 2568/2489/1864 2569/2490/1865 2489/2410/1828
f 2489/2410/1828 2569/2490/1865 2570/2491/1866 2490/2411/1829
f 2490/2411/1829 2570/2491/1866 2571/2492/1867 2491/2412/1830
f 2491/2412/1830 2571/2492/1867 2572/2493/1868 2492/2413/1831
f 2492/2413/1831 2572/2493/1868 2573/2494/1869 2493/2414/1832
f 2493/2414/1832 2573/2494/1869 2574/2495/1870 2494/2415/1833
f 2494/2415/1833 2574/2495/1870 2575/2496/1871 2495/2416/1834
f 2495/2416/1834 2575/2496/1871 2576/2497/1872 2496/2417/1835
f 2496/2417/1835 2576/2497/1872 2577/2498/1873 2497/2418/1836
f 2497/2418/1836 2577/2498/1873 2578/2499/1874 2498/2419/1837
f 2498/2419/1837 2578/2499/1874 2579/2500/1875 2499/2420/1838
f 2499/2420/1838 2579/2500/1875 2580/2501/1876 2500/2421/1839
f 2500/2421/1839 2580/2501/1876 2581/2502/1840 2501/2422/1840
f 2501/2422/1840 2581/2502/1840 2582/2503/3 2502/2423/3
f 2502/2423/3 2582/2503/3 2583/2504/3 2503/2424/3
f 2503/2424/3 2583/2504/3 2584/2505/3 2504/2425/3
f 2504/2425/3 2584/2505/3 2585/2506/3 2505/2426/3
f 2505/2426/3 2585/2506/3 2586/2507/3 2506/2427/3
f 2506/2427/3 2586/2507/3 2587/2508/3 2507/2428/3
f 2507/2428/3 2587/2508/3 2588/2509/3 2508/2429/3
f 2508/2429/3 2588/2509/3 2589/2510/3 2509/2430/3
f 2509/2430/3 2589/2510/3 2590/2511/3 2510/2431/3
f 2510/2431/3 2590/2511/3 2591/2512/3 2511/2432/3
f 2511/2432/3 2591/2512/3 2592/2513/3 2512/2433/3
f 2512/2433/3 2592/2513/3 2593/2514/3 2513/2434/3
f 2513/2434/3 2593/2514/3 2594/2515/3 2514/2435/3
f 2514/2435/3 2594/2515/3 2595/2516/3 2515/2436/3
f 2515/2436/3 2595/2516/3 2596/2517/3 2516/2437/3
f 2516/2437/3 2596/2517/3 2597/2518/3 2517/2438/3
f 2517/2438/3 2597/2518/3 2598/2519/3 2518/2439/3
f 2518/2439/3 2598/2519/3 2599/2520/3 2519/2440/3
f 2519/2440/3 2599/2520/3 2600/2521/3 2520/2441/3
f 2520/2441/3 2600/2521/3 2601/2522/3 2521/2442/3
f 2521/2442/3 2601/2522/3 2602/2523/3 2522/2443/3
f 2522/2443/3 2602/2523/3 2603/2524/3 2523/2444/3
f 2523/2444/3 2603/2524/3 2604/2525/3 2524/2445/3
f 2524/2445/3 2604/2525/3 2605/2526/3 2525/2446/3
f 2525/2446/3 2605/2526/3 2606/2527/3 2526/2447/3
f 2526/2447/3 2606/2527/3 2607/2528/3 2527/2448/3
f 2527/2448/3 2607/2528/3 2608/2529/3 2528/2449/3
f 2528/2449/3 2608/2529/3 2609/2530/3 2529/2450/3
f 2529/2450/3 2609/2530/3 2610/2531/3 2530/2451/3
f 2530/2451/3 2610/2531/3 2611/2532/3 2531/2452/3
f 2531/2452/3 2611/2532/3 2612/2533/3 2532/2453/3
f 2532/2453/3 2612/2533/3 2613/2534/3 2533/2454/3
f 2533/2454/3 2613/2534/3 2614/2535/3 2534/2455/3
f 2534/2455/3 2614/2535/3 2615/2536/3 2535/2456/3
f 2535/2456/3 2615/2536/3 2616/2537/3 2536/2457/3
f 2536/2457/3 2616/2537/3 2617/2538/3 2537/2458/3
f 2537/2458/3 2617/2538/3 2618/2539/3 2538/2459/3
f 2538/2459/3 2618/2539/3 2619/2540/3 2539/2460/3
f 2539/2460/3 2619/2540/3 2620/2541/3 2540/2461/3
f 2540/2461/3 2620/2541/3 2621/2542/3 2541/2462/3
f 2541/2462/3 2621/2542/3 2622/2543/3 2542/2463/3
f 2542/2463/3 2622/2543/3 2623/2544/3 2543/2464/3
f 2543/2464/3 2623/2544/3 2624/2545/1877 2544/2465/3
f 2544/2465/3 2624/2545/1877 2625/2546/1878 2545/2466/1841
f 2545/2466/1841 2625/2546/1878 2626/2547/1879 2546/2467/1842
f 2546/2467/1842 2626/2547/1879 2627/2548/1880 2547/2468/1843
f 2547/2468/1843 2627/2548/1880 2628/2549/1881 2548/2469/1844
f 2548/2469/1844 2628/2549/1881 2629/2550/1882 2549/2470/1845
f 2549/2470/1845 2629/2550/1882 2630/2551/1883 2550/2471/1846
f 2550/2471/1846 2630/2551/1883 2631/2552/1884 2551/2472/1847
f 2551/2472/1847 2631/2552/1884 2632/2553/1885 2552/2473/1848
f 2552/2473/1848 2632/2553/1885 2633/2554/1886 2553/2474/1849
f 2553/2474/1849 2633/2554/1886 2634/2555/1887 2554/2475/1850
f 2554/2475/1850 2634/2555/1887 2635/2556/1888 2555/2476/1851
f 2555/2476/1851 2635/2556/1888 2636/2557/1889 2556/2477/1852
f 2556/2477/1852 2636/2557/1889 2637/2558/1890 2557/2478/1853
f 2557/2478/1853 2637/2558/1890 2638/2559/1891 2558/2479/1854
f 2558/2479/1854 2638/2559/1891 2639/2560/1892 2559/2480/1855
f 2559/2480/1855 2639/2560/1892 2640/2561/1893 2560/2481/1856
f 2560/2481/1856 2640/2561/1893 2641/2562/1894 2561/2482/1857
f 2561/2482/1857 2641/2562/1894 2642/2563/1895 2562/2483/1858
f 2562/2483/1858 2642/2563/1895 2643/2564/1896 2563/2484/1859
f 2563/2484/1859 2643/2564/1896 2644/63/1897 2564/61/1860
f 113/2485/97 114/2565/98 2645/2566/1898 2565/2486/1861
f 2565/2486/1861 2645/2566/1898 2646/2567/1899 2566/2487/1862
f 2566/2487/1862 2646/2567/1899 2647/2568/1900 2567/2488/1863
f 2567/2488/1863 2647/2568/1900 2648/2569/1901 2568/2489/1864
f 2568/2489/1864 2648/2569/1901 2649/2570/1902 2569/2490/1865
f 2569/2490/1865 2649/2570/1902 2650/2571/1903 2570/2491/1866
f 2570/2491/1866 2650/2571/1903 2651/2572/1904 2571/2492/1867
f 2571/2492/1867 2651/2572/1904 2652/2573/1905 2572/2493/1868
f 2572/2493/1868 2652/2573/1905 2653/2574/1906 2573/2494/1869
f 2573/2494/1869 2653/2574/1906 2654/2575/1907 2574/2495/1870
f 2574/2495/1870 2654/2575/1907 2655/2576/1908 2575/2496/1871
f 2575/2496/1871 2655/2576/1908 2656/2577/1909 2576/2497/1872
f 2576/2497/1872 2656/2577/1909 2657/2578/1910 2577/2498/1873
f 2577/2498/1873 2657/2578/1910 2658/2579/1911 2578/2499/1874
f 2578/2499/1874 2658/2579/1911 2659/2580/1912 2579/2500/1875
f 2579/2500/1875 2659/2580/1912 2660/2581/1913 2580/2501/1876
f 2580/2501/1876 2660/2581/1913 2661/2582/1914 2581/2502/1840
f 2581/2502/1840 2661/2582/1914 2662/2583/3 2582/2503/3
f 2582/2503/3 2662/2583/3 2663/2584/3 2583/2504/3
f 2583/2504/3 2663/2584/3 2664/2585/3 2584/2505/3
f 2584/2505/3 2664/2585/3 2665/2586/3 2585/2506/3
f 2585/2506/3 2665/2586/3 2666/2587/3 2586/2507/3
f 2586/2507/3 2666/2587/3 2667/2588/3 2587/2508/3
f 2587/2508/3 2667/2588/3 2668/2589/3 2588/2509/3
f 2588/2509/3 2668/2589/3 2669/2590/3 2589/2510/3
f 2589/2510/3 2669/2590/3 2670/2591/3 2590/2511/3
f 2590/2511/3 2670/2591/3 2671/2592/3 2591/2512/3
f 2591/2512/3 2671/2592/3 2672/2593/3 2592/2513/3
f 2592/2513/3 2672/2593/3 2673/2594/3 2593/2514/3
f 2593/2514/3 2673/2594/3 2674/2595/3 2594/2515/3
f 2594/2515/3 2674/2595/3 2675/2596/3 2595/2516/3
f 2595/2516/3 2675/2596/3 2676/2597/3 2596/2517/3
f 2596/2517/3 2676/2597/3 2677/2598/3 2597/2518/3
f 2597/2518/3 2677/2598/3 2678/2599/3 2598/2519/3
f 2598/2519/3 2678/2599/3 2679/2600/3 2599/2520/3
f 2599/2520/3 2679/2600/3 2680/2601/3 2600/2521/3
f 2600/2521/3 2680/2601/3 2681/2602/3 2601/2522/3
f 2601/2522/3 2681/2602/3 2682/2603/3 2602/2523/3
f 2602/2523/3 2682/2603/3 2683/2604/3 2603/2524/3
f 2603/2524/3 2683/2604/3 2684/2605/3 2604/2525/3
f 2604/2525/3 2684/2605/3 2685/2606/3 2605/2526/3
f 2605/2526/3 2685/2606/3 2686/2607/3 2606/2527/3
f 2606/2527/3 2686/2607/3 2687/2608/3 2607/2528/3
f 2607/2528/3 2687/2608/3 2688/2609/3 2608/2529/3
f 2608/2529/3 2688/2609/3 2689/2610/3 2609/2530/3
f 2609/2530/3 2689/2610/3 2690/2611/3 2610/2531/3
f 2610/2531/3 2690/2611/3 2691/2612/3 2611/2532/3
f 2611/2532/3 2691/2612/3 2692/2613/3 2612/2533/3
f 2612/2533/3 2692/2613/3 2693/2614/3 2613/2534/3
f 2613/2534/3 2693/2614/3 2694/2615/3 2614/2535/3
f 2614/2535/3 2694/2615/3 2695/2616/3 2615/2536/3
f 2615/2536/3 2695/2616/3 2696/2617/3 2616/2537/3
f 2616/2537/3 2696/2617/3 2697/2618/3 2617/2538/3
f 2617/2538/3 2697/2618/3 2698/2619/3 2618/2539/3
f 2618/2539/3 2698/2619/3 2699/2620/3 2619/2540/3
f 2619/2540/3 2699/2620/3 2700/2621/3 2620/2541/3
f 2620/2541/3 2700/2621/3 2701/2622/3 2621/2542/3
f 2621/2542/3 2701/2622/3 2702/2623/3 2622/2543/3
f 2622/2543/3 2702/2623/3 2703/2624/3 2623/2544/3
f 2623/2544/3 2703/2624/3 2704/2625/1915 2624/2545/1877
f 2624/2545/1877 2704/2625/1915 2705/2626/1916 2625/2546/1878
f 2625/2546/1878 2705/2626/1916 2706/2627/1917 2626/2547/1879
f 2626/2547/1879 2706/2627/1917 2707/2628/1918 2627/2548/1880
f 2627/2548/1880 2707/2628/1918 2708/2629/1919 2628/2549/1881
f 2628/2549/1881 2708/2629/1919 2709/2630/1920 2629/2550/1882
f 2629/2550/1882 2709/2630/1920 2710/2631/1921 2630/2551/1883
f 2630/2551/1883 2710/2631/1921 2711/2632/1922 2631/2552/1884
f 2631/2552/1884 2711/2632/1922 2712/2633/1923 2632/2553/1885
f 2632/2553/1885 2712/2633/1923 2713/2634/1924 2633/2554/1886
f 2633/2554/1886 2713/2634/1924 2714/2635/1925 2634/2555/1887
f 2634/2555/1887 2714/2635/1925 2715/2636/1926 2635/2556/1888
f 2635/2556/1888 2715/2636/1926 2716/2637/1927 2636/2557/1889
f 2636/2557/1889 2716/2637/1927 2717/2638/1928 2637/2558/1890
f 2637/2558/1890 2717/2638/1928 2718/2639/1929 2638/2559/1891
f 2638/2559/1891 2718/2639/1929 2719/2640/1930 2639/2560/1892
f 2639/2560/1892 2719/2640/1930 2720/2641/1931 2640/2561/1893
f 2640/2561/1893 2720/2641/1931 2721/2642/1932 2641/2562/1894
f 2641/2562/1894 2721/2642/1932 2722/2643/1933 2642/2563/1895
f 2642/2563/1895 2722/2643/1933 2723/2644/1934 2643/2564/1896
f 2643/2564/1896 2723/2644/1934 2724/65/1935 2644/63/1897
f 114/2565/98 115/2645/99 2725/2646/1936 2645/2566/1898
f 2645/2566/1898 2725/2646/1936 2726/2647/1937 2646/2567/1899
f 2646/2567/1899 2726/2647/1937 2727/2648/1938 2647/2568/1900
f 2647/2568/1900 2727/2648/1938 2728/2649/1939 2648/2569/1901
f 2648/2569/1901 2728/2649/1939 2729/2650/1940 2649/2570/1902
f 2649/2570/1902 2729/2650/1940 2730/2651/1941 2650/2571/1903
f 2650/2571/1903 2730/2651/1941 2731/2652/1942 2651/2572/1904
f 2651/2572/1904 2731/2652/1942 2732/2653/1943 2652/2573/1905
f 2652/2573/1905 2732/2653/1943 2733/2654/1944 2653/2574/1906
f 2653/2574/1906 2733/2654/1944 2734/2655/1945 2654/2575/1907
f 2654/2575/1907 2734/2655/1945 2735/2656/1946 2655/2576/1908
f 2655/2576/1908 2735/2656/1946 2736/2657/1947 2656/2577/1909
f 2656/2577/1909 2736/2657/1947 2737/2658/1948 2657/2578/1910
f 2657/2578/1910 2737/2658/1948 2738/2659/1949 2658/2579/1911
f 2658/2579/1911 2738/2659/1949 2739/2660/1950 2659/2580/1912
f 2659/2580/1912 2739/2660/1950 2740/2661/1951 2660/2581/1913
f 2660/2581/1913 2740/2661/1951 2741/2662/1597 2661/2582/1914
f 2661/2582/1914 2741/2662/1597 2742/2663/3 2662/2583/3
f 2662/2583/3 2742/2663/3 2743/2664/3 2663/2584/3
f 2663/2584/3 2743/2664/3 2744/2665/3 2664/2585/3
f 2664/2585/3 2744/2665/3 2745/2666/3 2665/2586/3
f 2665/2586/3 2745/2666/3 2746/2667/3 2666/2587/3
f 2666/2587/3 2746/2667/3 2747/2668/3 2667/2588/3
f 2667/2588/3 2747/2668/3 2748/2669/3 2668/2589/3
f 2668/2589/3 2748/2669/3 2749/2670/3 2669/2590/3
f 2669/2590/3 2749/2670/3 2750/2671/3 2670/2591/3
f 2670/2591/3 2750/2671/3 2751/2672/3 2671/2592/3
f 2671/2592/3 2751/2672/3 2752/2673/3 2672/2593/3
f 2672/2593/3 2752/2673/3 2753/2674/3 2673/2594/3
f 2673/2594/3 2753/2674/3 2754/2675/3 2674/2595/3
f 2674/2595/3 2754/2675/3 2755/2676/3 2675/2596/3
f 2675/2596/3 2755/2676/3 2756/2677/3 2676/2597/3
f 2676/2597/3 2756/2677/3 2757/2678/3 2677/2598/3
f 2677/2598/3 2757/2678/3 2758/2679/3 2678/2599/3
f 2678/2599/3 2758/2679/3 2759/2680/3 2679/2600/3
f 2679/2600/3 2759/2680/3 2760/2681/3 2680/2601/3
f 2680/2601/3 2760/2681/3 2761/2682/3 2681/2602/3
f 2681/2602/3 2761/2682/3 2762/2683/3 2682/2603/3
f 2682/2603/3 2762/2683/3 2763/2684/3 2683/2604/3
f 2683/2604/3 2763/2684/3 2764/2685/3 2684/2605/3
f 2684/2605/3 2764/2685/3 2765/2686/3 2685/2606/3
f 2685/2606/3 2765/2686/3 2766/2687/3 2686/2607/3
f 2686/2607/3 2766/2687/3 2767/2688/3 2687/2608/3
f 2687/2608/3 2767/2688/3 2768/2689/3 2688/2609/3
f 2688/2609/3 2768/2689/3 2769/2690/3 2689/2610/3
f 2689/2610/3 2769/2690/3 2770/2691/3 2690/2611/3
f 2690/2611/3 2770/2691/3 2771/2692/3 2691/2612/3
f 2691/2612/3 2771/2692/3 2772/2693/3 2692/2613/3
f 2692/2613/3 2772/2693/3 2773/2694/3 2693/2614/3
f 2693/2614/3 2773/2694/3 2774/2695/3 2694/2615/3
f 2694/2615/3 2774/2695/3 2775/2696/3 2695/2616/3
f 2695/2616/3 2775/2696/3 2776/2697/3 2696/2617/3
f 2696/2617/3 2776/2697/3 2777/2698/3 2697/2618/3
f 2697/2618/3 2777/2698/3 2778/2699/3 2698/2619/3
f 2698/2619/3 2778/2699/3 2779/2700/3 2699/2620/3
f 2699/2620/3 2779/2700/3 2780/2701/3 2700/2621/3
f 2700/2621/3 2780/2701/3 2781/2702/3 2701/2622/3
f 2701/2622/3 2781/2702/3 2782/2703/3 2702/2623/3
f 2702/2623/3 2782/2703/3 2783/2704/1952 2703/2624/3
f 2703/2624/3 2783/2704/1952 2784/2705/1953 2704/2625/1915
f 2704/2625/1915 2784/2705/1953 2785/2706/1954 2705/2626/1916
f 2705/2626/1916 2785/2706/1954 2786/2707/1955 2706/2627/1917
f 2706/2627/1917 2786/2707/1955 2787/2708/1956 2707/2628/1918
f 2707/2628/1918 2787/2708/1956 2788/2709/1957 2708/2629/1919
f 2708/2629/1919 2788/2709/1957 2789/2710/1958 2709/2630/1920
f 2709/2630/1920 2789/2710/1958 2790/2711/1959 2710/2631/1921
f 2710/2631/1921 2790/2711/1959 2791/2712/1960 2711/2632/1922
f 2711/2632/1922 2791/2712/1960 2792/2713/1961 2712/2633/1923
f 2712/2633/1923 2792/2713/1961 2793/2714/1962 2713/2634/1924
f 2713/2634/1924 2793/2714/1962 2794/2715/1963 2714/2635/1925
f 2714/2635/1925 2794/2715/1963 2795/2716/1964 2715/2636/1926
f 2715/2636/1926 2795/2716/1964 2796/2717/1965 2716/2637/1927
f 2716/2637/1927 2796/2717/1965 2797/2718/1966 2717/2638/1928
f 2717/2638/1928 2797/2718/1966 2798/2719/1967 2718/2639/1929
f 2718/2639/1929 2798/2719/1967 2799/2720/1968 2719/2640/1930
f 2719/2640/1930 2799/2720/1968 2800/2721/1969 2720/2641/1931
f 2720/2641/1931 2800/2721/1969 2801/2722/1970 2721/2642/1932
f 2721/2642/1932 2801/2722/1970 2802/2723/1971 2722/2643/1933
f 2722/2643/1933 2802/2723/1971 2803/2724/1972 2723/2644/1934
f 2723/2644/1934 2803/2724/1972 2804/67/1973 2724/65/1935
f 115/2645/99 116/2725/100 2805/2726/1974 2725/2646/1936
f 2725/2646/1936 2805/2726/1974 2806/2727/1975 2726/2647/1937
f 2726/2647/1937 2806/2727/1975 2807/2728/1976 2727/2648/1938
f 2727/2648/1938 2807/2728/1976 2808/2729/1977 2728/2649/1939
f 2728/2649/1939 2808/2729/1977 2809/2730/1978 2729/2650/1940
f 2729/2650/1940 2809/2730/1978 2810/2731/1979 2730/2651/1941
f 2730/2651/1941 2810/2731/1979 2811/2732/1980 2731/2652/1942
f 2731/2652/1942 2811/2732/1980 2812/2733/1981 2732/2653/1943
f 2732/2653/1943 2812/2733/1981 2813/2734/1982 2733/2654/1944
f 2733/2654/1944 2813/2734/1982 2814/2735/1983 2734/2655/1945
f 2734/2655/1945 2814/2735/1983 2815/2736/1984 2735/2656/1946
f 2735/2656/1946 2815/2736/1984 2816/2737/1985 2736/2657/1947
f 2736/2657/1947 2816/2737/1985 2817/2738/1986 2737/2658/1948
f 2737/2658/1948 2817/2738/1986 2818/2739/1987 2738/2659/1949
f 2738/2659/1949 2818/2739/1987 2819/2740/1988 2739/2660/1950
f 2739/2660/1950 2819/2740/1988 2820/2741/1989 2740/2661/1951
f 2740/2661/1951 2820/2741/1989 2821/2742/3 2741/2662/1597
f 2741/2662/1597 2821/2742/3 2822/2743/3 2742/2663/3
f 2742/2663/3 2822/2743/3 2823/2744/3 2743/2664/3
f 2743/2664/3 2823/2744/3 2824/2745/3 2744/2665/3
f 2744/2665/3 2824/2745/3 2825/2746/3 2745/2666/3
f 2745/2666/3 2825/2746/3 2826/2747/3 2746/2667/3
f 2746/2667/3 2826/2747/3 2827/2748/3 2747/2668/3
f 2747/2668/3 2827/2748/3 2828/2749/3 2748/2669/3
f 2748/2669/3 2828/2749/3 2829/2750/3 2749/2670/3
f 2749/2670/3 2829/2750/3 2830/2751/3 2750/2671/3
f 2750/2671/3 2830/2751/3 2831/2752/3 2751/2672/3
f 2751/2672/3 2831/2752/3 2832/2753/3 2752/2673/3
f 2752/2673/3 2832/2753/3 2833/2754/3 2753/2674/3
f 2753/2674/3 2833/2754/3 2834/2755/3 2754/2675/3
f 2754/2675/3 2834/2755/3 2835/2756/3 2755/2676/3
f 2755/2676/3 2835/2756/3 2836/2757/3 2756/2677/3
f 2756/2677/3 2836/2757/3 2837/2758/3 2757/2678/3
f 2757/2678/3 2837/2758/3 2838/2759/3 2758/2679/3
f 2758/2679/3 2838/2759/3 2839/2760/3 2759/2680/3
f 2759/2680/3 2839/2760/3 2840/2761/3 2760/2681/3
f 2760/2681/3 2840/2761/3 2841/2762/3 2761/2682/3
f 2761/2682/3 2841/2762/3 2842/2763/3 2762/2683/3
f 2762/2683/3 2842/2763/3 2843/2764/3 2763/2684/3
f 2763/2684/3 2843/2764/3 2844/2765/3 2764/2685/3
f 2764/2685/3 2844/2765/3 2845/2766/3 2765/2686/3
f 2765/2686/3 2845/2766/3 2846/2767/3 2766/2687/3
f 2766/2687/3 2846/2767/3 2847/2768/3 2767/2688/3
f 2767/2688/3 2847/2768/3 2848/2769/3 2768/2689/3
f 2768/2689/3 2848/2769/3 2849/2770/3 2769/2690/3
f 2769/2690/3 2849/2770/3 2850/2771/3 2770/2691/3
f 2770/2691/3 2850/2771/3 2851/2772/3 2771/2692/3
f 2771/2692/3 2851/2772/3 2852/2773/3 2772/2693/3
f 2772/2693/3 2852/2773/3 2853/2774/3 2773/2694/3
f 2773/2694/3 2853/2774/3 2854/2775/3 2774/2695/3
f 2774/2695/3 2854/2775/3 2855/2776/3 2775/2696/3
f 2775/2696/3 2855/2776/3 2856/2777/3 2776/2697/3
f 2776/2697/3 2856/2777/3 2857/2778/3 2777/2698/3
f 2777/2698/3 2857/2778/3 2858/2779/3 2778/2699/3
f 2778/2699/3 2858/2779/3 2859/2780/3 2779/2700/3
f 2779/2700/3 2859/2780/3 2860/2781/3 2780/2701/3
f 2780/2701/3 2860/2781/3 2861/2782/3 2781/2702/3
f 2781/2702/3 2861/2782/3 2862/2783/3 2782/2703/3
f 2782/2703/3 2862/2783/3 2863/2784/1990 2783/2704/1952
f 2783/2704/1952 2863/2784/1990 2864/2785/1991 2784/2705/1953
f 2784/2705/1953 2864/2785/1991 2865/2786/1992 2785/2706/1954
f 2785/2706/1954 2865/2786/1992 2866/2787/1993 2786/2707/1955
f 2786/2707/1955 2866/2787/1993 2867/2788/1994 2787/2708/1956
f 2787/2708/1956 2867/2788/1994 2868/2789/1995 2788/2709/1957
f 2788/2709/1957 2868/2789/1995 2869/2790/1996 2789/2710/1958
f 2789/2710/1958 2869/2790/1996 2870/2791/1997 2790/2711/1959
f 2790/2711/1959 2870/2791/1997 2871/2792/1998 2791/2712/1960
f 2791/2712/1960 2871/2792/1998 2872/2793/1999 2792/2713/1961
f 2792/2713/1961 2872/2793/1999 2873/2794/2000 2793/2714/1962
f 2793/2714/1962 2873/2794/2000 2874/2795/2001 2794/2715/1963
f 2794/2715/1963 2874/2795/2001 2875/2796/2002 2795/2716/1964
f 2795/2716/1964 2875/2796/2002 2876/2797/2003 2796/2717/1965
f 2796/2717/1965 2876/2797/2003 2877/2798/2004 2797/2718/1966
f 2797/2718/1966 2877/2798/2004 2878/2799/2005 2798/2719/1967
f 2798/2719/1967 2878/2799/2005 2879/2800/2006 2799/2720/1968
f 2799/2720/1968 2879/2800/2006 2880/2801/2007 2800/2721/1969
f 2800/2721/1969 2880/2801/2007 2881/2802/2008 2801/2722/1970
f 2801/2722/1970 2881/2802/2008 2882/2803/2009 2802/2723/1971
f 2802/2723/1971 2882/2803/2009 2883/2804/2010 2803/2724/1972
f 2803/2724/1972 2883/2804/2010 2884/69/2011 2804/67/1973
f 116/2725/100 117/2805/101 2885/2806/2012 2805/2726/1974
f 2805/2726/1974 2885/2806/2012 2886/2807/2013 2806/2727/1975
f 2806/2727/1975 2886/2807/2013 2887/2808/2014 2807/2728/1976
f 2807/2728/1976 2887/2808/2014 2888/2809/2015 2808/2729/1977
f 2808/2729/1977 2888/2809/2015 2889/2810/2016 2809/2730/1978
f 2809/2730/1978 2889/2810/2016 2890/2811/2017 2810/2731/1979
f 2810/2731/1979 2890/2811/2017 2891/2812/2018 2811/2732/1980
f 2811/2732/1980 2891/2812/2018 2892/2813/2019 2812/2733/1981
f 2812/2733/1981 2892/2813/2019 2893/2814/2020 2813/2734/1982
f 2813/2734/1982 2893/2814/2020 2894/2815/2021 2814/2735/1983
f 2814/2735/1983 2894/2815/2021 2895/2816/2022 2815/2736/1984
f 2815/2736/1984 2895/2816/2022 2896/2817/2023 2816/2737/1985
f 2816/2737/1985 2896/2817/2023 2897/2818/2024 2817/2738/1986
f 2817/2738/1986 2897/2818/2024 2898/2819/2025 2818/2739/1987
f 2818/2739/1987 2898/2819/2025 2899/2820/2026 2819/2740/1988
f 2819/2740/1988 2899/2820/2026 2900/2821/2027 2820/2741/1989
f 2820/2741/1989 2900/2821/2027 2901/2822/3 2821/2742/3
f 2821/2742/3 2901/2822/3 2902/2823/3 2822/2743/3
f 2822/2743/3 2902/2823/3 2903/2824/3 2823/2744/3
f 2823/2744/3 2903/2824/3 2904/2825/3 2824/2745/3
f 2824/2745/3 2904/2825/3 2905/2826/3 2825/2746/3
f 2825/2746/3 2905/2826/3 2906/2827/3 2826/2747/3
f 2826/2747/3 2906/2827/3 2907/2828/3 2827/2748/3
f 2827/2748/3 2907/2828/3 2908/2829/3 2828/2749/3
f 2828/2749/3 2908/2829/3 2909/2830/3 2829/2750/3
f 2829/2750/3 2909/2830/3 2910/2831/3 2830/2751/3
f 2830/2751/3 2910/2831/3 2911/2832/3 2831/2752/3
f 2831/2752/3 2911/2832/3 2912/2833/3 2832/2753/3
f 2832/2753/3 2912/2833/3 2913/2834/3 2833/2754/3
f 2833/2754/3 2913/2834/3 2914/2835/3 2834/2755/3
f 2834/2755/3 2914/2835/3 2915/2836/3 2835/2756/3
f 2835/2756/3 2915/2836/3 2916/2837/3 2836/2757/3
f 2836/2757/3 2916/2837/3 2917/2838/3 2837/2758/3
f 2837/2758/3 2917/2838/3 2918/2839/3 2838/2759/3
f 2838/2759/3 2918/2839/3 2919/2840/3 2839/2760/3
f 2839/2760/3 2919/2840/3 2920/2841/3 2840/2761/3
f 2840/2761/3 2920/2841/3 2921/2842/3 2841/2762/3
f 2841/2762/3 2921/2842/3 2922/2843/3 2842/2763/3
f 2842/2763/3 2922/2843/3 2923/2844/3 2843/2764/3
f 2843/2764/3 2923/2844/3 2924/2845/3 2844/2765/3
f 2844/2765/3 2924/2845/3 2925/2846/3 2845/2766/3
f 2845/2766/3 2925/2846/3 2926/2847/3 2846/2767/3
f 2846/2767/3 2926/2847/3 2927/2848/3 2847/2768/3
f 2847/2768/3 2927/2848/3 2928/2849/3 2848/2769/3
f 2848/2769/3 2928/2849/3 2929/2850/3 2849/2770/3
f 2849/2770/3 2929/2850/3 2930/2851/3 2850/2771/3
f 2850/2771/3 2930/2851/3 2931/2852/3 2851/2772/3
f 2851/2772/3 2931/2852/3 2932/2853/3 2852/2773/3
f 2852/2773/3 2932/2853/3 2933/2854/3 2853/2774/3
f 2853/2774/3 2933/2854/3 2934/2855/3 2854/2775/3
f 2854/2775/3 2934/2855/3 2935/2856/3 2855/2776/3
f 2855/2776/3 2935/2856/3 2936/2857/3 2856/2777/3
f 2856/2777/3 2936/2857/3 2937/2858/3 2857/2778/3
f 2857/2778/3 2937/2858/3 2938/2859/3 2858/2779/3
f 2858/2779/3 2938/2859/3 2939/2860/3 2859/2780/3
f 2859/2780/3 2939/2860/3 2940/2861/3 2860/2781/3
f 2860/2781/3 2940/2861/3 2941/2862/3 2861/2782/3
f 2861/2782/3 2941/2862/3 2942/2863/3 2862/2783/3
f 2862/2783/3 2942/2863/3 2943/2864/2028 2863/2784/1990
f 2863/2784/1990 2943/2864/2028 2944/2865/2029 2864/2785/1991
f 2864/2785/1991 2944/2865/2029 2945/2866/2030 2865/2786/1992
f 2865/2786/1992 2945/2866/2030 2946/2867/2031 2866/2787/1993
f 2866/2787/1993 2946/2867/2031 2947/2868/2032 2867/2788/1994
f 2867/2788/1994 2947/2868/2032 2948/2869/2033 2868/2789/1995
f 2868/2789/1995 2948/2869/2033 2949/2870/2034 2869/2790/1996
f 2869/2790/1996 2949/2870/2034 2950/2871/2035 2870/2791/1997
f 2870/2791/1997 2950/2871/2035 2951/2872/2036 2871/2792/1998
f 2871/2792/1998 2951/2872/2036 2952/2873/2037 2872/2793/1999
f 2872/2793/1999 2952/2873/2037 2953/2874/2038 2873/2794/2000
f 2873/2794/2000 2953/2874/2038 2954/2875/2039 2874/2795/2001
f 2874/2795/2001 2954/2875/2039 2955/2876/2040 2875/2796/2002
f 2875/2796/2002 2955/2876/2040 2956/2877/2041 2876/2797/2003
f 2876/2797/2003 2956/2877/2041 2957/2878/2042 2877/2798/2004
f 2877/2798/2004 2957/2878/2042 2958/2879/2043 2878/2799/2005
f 2878/2799/2005 2958/2879/2043 2959/2880/2044 2879/2800/2006
f 2879/2800/2006 2959/2880/2044 2960/2881/2045 2880/2801/2007
f 2880/2801/2007 2960/2881/2045 2961/2882/2046 2881/2802/2008
f 2881/2802/2008 2961/2882/2046 2962/2883/2047 2882/2803/2009
f 2882/2803/2009 2962/2883/2047 2963/2884/2048 2883/2804/2010
f 2883/2804/2010 2963/2884/2048 2964/71/2049 2884/69/2011
f 117/2805/101 118/2885/102 2965/2886/2050 2885/2806/2012
f 2885/2806/2012 2965/2886/2050 2966/2887/2051 2886/2807/2013
f 2886/2807/2013 2966/2887/2051 2967/2888/2052 2887/2808/2014
f 2887/2808/2014 2967/2888/2052 2968/2889/2053 2888/2809/2015
f 2888/2809/2015 2968/2889/2053 2969/2890/2054 2889/2810/2016
f 2889/2810/2016 2969/2890/2054 2970/2891/2055 2890/2811/2017
f 2890/2811/2017 2970/2891/2055 2971/2892/2056 2891/2812/2018
f 2891/2812/2018 2971/2892/2056 2972/2893/2057 2892/2813/2019
f 2892/2813/2019 2972/2893/2057 2973/2894/2058 2893/2814/2020
f 2893/2814/2020 2973/2894/2058 2974/2895/2059 2894/2815/2021
f 2894/2815/2021 2974/2895/2059 2975/2896/2060 2895/2816/2022
f 2895/2816/2022 2975/2896/2060 2976/2897/2061 2896/2817/2023
f 2896/2817/2023 2976/2897/2061 2977/2898/2062 2897/2818/2024
f 2897/2818/2024 2977/2898/2062 2978/2899/2063 2898/2819/2025
f 2898/2819/2025 2978/2899/2063 2979/2900/2064 2899/2820/2026
f 2899/2820/2026 2979/2900/2064 2980/2901/514 2900/2821/2027
f 2900/2821/2027 2980/2901/514 2981/2902/3 2901/2822/3
f 2901/2822/3 2981/2902/3 2982/2903/3 2902/2823/3
f 2902/2823/3 2982/2903/3 2983/2904/3 2903/2824/3
f 2903/2824/3 2983/2904/3 2984/2905/3 2904/2825/3
f 2904/2825/3 2984/2905/3 2985/2906/3 2905/2826/3
f 2905/2826/3 2985/2906/3 2986/2907/3 2906/2827/3
f 2906/2827/3 2986/2907/3 2987/2908/3 2907/2828/3
f 2907/2828/3 2987/2908/3 2988/2909/3 2908/2829/3
f 2908/2829/3 2988/2909/3 2989/2910/3 2909/2830/3
f 2909/2830/3 2989/2910/3 2990/2911/3 2910/2831/3
f 2910/2831/3 2990/2911/3 2991/2912/3 2911/2832/3
f 2911/2832/3 2991/2912/3 2992/2913/3 2912/2833/3
f 2912/2833/3 2992/2913/3 2993/2914/3 2913/2834/3
f 2913/2834/3 2993/2914/3 2994/2915/3 2914/2835/3
f 2914/2835/3 2994/2915/3 2995/2916/3 2915/2836/3
f 2915/2836/3 2995/2916/3 2996/2917/3 2916/2837/3
f 2916/2837/3 2996/2917/3 2997/2918/3 2917/2838/3
f 2917/2838/3 2997/2918/3 2998/2919/3 2918/2839/3
f 2918/2839/3 2998/2919/3 2999/2920/3 2919/2840/3
f 2919/2840/3 2999/2920/3 3000/2921/3 2920/2841/3
f 2920/2841/3 3000/2921/3 3001/2922/3 2921/2842/3
f 2921/2842/3 3001/2922/3 3002/2923/3 2922/2843/3
f 2922/2843/3 3002/2923/3 3003/2924/3 2923/2844/3
f 2923/2844/3 3003/2924/3 3004/2925/3 2924/2845/3
f 2924/2845/3 3004/2925/3 3005/2926/3 2925/2846/3
f 2925/2846/3 3005/2926/3 3006/2927/3 2926/2847/3
f 2926/2847/3 3006/2927/3 3007/2928/3 2927/2848/3
f 2927/2848/3 3007/2928/3 3008/2929/3 2928/2849/3
f 2928/2849/3 3008/2929/3 3009/2930/3 2929/2850/3
f 2929/2850/3 3009/2930/3 3010/2931/3 2930/2851/3
f 2930/2851/3 3010/2931/3 3011/2932/3 2931/2852/3
f 2931/2852/3 3011/2932/3 3012/2933/3 2932/2853/3
f 2932/2853/3 3012/2933/3 3013/2934/3 2933/2854/3
f 2933/2854/3 3013/2934/3 3014/2935/3 2934/2855/3
f 2934/2855/3 3014/2935/3 3015/2936/3 2935/2856/3
f 2935/2856/3 3015/2936/3 3016/2937/3 2936/2857/3
f 2936/2857/3 3016/2937/3 3017/2938/3 2937/2858/3
f 2937/2858/3 3017/2938/3 3018/2939/3 2938/2859/3
f 2938/2859/3 3018/2939/3 3019/2940/3 2939/2860/3
f 2939/2860/3 3019/2940/3 3020/2941/3 2940/2861/3
f 2940/2861/3 3020/2941/3 3021/2942/3 2941/2862/3
f 2941/2862/3 3021/2942/3 3022/2943/439 2942/2863/3
f 2942/2863/3 3022/2943/439 3023/2944/2065 2943/2864/2028
f 2943/2864/2028 3023/2944/2065 3024/2945/2066 2944/2865/2029
f 2944/2865/2029 3024/2945/2066 3025/2946/2067 2945/2866/2030
f 2945/2866/2030 3025/2946/2067 3026/2947/2068 2946/2867/2031
f 2946/2867/2031 3026/2947/2068 3027/2948/2069 2947/2868/2032
f 2947/2868/2032 3027/2948/2069 3028/2949/2070 2948/2869/2033
f 2948/2869/2033 3028/2949/2070 3029/2950/2071 2949/2870/2034
f 2949/2870/2034 3029/2950/2071 3030/2951/2072 2950/2871/2035
f 2950/2871/2035 3030/2951/2072 3031/2952/2073 2951/2872/2036
f 2951/2872/2036 3031/2952/2073 3032/2953/2074 2952/2873/2037
f 2952/2873/2037 3032/2953/2074 3033/2954/2075 2953/2874/2038
f 2953/2874/2038 3033/2954/2075 3034/2955/2076 2954/2875/2039
f 2954/2875/2039 3034/2955/2076 3035/2956/2077 2955/2876/2040
f 2955/2876/2040 3035/2956/2077 3036/2957/2078 2956/2877/2041
f 2956/2877/2041 3036/2957/2078 3037/2958/2079 2957/2878/2042
f 2957/2878/2042 3037/2958/2079 3038/2959/2080 2958/2879/2043
f 2958/2879/2043 3038/2959/2080 3039/2960/2081 2959/2880/2044
f 2959/2880/2044 3039/2960/2081 3040/2961/2082 2960/2881/2045
f 2960/2881/2045 3040/2961/2082 3041/2962/2083 2961/2882/2046
f 2961/2882/2046 3041/2962/2083 3042/2963/2084 2962/2883/2047
f 2962/2883/2047 3042/2963/2084 3043/2964/2085 2963/2884/2048
f 2963/2884/2048 3043/2964/2085 3044/73/2086 2964/71/2049
f 118/2885/102 119/2965/103 3045/2966/2087 2965/2886/2050
f 2965/2886/2050 3045/2966/2087 3046/2967/2088 2966/2887/2051
f 2966/2887/2051 3046/2967/2088 3047/2968/2089 2967/2888/2052
f 2967/2888/2052 3047/2968/2089 3048/2969/2090 2968/2889/2053
f 2968/2889/2053 3048/2969/2090 3049/2970/2091 2969/2890/2054
f 2969/2890/2054 3049/2970/2091 3050/2971/2092 2970/2891/2055
f 2970/2891/2055 3050/2971/2092 3051/2972/2093 2971/2892/2056
f 2971/2892/2056 3051/2972/2093 3052/2973/2094 2972/2893/2057
f 2972/2893/2057 3052/2973/2094 3053/2974/2095 2973/2894/2058
f 2973/2894/2058 3053/2974/2095 3054/2975/2096 2974/2895/2059
f 2974/2895/2059 3054/2975/2096 3055/2976/2097 2975/2896/2060
f 2975/2896/2060 3055/2976/2097 3056/2977/2098 2976/2897/2061
f 2976/2897/2061 3056/2977/2098 3057/2978/2099 2977/2898/2062
f 2977/2898/2062 3057/2978/2099 3058/2979/2100 2978/2899/2063
f 2978/2899/2063 3058/2979/2100 3059/2980/1409 2979/2900/2064
f 2979/2900/2064 3059/2980/1409 3060/2981/3 2980/2901/514
f 2980/2901/514 3060/2981/3 3061/2982/3 2981/2902/3
f 2981/2902/3 3061/2982/3 3062/2983/3 2982/2903/3
f 2982/2903/3 3062/2983/3 3063/2984/3 2983/2904/3
f 2983/2904/3 3063/2984/3 3064/2985/3 2984/2905/3
f 2984/2905/3 3064/2985/3 3065/2986/3 2985/2906/3
f 2985/2906/3 3065/2986/3 3066/2987/3 2986/2907/3
f 2986/2907/3 3066/2987/3 3067/2988/3 2987/2908/3
f 2987/2908/3 3067/2988/3 3068/2989/3 2988/2909/3
f 2988/2909/3 3068/2989/3 3069/2990/3 2989/2910/3
f 2989/2910/3 3069/2990/3 3070/2991/3 2990/2911/3
f 2990/2911/3 3070/2991/3 3071/2992/3 2991/2912/3
f 2991/2912/3 3071/2992/3 3072/2993/3 2992/2913/3
f 2992/2913/3 3072/2993/3 3073/2994/3 2993/2914/3
f 2993/2914/3 3073/2994/3 3074/2995/3 2994/2915/3
f 2994/2915/3 3074/2995/3 3075/2996/3 2995/2916/3
f 2995/2916/3 3075/2996/3 3076/2997/3 2996/2917/3
f 2996/2917/3 3076/2997/3 3077/2998/3 2997/2918/3
f 2997/2918/3 3077/2998/3 3078/2999/3 2998/2919/3
f 2998/2919/3 3078/2999/3 3079/3000/3 2999/2920/3
f 2999/2920/3 3079/3000/3 3080/3001/3 3000/2921/3
f 3000/2921/3 3080/3001/3 3081/3002/3 3001/2922/3
f 3001/2922/3 3081/3002/3 3082/3003/3 3002/2923/3
f 3002/2923/3 3082/3003/3 3083/3004/3 3003/2924/3
f 3003/2924/3 3083/3004/3 3084/3005/3 3004/2925/3
f 3004/2925/3 3084/3005/3 3085/3006/3 3005/2926/3
f 3005/2926/3 3085/3006/3 3086/3007/3 3006/2927/3
f 3006/2927/3 3086/3007/3 3087/3008/3 3007/2928/3
f 3007/2928/3 3087/3008/3 3088/3009/3 3008/2929/3
f 3008/2929/3 3088/3009/3 3089/3010/3 3009/2930/3
f 3009/2930/3 3089/3010/3 3090/3011/3 3010/2931/3
f 3010/2931/3 3090/3011/3 3091/3012/3 3011/2932/3
f 3011/2932/3 3091/3012/3 3092/3013/3 3012/2933/3
f 3012/2933/3 3092/3013/3 3093/3014/3 3013/2934/3
f 3013/2934/3 3093/3014/3 3094/3015/3 3014/2935/3
f 3014/2935/3 3094/3015/3 3095/3016/3 3015/2936/3
f 3015/2936/3 3095/3016/3 3096/3017/3 3016/2937/3
f 3016/2937/3 3096/3017/3 3097/3018/3 3017/2938/3
f 3017/2938/3 3097/3018/3 3098/3019/3 3018/2939/3
f 3018/2939/3 3098/3019/3 3099/3020/3 3019/2940/3
f 3019/2940/3 3099/3020/3 3100/3021/3 3020/2941/3
f 3020/2941/3 3100/3021/3 3101/3022/3 3021/2942/3
f 3021/2942/3 3101/3022/3 3102/3023/2101 3022/2943/439
f 3022/2943/439 3102/3023/2101 3103/3024/2102 3023/2944/2065
f 3023/2944/2065 3103/3024/2102 3104/3025/2103 3024/2945/2066
f 3024/2945/2066 3104/3025/2103 3105/3026/2104 3025/2946/2067
f 3025/2946/2067 3105/3026/2104 3106/3027/2105 3026/2947/2068
f 3026/2947/2068 3106/3027/2105 3107/3028/2106 3027/2948/2069
f 3027/2948/2069 3107/3028/2106 3108/3029/2107 3028/2949/2070
f 3028/2949/2070 3108/3029/2107 3109/3030/2108 3029/2950/2071
f 3029/2950/2071 3109/3030/2108 3110/3031/2109 3030/2951/2072
f 3030/2951/2072 3110/3031/2109 3111/3032/2110 3031/2952/2073
f 3031/2952/2073 3111/3032/2110 3112/3033/2111 3032/2953/2074
f 3032/2953/2074 3112/3033/2111 3113/3034/2112 3033/2954/2075
f 3033/2954/2075 3113/3034/2112 3114/3035/2113 3034/2955/2076
f 3034/2955/2076 3114/3035/2113 3115/3036/2114 3035/2956/2077
f 3035/2956/2077 3115/3036/2114 3116/3037/2115 3036/2957/2078
f 3036/2957/2078 3116/3037/2115 3117/3038/2116 3037/2958/2079
f 3037/2958/2079 3117/3038/2116 3118/3039/2117 3038/2959/2080
f 3038/2959/2080 3118/3039/2117 3119/3040/2118 3039/2960/2081
f 3039/2960/2081 3119/3040/2118 3120/3041/2119 3040/2961/2082
f 3040/2961/2082 3120/3041/2119 3121/3042/2120 3041/2962/2083
f 3041/2962/2083 3121/3042/2120 3122/3043/2121 3042/2963/2084
f 3042/2963/2084 3122/3043/2121 3123/3044/2122 3043/2964/2085
f 3043/2964/2085 3123/3044/2122 3124/75/2123 3044/73/2086
f 119/2965/103 120/3045/104 3125/3046/2124 3045/2966/2087
f 3045/2966/2087 3125/3046/2124 3126/3047/2125 3046/2967/2088
f 3046/2967/2088 3126/3047/2125 3127/3048/2126 3047/2968/2089
f 3047/2968/2089 3127/3048/2126 3128/3049/2127 3048/2969/2090
f 3048/2969/2090 3128/3049/2127 3129/3050/2128 3049/2970/2091
f 3049/2970/2091 3129/3050/2128 3130/3051/2129 3050/2971/2092
f 3050/2971/2092 3130/3051/2129 3131/3052/2130 3051/2972/2093
f 3051/2972/2093 3131/3052/2130 3132/3053/2131 3052/2973/2094
f 3052/2973/2094 3132/3053/2131 3133/3054/2132 3053/2974/2095
f 3053/2974/2095 3133/3054/2132 3134/3055/2133 3054/2975/2096
f 3054/2975/2096 3134/3055/2133 3135/3056/2134 3055/2976/2097
f 3055/2976/2097 3135/3056/2134 3136/3057/2135 3056/2977/2098
f 3056/2977/2098 3136/3057/2135 3137/3058/2136 3057/2978/2099
f 3057/2978/2099 3137/3058/2136 3138/3059/1558 3058/2979/2100
f 3058/2979/2100 3138/3059/1558 3139/3060/3 3059/2980/1409
f 3059/2980/1409 3139/3060/3 3140/3061/3 3060/2981/3
f 3060/2981/3 3140/3061/3 3141/3062/3 3061/2982/3
f 3061/2982/3 3141/3062/3 3142/3063/3 3062/2983/3
f 3062/2983/3 3142/3063/3 3143/3064/3 3063/2984/3
f 3063/2984/3 3143/3064/3 3144/3065/3 3064/2985/3
f 3064/2985/3 3144/3065/3 3145/3066/3 3065/2986/3
f 3065/2986/3 3145/3066/3 3146/3067/3 3066/2987/3
f 3066/2987/3 3146/3067/3 3147/3068/3 3067/2988/3
f 3067/2988/3 3147/3068/3 3148/3069/3 3068/2989/3
f 3068/2989/3 3148/3069/3 3149/3070/3 3069/2990/3
f 3069/2990/3 3149/3070/3 3150/3071/3 3070/2991/3
f 3070/2991/3 3150/3071/3 3151/3072/3 3071/2992/3
f 3071/2992/3 3151/3072/3 3152/3073/3 3072/2993/3
f 3072/2993/3 3152/3073/3 3153/3074/3 3073/2994/3
f 3073/2994/3 3153/3074/3 3154/3075/3 3074/2995/3
f 3074/2995/3 3154/3075/3 3155/3076/3 3075/2996/3
f 3075/2996/3 3155/3076/3 3156/3077/3 3076/2997/3
f 3076/2997/3 3156/3077/3 3157/3078/3 3077/2998/3
f 3077/2998/3 3157/3078/3 3158/3079/3 3078/2999/3
f 3078/2999/3 3158/3079/3 3159/3080/3 3079/3000/3
f 3079/3000/3 3159/3080/3 3160/3081/3 3080/3001/3
f 3080/3001/3 3160/3081/3 3161/3082/3 3081/3002/3
f 3081/3002/3 3161/3082/3 3162/3083/3 3082/3003/3
f 3082/3003/3 3162/3083/3 3163/3084/3 3083/3004/3
f 3083/3004/3 3163/3084/3 3164/3085/3 3084/3005/3
f 3084/3005/3 3164/3085/3 3165/3086/3 3085/3006/3
f 3085/3006/3 3165/3086/3 3166/3087/3 3086/3007/3
f 3086/3007/3 3166/3087/3 3167/3088/3 3087/3008/3
f 3087/3008/3 3167/3088/3 3168/3089/3 3088/3009/3
f 3088/3009/3 3168/3089/3 3169/3090/3 3089/3010/3
f 3089/3010/3 3169/3090/3 3170/3091/3 3090/3011/3
f 3090/3011/3 3170/3091/3 3171/3092/3 3091/3012/3
f 3091/3012/3 3171/3092/3 3172/3093/3 3092/3013/3
f 3092/3013/3 3172/3093/3 3173/3094/3 3093/3014/3
f 3093/3014/3 3173/3094/3 3174/3095/3 3094/3015/3
f 3094/3015/3 3174/3095/3 3175/3096/3 3095/3016/3
f 3095/3016/3 3175/3096/3 3176/3097/3 3096/3017/3
f 3096/3017/3 3176/3097/3 3177/3098/3 3097/3018/3
f 3097/3018/3 3177/3098/3 3178/3099/3 3098/3019/3
f 3098/3019/3 3178/3099/3 3179/3100/3 3099/3020/3
f 3099/3020/3 3179/3100/3 3180/3101/3 3100/3021/3
f 3100/3021/3 3180/3101/3 3181/3102/3 3101/3022/3
f 3101/3022/3 3181/3102/3 3182/3103/2137 3102/3023/2101
f 3102/3023/2101 3182/3103/2137 3183/3104/2138 3103/3024/2102
f 3103/3024/2102 3183/3104/2138 3184/3105/2139 3104/3025/2103
f 3104/3025/2103 3184/3105/2139 3185/3106/2140 3105/3026/2104
f 3105/3026/2104 3185/3106/2140 3186/3107/2141 3106/3027/2105
f 3106/3027/2105 3186/3107/2141 3187/3108/2142 3107/3028/2106
f 3107/3028/2106 3187/3108/2142 3188/3109/2143 3108/3029/2107
f 3108/3029/2107 3188/3109/2143 3189/3110/2144 3109/3030/2108
f 3109/3030/2108 3189/3110/2144 3190/3111/2145 3110/3031/2109
f 3110/3031/2109 3190/3111/2145 3191/3112/2146 3111/3032/2110
f 3111/3032/2110 3191/3112/2146 3192/3113/2147 3112/3033/2111
f 3112/3033/2111 3192/3113/2147 3193/3114/2148 3113/3034/2112
f 3113/3034/2112 3193/3114/2148 3194/3115/2149 3114/3035/2113
f 3114/3035/2113 3194/3115/2149 3195/3116/2150 3115/3036/2114
f 3115/3036/2114 3195/3116/2150 3196/3117/2151 3116/3037/2115
f 3116/3037/2115 3196/3117/2151 3197/3118/2152 3117/3038/2116
f 3117/3038/2116 3197/3118/2152 3198/3119/2153 3118/3039/2117
f 3118/3039/2117 3198/3119/2153 3199/3120/2154 3119/3040/2118
f 3119/3040/2118 3199/3120/2154 3200/3121/2155 3120/3041/2119
f 3120/3041/2119 3200/3121/2155 3201/3122/2156 3121/3042/2120
f 3121/3042/2120 3201/3122/2156 3202/3123/2157 3122/3043/2121
f 3122/3043/2121 3202/3123/2157 3203/3124/2158 3123/3044/2122
f 3123/3044/2122 3203/3124/2158 3204/77/2159 3124/75/2123
f 120/3045/104 121/3125/105 3205/3126/2160 3125/3046/2124
f 3125/3046/2124 3205/3126/2160 3206/3127/2161 3126/3047/2125
f 3126/3047/2125 3206/3127/2161 3207/3128/2162 3127/3048/2126
f 3127/3048/2126 3207/3128/2162 3208/3129/2163 3128/3049/2127
f 3128/3049/2127 3208/3129/2163 3209/3130/2164 3129/3050/2128
f 3129/3050/2128 3209/3130/2164 3210/3131/2165 3130/3051/2129
f 3130/3051/2129 3210/3131/2165 3211/3132/2166 3131/3052/2130
f 3131/3052/2130 3211/3132/2166 3212/3133/2167 3132/3053/2131
f 3132/3053/2131 3212/3133/2167 3213/3134/2168 3133/3054/2132
f 3133/3054/2132 3213/3134/2168 3214/3135/2169 3134/3055/2133
f 3134/3055/2133 3214/3135/2169 3215/3136/2170 3135/3056/2134
f 3135/3056/2134 3215/3136/2170 3216/3137/2171 3136/3057/2135
f 3136/3057/2135 3216/3137/2171 3217/3138/2172 3137/3058/2136
f 3137/3058/2136 3217/3138/2172 3218/3139/3 3138/3059/1558
f 3138/3059/1558 3218/3139/3 3219/3140/3 3139/3060/3
f 3139/3060/3 3219/3140/3 3220/3141/3 3140/3061/3
f 3140/3061/3 3220/3141/3 3221/3142/3 3141/3062/3
f 3141/3062/3 3221/3142/3 3222/3143/3 3142/3063/3
f 3142/3063/3 3222/3143/3 3223/3144/3 3143/3064/3
f 3143/3064/3 3223/3144/3 3224/3145/3 3144/3065/3
f 3144/3065/3 3224/3145/3 3225/3146/3 3145/3066/3
f 3145/3066/3 3225/3146/3 3226/3147/3 3146/3067/3
f 3146/3067/3 3226/3147/3 3227/3148/3 3147/3068/3
f 3147/3068/3 3227/3148/3 3228/3149/3 3148/3069/3
f 3148/3069/3 3228/3149/3 3229/3150/3 3149/3070/3
f 3149/3070/3 3229/3150/3 3230/3151/3 3150/3071/3
f 3150/3071/3 3230/3151/3 3231/3152/3 3151/3072/3
f 3151/3072/3 3231/3152/3 3232/3153/3 3152/3073/3
f 3152/3073/3 3232/3153/3 3233/3154/3 3153/3074/3
f 3153/3074/3 3233/3154/3 3234/3155/3 3154/3075/3
f 3154/3075/3 3234/3155/3 3235/3156/3 3155/3076/3
f 3155/3076/3 3235/3156/3 3236/3157/3 3156/3077/3
f 3156/3077/3 3236/3157/3 3237/3158/3 3157/3078/3
f 3157/3078/3 3237/3158/3 3238/3159/3 3158/3079/3
f 3158/3079/3 3238/3159/3 3239/3160/3 3159/3080/3
f 3159/3080/3 3239/3160/3 3240/3161/3 3160/3081/3
f 3160/3081/3 3240/3161/3 3241/3162/3 3161/3082/3
f 3161/3082/3 3241/3162/3 3242/3163/3 3162/3083/3
f 3162/3083/3 3242/3163/3 3243/3164/3 3163/3084/3
f 3163/3084/3 3243/3164/3 3244/3165/3 3164/3085/3
f 3164/3085/3 3244/3165/3 3245/3166/3 3165/3086/3
f 3165/3086/3 3245/3166/3 3246/3167/3 3166/3087/3
f 3166/3087/3 3246/3167/3 3247/3168/3 3167/3088/3
f 3167/3088/3 3247/3168/3 3248/3169/3 3168/3089/3
f 3168/3089/3 3248/3169/3 3249/3170/3 3169/3090/3
f 3169/3090/3 3249/3170/3 3250/3171/3 3170/3091/3
f 3170/3091/3 3250/3171/3 3251/3172/3 3171/3092/3
f 3171/3092/3 3251/3172/3 3252/3173/3 3172/3093/3
f 3172/3093/3 3252/3173/3 3253/3174/3 3173/3094/3
f 3173/3094/3 3253/3174/3 3254/3175/3 3174/3095/3
f 3174/3095/3 3254/3175/3 3255/3176/3 3175/3096/3
f 3175/3096/3 3255/3176/3 3256/3177/3 3176/3097/3
f 3176/3097/3 3256/3177/3 3257/3178/3 3177/3098/3
f 3177/3098/3 3257/3178/3 3258/3179/3 3178/3099/3
f 3178/3099/3 3258/3179/3 3259/3180/3 3179/3100/3
f 3179/3100/3 3259/3180/3 3260/3181/3 3180/3101/3
f 3180/3101/3 3260/3181/3 3261/3182/3 3181/3102/3
f 3181/3102/3 3261/3182/3 3262/3183/3 3182/3103/2137
f 3182/3103/2137 3262/3183/3 3263/3184/2173 3183/3104/2138
f 3183/3104/2138 3263/3184/2173 3264/3185/2174 3184/3105/2139
f 3184/3105/2139 3264/3185/2174 3265/3186/2175 3185/3106/2140
f 3185/3106/2140 3265/3186/2175 3266/3187/2176 3186/3107/2141
f 3186/3107/2141 3266/3187/2176 3267/3188/2177 3187/3108/2142
f 3187/3108/2142 3267/3188/2177 3268/3189/2178 3188/3109/2143
f 3188/3109/2143 3268/3189/2178 3269/3190/2179 3189/3110/2144
f 3189/3110/2144 3269/3190/2179 3270/3191/2180 3190/3111/2145
f 3190/3111/2145 3270/3191/2180 3271/3192/2181 3191/3112/2146
f 3191/3112/2146 3271/3192/2181 3272/3193/2182 3192/3113/2147
f 3192/3113/2147 3272/3193/2182 3273/3194/2183 3193/3114/2148
f 3193/3114/2148 3273/3194/2183 3274/3195/2184 3194/3115/2149
f 3194/3115/2149 3274/3195/2184 3275/3196/2185 3195/3116/2150
f 3195/3116/2150 3275/3196/2185 3276/3197/2186 3196/3117/2151
f 3196/3117/2151 3276/3197/2186 3277/3198/2187 3197/3118/2152
f 3197/3118/2152 3277/3198/2187 3278/3199/2188 3198/3119/2153
f 3198/3119/2153 3278/3199/2188 3279/3200/2189 3199/3120/2154
f 3199/3120/2154 3279/3200/2189 3280/3201/2190 3200/3121/2155
f 3200/3121/2155 3280/3201/2190 3281/3202/2191 3201/3122/2156
f 3201/3122/2156 3281/3202/2191 3282/3203/2192 3202/3123/2157
f 3202/3123/2157 3282/3203/2192 3283/3204/2193 3203/3124/2158
f 3203/3124/2158 3283/3204/2193 3284/79/2194 3204/77/2159
f 121/3125/105 122/3205/106 3285/3206/2195 3205/3126/2160
f 3205/3126/2160 3285/3206/2195 3286/3207/2196 3206/3127/2161
f 3206/3127/2161 3286/3207/2196 3287/3208/2197 3207/3128/2162
f 3207/3128/2162 3287/3208/2197 3288/3209/2198 3208/3129/2163
f 3208/3129/2163 3288/3209/2198 3289/3210/2199 3209/3130/2164
f 3209/3130/2164 3289/3210/2199 3290/3211/2200 3210/3131/2165
f 3210/3131/2165 3290/3211/2200 3291/3212/2201 3211/3132/2166
f 3211/3132/2166 3291/3212/2201 3292/3213/2202 3212/3133/2167
f 3212/3133/2167 3292/3213/2202 3293/3214/2203 3213/3134/2168
f 3213/3134/2168 3293/3214/2203 3294/3215/2204 3214/3135/2169
f 3214/3135/2169 3294/3215/2204 3295/3216/2205 3215/3136/2170
f 3215/3136/2170 3295/3216/2205 3296/3217/2206 3216/3137/2171
f 3216/3137/2171 3296/3217/2206 3297/3218/193 3217/3138/2172
f 3217/3138/2172 3297/3218/193 3298/3219/3 3218/3139/3
f 3218/3139/3 3298/3219/3 3299/3220/3 3219/3140/3
f 3219/3140/3 3299/3220/3 3300/3221/3 3220/3141/3
f 3220/3141/3 3300/3221/3 3301/3222/3 3221/3142/3
f 3221/3142/3 3301/3222/3 3302/3223/3 3222/3143/3
f 3222/3143/3 3302/3223/3 3303/3224/3 3223/3144/3
f 3223/3144/3 3303/3224/3 3304/3225/3 3224/3145/3
f 3224/3145/3 3304/3225/3 3305/3226/3 3225/3146/3
f 3225/3146/3 3305/3226/3 3306/3227/3 3226/3147/3
f 3226/3147/3 3306/3227/3 3307/3228/3 3227/3148/3
f 3227/3148/3 3307/3228/3 3308/3229/3 3228/3149/3
f 3228/3149/3 3308/3229/3 3309/3230/3 3229/3150/3
f 3229/3150/3 3309/3230/3 3310/3231/3 3230/3151/3
f 3230/3151/3 3310/3231/3 3311/3232/3 3231/3152/3
f 3231/3152/3 3311/3232/3 3312/3233/3 3232/3153/3
f 3232/3153/3 3312/3233/3 3313/3234/3 3233/3154/3
f 3233/3154/3 3313/3234/3 3314/3235/3 3234/3155/3
f 3234/3155/3 3314/3235/3 3315/3236/3 3235/3156/3
f 3235/3156/3 3315/3236/3 3316/3237/3 3236/3157/3
f 3236/3157/3 3316/3237/3 3317/3238/3 3237/3158/3
f 3237/3158/3 3317/3238/3 3318/3239/3 3238/3159/3
f 3238/3159/3 3318/3239/3 3319/3240/3 3239/3160/3
f 3239/3160/3 3319/3240/3 3320/3241/3 3240/3161/3
f 3240/3161/3 3320/3241/3 3321/3242/3 3241/3162/3
f 3241/3162/3 3321/3242/3 3322/3243/3 3242/3163/3
f 3242/3163/3 3322/3243/3 3323/3244/3 3243/3164/3
f 3243/3164/3 3323/3244/3 3324/3245/3 3244/3165/3
f 3244/3165/3 3324/3245/3 3325/3246/3 3245/3166/3
f 3245/3166/3 3325/3246/3 3326/3247/3 3246/3167/3
f 3246/3167/3 3326/3247/3 3327/3248/3 3247/3168/3
f 3247/3168/3 3327/3248/3 3328/3249/3 3248/3169/3
f 3248/3169/3 3328/3249/3 3329/3250/3 3249/3170/3
f 3249/3170/3 3329/3250/3 3330/3251/3 3250/3171/3
f 3250/3171/3 3330/3251/3 3331/3252/3 3251/3172/3
f 3251/3172/3 3331/3252/3 3332/3253/3 3252/3173/3
f 3252/3173/3 3332/3253/3 3333/3254/3 3253/3174/3
f 3253/3174/3 3333/3254/3 3334/3255/3 3254/3175/3
f 3254/3175/3 3334/3255/3 3335/3256/3 3255/3176/3
f 3255/3176/3 3335/3256/3 3336/3257/3 3256/3177/3
f 3256/3177/3 3336/3257/3 3337/3258/3 3257/3178/3
f 3257/3178/3 3337/3258/3 3338/3259/3 3258/3179/3
f 3258/3179/3 3338/3259/3 3339/3260/3 3259/3180/3
f 3259/3180/3 3339/3260/3 3340/3261/3 3260/3181/3
f 3260/3181/3 3340/3261/3 3341/3262/3 3261/3182/3
f 3261/3182/3 3341/3262/3 3342/3263/3 3262/3183/3
f 3262/3183/3 3342/3263/3 3343/3264/2207 3263/3184/2173
f 3263/3184/2173 3343/3264/2207 3344/3265/2208 3264/3185/2174
f 3264/3185/2174 3344/3265/2208 3345/3266/2209 3265/3186/2175
f 3265/3186/2175 3345/3266/2209 3346/3267/2210 3266/3187/2176
f 3266/3187/2176 3346/3267/2210 3347/3268/2211 3267/3188/2177
f 3267/3188/2177 3347/3268/2211 3348/3269/2212 3268/3189/2178
f 3268/3189/2178 3348/3269/2212 3349/3270/2213 3269/3190/2179
f 3269/3190/2179 3349/3270/2213 3350/3271/2214 3270/3191/2180
f 3270/3191/2180 3350/3271/2214 3351/3272/2215 3271/3192/2181
f 3271/3192/2181 3351/3272/2215 3352/3273/2216 3272/3193/2182
f 3272/3193/2182 3352/3273/2216 3353/3274/2217 3273/3194/2183
f 3273/3194/2183 3353/3274/2217 3354/3275/2218 3274/3195/2184
f 3274/3195/2184 3354/3275/2218 3355/3276/2219 3275/3196/2185
f 3275/3196/2185 3355/3276/2219 3356/3277/2220 3276/3197/2186
f 3276/3197/2186 3356/3277/2220 3357/3278/2221 3277/3198/2187
f 3277/3198/2187 3357/3278/2221 3358/3279/2222 3278/3199/2188
f 3278/3199/2188 3358/3279/2222 3359/3280/2223 3279/3200/2189
f 3279/3200/2189 3359/3280/2223 3360/3281/2224 3280/3201/2190
f 3280/3201/2190 3360/3281/2224 3361/3282/2225 3281/3202/2191
f 3281/3202/2191 3361/3282/2225 3362/3283/2226 3282/3203/2192
f 3282/3203/2192 3362/3283/2226 3363/3284/2227 3283/3204/2193
f 3283/3204/2193 3363/3284/2227 3364/81/2228 3284/79/2194
f 122/3205/106 123/3285/107 3365/3286/2229 3285/3206/2195
f 3285/3206/2195 3365/3286/2229 3366/3287/2230 3286/3207/2196
f 3286/3207/2196 3366/3287/2230 3367/3288/2231 3287/3208/2197
f 3287/3208/2197 3367/3288/2231 3368/3289/2232 3288/3209/2198
f 3288/3209/2198 3368/3289/2232 3369/3290/2233 3289/3210/2199
f 3289/3210/2199 3369/3290/2233 3370/3291/2234 3290/3211/2200
f 3290/3211/2200 3370/3291/2234 3371/3292/2235 3291/3212/2201
f 3291/3212/2201 3371/3292/2235 3372/3293/2236 3292/3213/2202
f 3292/3213/2202 3372/3293/2236 3373/3294/2237 3293/3214/2203
f 3293/3214/2203 3373/3294/2237 3374/3295/2238 3294/3215/2204
f 3294/3215/2204 3374/3295/2238 3375/3296/2239 3295/3216/2205
f 3295/3216/2205 3375/3296/2239 3376/3297/2240 3296/3217/2206
f 3296/3217/2206 3376/3297/2240 3377/3298/3 3297/3218/193
f 3297/3218/193 3377/3298/3 3378/3299/3 3298/3219/3
f 3298/3219/3 3378/3299/3 3379/3300/3 3299/3220/3
f 3299/3220/3 3379/3300/3 3380/3301/3 3300/3221/3
f 3300/3221/3 3380/3301/3 3381/3302/3 3301/3222/3
f 3301/3222/3 3381/3302/3 3382/3303/3 3302/3223/3
f 3302/3223/3 3382/3303/3 3383/3304/3 3303/3224/3
f 3303/3224/3 3383/3304/3 3384/3305/3 3304/3225/3
f 3304/3225/3 3384/3305/3 3385/3306/3 3305/3226/3
f 3305/3226/3 3385/3306/3 3386/3307/3 3306/3227/3
f 3306/3227/3 3386/3307/3 3387/3308/3 3307/3228/3
f 3307/3228/3 3387/3308/3 3388/3309/3 3308/3229/3
f 3308/3229/3 3388/3309/3 3389/3310/3 3309/3230/3
f 3309/3230/3 3389/3310/3 3390/3311/3 3310/3231/3
f 3310/3231/3 3390/3311/3 3391/3312/3 3311/3232/3
f 3311/3232/3 3391/3312/3 3392/3313/3 3312/3233/3
f 3312/3233/3 3392/3313/3 3393/3314/3 3313/3234/3
f 3313/3234/3 3393/3314/3 3394/3315/3 3314/3235/3
f 3314/3235/3 3394/3315/3 3395/3316/3 3315/3236/3
f 3315/3236/3 3395/3316/3 3396/3317/3 3316/3237/3
f 3316/3237/3 3396/3317/3 3397/3318/3 3317/3238/3
f 3317/3238/3 3397/3318/3 3398/3319/3 3318/3239/3
f 3318/3239/3 3398/3319/3 3399/3320/3 3319/3240/3
f 3319/3240/3 3399/3320/3 3400/3321/3 3320/3241/3
f 3320/3241/3 3400/3321/3 3401/3322/3 3321/3242/3
f 3321/3242/3 3401/3322/3 3402/3323/3 3322/3243/3
f 3322/3243/3 3402/3323/3 3403/3324/3 3323/3244/3
f 3323/3244/3 3403/3324/3 3404/3325/3 3324/3245/3
f 3324/3245/3 3404/3325/3 3405/3326/3 3325/3246/3
f 3325/3246/3 3405/3326/3 3406/3327/3 3326/3247/3
f 3326/3247/3 3406/3327/3 3407/3328/3 3327/3248/3
f 3327/3248/3 3407/3328/3 3408/3329/3 3328/3249/3
f 3328/3249/3 3408/3329/3 3409/3330/3 3329/3250/3
f 3329/3250/3 3409/3330/3 3410/3331/3 3330/3251/3
f 3330/3251/3 3410/3331/3 3411/3332/3 3331/3252/3
f 3331/3252/3 3411/3332/3 3412/3333/3 3332/3253/3
f 3332/3253/3 3412/3333/3 3413/3334/3 3333/3254/3
f 3333/3254/3 3413/3334/3 3414/3335/3 3334/3255/3
f 3334/3255/3 3414/3335/3 3415/3336/3 3335/3256/3
f 3335/3256/3 3415/3336/3 3416/3337/3 3336/3257/3
f 3336/3257/3 3416/3337/3 3417/3338/3 3337/3258/3
f 3337/3258/3 3417/3338/3 3418/3339/3 3338/3259/3
f 3338/3259/3 3418/3339/3 3419/3340/3 3339/3260/3
f 3339/3260/3 3419/3340/3 3420/3341/3 3340/3261/3
f 3340/3261/3 3420/3341/3 3421/3342/3 3341/3262/3
f 3341/3262/3 3421/3342/3 3422/3343/3 3342/3263/3
f 3342/3263/3 3422/3343/3 3423/3344/2241 3343/3264/2207
f 3343/3264/2207 3423/3344/2241 3424/3345/2242 3344/3265/2208
f 3344/3265/2208 3424/3345/2242 3425/3346/2243 3345/3266/2209
f 3345/3266/2209 3425/3346/2243 3426/3347/2244 3346/3267/2210
f 3346/3267/2210 3426/3347/2244 3427/3348/2245 3347/3268/2211
f 3347/3268/2211 3427/3348/2245 3428/3349/2246 3348/3269/2212
f 3348/3269/2212 3428/3349/2246 3429/3350/2247 3349/3270/2213
f 3349/3270/2213 3429/3350/2247 3430/3351/2248 3350/3271/2214
f 3350/3271/2214 3430/3351/2248 3431/3352/2249 3351/3272/2215
f 3351/3272/2215 3431/3352/2249 3432/3353/2250 3352/3273/2216
f 3352/3273/2216 3432/3353/2250 3433/3354/2251 3353/3274/2217
f 3353/3274/2217 3433/3354/2251 3434/3355/2252 3354/3275/2218
f 3354/3275/2218 3434/3355/2252 3435/3356/2253 3355/3276/2219
f 3355/3276/2219 3435/3356/2253 3436/3357/2254 3356/3277/2220
f 3356/3277/2220 3436/3357/2254 3437/3358/2255 3357/3278/2221
f 3357/3278/2221 3437/3358/2255 3438/3359/2256 3358/3279/2222
f 3358/3279/2222 3438/3359/2256 3439/3360/2257 3359/3280/2223
f 3359/3280/2223 3439/3360/2257 3440/3361/2258 3360/3281/2224
f 3360/3281/2224 3440/3361/2258 3441/3362/2259 3361/3282/2225
f 3361/3282/2225 3441/3362/2259 3442/3363/2260 3362/3283/2226
f 3362/3283/2226 3442/3363/2260 3443/3364/2261 3363/3284/2227
f 3363/3284/2227 3443/3364/2261 3444/83/2262 3364/81/2228
f 123/3285/107 124/3365/108 3445/3366/2263 3365/3286/2229
f 3365/3286/2229 3445/3366/2263 3446/3367/2264 3366/3287/2230
f 3366/3287/2230 3446/3367/2264 3447/3368/2265 3367/3288/2231
f 3367/3288/2231 3447/3368/2265 3448/3369/2266 3368/3289/2232
f 3368/3289/2232 3448/3369/2266 3449/3370/2267 3369/3290/2233
f 3369/3290/2233 3449/3370/2267 3450/3371/2268 3370/3291/2234
f 3370/3291/2234 3450/3371/2268 3451/3372/2269 3371/3292/2235
f 3371/3292/2235 3451/3372/2269 3452/3373/2270 3372/3293/2236
f 3372/3293/2236 3452/3373/2270 3453/3374/2271 3373/3294/2237
f 3373/3294/2237 3453/3374/2271 3454/3375/2272 3374/3295/2238
f 3374/3295/2238 3454/3375/2272 3455/3376/2273 3375/3296/2239
f 3375/3296/2239 3455/3376/2273 3456/3377/2274 3376/3297/2240
f 3376/3297/2240 3456/3377/2274 3457/3378/3 3377/3298/3
f 3377/3298/3 3457/3378/3 3458/3379/3 3378/3299/3
f 3378/3299/3 3458/3379/3 3459/3380/3 3379/3300/3
f 3379/3300/3 3459/3380/3 3460/3381/3 3380/3301/3
f 3380/3301/3 3460/3381/3 3461/3382/3 3381/3302/3
f 3381/3302/3 3461/3382/3 3462/3383/3 3382/3303/3
f 3382/3303/3 3462/3383/3 3463/3384/3 3383/3304/3
f 3383/3304/3 3463/3384/3 3464/3385/3 3384/3305/3
f 3384/3305/3 3464/3385/3 3465/3386/3 3385/3306/3
f 3385/3306/3 3465/3386/3 3466/3387/3 3386/3307/3
f 3386/3307/3 3466/3387/3 3467/3388/3 3387/3308/3
f 3387/3308/3 3467/3388/3 3468/3389/3 3388/3309/3
f 3388/3309/3 3468/3389/3 3469/3390/3 3389/3310/3
f 3389/3310/3 3469/3390/3 3470/3391/3 3390/3311/3
f 3390/3311/3 3470/3391/3 3471/3392/3 3391/3312/3
f 3391/3312/3 3471/3392/3 3472/3393/3 3392/3313/3
f 3392/3313/3 3472/3393/3 3473/3394/3 3393/3314/3
f 3393/3314/3 3473/3394/3 3474/3395/3 3394/3315/3
f 3394/3315/3 3474/3395/3 3475/3396/3 3395/3316/3
f 3395/3316/3 3475/3396/3 3476/3397/3 3396/3317/3
f 3396/3317/3 3476/3397/3 3477/3398/3 3397/3318/3
f 3397/3318/3 3477/3398/3 3478/3399/3 3398/3319/3
f 3398/3319/3 3478/3399/3 3479/3400/3 3399/3320/3
f 3399/3320/3 3479/3400/3 3480/3401/3 3400/3321/3
f 3400/3321/3 3480/3401/3 3481/3402/3 3401/3322/3
f 3401/3322/3 3481/3402/3 3482/3403/3 3402/3323/3
f 3402/3323/3 3482/3403/3 3483/3404/3 3403/3324/3
f 3403/3324/3 3483/3404/3 3484/3405/3 3404/3325/3
f 3404/3325/3 3484/3405/3 3485/3406/3 3405/3326/3
f 3405/3326/3 3485/3406/3 3486/3407/3 3406/3327/3
f 3406/3327/3 3486/3407/3 3487/3408/3 3407/3328/3
f 3407/3328/3 3487/3408/3 3488/3409/3 3408/3329/3
f 3408/3329/3 3488/3409/3 3489/3410/3 3409/3330/3
f 3409/3330/3 3489/3410/3 3490/3411/3 3410/3331/3
f 3410/3331/3 3490/3411/3 3491/3412/3 3411/3332/3
f 3411/3332/3 3491/3412/3 3492/3413/3 3412/3333/3
f 3412/3333/3 3492/3413/3 3493/3414/3 3413/3334/3
f 3413/3334/3 3493/3414/3 3494/3415/3 3414/3335/3
f 3414/3335/3 3494/3415/3 3495/3416/3 3415/3336/3
f 3415/3336/3 3495/3416/3 3496/3417/3 3416/3337/3
f 3416/3337/3 3496/3417/3 3497/3418/3 3417/3338/3
f 3417/3338/3 3497/3418/3 3498/3419/3 3418/3339/3
f 3418/3339/3 3498/3419/3 3499/3420/3 3419/3340/3
f 3419/3340/3 3499/3420/3 3500/3421/3 3420/3341/3
f 3420/3341/3 3500/3421/3 3501/3422/3 3421/3342/3
f 3421/3342/3 3501/3422/3 3502/3423/3 3422/3343/3
f 3422/3343/3 3502/3423/3 3503/3424/3 3423/3344/2241
f 3423/3344/2241 3503/3424/3 3504/3425/2275 3424/3345/2242
f 3424/3345/2242 3504/3425/2275 3505/3426/2276 3425/3346/2243
f 3425/3346/2243 3505/3426/2276 3506/3427/2277 3426/3347/2244
f 3426/3347/2244 3506/3427/2277 3507/3428/2278 3427/3348/2245
f 3427/3348/2245 3507/3428/2278 3508/3429/2279 3428/3349/2246
f 3428/3349/2246 3508/3429/2279 3509/3430/2280 3429/3350/2247
f 3429/3350/2247 3509/3430/2280 3510/3431/2281 3430/3351/2248
f 3430/3351/2248 3510/3431/2281 3511/3432/2282 3431/3352/2249
f 3431/3352/2249 3511/3432/2282 3512/3433/2283 3432/3353/2250
f 3432/3353/2250 3512/3433/2283 3513/3434/2284 3433/3354/2251
f 3433/3354/2251 3513/3434/2284 3514/3435/2285 3434/3355/2252
f 3434/3355/2252 3514/3435/2285 3515/3436/2286 3435/3356/2253
f 3435/3356/2253 3515/3436/2286 3516/3437/2287 3436/3357/2254
f 3436/3357/2254 3516/3437/2287 3517/3438/2288 3437/3358/2255
f 3437/3358/2255 3517/3438/2288 3518/3439/2289 3438/3359/2256
f 3438/3359/2256 3518/3439/2289 3519/3440/2290 3439/3360/2257
f 3439/3360/2257 3519/3440/2290 3520/3441/2291 3440/3361/2258
f 3440/3361/2258 3520/3441/2291 3521/3442/2292 3441/3362/2259
f 3441/3362/2259 3521/3442/2292 3522/3443/2293 3442/3363/2260
f 3442/3363/2260 3522/3443/2293 3523/3444/2294 3443/3364/2261
f 3443/3364/2261 3523/3444/2294 3524/85/2295 3444/83/2262
f 124/3365/108 125/3445/109 3525/3446/2296 3445/3366/2263
f 3445/3366/2263 3525/3446/2296 3526/3447/2297 3446/3367/2264
f 3446/3367/2264 3526/3447/2297 3527/3448/2298 3447/3368/2265
f 3447/3368/2265 3527/3448/2298 3528/3449/2299 3448/3369/2266
f 3448/3369/2266 3528/3449/2299 3529/3450/2300 3449/3370/2267
f 3449/3370/2267 3529/3450/2300 3530/3451/2301 3450/3371/2268
f 3450/3371/2268 3530/3451/2301 3531/3452/2302 3451/3372/2269
f 3451/3372/2269 3531/3452/2302 3532/3453/2303 3452/3373/2270
f 3452/3373/2270 3532/3453/2303 3533/3454/2304 3453/3374/2271
f 3453/3374/2271 3533/3454/2304 3534/3455/2305 3454/3375/2272
f 3454/3375/2272 3534/3455/2305 3535/3456/2306 3455/3376/2273
f 3455/3376/2273 3535/3456/2306 3536/3457/2307 3456/3377/2274
f 3456/3377/2274 3536/3457/2307 3537/3458/3 3457/3378/3
f 3457/3378/3 3537/3458/3 3538/3459/3 3458/3379/3
f 3458/3379/3 3538/3459/3 3539/3460/3 3459/3380/3
f 3459/3380/3 3539/3460/3 3540/3461/3 3460/3381/3
f 3460/3381/3 3540/3461/3 3541/3462/3 3461/3382/3
f 3461/3382/3 3541/3462/3 3542/3463/3 3462/3383/3
f 3462/3383/3 3542/3463/3 3543/3464/3 3463/3384/3
f 3463/3384/3 3543/3464/3 3544/3465/3 3464/3385/3
f 3464/3385/3 3544/3465/3 3545/3466/3 3465/3386/3
f 3465/3386/3 3545/3466/3 3546/3467/3 3466/3387/3
f 3466/3387/3 3546/3467/3 3547/3468/3 3467/3388/3
f 3467/3388/3 3547/3468/3 3548/3469/3 3468/3389/3
f 3468/3389/3 3548/3469/3 3549/3470/3 3469/3390/3
f 3469/3390/3 3549/3470/3 3550/3471/3 3470/3391/3
f 3470/3391/3 3550/3471/3 3551/3472/3 3471/3392/3
f 3471/3392/3 3551/3472/3 3552/3473/3 3472/3393/3
f 3472/3393/3 3552/3473/3 3553/3474/3 3473/3394/3
f 3473/3394/3 3553/3474/3 3554/3475/3 3474/3395/3
f 3474/3395/3 3554/3475/3 3555/3476/3 3475/3396/3
f 3475/3396/3 3555/3476/3 3556/3477/3 3476/3397/3
f 3476/3397/3 3556/3477/3 3557/3478/3 3477/3398/3
f 3477/3398/3 3557/3478/3 3558/3479/3 3478/3399/3
f 3478/3399/3 3558/3479/3 3559/3480/3 3479/3400/3
f 3479/3400/3 3559/3480/3 3560/3481/3 3480/3401/3
f 3480/3401/3 3560/3481/3 3561/3482/3 3481/3402/3
f 3481/3402/3 3561/3482/3 3562/3483/3 3482/3403/3
f 3482/3403/3 3562/3483/3 3563/3484/3 3483/3404/3
f 3483/3404/3 3563/3484/3 3564/3485/3 3484/3405/3
f 3484/3405/3 3564/3485/3 3565/3486/3 3485/3406/3
f 3485/3406/3 3565/3486/3 3566/3487/3 3486/3407/3
f 3486/3407/3 3566/3487/3 3567/3488/3 3487/3408/3
f 3487/3408/3 3567/3488/3 3568/3489/3 3488/3409/3
f 3488/3409/3 3568/3489/3 3569/3490/3 3489/3410/3
f 3489/3410/3 3569/3490/3 3570/3491/3 3490/3411/3
f 3490/3411/3 3570/3491/3 3571/3492/3 3491/3412/3
f 3491/3412/3 3571/3492/3 3572/3493/3 3492/3413/3
f 3492/3413/3 3572/3493/3 3573/3494/3 3493/3414/3
f 3493/3414/3 3573/3494/3 3574/3495/3 3494/3415/3
f 3494/3415/3 3574/3495/3 3575/3496/3 3495/3416/3
f 3495/3416/3 3575/3496/3 3576/3497/3 3496/3417/3
f 3496/3417/3 3576/3497/3 3577/3498/3 3497/3418/3
f 3497/3418/3 3577/3498/3 3578/3499/3 3498/3419/3
f 3498/3419/3 3578/3499/3 3579/3500/3 3499/3420/3
f 3499/3420/3 3579/3500/3 3580/3501/3 3500/3421/3
f 3500/3421/3 3580/3501/3 3581/3502/3 3501/3422/3
f 3501/3422/3 3581/3502/3 3582/3503/3 3502/3423/3
f 3502/3423/3 3582/3503/3 3583/3504/3 3503/3424/3
f 3503/3424/3 3583/3504/3 3584/3505/2308 3504/3425/2275
f 3504/3425/2275 3584/3505/2308 3585/3506/2309 3505/3426/2276
f 3505/3426/2276 3585/3506/2309 3586/3507/2310 3506/3427/2277
f 3506/3427/2277 3586/3507/2310 3587/3508/2311 3507/3428/2278
f 3507/3428/2278 3587/3508/2311 3588/3509/2312 3508/3429/2279
f 3508/3429/2279 3588/3509/2312 3589/3510/2313 3509/3430/2280
f 3509/3430/2280 3589/3510/2313 3590/3511/2314 3510/3431/2281
f 3510/3431/2281 3590/3511/2314 3591/3512/2315 3511/3432/2282
f 3511/3432/2282 3591/3512/2315 3592/3513/2316 3512/3433/2283
f 3512/3433/2283 3592/3513/2316 3593/3514/2317 3513/3434/2284
f 3513/3434/2284 3593/3514/2317 3594/3515/2318 3514/3435/2285
f 3514/3435/2285 3594/3515/2318 3595/3516/2319 3515/3436/2286
f 3515/3436/2286 3595/3516/2319 3596/3517/2320 3516/3437/2287
f 3516/3437/2287 3596/3517/2320 3597/3518/2321 3517/3438/2288
f 3517/3438/2288 3597/3518/2321 3598/3519/2322 3518/3439/2289
f 3518/3439/2289 3598/3519/2322 3599/3520/2323 3519/3440/2290
f 3519/3440/2290 3599/3520/2323 3600/3521/2324 3520/3441/2291
f 3520/3441/2291 3600/3521/2324 3601/3522/2325 3521/3442/2292
f 3521/3442/2292 3601/3522/2325 3602/3523/2326 3522/3443/2293
f 3522/3443/2293 3602/3523/2326 3603/3524/2327 3523/3444/2294
f 3523/3444/2294 3603/3524/2327 3604/87/2328 3524/85/2295
f 125/3445/109 126/3525/110 3605/3526/2329 3525/3446/2296
f 3525/3446/2296 3605/3526/2329 3606/3527/2330 3526/3447/2297
f 3526/3447/2297 3606/3527/2330 3607/3528/2331 3527/3448/2298
f 3527/3448/2298 3607/3528/2331 3608/3529/2332 3528/3449/2299
f 3528/3449/2299 3608/3529/2332 3609/3530/2333 3529/3450/2300
f 3529/3450/2300 3609/3530/2333 3610/3531/2334 3530/3451/2301
f 3530/3451/2301 3610/3531/2334 3611/3532/2335 3531/3452/2302
f 3531/3452/2302 3611/3532/2335 3612/3533/2336 3532/3453/2303
f 3532/3453/2303 3612/3533/2336 3613/3534/2337 3533/3454/2304
f 3533/3454/2304 3613/3534/2337 3614/3535/2338 3534/3455/2305
f 3534/3455/2305 3614/3535/2338 3615/3536/2339 3535/3456/2306
f 3535/3456/2306 3615/3536/2339 3616/3537/2340 3536/3457/2307
f 3536/3457/2307 3616/3537/2340 3617/3538/3 3537/3458/3
f 3537/3458/3 3617/3538/3 3618/3539/3 3538/3459/3
f 3538/3459/3 3618/3539/3 3619/3540/3 3539/3460/3
f 3539/3460/3 3619/3540/3 3620/3541/3 3540/3461/3
f 3540/3461/3 3620/3541/3 3621/3542/3 3541/3462/3
f 3541/3462/3 3621/3542/3 3622/3543/3 3542/3463/3
f 3542/3463/3 3622/3543/3 3623/3544/3 3543/3464/3
f 3543/3464/3 3623/3544/3 3624/3545/3 3544/3465/3
f 3544/3465/3 3624/3545/3 3625/3546/3 3545/3466/3
f 3545/3466/3 3625/3546/3 3626/3547/3 3546/3467/3
f 3546/3467/3 3626/3547/3 3627/3548/3 3547/3468/3
f 3547/3468/3 3627/3548/3 3628/3549/3 3548/3469/3
f 3548/3469/3 3628/3549/3 3629/3550/3 3549/3470/3
f 3549/3470/3 3629/3550/3 3630/3551/3 3550/3471/3
f 3550/3471/3 3630/3551/3 3631/3552/3 3551/3472/3
f 3551/3472/3 3631/3552/3 3632/3553/3 3552/3473/3
f 3552/3473/3 3632/3553/3 3633/3554/3 3553/3474/3
f 3553/3474/3 3633/3554/3 3634/3555/3 3554/3475/3
f 3554/3475/3 3634/3555/3 3635/3556/3 3555/3476/3
f 3555/3476/3 3635/3556/3 3636/3557/3 3556/3477/3
f 3556/3477/3 3636/3557/3 3637/3558/3 3557/3478/3
f 3557/3478/3 3637/3558/3 3638/3559/3 3558/3479/3
f 3558/3479/3 3638/3559/3 3639/3560/3 3559/3480/3
f 3559/3480/3 3639/3560/3 3640/3561/3 3560/3481/3
f 3560/3481/3 3640/3561/3 3641/3562/3 3561/3482/3
f 3561/3482/3 3641/3562/3 3642/3563/3 3562/3483/3
f 3562/3483/3 3642/3563/3 3643/3564/3 3563/3484/3
f 3563/3484/3 3643/3564/3 3644/3565/3 3564/3485/3
f 3564/3485/3 3644/3565/3 3645/3566/3 3565/3486/3
f 3565/3486/3 3645/3566/3 3646/3567/3 3566/3487/3
f 3566/3487/3 3646/3567/3 3647/3568/3 3567/3488/3
f 3567/3488/3 3647/3568/3 3648/3569/3 3568/3489/3
f 3568/3489/3 3648/3569/3 3649/3570/3 3569/3490/3
f 3569/3490/3 3649/3570/3 3650/3571/3 3570/3491/3
f 3570/3491/3 3650/3571/3 3651/3572/3 3571/3492/3
f 3571/3492/3 3651/3572/3 3652/3573/3 3572/3493/3
f 3572/3493/3 3652/3573/3 3653/3574/3 3573/3494/3
f 3573/3494/3 3653/3574/3 3654/3575/3 3574/3495/3
f 3574/3495/3 3654/3575/3 3655/3576/3 3575/3496/3
f 3575/3496/3 3655/3576/3 3656/3577/3 3576/3497/3
f 3576/3497/3 3656/3577/3 3657/3578/3 3577/3498/3
f 3577/3498/3 3657/3578/3 3658/3579/3 3578/3499/3
f 3578/3499/3 3658/3579/3 3659/3580/3 3579/3500/3
f 3579/3500/3 3659/3580/3 3660/3581/3 3580/3501/3
f 3580/3501/3 3660/3581/3 3661/3582/3 3581/3502/3
f 3581/3502/3 3661/3582/3 3662/3583/3 3582/3503/3
f 3582/3503/3 3662/3583/3 3663/3584/3 3583/3504/3
f 3583/3504/3 3663/3584/3 3664/3585/163 3584/3505/2308
f 3584/3505/2308 3664/3585/163 3665/3586/2341 3585/3506/2309
f 3585/3506/2309 3665/3586/2341 3666/3587/2342 3586/3507/2310
f 3586/3507/2310 3666/3587/2342 3667/3588/2343 3587/3508/2311
f 3587/3508/2311 3667/3588/2343 3668/3589/2344 3588/3509/2312
f 3588/3509/2312 3668/3589/2344 3669/3590/2345 3589/3510/2313
f 3589/3510/2313 3669/3590/2345 3670/3591/2346 3590/3511/2314
f 3590/3511/2314 3670/3591/2346 3671/3592/2347 3591/3512/2315
f 3591/3512/2315 3671/3592/2347 3672/3593/2348 3592/3513/2316
f 3592/3513/2316 3672/3593/2348 3673/3594/2349 3593/3514/2317
f 3593/3514/2317 3673/3594/2349 3674/3595/2350 3594/3515/2318
f 3594/3515/2318 3674/3595/2350 3675/3596/2351 3595/3516/2319
f 3595/3516/2319 3675/3596/2351 3676/3597/2352 3596/3517/2320
f 3596/3517/2320 3676/3597/2352 3677/3598/2353 3597/3518/2321
f 3597/3518/2321 3677/3598/2353 3678/3599/2354 3598/3519/2322
f 3598/3519/2322 3678/3599/2354 3679/3600/2355 3599/3520/2323
f 3599/3520/2323 3679/3600/2355 3680/3601/2356 3600/3521/2324
f 3600/3521/2324 3680/3601/2356 3681/3602/2357 3601/3522/2325
f 3601/3522/2325 3681/3602/2357 3682/3603/2358 3602/3523/2326
f 3602/3523/2326 3682/3603/2358 3683/3604/2359 3603/3524/2327
f 3603/3524/2327 3683/3604/2359 3684/89/3 3604/87/2328
f 126/3525/110 127/3605/111 3685/3606/2360 3605/3526/2329
f 3605/3526/2329 3685/3606/2360 3686/3607/2361 3606/3527/2330
f 3606/3527/2330 3686/3607/2361 3687/3608/2362 3607/3528/2331
f 3607/3528/2331 3687/3608/2362 3688/3609/2363 3608/3529/2332
f 3608/3529/2332 3688/3609/2363 3689/3610/2364 3609/3530/2333
f 3609/3530/2333 3689/3610/2364 3690/3611/2365 3610/3531/2334
f 3610/3531/2334 3690/3611/2365 3691/3612/2366 3611/3532/2335
f 3611/3532/2335 3691/3612/2366 3692/3613/2367 3612/3533/2336
f 3612/3533/2336 3692/3613/2367 3693/3614/2368 3613/3534/2337
f 3613/3534/2337 3693/3614/2368 3694/3615/2369 3614/3535/2338
f 3614/3535/2338 3694/3615/2369 3695/3616/2370 3615/3536/2339
f 3615/3536/2339 3695/3616/2370 3696/3617/2371 3616/3537/2340
f 3616/3537/2340 3696/3617/2371 3697/3618/2372 3617/3538/3
f 3617/3538/3 3697/3618/2372 3698/3619/2373 3618/3539/3
f 3618/3539/3 3698/3619/2373 3699/3620/2374 3619/3540/3
f 3619/3540/3 3699/3620/2374 3700/3621/3 3620/3541/3
f 3620/3541/3 3700/3621/3 3701/3622/3 3621/3542/3
f 3621/3542/3 3701/3622/3 3702/3623/3 3622/3543/3
f 3622/3543/3 3702/3623/3 3703/3624/3 3623/3544/3
f 3623/3544/3 3703/3624/3 3704/3625/3 3624/3545/3
f 3624/3545/3 3704/3625/3 3705/3626/3 3625/3546/3
f 3625/3546/3 3705/3626/3 3706/3627/3 3626/3547/3
f 3626/3547/3 3706/3627/3 3707/3628/3 3627/3548/3
f 3627/3548/3 3707/3628/3 3708/3629/3 3628/3549/3
f 3628/3549/3 3708/3629/3 3709/3630/3 3629/3550/3
f 3629/3550/3 3709/3630/3 3710/3631/3 3630/3551/3
f 3630/3551/3 3710/3631/3 3711/3632/3 3631/3552/3
f 3631/3552/3 3711/3632/3 3712/3633/3 3632/3553/3
f 3632/3553/3 3712/3633/3 3713/3634/3 3633/3554/3
f 3633/3554/3 3713/3634/3 3714/3635/3 3634/3555/3
f 3634/3555/3 3714/3635/3 3715/3636/3 3635/3556/3
f 3635/3556/3 3715/3636/3 3716/3637/3 3636/3557/3
f 3636/3557/3 3716/3637/3 3717/3638/3 3637/3558/3
f 3637/3558/3 3717/3638/3 3718/3639/3 3638/3559/3
f 3638/3559/3 3718/3639/3 3719/3640/3 3639/3560/3
f 3639/3560/3 3719/3640/3 3720/3641/3 3640/3561/3
f 3640/3561/3 3720/3641/3 3721/3642/3 3641/3562/3
f 3641/3562/3 3721/3642/3 3722/3643/3 3642/3563/3
f 3642/3563/3 3722/3643/3 3723/3644/3 3643/3564/3
f 3643/3564/3 3723/3644/3 3724/3645/3 3644/3565/3
f 3644/3565/3 3724/3645/3 3725/3646/3 3645/3566/3
f 3645/3566/3 3725/3646/3 3726/3647/3 3646/3567/3
f 3646/3567/3 3726/3647/3 3727/3648/3 3647/3568/3
f 3647/3568/3 3727/3648/3 3728/3649/3 3648/3569/3
f 3648/3569/3 3728/3649/3 3729/3650/3 3649/3570/3
f 3649/3570/3 3729/3650/3 3730/3651/3 3650/3571/3
f 3650/3571/3 3730/3651/3 3731/3652/3 3651/3572/3
f 3651/3572/3 3731/3652/3 3732/3653/3 3652/3573/3
f 3652/3573/3 3732/3653/3 3733/3654/3 3653/3574/3
f 3653/3574/3 3733/3654/3 3734/3655/3 3654/3575/3
f 3654/3575/3 3734/3655/3 3735/3656/3 3655/3576/3
f 3655/3576/3 3735/3656/3 3736/3657/3 3656/3577/3
f 3656/3577/3 3736/3657/3 3737/3658/3 3657/3578/3
f 3657/3578/3 3737/3658/3 3738/3659/3 3658/3579/3
f 3658/3579/3 3738/3659/3 3739/3660/3 3659/3580/3
f 3659/3580/3 3739/3660/3 3740/3661/3 3660/3581/3
f 3660/3581/3 3740/3661/3 3741/3662/3 3661/3582/3
f 3661/3582/3 3741/3662/3 3742/3663/3 3662/3583/3
f 3662/3583/3 3742/3663/3 3743/3664/3 3663/3584/3
f 3663/3584/3 3743/3664/3 3744/3665/3 3664/3585/163
f 3664/3585/163 3744/3665/3 3745/3666/2375 3665/3586/2341
f 3665/3586/2341 3745/3666/2375 3746/3667/2376 3666/3587/2342
f 3666/3587/2342 3746/3667/2376 3747/3668/2377 3667/3588/2343
f 3667/3588/2343 3747/3668/2377 3748/3669/2378 3668/3589/2344
f 3668/3589/2344 3748/3669/2378 3749/3670/2379 3669/3590/2345
f 3669/3590/2345 3749/3670/2379 3750/3671/2380 3670/3591/2346
f 3670/3591/2346 3750/3671/2380 3751/3672/2381 3671/3592/2347
f 3671/3592/2347 3751/3672/2381 3752/3673/2382 3672/3593/2348
f 3672/3593/2348 3752/3673/2382 3753/3674/2383 3673/3594/2349
f 3673/3594/2349 3753/3674/2383 3754/3675/2384 3674/3595/2350
f 3674/3595/2350 3754/3675/2384 3755/3676/2385 3675/3596/2351
f 3675/3596/2351 3755/3676/2385 3756/3677/2386 3676/3597/2352
f 3676/3597/2352 3756/3677/2386 3757/3678/2387 3677/3598/2353
f 3677/3598/2353 3757/3678/2387 3758/3679/2388 3678/3599/2354
f 3678/3599/2354 3758/3679/2388 3759/3680/2389 3679/3600/2355
f 3679/3600/2355 3759/3680/2389 3760/3681/2390 3680/3601/2356
f 3680/3601/2356 3760/3681/2390 3761/3682/2391 3681/3602/2357
f 3681/3602/2357 3761/3682/2391 3762/3683/2392 3682/3603/2358
f 3682/3603/2358 3762/3683/2392 3763/3684/3 3683/3604/2359
f 3683/3604/2359 3763/3684/3 3764/91/3 3684/89/3
f 127/3605/111 128/3685/112 3765/3686/2393 3685/3606/2360
f 3685/3606/2360 3765/3686/2393 3766/3687/2394 3686/3607/2361
f 3686/3607/2361 3766/3687/2394 3767/3688/2395 3687/3608/2362
f 3687/3608/2362 3767/3688/2395 3768/3689/2396 3688/3609/2363
f 3688/3609/2363 3768/3689/2396 3769/3690/2397 3689/3610/2364
f 3689/3610/2364 3769/3690/2397 3770/3691/2398 3690/3611/2365
f 3690/3611/2365 3770/3691/2398 3771/3692/2399 3691/3612/2366
f 3691/3612/2366 3771/3692/2399 3772/3693/2400 3692/3613/2367
f 3692/3613/2367 3772/3693/2400 3773/3694/2401 3693/3614/2368
f 3693/3614/2368 3773/3694/2401 3774/3695/2402 3694/3615/2369
f 3694/3615/2369 3774/3695/2402 3775/3696/2403 3695/3616/2370
f 3695/3616/2370 3775/3696/2403 3776/3697/2404 3696/3617/2371
f 3696/3617/2371 3776/3697/2404 3777/3698/2405 3697/3618/2372
f 3697/3618/2372 3777/3698/2405 3778/3699/2406 3698/3619/2373
f 3698/3619/2373 3778/3699/2406 3779/3700/2407 3699/3620/2374
f 3699/3620/2374 3779/3700/2407 3780/3701/2408 3700/3621/3
f 3700/3621/3 3780/3701/2408 3781/3702/2409 3701/3622/3
f 3701/3622/3 3781/3702/2409 3782/3703/2410 3702/3623/3
f 3702/3623/3 3782/3703/2410 3783/3704/3 3703/3624/3
f 3703/3624/3 3783/3704/3 3784/3705/3 3704/3625/3
f 3704/3625/3 3784/3705/3 3785/3706/3 3705/3626/3
f 3705/3626/3 3785/3706/3 3786/3707/3 3706/3627/3
f 3706/3627/3 3786/3707/3 3787/3708/3 3707/3628/3
f 3707/3628/3 3787/3708/3 3788/3709/3 3708/3629/3
f 3708/3629/3 3788/3709/3 3789/3710/3 3709/3630/3
f 3709/3630/3 3789/3710/3 3790/3711/3 3710/3631/3
f 3710/3631/3 3790/3711/3 3791/3712/3 3711/3632/3
f 3711/3632/3 3791/3712/3 3792/3713/3 3712/3633/3
f 3712/3633/3 3792/3713/3 3793/3714/3 3713/3634/3
f 3713/3634/3 3793/3714/3 3794/3715/3 3714/3635/3
f 3714/3635/3 3794/3715/3 3795/3716/3 3715/3636/3
f 3715/3636/3 3795/3716/3 3796/3717/3 3716/3637/3
f 3716/3637/3 3796/3717/3 3797/3718/3 3717/3638/3
f 3717/3638/3 3797/3718/3 3798/3719/3 3718/3639/3
f 3718/3639/3 3798/3719/3 3799/3720/3 3719/3640/3
f 3719/3640/3 3799/3720/3 3800/3721/3 3720/3641/3
f 3720/3641/3 3800/3721/3 3801/3722/3 3721/3642/3
f 3721/3642/3 3801/3722/3 3802/3723/3 3722/3643/3
f 3722/3643/3 3802/3723/3 3803/3724/3 3723/3644/3
f 3723/3644/3 3803/3724/3 3804/3725/3 3724/3645/3
f 3724/3645/3 3804/3725/3 3805/3726/3 3725/3646/3
f 3725/3646/3 3805/3726/3 3806/3727/3 3726/3647/3
f 3726/3647/3 3806/3727/3 3807/3728/3 3727/3648/3
f 3727/3648/3 3807/3728/3 3808/3729/3 3728/3649/3
f 3728/3649/3 3808/3729/3 3809/3730/3 3729/3650/3
f 3729/3650/3 3809/3730/3 3810/3731/3 3730/3651/3
f 3730/3651/3 3810/3731/3 3811/3732/3 3731/3652/3
f 3731/3652/3 3811/3732/3 3812/3733/3 3732/3653/3
f 3732/3653/3 3812/3733/3 3813/3734/3 3733/3654/3
f 3733/3654/3 3813/3734/3 3814/3735/3 3734/3655/3
f 3734/3655/3 3814/3735/3 3815/3736/3 3735/3656/3
f 3735/3656/3 3815/3736/3 3816/3737/3 3736/3657/3
f 3736/3657/3 3816/3737/3 3817/3738/3 3737/3658/3
f 3737/3658/3 3817/3738/3 3818/3739/3 3738/3659/3
f 3738/3659/3 3818/3739/3 3819/3740/3 3739/3660/3
f 3739/3660/3 3819/3740/3 3820/3741/3 3740/3661/3
f 3740/3661/3 3820/3741/3 3821/3742/3 3741/3662/3
f 3741/3662/3 3821/3742/3 3822/3743/3 3742/3663/3
f 3742/3663/3 3822/3743/3 3823/3744/3 3743/3664/3
f 3743/3664/3 3823/3744/3 3824/3745/3 3744/3665/3
f 3744/3665/3 3824/3745/3 3825/3746/3 3745/3666/2375
f 3745/3666/2375 3825/3746/3 3826/3747/3 3746/3667/2376
f 3746/3667/2376 3826/3747/3 3827/3748/1396 3747/3668/2377
f 3747/3668/2377 3827/3748/1396 3828/3749/2411 3748/3669/2378
f 3748/3669/2378 3828/3749/2411 3829/3750/2412 3749/3670/2379
f 3749/3670/2379 3829/3750/2412 3830/3751/2413 3750/3671/2380
f 3750/3671/2380 3830/3751/2413 3831/3752/2414 3751/3672/2381
f 3751/3672/2381 3831/3752/2414 3832/3753/2415 3752/3673/2382
f 3752/3673/2382 3832/3753/2415 3833/3754/2416 3753/3674/2383
f 3753/3674/2383 3833/3754/2416 3834/3755/2417 3754/3675/2384
f 3754/3675/2384 3834/3755/2417 3835/3756/2418 3755/3676/2385
f 3755/3676/2385 3835/3756/2418 3836/3757/2419 3756/3677/2386
f 3756/3677/2386 3836/3757/2419 3837/3758/2420 3757/3678/2387
f 3757/3678/2387 3837/3758/2420 3838/3759/2421 3758/3679/2388
f 3758/3679/2388 3838/3759/2421 3839/3760/2422 3759/3680/2389
f 3759/3680/2389 3839/3760/2422 3840/3761/2423 3760/3681/2390
f 3760/3681/2390 3840/3761/2423 3841/3762/2424 3761/3682/2391
f 3761/3682/2391 3841/3762/2424 3842/3763/3 3762/3683/2392
f 3762/3683/2392 3842/3763/3 3843/3764/3 3763/3684/3
f 3763/3684/3 3843/3764/3 3844/93/3 3764/91/3
f 128/3685/112 129/3765/113 3845/3766/2425 3765/3686/2393
f 3765/3686/2393 3845/3766/2425 3846/3767/2426 3766/3687/2394
f 3766/3687/2394 3846/3767/2426 3847/3768/2427 3767/3688/2395
f 3767/3688/2395 3847/3768/2427 3848/3769/2428 3768/3689/2396
f 3768/3689/2396 3848/3769/2428 3849/3770/2429 3769/3690/2397
f 3769/3690/2397 3849/3770/2429 3850/3771/2430 3770/3691/2398
f 3770/3691/2398 3850/3771/2430 3851/3772/2431 3771/3692/2399
f 3771/3692/2399 3851/3772/2431 3852/3773/2432 3772/3693/2400
f 3772/3693/2400 3852/3773/2432 3853/3774/2433 3773/3694/2401
f 3773/3694/2401 3853/3774/2433 3854/3775/2434 3774/3695/2402
f 3774/3695/2402 3854/3775/2434 3855/3776/2435 3775/3696/2403
f 3775/3696/2403 3855/3776/2435 3856/3777/2436 3776/3697/2404
f 3776/3697/2404 3856/3777/2436 3857/3778/2437 3777/3698/2405
f 3777/3698/2405 3857/3778/2437 3858/3779/2438 3778/3699/2406
f 3778/3699/2406 3858/3779/2438 3859/3780/2439 3779/3700/2407
f 3779/3700/2407 3859/3780/2439 3860/3781/2440 3780/3701/2408
f 3780/3701/2408 3860/3781/2440 3861/3782/2441 3781/3702/2409
f 3781/3702/2409 3861/3782/2441 3862/3783/2442 3782/3703/2410
f 3782/3703/2410 3862/3783/2442 3863/3784/2443 3783/3704/3
f 3783/3704/3 3863/3784/2443 3864/3785/2444 3784/3705/3
f 3784/3705/3 3864/3785/2444 3865/3786/2445 3785/3706/3
f 3785/3706/3 3865/3786/2445 3866/3787/2446 3786/3707/3
f 3786/3707/3 3866/3787/2446 3867/3788/3 3787/3708/3
f 3787/3708/3 3867/3788/3 3868/3789/3 3788/3709/3
f 3788/3709/3 3868/3789/3 3869/3790/3 3789/3710/3
f 3789/3710/3 3869/3790/3 3870/3791/3 3790/3711/3
f 3790/3711/3 3870/3791/3 3871/3792/3 3791/3712/3
f 3791/3712/3 3871/3792/3 3872/3793/3 3792/3713/3
f 3792/3713/3 3872/3793/3 3873/3794/3 3793/3714/3
f 3793/3714/3 3873/3794/3 3874/3795/3 3794/3715/3
f 3794/3715/3 3874/3795/3 3875/3796/3 3795/3716/3
f 3795/3716/3 3875/3796/3 3876/3797/3 3796/3717/3
f 3796/3717/3 3876/3797/3 3877/3798/3 3797/3718/3
f 3797/3718/3 3877/3798/3 3878/3799/3 3798/3719/3
f 3798/3719/3 3878/3799/3 3879/3800/3 3799/3720/3
f 3799/3720/3 3879/3800/3 3880/3801/3 3800/3721/3
f 3800/3721/3 3880/3801/3 3881/3802/3 3801/3722/3
f 3801/3722/3 3881/3802/3 3882/3803/3 3802/3723/3
f 3802/3723/3 3882/3803/3 3883/3804/3 3803/3724/3
f 3803/3724/3 3883/3804/3 3884/3805/3 3804/3725/3
f 3804/3725/3 3884/3805/3 3885/3806/3 3805/3726/3
f 3805/3726/3 3885/3806/3 3886/3807/3 3806/3727/3
f 3806/3727/3 3886/3807/3 3887/3808/3 3807/3728/3
f 3807/3728/3 3887/3808/3 3888/3809/3 3808/3729/3
f 3808/3729/3 3888/3809/3 3889/3810/3 3809/3730/3
f 3809/3730/3 3889/3810/3 3890/3811/3 3810/3731/3
f 3810/3731/3 3890/3811/3 3891/3812/3 3811/3732/3
f 3811/3732/3 3891/3812/3 3892/3813/3 3812/3733/3
f 3812/3733/3 3892/3813/3 3893/3814/3 3813/3734/3
f 3813/3734/3 3893/3814/3 3894/3815/3 3814/3735/3
f 3814/3735/3 3894/3815/3 3895/3816/3 3815/3736/3
f 3815/3736/3 3895/3816/3 3896/3817/3 3816/3737/3
f 3816/3737/3 3896/3817/3 3897/3818/3 3817/3738/3
f 3817/3738/3 3897/3818/3 3898/3819/3 3818/3739/3
f 3818/3739/3 3898/3819/3 3899/3820/3 3819/3740/3
f 3819/3740/3 3899/3820/3 3900/3821/3 3820/3741/3
f 3820/3741/3 3900/3821/3 3901/3822/3 3821/3742/3
f 3821/3742/3 3901/3822/3 3902/3823/3 3822/3743/3
f 3822/3743/3 3902/3823/3 3903/3824/3 3823/3744/3
f 3823/3744/3 3903/3824/3 3904/3825/3 3824/3745/3
f 3824/3745/3 3904/3825/3 3905/3826/3 3825/3746/3
f 3825/3746/3 3905/3826/3 3906/3827/3 3826/3747/3
f 3826/3747/3 3906/3827/3 3907/3828/3 3827/3748/1396
f 3827/3748/1396 3907/3828/3 3908/3829/3 3828/3749/2411
f 3828/3749/2411 3908/3829/3 3909/3830/3 3829/3750/2412
f 3829/3750/2412 3909/3830/3 3910/3831/3 3830/3751/2413
f 3830/3751/2413 3910/3831/3 3911/3832/3 3831/3752/2414
f 3831/3752/2414 3911/3832/3 3912/3833/2447 3832/3753/2415
f 3832/3753/2415 3912/3833/2447 3913/3834/2448 3833/3754/2416
f 3833/3754/2416 3913/3834/2448 3914/3835/2449 3834/3755/2417
f 3834/3755/2417 3914/3835/2449 3915/3836/2450 3835/3756/2418
f 3835/3756/2418 3915/3836/2450 3916/3837/2451 3836/3757/2419
f 3836/3757/2419 3916/3837/2451 3917/3838/2452 3837/3758/2420
f 3837/3758/2420 3917/3838/2452 3918/3839/2453 3838/3759/2421
f 3838/3759/2421 3918/3839/2453 3919/3840/2454 3839/3760/2422
f 3839/3760/2422 3919/3840/2454 3920/3841/1558 3840/3761/2423
f 3840/3761/2423 3920/3841/1558 3921/3842/3 3841/3762/2424
f 3841/3762/2424 3921/3842/3 3922/3843/3 3842/3763/3
f 3842/3763/3 3922/3843/3 3923/3844/3 3843/3764/3
f 3843/3764/3 3923/3844/3 3924/95/3 3844/93/3
f 129/3765/113 130/3845/114 3925/3846/2455 3845/3766/2425
f 3845/3766/2425 3925/3846/2455 3926/3847/2456 3846/3767/2426
f 3846/3767/2426 3926/3847/2456 3927/3848/2457 3847/3768/2427
f 3847/3768/2427 3927/3848/2457 3928/3849/2458 3848/3769/2428
f 3848/3769/2428 3928/3849/2458 3929/3850/2459 3849/3770/2429
f 3849/3770/2429 3929/3850/2459 3930/3851/2460 3850/3771/2430
f 3850/3771/2430 3930/3851/2460 3931/3852/2461 3851/3772/2431
f 3851/3772/2431 3931/3852/2461 3932/3853/2462 3852/3773/2432
f 3852/3773/2432 3932/3853/2462 3933/3854/2463 3853/3774/2433
f 3853/3774/2433 3933/3854/2463 3934/3855/2464 3854/3775/2434
f 3854/3775/2434 3934/3855/2464 3935/3856/2465 3855/3776/2435
f 3855/3776/2435 3935/3856/2465 3936/3857/2466 3856/3777/2436
f 3856/3777/2436 3936/3857/2466 3937/3858/2467 3857/3778/2437
f 3857/3778/2437 3937/3858/2467 3938/3859/2468 3858/3779/2438
f 3858/3779/2438 3938/3859/2468 3939/3860/2469 3859/3780/2439
f 3859/3780/2439 3939/3860/2469 3940/3861/2470 3860/3781/2440
f 3860/3781/2440 3940/3861/2470 3941/3862/2471 3861/3782/2441
f 3861/3782/2441 3941/3862/2471 3942/3863/2472 3862/3783/2442
f 3862/3783/2442 3942/3863/2472 3943/3864/2473 3863/3784/2443
f 3863/3784/2443 3943/3864/2473 3944/3865/2474 3864/3785/2444
f 3864/3785/2444 3944/3865/2474 3945/3866/2475 3865/3786/2445
f 3865/3786/2445 3945/3866/2475 3946/3867/2476 3866/3787/2446
f 3866/3787/2446 3946/3867/2476 3947/3868/2477 3867/3788/3
f 3867/3788/3 3947/3868/2477 3948/3869/2478 3868/3789/3
f 3868/3789/3 3948/3869/2478 3949/3870/2479 3869/3790/3
f 3869/3790/3 3949/3870/2479 3950/3871/293 3870/3791/3
f 3870/3791/3 3950/3871/293 3951/3872/3 3871/3792/3
f 3871/3792/3 3951/3872/3 3952/3873/3 3872/3793/3
f 3872/3793/3 3952/3873/3 3953/3874/3 3873/3794/3
f 3873/3794/3 3953/3874/3 3954/3875/3 3874/3795/3
f 3874/3795/3 3954/3875/3 3955/3876/3 3875/3796/3
f 3875/3796/3 3955/3876/3 3956/3877/3 3876/3797/3
f 3876/3797/3 3956/3877/3 3957/3878/3 3877/3798/3
f 3877/3798/3 3957/3878/3 3958/3879/3 3878/3799/3
f 3878/3799/3 3958/3879/3 3959/3880/3 3879/3800/3
f 3879/3800/3 3959/3880/3 3960/3881/3 3880/3801/3
f 3880/3801/3 3960/3881/3 3961/3882/3 3881/3802/3
f 3881/3802/3 3961/3882/3 3962/3883/3 3882/3803/3
f 3882/3803/3 3962/3883/3 3963/3884/3 3883/3804/3
f 3883/3804/3 3963/3884/3 3964/3885/3 3884/3805/3
f 3884/3805/3 3964/3885/3 3965/3886/3 3885/3806/3
f 3885/3806/3 3965/3886/3 3966/3887/3 3886/3807/3
f 3886/3807/3 3966/3887/3 3967/3888/3 3887/3808/3
f 3887/3808/3 3967/3888/3 3968/3889/3 3888/3809/3
f 3888/3809/3 3968/3889/3 3969/3890/3 3889/3810/3
f 3889/3810/3 3969/3890/3 3970/3891/3 3890/3811/3
f 3890/3811/3 3970/3891/3 3971/3892/3 3891/3812/3
f 3891/3812/3 3971/3892/3 3972/3893/3 3892/3813/3
f 3892/3813/3 3972/3893/3 3973/3894/3 3893/3814/3
f 3893/3814/3 3973/3894/3 3974/3895/3 3894/3815/3
f 3894/3815/3 3974/3895/3 3975/3896/3 3895/3816/3
f 3895/3816/3 3975/3896/3 3976/3897/3 3896/3817/3
f 3896/3817/3 3976/3897/3 3977/3898/3 3897/3818/3
f 3897/3818/3 3977/3898/3 3978/3899/3 3898/3819/3
f 3898/3819/3 3978/3899/3 3979/3900/3 3899/3820/3
f 3899/3820/3 3979/3900/3 3980/3901/3 3900/3821/3
f 3900/3821/3 3980/3901/3 3981/3902/3 3901/3822/3
f 3901/3822/3 3981/3902/3 3982/3903/3 3902/3823/3
f 3902/3823/3 3982/3903/3 3983/3904/3 3903/3824/3
f 3903/3824/3 3983/3904/3 3984/3905/3 3904/3825/3
f 3904/3825/3 3984/3905/3 3985/3906/3 3905/3826/3
f 3905/3826/3 3985/3906/3 3986/3907/3 3906/3827/3
f 3906/3827/3 3986/3907/3 3987/3908/3 3907/3828/3
f 3907/3828/3 3987/3908/3 3988/3909/3 3908/3829/3
f 3908/3829/3 3988/3909/3 3989/3910/3 3909/3830/3
f 3909/3830/3 3989/3910/3 3990/3911/3 3910/3831/3
f 3910/3831/3 3990/3911/3 3991/3912/3 3911/3832/3
f 3911/3832/3 3991/3912/3 3992/3913/3 3912/3833/2447
f 3912/3833/2447 3992/3913/3 3993/3914/3 3913/3834/2448
f 3913/3834/2448 3993/3914/3 3994/3915/3 3914/3835/2449
f 3914/3835/2449 3994/3915/3 3995/3916/3 3915/3836/2450
f 3915/3836/2450 3995/3916/3 3996/3917/3 3916/3837/2451
f 3916/3837/2451 3996/3917/3 3997/3918/3 3917/3838/2452
f 3917/3838/2452 3997/3918/3 3998/3919/3 3918/3839/2453
f 3918/3839/2453 3998/3919/3 3999/3920/3 3919/3840/2454
f 3919/3840/2454 3999/3920/3 4000/3921/3 3920/3841/1558
f 3920/3841/1558 4000/3921/3 4001/3922/3 3921/3842/3
f 3921/3842/3 4001/3922/3 4002/3923/3 3922/3843/3
f 3922/3843/3 4002/3923/3 4003/3924/3 3923/3844/3
f 3923/3844/3 4003/3924/3 4004/97/3 3924/95/3
f 130/3845/114 131/3925/115 4005/3926/2480 3925/3846/2455
f 3925/3846/2455 4005/3926/2480 4006/3927/2481 3926/3847/2456
f 3926/3847/2456 4006/3927/2481 4007/3928/2482 3927/3848/2457
f 3927/3848/2457 4007/3928/2482 4008/3929/2483 3928/3849/2458
f 3928/3849/2458 4008/3929/2483 4009/3930/2484 3929/3850/2459
f 3929/3850/2459 4009/3930/2484 4010/3931/2485 3930/3851/2460
f 3930/3851/2460 4010/3931/2485 4011/3932/2486 3931/3852/2461
f 3931/3852/2461 4011/3932/2486 4012/3933/2487 3932/3853/2462
f 3932/3853/2462 4012/3933/2487 4013/3934/2488 3933/3854/2463
f 3933/3854/2463 4013/3934/2488 4014/3935/2489 3934/3855/2464
f 3934/3855/2464 4014/3935/2489 4015/3936/2490 3935/3856/2465
f 3935/3856/2465 4015/3936/2490 4016/3937/2491 3936/3857/2466
f 3936/3857/2466 4016/3937/2491 4017/3938/2492 3937/3858/2467
f 3937/3858/2467 4017/3938/2492 4018/3939/2493 3938/3859/2468
f 3938/3859/2468 4018/3939/2493 4019/3940/2494 3939/3860/2469
f 3939/3860/2469 4019/3940/2494 4020/3941/2495 3940/3861/2470
f 3940/3861/2470 4020/3941/2495 4021/3942/2496 3941/3862/2471
f 3941/3862/2471 4021/3942/2496 4022/3943/2497 3942/3863/2472
f 3942/3863/2472 4022/3943/2497 4023/3944/2498 3943/3864/2473
f 3943/3864/2473 4023/3944/2498 4024/3945/2499 3944/3865/2474
f 3944/3865/2474 4024/3945/2499 4025/3946/2500 3945/3866/2475
f 3945/3866/2475 4025/3946/2500 4026/3947/2501 3946/3867/2476
f 3946/3867/2476 4026/3947/2501 4027/3948/2502 3947/3868/2477
f 3947/3868/2477 4027/3948/2502 4028/3949/2503 3948/3869/2478
f 3948/3869/2478 4028/3949/2503 4029/3950/2504 3949/3870/2479
f 3949/3870/2479 4029/3950/2504 4030/3951/2505 3950/3871/293
f 3950/3871/293 4030/3951/2505 4031/3952/2506 3951/3872/3
f 3951/3872/3 4031/3952/2506 4032/3953/2507 3952/3873/3
f 3952/3873/3 4032/3953/2507 4033/3954/3 3953/3874/3
f 3953/3874/3 4033/3954/3 4034/3955/3 3954/3875/3
f 3954/3875/3 4034/3955/3 4035/3956/3 3955/3876/3
f 3955/3876/3 4035/3956/3 4036/3957/3 3956/3877/3
f 3956/3877/3 4036/3957/3 4037/3958/3 3957/3878/3
f 3957/3878/3 4037/3958/3 4038/3959/3 3958/3879/3
f 3958/3879/3 4038/3959/3 4039/3960/3 3959/3880/3
f 3959/3880/3 4039/3960/3 4040/3961/3 3960/3881/3
f 3960/3881/3 4040/3961/3 4041/3962/3 3961/3882/3
f 3961/3882/3 4041/3962/3 4042/3963/3 3962/3883/3
f 3962/3883/3 4042/3963/3 4043/3964/3 3963/3884/3
f 3963/3884/3 4043/3964/3 4044/3965/3 3964/3885/3
f 3964/3885/3 4044/3965/3 4045/3966/3 3965/3886/3
f 3965/3886/3 4045/3966/3 4046/3967/3 3966/3887/3
f 3966/3887/3 4046/3967/3 4047/3968/3 3967/3888/3
f 3967/3888/3 4047/3968/3 4048/3969/3 3968/3889/3
f 3968/3889/3 4048/3969/3 4049/3970/3 3969/3890/3
f 3969/3890/3 4049/3970/3 4050/3971/3 3970/3891/3
f 3970/3891/3 4050/3971/3 4051/3972/3 3971/3892/3
f 3971/3892/3 4051/3972/3 4052/3973/3 3972/3893/3
f 3972/3893/3 4052/3973/3 4053/3974/3 3973/3894/3
f 3973/3894/3 4053/3974/3 4054/3975/3 3974/3895/3
f 3974/3895/3 4054/3975/3 4055/3976/3 3975/3896/3
f 3975/3896/3 4055/3976/3 4056/3977/3 3976/3897/3
f 3976/3897/3 4056/3977/3 4057/3978/3 3977/3898/3
f 3977/3898/3 4057/3978/3 4058/3979/3 3978/3899/3
f 3978/3899/3 4058/3979/3 4059/3980/3 3979/3900/3
f 3979/3900/3 4059/3980/3 4060/3981/3 3980/3901/3
f 3980/3901/3 4060/3981/3 4061/3982/3 3981/3902/3
f 3981/3902/3 4061/3982/3 4062/3983/3 3982/3903/3
f 3982/3903/3 4062/3983/3 4063/3984/3 3983/3904/3
f 3983/3904/3 4063/3984/3 4064/3985/3 3984/3905/3
f 3984/3905/3 4064/3985/3 4065/3986/3 3985/3906/3
f 3985/3906/3 4065/3986/3 4066/3987/3 3986/3907/3
f 3986/3907/3 4066/3987/3 4067/3988/3 3987/3908/3
f 3987/3908/3 4067/3988/3 4068/3989/3 3988/3909/3
f 3988/3909/3 4068/3989/3 4069/3990/3 3989/3910/3
f 3989/3910/3 4069/3990/3 4070/3991/3 3990/3911/3
f 3990/3911/3 4070/3991/3 4071/3992/3 3991/3912/3
f 3991/3912/3 4071/3992/3 4072/3993/3 3992/3913/3
f 3992/3913/3 4072/3993/3 4073/3994/3 3993/3914/3
f 3993/3914/3 4073/3994/3 4074/3995/3 3994/3915/3
f 3994/3915/3 4074/3995/3 4075/3996/3 3995/3916/3
f 3995/3916/3 4075/3996/3 4076/3997/3 3996/3917/3
f 3996/3917/3 4076/3997/3 4077/3998/3 3997/3918/3
f 3997/3918/3 4077/3998/3 4078/3999/3 3998/3919/3
f 3998/3919/3 4078/3999/3 4079/4000/3 3999/3920/3
f 3999/3920/3 4079/4000/3 4080/4001/3 4000/3921/3
f 4000/3921/3 4080/4001/3 4081/4002/3 4001/3922/3
f 4001/3922/3 4081/4002/3 4082/4003/3 4002/3923/3
f 4002/3923/3 4082/4003/3 4083/4004/3 4003/3924/3
f 4003/3924/3 4083/4004/3 4084/99/3 4004/97/3
f 131/3925/115 132/4005/116 4085/4006/2508 4005/3926/2480
f 4005/3926/2480 4085/4006/2508 4086/4007/2509 4006/3927/2481
f 4006/3927/2481 4086/4007/2509 4087/4008/2510 4007/3928/2482
f 4007/3928/2482 4087/4008/2510 4088/4009/2511 4008/3929/2483
f 4008/3929/2483 4088/4009/2511 4089/4010/2512 4009/3930/2484
f 4009/3930/2484 4089/4010/2512 4090/4011/2513 4010/3931/2485
f 4010/3931/2485 4090/4011/2513 4091/4012/2514 4011/3932/2486
f 4011/3932/2486 4091/4012/2514 4092/4013/2515 4012/3933/2487
f 4012/3933/2487 4092/4013/2515 4093/4014/2516 4013/3934/2488
f 4013/3934/2488 4093/4014/2516 4094/4015/2517 4014/3935/2489
f 4014/3935/2489 4094/4015/2517 4095/4016/2518 4015/3936/2490
f 4015/3936/2490 4095/4016/2518 4096/4017/2519 4016/3937/2491
f 4016/3937/2491 4096/4017/2519 4097/4018/2520 4017/3938/2492
f 4017/3938/2492 4097/4018/2520 4098/4019/2521 4018/3939/2493
f 4018/3939/2493 4098/4019/2521 4099/4020/2522 4019/3940/2494
f 4019/3940/2494 4099/4020/2522 4100/4021/2523 4020/3941/2495
f 4020/3941/2495 4100/4021/2523 4101/4022/2524 4021/3942/2496
f 4021/3942/2496 4101/4022/2524 4102/4023/2525 4022/3943/2497
f 4022/3943/2497 4102/4023/2525 4103/4024/2526 4023/3944/2498
f 4023/3944/2498 4103/4024/2526 4104/4025/2527 4024/3945/2499
f 4024/3945/2499 4104/4025/2527 4105/4026/2528 4025/3946/2500
f 4025/3946/2500 4105/4026/2528 4106/4027/2529 4026/3947/2501
f 4026/3947/2501 4106/4027/2529 4107/4028/2530 4027/3948/2502
f 4027/3948/2502 4107/4028/2530 4108/4029/2531 4028/3949/2503
f 4028/3949/2503 4108/4029/2531 4109/4030/2532 4029/3950/2504
f 4029/3950/2504 4109/4030/2532 4110/4031/2533 4030/3951/2505
f 4030/3951/2505 4110/4031/2533 4111/4032/2534 4031/3952/2506
f 4031/3952/2506 4111/4032/2534 4112/4033/2535 4032/3953/2507
f 4032/3953/2507 4112/4033/2535 4113/4034/2536 4033/3954/3
f 4033/3954/3 4113/4034/2536 4114/4035/2537 4034/3955/3
f 4034/3955/3 4114/4035/2537 4115/4036/2538 4035/3956/3
f 4035/3956/3 4115/4036/2538 4116/4037/2410 4036/3957/3
f 4036/3957/3 4116/4037/2410 4117/4038/3 4037/3958/3
f 4037/3958/3 4117/4038/3 4118/4039/3 4038/3959/3
f 4038/3959/3 4118/4039/3 4119/4040/3 4039/3960/3
f 4039/3960/3 4119/4040/3 4120/4041/3 4040/3961/3
f 4040/3961/3 4120/4041/3 4121/4042/3 4041/3962/3
f 4041/3962/3 4121/4042/3 4122/4043/3 4042/3963/3
f 4042/3963/3 4122/4043/3 4123/4044/3 4043/3964/3
f 4043/3964/3 4123/4044/3 4124/4045/3 4044/3965/3
f 4044/3965/3 4124/4045/3 4125/4046/3 4045/3966/3
f 4045/3966/3 4125/4046/3 4126/4047/3 4046/3967/3
f 4046/3967/3 4126/4047/3 4127/4048/3 4047/3968/3
f 4047/3968/3 4127/4048/3 4128/4049/3 4048/3969/3
f 4048/3969/3 4128/4049/3 4129/4050/3 4049/3970/3
f 4049/3970/3 4129/4050/3 4130/4051/3 4050/3971/3
f 4050/3971/3 4130/4051/3 4131/4052/3 4051/3972/3
f 4051/3972/3 4131/4052/3 4132/4053/3 4052/3973/3
f 4052/3973/3 4132/4053/3 4133/4054/3 4053/3974/3
f 4053/3974/3 4133/4054/3 4134/4055/3 4054/3975/3
f 4054/3975/3 4134/4055/3 4135/4056/3 4055/3976/3
f 4055/3976/3 4135/4056/3 4136/4057/3 4056/3977/3
f 4056/3977/3 4136/4057/3 4137/4058/3 4057/3978/3
f 4057/3978/3 4137/4058/3 4138/4059/3 4058/3979/3
f 4058/3979/3 4138/4059/3 4139/4060/3 4059/3980/3
f 4059/3980/3 4139/4060/3 4140/4061/3 4060/3981/3
f 4060/3981/3 4140/4061/3 4141/4062/3 4061/3982/3
f 4061/3982/3 4141/4062/3 4142/4063/3 4062/3983/3
f 4062/3983/3 4142/4063/3 4143/4064/3 4063/3984/3
f 4063/3984/3 4143/4064/3 4144/4065/3 4064/3985/3
f 4064/3985/3 4144/4065/3 4145/4066/3 4065/3986/3
f 4065/3986/3 4145/4066/3 4146/4067/3 4066/3987/3
f 4066/3987/3 4146/4067/3 4147/4068/3 4067/3988/3
f 4067/3988/3 4147/4068/3 4148/4069/3 4068/3989/3
f 4068/3989/3 4148/4069/3 4149/4070/3 4069/3990/3
f 4069/3990/3 4149/4070/3 4150/4071/3 4070/3991/3
f 4070/3991/3 4150/4071/3 4151/4072/3 4071/3992/3
f 4071/3992/3 4151/4072/3 4152/4073/3 4072/3993/3
f 4072/3993/3 4152/4073/3 4153/4074/3 4073/3994/3
f 4073/3994/3 4153/4074/3 4154/4075/3 4074/3995/3
f 4074/3995/3 4154/4075/3 4155/4076/3 4075/3996/3
f 4075/3996/3 4155/4076/3 4156/4077/3 4076/3997/3
f 4076/3997/3 4156/4077/3 4157/4078/3 4077/3998/3
f 4077/3998/3 4157/4078/3 4158/4079/3 4078/3999/3
f 4078/3999/3 4158/4079/3 4159/4080/3 4079/4000/3
f 4079/4000/3 4159/4080/3 4160/4081/3 4080/4001/3
f 4080/4001/3 4160/4081/3 4161/4082/3 4081/4002/3
f 4081/4002/3 4161/4082/3 4162/4083/3 4082/4003/3
f 4082/4003/3 4162/4083/3 4163/4084/3 4083/4004/3
f 4083/4004/3 4163/4084/3 4164/101/3 4084/99/3
f 132/4005/116 133/4085/117 4165/4086/2539 4085/4006/2508
f 4085/4006/2508 4165/4086/2539 4166/4087/2540 4086/4007/2509
f 4086/4007/2509 4166/4087/2540 4167/4088/2541 4087/4008/2510
f 4087/4008/2510 4167/4088/2541 4168/4089/2542 4088/4009/2511
f 4088/4009/2511 4168/4089/2542 4169/4090/2543 4089/4010/2512
f 4089/4010/2512 4169/4090/2543 4170/4091/2544 4090/4011/2513
f 4090/4011/2513 4170/4091/2544 4171/4092/2545 4091/4012/2514
f 4091/4012/2514 4171/4092/2545 4172/4093/2546 4092/4013/2515
f 4092/4013/2515 4172/4093/2546 4173/4094/2547 4093/4014/2516
f 4093/4014/2516 4173/4094/2547 4174/4095/2548 4094/4015/2517
f 4094/4015/2517 4174/4095/2548 4175/4096/2549 4095/4016/2518
f 4095/4016/2518 4175/4096/2549 4176/4097/2550 4096/4017/2519
f 4096/4017/2519 4176/4097/2550 4177/4098/2551 4097/4018/2520
f 4097/4018/2520 4177/4098/2551 4178/4099/2552 4098/4019/2521
f 4098/4019/2521 4178/4099/2552 4179/4100/2553 4099/4020/2522
f 4099/4020/2522 4179/4100/2553 4180/4101/2554 4100/4021/2523
f 4100/4021/2523 4180/4101/2554 4181/4102/2555 4101/4022/2524
f 4101/4022/2524 4181/4102/2555 4182/4103/2556 4102/4023/2525
f 4102/4023/2525 4182/4103/2556 4183/4104/2557 4103/4024/2526
f 4103/4024/2526 4183/4104/2557 4184/4105/2558 4104/4025/2527
f 4104/4025/2527 4184/4105/2558 4185/4106/2559 4105/4026/2528
f 4105/4026/2528 4185/4106/2559 4186/4107/2560 4106/4027/2529
f 4106/4027/2529 4186/4107/2560 4187/4108/2561 4107/4028/2530
f 4107/4028/2530 4187/4108/2561 4188/4109/2562 4108/4029/2531
f 4108/4029/2531 4188/4109/2562 4189/4110/2563 4109/4030/2532
f 4109/4030/2532 4189/4110/2563 4190/4111/2564 4110/4031/2533
f 4110/4031/2533 4190/4111/2564 4191/4112/2565 4111/4032/2534
f 4111/4032/2534 4191/4112/2565 4192/4113/2566 4112/4033/2535
f 4112/4033/2535 4192/4113/2566 4193/4114/2567 4113/4034/2536
f 4113/4034/2536 4193/4114/2567 4194/4115/2568 4114/4035/2537
f 4114/4035/2537 4194/4115/2568 4195/4116/2569 4115/4036/2538
f 4115/4036/2538 4195/4116/2569 4196/4117/2570 4116/4037/2410
f 4116/4037/2410 4196/4117/2570 4197/4118/2571 4117/4038/3
f 4117/4038/3 4197/4118/2571 4198/4119/2572 4118/4039/3
f 4118/4039/3 4198/4119/2572 4199/4120/2573 4119/4040/3
f 4119/4040/3 4199/4120/2573 4200/4121/2574 4120/4041/3
f 4120/4041/3 4200/4121/2574 4201/4122/293 4121/4042/3
f 4121/4042/3 4201/4122/293 4202/4123/3 4122/4043/3
f 4122/4043/3 4202/4123/3 4203/4124/3 4123/4044/3
f 4123/4044/3 4203/4124/3 4204/4125/3 4124/4045/3
f 4124/4045/3 4204/4125/3 4205/4126/3 4125/4046/3
f 4125/4046/3 4205/4126/3 4206/4127/3 4126/4047/3
f 4126/4047/3 4206/4127/3 4207/4128/3 4127/4048/3
f 4127/4048/3 4207/4128/3 4208/4129/3 4128/4049/3
f 4128/4049/3 4208/4129/3 4209/4130/3 4129/4050/3
f 4129/4050/3 4209/4130/3 4210/4131/3 4130/4051/3
f 4130/4051/3 4210/4131/3 4211/4132/3 4131/4052/3
f 4131/4052/3 4211/4132/3 4212/4133/3 4132/4053/3
f 4132/4053/3 4212/4133/3 4213/4134/439 4133/4054/3
f 4133/4054/3 4213/4134/439 4214/4135/2575 4134/4055/3
f 4134/4055/3 4214/4135/2575 4215/4136/2576 4135/4056/3
f 4135/4056/3 4215/4136/2576 4216/4137/2577 4136/4057/3
f 4136/4057/3 4216/4137/2577 4217/4138/2578 4137/4058/3
f 4137/4058/3 4217/4138/2578 4218/4139/2579 4138/4059/3
f 4138/4059/3 4218/4139/2579 4219/4140/3 4139/4060/3
f 4139/4060/3 4219/4140/3 4220/4141/3 4140/4061/3
f 4140/4061/3 4220/4141/3 4221/4142/3 4141/4062/3
f 4141/4062/3 4221/4142/3 4222/4143/2580 4142/4063/3
f 4142/4063/3 4222/4143/2580 4223/4144/2581 4143/4064/3
f 4143/4064/3 4223/4144/2581 4224/4145/240 4144/4065/3
f 4144/4065/3 4224/4145/240 4225/4146/2446 4145/4066/3
f 4145/4066/3 4225/4146/2446 4226/4147/3 4146/4067/3
f 4146/4067/3 4226/4147/3 4227/4148/3 4147/4068/3
f 4147/4068/3 4227/4148/3 4228/4149/3 4148/4069/3
f 4148/4069/3 4228/4149/3 4229/4150/3 4149/4070/3
f 4149/4070/3 4229/4150/3 4230/4151/3 4150/4071/3
f 4150/4071/3 4230/4151/3 4231/4152/3 4151/4072/3
f 4151/4072/3 4231/4152/3 4232/4153/3 4152/4073/3
f 4152/4073/3 4232/4153/3 4233/4154/3 4153/4074/3
f 4153/4074/3 4233/4154/3 4234/4155/3 4154/4075/3
f 4154/4075/3 4234/4155/3 4235/4156/3 4155/4076/3
f 4155/4076/3 4235/4156/3 4236/4157/3 4156/4077/3
f 4156/4077/3 4236/4157/3 4237/4158/3 4157/4078/3
f 4157/4078/3 4237/4158/3 4238/4159/3 4158/4079/3
f 4158/4079/3 4238/4159/3 4239/4160/3 4159/4080/3
f 4159/4080/3 4239/4160/3 4240/4161/3 4160/4081/3
f 4160/4081/3 4240/4161/3 4241/4162/3 4161/4082/3
f 4161/4082/3 4241/4162/3 4242/4163/3 4162/4083/3
f 4162/4083/3 4242/4163/3 4243/4164/3 4163/4084/3
f 4163/4084/3 4243/4164/3 4244/103/3 4164/101/3
f 133/4085/117 134/4165/118 4245/4166/2582 4165/4086/2539
f 4165/4086/2539 4245/4166/2582 4246/4167/2583 4166/4087/2540
f 4166/4087/2540 4246/4167/2583 4247/4168/2584 4167/4088/2541
f 4167/4088/2541 4247/4168/2584 4248/4169/2585 4168/4089/2542
f 4168/4089/2542 4248/4169/2585 4249/4170/2586 4169/4090/2543
f 4169/4090/2543 4249/4170/2586 4250/4171/2587 4170/4091/2544
f 4170/4091/2544 4250/4171/2587 4251/4172/2588 4171/4092/2545
f 4171/4092/2545 4251/4172/2588 4252/4173/2589 4172/4093/2546
f 4172/4093/2546 4252/4173/2589 4253/4174/2590 4173/4094/2547
f 4173/4094/2547 4253/4174/2590 4254/4175/2591 4174/4095/2548
f 4174/4095/2548 4254/4175/2591 4255/4176/2592 4175/4096/2549
f 4175/4096/2549 4255/4176/2592 4256/4177/2593 4176/4097/2550
f 4176/4097/2550 4256/4177/2593 4257/4178/2594 4177/4098/2551
f 4177/4098/2551 4257/4178/2594 4258/4179/2595 4178/4099/2552
f 4178/4099/2552 4258/4179/2595 4259/4180/2596 4179/4100/2553
f 4179/4100/2553 4259/4180/2596 4260/4181/2597 4180/4101/2554
f 4180/4101/2554 4260/4181/2597 4261/4182/2598 4181/4102/2555
f 4181/4102/2555 4261/4182/2598 4262/4183/2599 4182/4103/2556
f 4182/4103/2556 4262/4183/2599 4263/4184/2600 4183/4104/2557
f 4183/4104/2557 4263/4184/2600 4264/4185/2601 4184/4105/2558
f 4184/4105/2558 4264/4185/2601 4265/4186/2602 4185/4106/2559
f 4185/4106/2559 4265/4186/2602 4266/4187/2603 4186/4107/2560
f 4186/4107/2560 4266/4187/2603 4267/4188/2604 4187/4108/2561
f 4187/4108/2561 4267/4188/2604 4268/4189/2605 4188/4109/2562
f 4188/4109/2562 4268/4189/2605 4269/4190/2606 4189/4110/2563
f 4189/4110/2563 4269/4190/2606 4270/4191/2607 4190/4111/2564
f 4190/4111/2564 4270/4191/2607 4271/4192/2608 4191/4112/2565
f 4191/4112/2565 4271/4192/2608 4272/4193/2609 4192/4113/2566
f 4192/4113/2566 4272/4193/2609 4273/4194/2610 4193/4114/2567
f 4193/4114/2567 4273/4194/2610 4274/4195/2611 4194/4115/2568
f 4194/4115/2568 4274/4195/2611 4275/4196/2612 4195/4116/2569
f 4195/4116/2569 4275/4196/2612 4276/4197/2613 4196/4117/2570
f 4196/4117/2570 4276/4197/2613 4277/4198/2614 4197/4118/2571
f 4197/4118/2571 4277/4198/2614 4278/4199/2615 4198/4119/2572
f 4198/4119/2572 4278/4199/2615 4279/4200/2616 4199/4120/2573
f 4199/4120/2573 4279/4200/2616 4280/4201/2617 4200/4121/2574
f 4200/4121/2574 4280/4201/2617 4281/4202/2618 4201/4122/293
f 4201/4122/293 4281/4202/2618 4282/4203/2619 4202/4123/3
f 4202/4123/3 4282/4203/2619 4283/4204/2620 4203/4124/3
f 4203/4124/3 4283/4204/2620 4284/4205/2621 4204/4125/3
f 4204/4125/3 4284/4205/2621 4285/4206/2507 4205/4126/3
f 4205/4126/3 4285/4206/2507 4286/4207/3 4206/4127/3
f 4206/4127/3 4286/4207/3 4287/4208/3 4207/4128/3
f 4207/4128/3 4287/4208/3 4288/4209/3 4208/4129/3
f 4208/4129/3 4288/4209/3 4289/4210/3 4209/4130/3
f 4209/4130/3 4289/4210/3 4290/4211/3 4210/4131/3
f 4210/4131/3 4290/4211/3 4291/4212/3 4211/4132/3
f 4211/4132/3 4291/4212/3 4292/4213/2622 4212/4133/3
f 4212/4133/3 4292/4213/2622 4293/4214/2623 4213/4134/439
f 4213/4134/439 4293/4214/2623 4294/4215/2624 4214/4135/2575
f 4214/4135/2575 4294/4215/2624 4295/4216/2625 4215/4136/2576
f 4215/4136/2576 4295/4216/2625 4296/4217/2626 4216/4137/2577
f 4216/4137/2577 4296/4217/2626 4297/4218/2627 4217/4138/2578
f 4217/4138/2578 4297/4218/2627 4298/4219/2628 4218/4139/2579
f 4218/4139/2579 4298/4219/2628 4299/4220/2629 4219/4140/3
f 4219/4140/3 4299/4220/2629 4300/4221/2630 4220/4141/3
f 4220/4141/3 4300/4221/2630 4301/4222/2631 4221/4142/3
f 4221/4142/3 4301/4222/2631 4302/4223/2632 4222/4143/2580
f 4222/4143/2580 4302/4223/2632 4303/4224/2633 4223/4144/2581
f 4223/4144/2581 4303/4224/2633 4304/4225/2634 4224/4145/240
f 4224/4145/240 4304/4225/2634 4305/4226/2635 4225/4146/2446
f 4225/4146/2446 4305/4226/2635 4306/4227/2636 4226/4147/3
f 4226/4147/3 4306/4227/2636 4307/4228/2637 4227/4148/3
f 4227/4148/3 4307/4228/2637 4308/4229/2638 4228/4149/3
f 4228/4149/3 4308/4229/2638 4309/4230/2639 4229/4150/3
f 4229/4150/3 4309/4230/2639 4310/4231/3 4230/4151/3
f 4230/4151/3 4310/4231/3 4311/4232/3 4231/4152/3
f 4231/4152/3 4311/4232/3 4312/4233/3 4232/4153/3
f 4232/4153/3 4312/4233/3 4313/4234/3 4233/4154/3
f 4233/4154/3 4313/4234/3 4314/4235/3 4234/4155/3
f 4234/4155/3 4314/4235/3 4315/4236/3 4235/4156/3
f 4235/4156/3 4315/4236/3 4316/4237/3 4236/4157/3
f 4236/4157/3 4316/4237/3 4317/4238/3 4237/4158/3
f 4237/4158/3 4317/4238/3 4318/4239/3 4238/4159/3
f 4238/4159/3 4318/4239/3 4319/4240/2640 4239/4160/3
f 4239/4160/3 4319/4240/2640 4320/4241/2640 4240/4161/3
f 4240/4161/3 4320/4241/2640 4321/4242/3 4241/4162/3
f 4241/4162/3 4321/4242/3 4322/4243/3 4242/4163/3
f 4242/4163/3 4322/4243/3 4323/4244/3 4243/4164/3
f 4243/4164/3 4323/4244/3 4324/105/3 4244/103/3
f 134/4165/118 135/4245/119 4325/4246/2641 4245/4166/2582
f 4245/4166/2582 4325/4246/2641 4326/4247/2642 4246/4167/2583
f 4246/4167/2583 4326/4247/2642 4327/4248/2643 4247/4168/2584
f 4247/4168/2584 4327/4248/2643 4328/4249/2644 4248/4169/2585
f 4248/4169/2585 4328/4249/2644 4329/4250/2645 4249/4170/2586
f 4249/4170/2586 4329/4250/2645 4330/4251/2646 4250/4171/2587
f 4250/4171/2587 4330/4251/2646 4331/4252/2647 4251/4172/2588
f 4251/4172/2588 4331/4252/2647 4332/4253/2648 4252/4173/2589
f 4252/4173/2589 4332/4253/2648 4333/4254/2649 4253/4174/2590
f 4253/4174/2590 4333/4254/2649 4334/4255/2650 4254/4175/2591
f 4254/4175/2591 4334/4255/2650 4335/4256/2651 4255/4176/2592
f 4255/4176/2592 4335/4256/2651 4336/4257/2652 4256/4177/2593
f 4256/4177/2593 4336/4257/2652 4337/4258/2653 4257/4178/2594
f 4257/4178/2594 4337/4258/2653 4338/4259/2654 4258/4179/2595
f 4258/4179/2595 4338/4259/2654 4339/4260/2655 4259/4180/2596
f 4259/4180/2596 4339/4260/2655 4340/4261/2656 4260/4181/2597
f 4260/4181/2597 4340/4261/2656 4341/4262/2657 4261/4182/2598
f 4261/4182/2598 4341/4262/2657 4342/4263/2658 4262/4183/2599
f 4262/4183/2599 4342/4263/2658 4343/4264/2659 4263/4184/2600
f 4263/4184/2600 4343/4264/2659 4344/4265/2660 4264/4185/2601
f 4264/4185/2601 4344/4265/2660 4345/4266/2661 4265/4186/2602
f 4265/4186/2602 4345/4266/2661 4346/4267/2662 4266/4187/2603
f 4266/4187/2603 4346/4267/2662 4347/4268/2663 4267/4188/2604
f 4267/4188/2604 4347/4268/2663 4348/4269/2664 4268/4189/2605
f 4268/4189/2605 4348/4269/2664 4349/4270/2665 4269/4190/2606
f 4269/4190/2606 4349/4270/2665 4350/4271/2666 4270/4191/2607
f 4270/4191/2607 4350/4271/2666 4351/4272/2667 4271/4192/2608
f 4271/4192/2608 4351/4272/2667 4352/4273/2668 4272/4193/2609
f 4272/4193/2609 4352/4273/2668 4353/4274/2669 4273/4194/2610
f 4273/4194/2610 4353/4274/2669 4354/4275/2670 4274/4195/2611
f 4274/4195/2611 4354/4275/2670 4355/4276/2671 4275/4196/2612
f 4275/4196/2612 4355/4276/2671 4356/4277/2672 4276/4197/2613
f 4276/4197/2613 4356/4277/2672 4357/4278/2673 4277/4198/2614
f 4277/4198/2614 4357/4278/2673 4358/4279/2674 4278/4199/2615
f 4278/4199/2615 4358/4279/2674 4359/4280/2675 4279/4200/2616
f 4279/4200/2616 4359/4280/2675 4360/4281/2676 4280/4201/2617
f 4280/4201/2617 4360/4281/2676 4361/4282/2677 4281/4202/2618
f 4281/4202/2618 4361/4282/2677 4362/4283/2678 4282/4203/2619
f 4282/4203/2619 4362/4283/2678 4363/4284/2679 4283/4204/2620
f 4283/4204/2620 4363/4284/2679 4364/4285/2680 4284/4205/2621
f 4284/4205/2621 4364/4285/2680 4365/4286/2681 4285/4206/2507
f 4285/4206/2507 4365/4286/2681 4366/4287/2682 4286/4207/3
f 4286/4207/3 4366/4287/2682 4367/4288/2507 4287/4208/3
f 4287/4208/3 4367/4288/2507 4368/4289/3 4288/4209/3
f 4288/4209/3 4368/4289/3 4369/4290/3 4289/4210/3
f 4289/4210/3 4369/4290/3 4370/4291/3 4290/4211/3
f 4290/4211/3 4370/4291/3 4371/4292/2683 4291/4212/3
f 4291/4212/3 4371/4292/2683 4372/4293/2684 4292/4213/2622
f 4292/4213/2622 4372/4293/2684 4373/4294/2685 4293/4214/2623
f 4293/4214/2623 4373/4294/2685 4374/4295/2686 4294/4215/2624
f 4294/4215/2624 4374/4295/2686 4375/4296/2687 4295/4216/2625
f 4295/4216/2625 4375/4296/2687 4376/4297/2688 4296/4217/2626
f 4296/4217/2626 4376/4297/2688 4377/4298/2689 4297/4218/2627
f 4297/4218/2627 4377/4298/2689 4378/4299/2690 4298/4219/2628
f 4298/4219/2628 4378/4299/2690 4379/4300/2691 4299/4220/2629
f 4299/4220/2629 4379/4300/2691 4380/4301/2692 4300/4221/2630
f 4300/4221/2630 4380/4301/2692 4381/4302/2693 4301/4222/2631
f 4301/4222/2631 4381/4302/2693 4382/4303/2694 4302/4223/2632
f 4302/4223/2632 4382/4303/2694 4383/4304/2695 4303/4224/2633
f 4303/4224/2633 4383/4304/2695 4384/4305/2696 4304/4225/2634
f 4304/4225/2634 4384/4305/2696 4385/4306/2697 4305/4226/2635
f 4305/4226/2635 4385/4306/2697 4386/4307/2698 4306/4227/2636
f 4306/4227/2636 4386/4307/2698 4387/4308/2699 4307/4228/2637
f 4307/4228/2637 4387/4308/2699 4388/4309/2700 4308/4229/2638
f 4308/4229/2638 4388/4309/2700 4389/4310/2701 4309/4230/2639
f 4309/4230/2639 4389/4310/2701 4390/4311/2702 4310/4231/3
f 4310/4231/3 4390/4311/2702 4391/4312/2703 4311/4232/3
f 4311/4232/3 4391/4312/2703 4392/4313/3 4312/4233/3
f 4312/4233/3 4392/4313/3 4393/4314/3 4313/4234/3
f 4313/4234/3 4393/4314/3 4394/4315/3 4314/4235/3
f 4314/4235/3 4394/4315/3 4395/4316/3 4315/4236/3
f 4315/4236/3 4395/4316/3 4396/4317/2704 4316/4237/3
f 4316/4237/3 4396/4317/2704 4397/4318/2705 4317/4238/3
f 4317/4238/3 4397/4318/2705 4398/4319/2706 4318/4239/3
f 4318/4239/3 4398/4319/2706 4399/4320/2707 4319/4240/2640
f 4319/4240/2640 4399/4320/2707 4400/4321/2708 4320/4241/2640
f 4320/4241/2640 4400/4321/2708 4401/4322/2709 4321/4242/3
f 4321/4242/3 4401/4322/2709 4402/4323/2710 4322/4243/3
f 4322/4243/3 4402/4323/2710 4403/4324/2307 4323/4244/3
f 4323/4244/3 4403/4324/2307 4404/107/3 4324/105/3
f 135/4245/119 136/4325/120 4405/4326/2711 4325/4246/2641
f 4325/4246/2641 4405/4326/2711 4406/4327/2712 4326/4247/2642
f 4326/4247/2642 4406/4327/2712 4407/4328/2713 4327/4248/2643
f 4327/4248/2643 4407/4328/2713 4408/4329/2714 4328/4249/2644
f 4328/4249/2644 4408/4329/2714 4409/4330/2715 4329/4250/2645
f 4329/4250/2645 4409/4330/2715 4410/4331/2716 4330/4251/2646
f 4330/4251/2646 4410/4331/2716 4411/4332/2717 4331/4252/2647
f 4331/4252/2647 4411/4332/2717 4412/4333/2718 4332/4253/2648
f 4332/4253/2648 4412/4333/2718 4413/4334/2719 4333/4254/2649
f 4333/4254/2649 4413/4334/2719 4414/4335/2720 4334/4255/2650
f 4334/4255/2650 4414/4335/2720 4415/4336/2721 4335/4256/2651
f 4335/4256/2651 4415/4336/2721 4416/4337/2722 4336/4257/2652
f 4336/4257/2652 4416/4337/2722 4417/4338/2723 4337/4258/2653
f 4337/4258/2653 4417/4338/2723 4418/4339/2724 4338/4259/2654
f 4338/4259/2654 4418/4339/2724 4419/4340/2725 4339/4260/2655
f 4339/4260/2655 4419/4340/2725 4420/4341/2726 4340/4261/2656
f 4340/4261/2656 4420/4341/2726 4421/4342/2727 4341/4262/2657
f 4341/4262/2657 4421/4342/2727 4422/4343/2728 4342/4263/2658
f 4342/4263/2658 4422/4343/2728 4423/4344/2729 4343/4264/2659
f 4343/4264/2659 4423/4344/2729 4424/4345/2730 4344/4265/2660
f 4344/4265/2660 4424/4345/2730 4425/4346/2731 4345/4266/2661
f 4345/4266/2661 4425/4346/2731 4426/4347/2732 4346/4267/2662
f 4346/4267/2662 4426/4347/2732 4427/4348/2733 4347/4268/2663
f 4347/4268/2663 4427/4348/2733 4428/4349/2734 4348/4269/2664
f 4348/4269/2664 4428/4349/2734 4429/4350/2735 4349/4270/2665
f 4349/4270/2665 4429/4350/2735 4430/4351/2736 4350/4271/2666
f 4350/4271/2666 4430/4351/2736 4431/4352/2737 4351/4272/2667
f 4351/4272/2667 4431/4352/2737 4432/4353/2738 4352/4273/2668
f 4352/4273/2668 4432/4353/2738 4433/4354/2739 4353/4274/2669
f 4353/4274/2669 4433/4354/2739 4434/4355/2740 4354/4275/2670
f 4354/4275/2670 4434/4355/2740 4435/4356/2741 4355/4276/2671
f 4355/4276/2671 4435/4356/2741 4436/4357/2742 4356/4277/2672
f 4356/4277/2672 4436/4357/2742 4437/4358/2743 4357/4278/2673
f 4357/4278/2673 4437/4358/2743 4438/4359/2744 4358/4279/2674
f 4358/4279/2674 4438/4359/2744 4439/4360/2745 4359/4280/2675
f 4359/4280/2675 4439/4360/2745 4440/4361/2746 4360/4281/2676
f 4360/4281/2676 4440/4361/2746 4441/4362/2747 4361/4282/2677
f 4361/4282/2677 4441/4362/2747 4442/4363/2748 4362/4283/2678
f 4362/4283/2678 4442/4363/2748 4443/4364/2749 4363/4284/2679
f 4363/4284/2679 4443/4364/2749 4444/4365/2750 4364/4285/2680
f 4364/4285/2680 4444/4365/2750 4445/4366/2751 4365/4286/2681
f 4365/4286/2681 4445/4366/2751 4446/4367/2752 4366/4287/2682
f 4366/4287/2682 4446/4367/2752 4447/4368/2753 4367/4288/2507
f 4367/4288/2507 4447/4368/2753 4448/4369/2754 4368/4289/3
f 4368/4289/3 4448/4369/2754 4449/4370/3 4369/4290/3
f 4369/4290/3 4449/4370/3 4450/4371/2755 4370/4291/3
f 4370/4291/3 4450/4371/2755 4451/4372/2756 4371/4292/2683
f 4371/4292/2683 4451/4372/2756 4452/4373/2757 4372/4293/2684
f 4372/4293/2684 4452/4373/2757 4453/4374/2758 4373/4294/2685
f 4373/4294/2685 4453/4374/2758 4454/4375/2759 4374/4295/2686
f 4374/4295/2686 4454/4375/2759 4455/4376/2760 4375/4296/2687
f 4375/4296/2687 4455/4376/2760 4456/4377/2761 4376/4297/2688
f 4376/4297/2688 4456/4377/2761 4457/4378/2762 4377/4298/2689
f 4377/4298/2689 4457/4378/2762 4458/4379/2763 4378/4299/2690
f 4378/4299/2690 4458/4379/2763 4459/4380/2764 4379/4300/2691
f 4379/4300/2691 4459/4380/2764 4460/4381/2765 4380/4301/2692
f 4380/4301/2692 4460/4381/2765 4461/4382/2766 4381/4302/2693
f 4381/4302/2693 4461/4382/2766 4462/4383/2767 4382/4303/2694
f 4382/4303/2694 4462/4383/2767 4463/4384/2768 4383/4304/2695
f 4383/4304/2695 4463/4384/2768 4464/4385/2769 4384/4305/2696
f 4384/4305/2696 4464/4385/2769 4465/4386/2770 4385/4306/2697
f 4385/4306/2697 4465/4386/2770 4466/4387/2771 4386/4307/2698
f 4386/4307/2698 4466/4387/2771 4467/4388/2772 4387/4308/2699
f 4387/4308/2699 4467/4388/2772 4468/4389/2773 4388/4309/2700
f 4388/4309/2700 4468/4389/2773 4469/4390/2774 4389/4310/2701
f 4389/4310/2701 4469/4390/2774 4470/4391/2775 4390/4311/2702
f 4390/4311/2702 4470/4391/2775 4471/4392/2776 4391/4312/2703
f 4391/4312/2703 4471/4392/2776 4472/4393/2777 4392/4313/3
f 4392/4313/3 4472/4393/2777 4473/4394/3 4393/4314/3
f 4393/4314/3 4473/4394/3 4474/4395/2622 4394/4315/3
f 4394/4315/3 4474/4395/2622 4475/4396/2778 4395/4316/3
f 4395/4316/3 4475/4396/2778 4476/4397/2779 4396/4317/2704
f 4396/4317/2704 4476/4397/2779 4477/4398/2780 4397/4318/2705
f 4397/4318/2705 4477/4398/2780 4478/4399/2781 4398/4319/2706
f 4398/4319/2706 4478/4399/2781 4479/4400/2782 4399/4320/2707
f 4399/4320/2707 4479/4400/2782 4480/4401/2783 4400/4321/2708
f 4400/4321/2708 4480/4401/2783 4481/4402/2784 4401/4322/2709
f 4401/4322/2709 4481/4402/2784 4482/4403/2785 4402/4323/2710
f 4402/4323/2710 4482/4403/2785 4483/4404/2786 4403/4324/2307
f 4403/4324/2307 4483/4404/2786 4484/109/2787 4404/107/3
f 136/4325/120 137/4405/121 4485/4406/2788 4405/4326/2711
f 4405/4326/2711 4485/4406/2788 4486/4407/2789 4406/4327/2712
f 4406/4327/2712 4486/4407/2789 4487/4408/2790 4407/4328/2713
f 4407/4328/2713 4487/4408/2790 4488/4409/2791 4408/4329/2714
f 4408/4329/2714 4488/4409/2791 4489/4410/2792 4409/4330/2715
f 4409/4330/2715 4489/4410/2792 4490/4411/2793 4410/4331/2716
f 4410/4331/2716 4490/4411/2793 4491/4412/2794 4411/4332/2717
f 4411/4332/2717 4491/4412/2794 4492/4413/2795 4412/4333/2718
f 4412/4333/2718 4492/4413/2795 4493/4414/2796 4413/4334/2719
f 4413/4334/2719 4493/4414/2796 4494/4415/2797 4414/4335/2720
f 4414/4335/2720 4494/4415/2797 4495/4416/2798 4415/4336/2721
f 4415/4336/2721 4495/4416/2798 4496/4417/2799 4416/4337/2722
f 4416/4337/2722 4496/4417/2799 4497/4418/2800 4417/4338/2723
f 4417/4338/2723 4497/4418/2800 4498/4419/2801 4418/4339/2724
f 4418/4339/2724 4498/4419/2801 4499/4420/2802 4419/4340/2725
f 4419/4340/2725 4499/4420/2802 4500/4421/2803 4420/4341/2726
f 4420/4341/2726 4500/4421/2803 4501/4422/2804 4421/4342/2727
f 4421/4342/2727 4501/4422/2804 4502/4423/2805 4422/4343/2728
f 4422/4343/2728 4502/4423/2805 4503/4424/2806 4423/4344/2729
f 4423/4344/2729 4503/4424/2806 4504/4425/2807 4424/4345/2730
f 4424/4345/2730 4504/4425/2807 4505/4426/2808 4425/4346/2731
f 4425/4346/2731 4505/4426/2808 4506/4427/2809 4426/4347/2732
f 4426/4347/2732 4506/4427/2809 4507/4428/2810 4427/4348/2733
f 4427/4348/2733 4507/4428/2810 4508/4429/2811 4428/4349/2734
f 4428/4349/2734 4508/4429/2811 4509/4430/2812 4429/4350/2735
f 4429/4350/2735 4509/4430/2812 4510/4431/2813 4430/4351/2736
f 4430/4351/2736 4510/4431/2813 4511/4432/2814 4431/4352/2737
f 4431/4352/2737 4511/4432/2814 4512/4433/2815 4432/4353/2738
f 4432/4353/2738 4512/4433/2815 4513/4434/2816 4433/4354/2739
f 4433/4354/2739 4513/4434/2816 4514/4435/2817 4434/4355/2740
f 4434/4355/2740 4514/4435/2817 4515/4436/2818 4435/4356/2741
f 4435/4356/2741 4515/4436/2818 4516/4437/2819 4436/4357/2742
f 4436/4357/2742 4516/4437/2819 4517/4438/2820 4437/4358/2743
f 4437/4358/2743 4517/4438/2820 4518/4439/2821 4438/4359/2744
f 4438/4359/2744 4518/4439/2821 4519/4440/2822 4439/4360/2745
f 4439/4360/2745 4519/4440/2822 4520/4441/2823 4440/4361/2746
f 4440/4361/2746 4520/4441/2823 4521/4442/2824 4441/4362/2747
f 4441/4362/2747 4521/4442/2824 4522/4443/2825 4442/4363/2748
f 4442/4363/2748 4522/4443/2825 4523/4444/2826 4443/4364/2749
f 4443/4364/2749 4523/4444/2826 4524/4445/2827 4444/4365/2750
f 4444/4365/2750 4524/4445/2827 4525/4446/2828 4445/4366/2751
f 4445/4366/2751 4525/4446/2828 4526/4447/2829 4446/4367/2752
f 4446/4367/2752 4526/4447/2829 4527/4448/2830 4447/4368/2753
f 4447/4368/2753 4527/4448/2830 4528/4449/2831 4448/4369/2754
f 4448/4369/2754 4528/4449/2831 4529/4450/2374 4449/4370/3
f 4449/4370/3 4529/4450/2374 4530/4451/2832 4450/4371/2755
f 4450/4371/2755 4530/4451/2832 4531/4452/2833 4451/4372/2756
f 4451/4372/2756 4531/4452/2833 4532/4453/2834 4452/4373/2757
f 4452/4373/2757 4532/4453/2834 4533/4454/2835 4453/4374/2758
f 4453/4374/2758 4533/4454/2835 4534/4455/2836 4454/4375/2759
f 4454/4375/2759 4534/4455/2836 4535/4456/2837 4455/4376/2760
f 4455/4376/2760 4535/4456/2837 4536/4457/2838 4456/4377/2761
f 4456/4377/2761 4536/4457/2838 4537/4458/2839 4457/4378/2762
f 4457/4378/2762 4537/4458/2839 4538/4459/2840 4458/4379/2763
f 4458/4379/2763 4538/4459/2840 4539/4460/2841 4459/4380/2764
f 4459/4380/2764 4539/4460/2841 4540/4461/2842 4460/4381/2765
f 4460/4381/2765 4540/4461/2842 4541/4462/2843 4461/4382/2766
f 4461/4382/2766 4541/4462/2843 4542/4463/2844 4462/4383/2767
f 4462/4383/2767 4542/4463/2844 4543/4464/2845 4463/4384/2768
f 4463/4384/2768 4543/4464/2845 4544/4465/2846 4464/4385/2769
f 4464/4385/2769 4544/4465/2846 4545/4466/2847 4465/4386/2770
f 4465/4386/2770 4545/4466/2847 4546/4467/2848 4466/4387/2771
f 4466/4387/2771 4546/4467/2848 4547/4468/2849 4467/4388/2772
f 4467/4388/2772 4547/4468/2849 4548/4469/2850 4468/4389/2773
f 4468/4389/2773 4548/4469/2850 4549/4470/2851 4469/4390/2774
f 4469/4390/2774 4549/4470/2851 4550/4471/2852 4470/4391/2775
f 4470/4391/2775 4550/4471/2852 4551/4472/2853 4471/4392/2776
f 4471/4392/2776 4551/4472/2853 4552/4473/2854 4472/4393/2777
f 4472/4393/2777 4552/4473/2854 4553/4474/2855 4473/4394/3
f 4473/4394/3 4553/4474/2855 4554/4475/2856 4474/4395/2622
f 4474/4395/2622 4554/4475/2856 4555/4476/2857 4475/4396/2778
f 4475/4396/2778 4555/4476/2857 4556/4477/2858 4476/4397/2779
f 4476/4397/2779 4556/4477/2858 4557/4478/2859 4477/4398/2780
f 4477/4398/2780 4557/4478/2859 4558/4479/2860 4478/4399/2781
f 4478/4399/2781 4558/4479/2860 4559/4480/2861 4479/4400/2782
f 4479/4400/2782 4559/4480/2861 4560/4481/2862 4480/4401/2783
f 4480/4401/2783 4560/4481/2862 4561/4482/2863 4481/4402/2784
f 4481/4402/2784 4561/4482/2863 4562/4483/2864 4482/4403/2785
f 4482/4403/2785 4562/4483/2864 4563/4484/2865 4483/4404/2786
f 4483/4404/2786 4563/4484/2865 4564/111/2866 4484/109/2787
f 137/4405/121 138/4485/122 4565/4486/2867 4485/4406/2788
f 4485/4406/2788 4565/4486/2867 4566/4487/2868 4486/4407/2789
f 4486/4407/2789 4566/4487/2868 4567/4488/2869 4487/4408/2790
f 4487/4408/2790 4567/4488/2869 4568/4489/2870 4488/4409/2791
f 4488/4409/2791 4568/4489/2870 4569/4490/2871 4489/4410/2792
f 4489/4410/2792 4569/4490/2871 4570/4491/2872 4490/4411/2793
f 4490/4411/2793 4570/4491/2872 4571/4492/2873 4491/4412/2794
f 4491/4412/2794 4571/4492/2873 4572/4493/2874 4492/4413/2795
f 4492/4413/2795 4572/4493/2874 4573/4494/2875 4493/4414/2796
f 4493/4414/2796 4573/4494/2875 4574/4495/2876 4494/4415/2797
f 4494/4415/2797 4574/4495/2876 4575/4496/2877 4495/4416/2798
f 4495/4416/2798 4575/4496/2877 4576/4497/2878 4496/4417/2799
f 4496/4417/2799 4576/4497/2878 4577/4498/2879 4497/4418/2800
f 4497/4418/2800 4577/4498/2879 4578/4499/2880 4498/4419/2801
f 4498/4419/2801 4578/4499/2880 4579/4500/2881 4499/4420/2802
f 4499/4420/2802 4579/4500/2881 4580/4501/2882 4500/4421/2803
f 4500/4421/2803 4580/4501/2882 4581/4502/2883 4501/4422/2804
f 4501/4422/2804 4581/4502/2883 4582/4503/2884 4502/4423/2805
f 4502/4423/2805 4582/4503/2884 4583/4504/2885 4503/4424/2806
f 4503/4424/2806 4583/4504/2885 4584/4505/2886 4504/4425/2807
f 4504/4425/2807 4584/4505/2886 4585/4506/2887 4505/4426/2808
f 4505/4426/2808 4585/4506/2887 4586/4507/2888 4506/4427/2809
f 4506/4427/2809 4586/4507/2888 4587/4508/2889 4507/4428/2810
f 4507/4428/2810 4587/4508/2889 4588/4509/2890 4508/4429/2811
f 4508/4429/2811 4588/4509/2890 4589/4510/2891 4509/4430/2812
f 4509/4430/2812 4589/4510/2891 4590/4511/2892 4510/4431/2813
f 4510/4431/2813 4590/4511/2892 4591/4512/2893 4511/4432/2814
f 4511/4432/2814 4591/4512/2893 4592/4513/2894 4512/4433/2815
f 4512/4433/2815 4592/4513/2894 4593/4514/2895 4513/4434/2816
f 4513/4434/2816 4593/4514/2895 4594/4515/2896 4514/4435/2817
f 4514/4435/2817 4594/4515/2896 4595/4516/2897 4515/4436/2818
f 4515/4436/2818 4595/4516/2897 4596/4517/2898 4516/4437/2819
f 4516/4437/2819 4596/4517/2898 4597/4518/2899 4517/4438/2820
f 4517/4438/2820 4597/4518/2899 4598/4519/2900 4518/4439/2821
f 4518/4439/2821 4598/4519/2900 4599/4520/2901 4519/4440/2822
f 4519/4440/2822 4599/4520/2901 4600/4521/2902 4520/4441/2823
f 4520/4441/2823 4600/4521/2902 4601/4522/2903 4521/4442/2824
f 4521/4442/2824 4601/4522/2903 4602/4523/2904 4522/4443/2825
f 4522/4443/2825 4602/4523/2904 4603/4524/2905 4523/4444/2826
f 4523/4444/2826 4603/4524/2905 4604/4525/2906 4524/4445/2827
f 4524/4445/2827 4604/4525/2906 4605/4526/2907 4525/4446/2828
f 4525/4446/2828 4605/4526/2907 4606/4527/2908 4526/4447/2829
f 4526/4447/2829 4606/4527/2908 4607/4528/2909 4527/4448/2830
f 4527/4448/2830 4607/4528/2909 4608/4529/2910 4528/4449/2831
f 4528/4449/2831 4608/4529/2910 4609/4530/2911 4529/4450/2374
f 4529/4450/2374 4609/4530/2911 4610/4531/2912 4530/4451/2832
f 4530/4451/2832 4610/4531/2912 4611/4532/2913 4531/4452/2833
f 4531/4452/2833 4611/4532/2913 4612/4533/2914 4532/4453/2834
f 4532/4453/2834 4612/4533/2914 4613/4534/2915 4533/4454/2835
f 4533/4454/2835 4613/4534/2915 4614/4535/2916 4534/4455/2836
f 4534/4455/2836 4614/4535/2916 4615/4536/2917 4535/4456/2837
f 4535/4456/2837 4615/4536/2917 4616/4537/2918 4536/4457/2838
f 4536/4457/2838 4616/4537/2918 4617/4538/2919 4537/4458/2839
f 4537/4458/2839 4617/4538/2919 4618/4539/2920 4538/4459/2840
f 4538/4459/2840 4618/4539/2920 4619/4540/2921 4539/4460/2841
f 4539/4460/2841 4619/4540/2921 4620/4541/2922 4540/4461/2842
f 4540/4461/2842 4620/4541/2922 4621/4542/2923 4541/4462/2843
f 4541/4462/2843 4621/4542/2923 4622/4543/2924 4542/4463/2844
f 4542/4463/2844 4622/4543/2924 4623/4544/2925 4543/4464/2845
f 4543/4464/2845 4623/4544/2925 4624/4545/2926 4544/4465/2846
f 4544/4465/2846 4624/4545/2926 4625/4546/2927 4545/4466/2847
f 4545/4466/2847 4625/4546/2927 4626/4547/2928 4546/4467/2848
f 4546/4467/2848 4626/4547/2928 4627/4548/2929 4547/4468/2849
f 4547/4468/2849 4627/4548/2929 4628/4549/2930 4548/4469/2850
f 4548/4469/2850 4628/4549/2930 4629/4550/2931 4549/4470/2851
f 4549/4470/2851 4629/4550/2931 4630/4551/2932 4550/4471/2852
f 4550/4471/2852 4630/4551/2932 4631/4552/2933 4551/4472/2853
f 4551/4472/2853 4631/4552/2933 4632/4553/2934 4552/4473/2854
f 4552/4473/2854 4632/4553/2934 4633/4554/2935 4553/4474/2855
f 4553/4474/2855 4633/4554/2935 4634/4555/2936 4554/4475/2856
f 4554/4475/2856 4634/4555/2936 4635/4556/2937 4555/4476/2857
f 4555/4476/2857 4635/4556/2937 4636/4557/2938 4556/4477/2858
f 4556/4477/2858 4636/4557/2938 4637/4558/2939 4557/4478/2859
f 4557/4478/2859 4637/4558/2939 4638/4559/2940 4558/4479/2860
f 4558/4479/2860 4638/4559/2940 4639/4560/2941 4559/4480/2861
f 4559/4480/2861 4639/4560/2941 4640/4561/2942 4560/4481/2862
f 4560/4481/2862 4640/4561/2942 4641/4562/2943 4561/4482/2863
f 4561/4482/2863 4641/4562/2943 4642/4563/2944 4562/4483/2864
f 4562/4483/2864 4642/4563/2944 4643/4564/2945 4563/4484/2865
f 4563/4484/2865 4643/4564/2945 4644/113/2946 4564/111/2866
f 138/4485/122 139/4565/123 4645/4566/2947 4565/4486/2867
f 4565/4486/2867 4645/4566/2947 4646/4567/2948 4566/4487/2868
f 4566/4487/2868 4646/4567/2948 4647/4568/2949 4567/4488/2869
f 4567/4488/2869 4647/4568/2949 4648/4569/2950 4568/4489/2870
f 4568/4489/2870 4648/4569/2950 4649/4570/2951 4569/4490/2871
f 4569/4490/2871 4649/4570/2951 4650/4571/2952 4570/4491/2872
f 4570/4491/2872 4650/4571/2952 4651/4572/2953 4571/4492/2873
f 4571/4492/2873 4651/4572/2953 4652/4573/2954 4572/4493/2874
f 4572/4493/2874 4652/4573/2954 4653/4574/2955 4573/4494/2875
f 4573/4494/2875 4653/4574/2955 4654/4575/2956 4574/4495/2876
f 4574/4495/2876 4654/4575/2956 4655/4576/2957 4575/4496/2877
f 4575/4496/2877 4655/4576/2957 4656/4577/2958 4576/4497/2878
f 4576/4497/2878 4656/4577/2958 4657/4578/2959 4577/4498/2879
f 4577/4498/2879 4657/4578/2959 4658/4579/2960 4578/4499/2880
f 4578/4499/2880 4658/4579/2960 4659/4580/2961 4579/4500/2881
f 4579/4500/2881 4659/4580/2961 4660/4581/2962 4580/4501/2882
f 4580/4501/2882 4660/4581/2962 4661/4582/2963 4581/4502/2883
f 4581/4502/2883 4661/4582/2963 4662/4583/2964 4582/4503/2884
f 4582/4503/2884 4662/4583/2964 4663/4584/2965 4583/4504/2885
f 4583/4504/2885 4663/4584/2965 4664/4585/2966 4584/4505/2886
f 4584/4505/2886 4664/4585/2966 4665/4586/2967 4585/4506/2887
f 4585/4506/2887 4665/4586/2967 4666/4587/2968 4586/4507/2888
f 4586/4507/2888 4666/4587/2968 4667/4588/2969 4587/4508/2889
f 4587/4508/2889 4667/4588/2969 4668/4589/2970 4588/4509/2890
f 4588/4509/2890 4668/4589/2970 4669/4590/2971 4589/4510/2891
f 4589/4510/2891 4669/4590/2971 4670/4591/2972 4590/4511/2892
f 4590/4511/2892 4670/4591/2972 4671/4592/2973 4591/4512/2893
f 4591/4512/2893 4671/4592/2973 4672/4593/2974 4592/4513/2894
f 4592/4513/2894 4672/4593/2974 4673/4594/2975 4593/4514/2895
f 4593/4514/2895 4673/4594/2975 4674/4595/2976 4594/4515/2896
f 4594/4515/2896 4674/4595/2976 4675/4596/2977 4595/4516/2897
f 4595/4516/2897 4675/4596/2977 4676/4597/2978 4596/4517/2898
f 4596/4517/2898 4676/4597/2978 4677/4598/2979 4597/4518/2899
f 4597/4518/2899 4677/4598/2979 4678/4599/2980 4598/4519/2900
f 4598/4519/2900 4678/4599/2980 4679/4600/2981 4599/4520/2901
f 4599/4520/2901 4679/4600/2981 4680/4601/2982 4600/4521/2902
f 4600/4521/2902 4680/4601/2982 4681/4602/2983 4601/4522/2903
f 4601/4522/2903 4681/4602/2983 4682/4603/2984 4602/4523/2904
f 4602/4523/2904 4682/4603/2984 4683/4604/2985 4603/4524/2905
f 4603/4524/2905 4683/4604/2985 4684/4605/2986 4604/4525/2906
f 4604/4525/2906 4684/4605/2986 4685/4606/2987 4605/4526/2907
f 4605/4526/2907 4685/4606/2987 4686/4607/2988 4606/4527/2908
f 4606/4527/2908 4686/4607/2988 4687/4608/2989 4607/4528/2909
f 4607/4528/2909 4687/4608/2989 4688/4609/2990 4608/4529/2910
f 4608/4529/2910 4688/4609/2990 4689/4610/2991 4609/4530/2911
f 4609/4530/2911 4689/4610/2991 4690/4611/2992 4610/4531/2912
f 4610/4531/2912 4690/4611/2992 4691/4612/2993 4611/4532/2913
f 4611/4532/2913 4691/4612/2993 4692/4613/2994 4612/4533/2914
f 4612/4533/2914 4692/4613/2994 4693/4614/2995 4613/4534/2915
f 4613/4534/2915 4693/4614/2995 4694/4615/2996 4614/4535/2916
f 4614/4535/2916 4694/4615/2996 4695/4616/2997 4615/4536/2917
f 4615/4536/2917 4695/4616/2997 4696/4617/2998 4616/4537/2918
f 4616/4537/2918 4696/4617/2998 4697/4618/2999 4617/4538/2919
f 4617/4538/2919 4697/4618/2999 4698/4619/3000 4618/4539/2920
f 4618/4539/2920 4698/4619/3000 4699/4620/3001 4619/4540/2921
f 4619/4540/2921 4699/4620/3001 4700/4621/3002 4620/4541/2922
f 4620/4541/2922 4700/4621/3002 4701/4622/3003 4621/4542/2923
f 4621/4542/2923 4701/4622/3003 4702/4623/3004 4622/4543/2924
f 4622/4543/2924 4702/4623/3004 4703/4624/3005 4623/4544/2925
f 4623/4544/2925 4703/4624/3005 4704/4625/3006 4624/4545/2926
f 4624/4545/2926 4704/4625/3006 4705/4626/3007 4625/4546/2927
f 4625/4546/2927 4705/4626/3007 4706/4627/3008 4626/4547/2928
f 4626/4547/2928 4706/4627/3008 4707/4628/3009 4627/4548/2929
f 4627/4548/2929 4707/4628/3009 4708/4629/3010 4628/4549/2930
f 4628/4549/2930 4708/4629/3010 4709/4630/3011 4629/4550/2931
f 4629/4550/2931 4709/4630/3011 4710/4631/3012 4630/4551/2932
f 4630/4551/2932 4710/4631/3012 4711/4632/3013 4631/4552/2933
f 4631/4552/2933 4711/4632/3013 4712/4633/3014 4632/4553/2934
f 4632/4553/2934 4712/4633/3014 4713/4634/3015 4633/4554/2935
f 4633/4554/2935 4713/4634/3015 4714/4635/3016 4634/4555/2936
f 4634/4555/2936 4714/4635/3016 4715/4636/3017 4635/4556/2937
f 4635/4556/2937 4715/4636/3017 4716/4637/3018 4636/4557/2938
f 4636/4557/2938 4716/4637/3018 4717/4638/3019 4637/4558/2939
f 4637/4558/2939 4717/4638/3019 4718/4639/3020 4638/4559/2940
f 4638/4559/2940 4718/4639/3020 4719/4640/3021 4639/4560/2941
f 4639/4560/2941 4719/4640/3021 4720/4641/3022 4640/4561/2942
f 4640/4561/2942 4720/4641/3022 4721/4642/3023 4641/4562/2943
f 4641/4562/2943 4721/4642/3023 4722/4643/3024 4642/4563/2944
f 4642/4563/2944 4722/4643/3024 4723/4644/3025 4643/4564/2945
f 4643/4564/2945 4723/4644/3025 4724/115/3026 4644/113/2946
f 139/4565/123 140/4645/124 4725/4646/3027 4645/4566/2947
f 4645/4566/2947 4725/4646/3027 4726/4647/3028 4646/4567/2948
f 4646/4567/2948 4726/4647/3028 4727/4648/3029 4647/4568/2949
f 4647/4568/2949 4727/4648/3029 4728/4649/3030 4648/4569/2950
f 4648/4569/2950 4728/4649/3030 4729/4650/3031 4649/4570/2951
f 4649/4570/2951 4729/4650/3031 4730/4651/3032 4650/4571/2952
f 4650/4571/2952 4730/4651/3032 4731/4652/3033 4651/4572/2953
f 4651/4572/2953 4731/4652/3033 4732/4653/3034 4652/4573/2954
f 4652/4573/2954 4732/4653/3034 4733/4654/3035 4653/4574/2955
f 4653/4574/2955 4733/4654/3035 4734/4655/3036 4654/4575/2956
f 4654/4575/2956 4734/4655/3036 4735/4656/3037 4655/4576/2957
f 4655/4576/2957 4735/4656/3037 4736/4657/3038 4656/4577/2958
f 4656/4577/2958 4736/4657/3038 4737/4658/3039 4657/4578/2959
f 4657/4578/2959 4737/4658/3039 4738/4659/3040 4658/4579/2960
f 4658/4579/2960 4738/4659/3040 4739/4660/3041 4659/4580/2961
f 4659/4580/2961 4739/4660/3041 4740/4661/3042 4660/4581/2962
f 4660/4581/2962 4740/4661/3042 4741/4662/3043 4661/4582/2963
f 4661/4582/2963 4741/4662/3043 4742/4663/3044 4662/4583/2964
f 4662/4583/2964 4742/4663/3044 4743/4664/3045 4663/4584/2965
f 4663/4584/2965 4743/4664/3045 4744/4665/3046 4664/4585/2966
f 4664/4585/2966 4744/4665/3046 4745/4666/3047 4665/4586/2967
f 4665/4586/2967 4745/4666/3047 4746/4667/3048 4666/4587/2968
f 4666/4587/2968 4746/4667/3048 4747/4668/3049 4667/4588/2969
f 4667/4588/2969 4747/4668/3049 4748/4669/3050 4668/4589/2970
f 4668/4589/2970 4748/4669/3050 4749/4670/3051 4669/4590/2971
f 4669/4590/2971 4749/4670/3051 4750/4671/3052 4670/4591/2972
f 4670/4591/2972 4750/4671/3052 4751/4672/3053 4671/4592/2973
f 4671/4592/2973 4751/4672/3053 4752/4673/3054 4672/4593/2974
f 4672/4593/2974 4752/4673/3054 4753/4674/3055 4673/4594/2975
f 4673/4594/2975 4753/4674/3055 4754/4675/3056 4674/4595/2976
f 4674/4595/2976 4754/4675/3056 4755/4676/3057 4675/4596/2977
f 4675/4596/2977 4755/4676/3057 4756/4677/3058 4676/4597/2978
f 4676/4597/2978 4756/4677/3058 4757/4678/3059 4677/4598/2979
f 4677/4598/2979 4757/4678/3059 4758/4679/3060 4678/4599/2980
f 4678/4599/2980 4758/4679/3060 4759/4680/3061 4679/4600/2981
f 4679/4600/2981 4759/4680/3061 4760/4681/3062 4680/4601/2982
f 4680/4601/2982 4760/4681/3062 4761/4682/3063 4681/4602/2983
f 4681/4602/2983 4761/4682/3063 4762/4683/3064 4682/4603/2984
f 4682/4603/2984 4762/4683/3064 4763/4684/3065 4683/4604/2985
f 4683/4604/2985 4763/4684/3065 4764/4685/3066 4684/4605/2986
f 4684/4605/2986 4764/4685/3066 4765/4686/3067 4685/4606/2987
f 4685/4606/2987 4765/4686/3067 4766/4687/3068 4686/4607/2988
f 4686/4607/2988 4766/4687/3068 4767/4688/3069 4687/4608/2989
f 4687/4608/2989 4767/4688/3069 4768/4689/3070 4688/4609/2990
f 4688/4609/2990 4768/4689/3070 4769/4690/3071 4689/4610/2991
f 4689/4610/2991 4769/4690/3071 4770/4691/3072 4690/4611/2992
f 4690/4611/2992 4770/4691/3072 4771/4692/3073 4691/4612/2993
f 4691/4612/2993 4771/4692/3073 4772/4693/3074 4692/4613/2994
f 4692/4613/2994 4772/4693/3074 4773/4694/3075 4693/4614/2995
f 4693/4614/2995 4773/4694/3075 4774/4695/3076 4694/4615/2996
f 4694/4615/2996 4774/4695/3076 4775/4696/3077 4695/4616/2997
f 4695/4616/2997 4775/4696/3077 4776/4697/3078 4696/4617/2998
f 4696/4617/2998 4776/4697/3078 4777/4698/3079 4697/4618/2999
f 4697/4618/2999 4777/4698/3079 4778/4699/3080 4698/4619/3000
f 4698/4619/3000 4778/4699/3080 4779/4700/3081 4699/4620/3001
f 4699/4620/3001 4779/4700/3081 4780/4701/3082 4700/4621/3002
f 4700/4621/3002 4780/4701/3082 4781/4702/3083 4701/4622/3003
f 4701/4622/3003 4781/4702/3083 4782/4703/3084 4702/4623/3004
f 4702/4623/3004 4782/4703/3084 4783/4704/3085 4703/4624/3005
f 4703/4624/3005 4783/4704/3085 4784/4705/3086 4704/4625/3006
f 4704/4625/3006 4784/4705/3086 4785/4706/3087 4705/4626/3007
f 4705/4626/3007 4785/4706/3087 4786/4707/3088 4706/4627/3008
f 4706/4627/3008 4786/4707/3088 4787/4708/3089 4707/4628/3009
f 4707/4628/3009 4787/4708/3089 4788/4709/3090 4708/4629/3010
f 4708/4629/3010 4788/4709/3090 4789/4710/3091 4709/4630/3011
f 4709/4630/3011 4789/4710/3091 4790/4711/3092 4710/4631/3012
f 4710/4631/3012 4790/4711/3092 4791/4712/3093 4711/4632/3013
f 4711/4632/3013 4791/4712/3093 4792/4713/3094 4712/4633/3014
f 4712/4633/3014 4792/4713/3094 4793/4714/3095 4713/4634/3015
f 4713/4634/3015 4793/4714/3095 4794/4715/3096 4714/4635/3016
f 4714/4635/3016 4794/4715/3096 4795/4716/3097 4715/4636/3017
f 4715/4636/3017 4795/4716/3097 4796/4717/3098 4716/4637/3018
f 4716/4637/3018 4796/4717/3098 4797/4718/3099 4717/4638/3019
f 4717/4638/3019 4797/4718/3099 4798/4719/3100 4718/4639/3020
f 4718/4639/3020 4798/4719/3100 4799/4720/3101 4719/4640/3021
f 4719/4640/3021 4799/4720/3101 4800/4721/3102 4720/4641/3022
f 4720/4641/3022 4800/4721/3102 4801/4722/3103 4721/4642/3023
f 4721/4642/3023 4801/4722/3103 4802/4723/3104 4722/4643/3024
f 4722/4643/3024 4802/4723/3104 4803/4724/3105 4723/4644/3025
f 4723/4644/3025 4803/4724/3105 4804/117/3106 4724/115/3026
f 140/4645/124 141/4725/125 4805/4726/3107 4725/4646/3027
f 4725/4646/3027 4805/4726/3107 4806/4727/3108 4726/4647/3028
f 4726/4647/3028 4806/4727/3108 4807/4728/3109 4727/4648/3029
f 4727/4648/3029 4807/4728/3109 4808/4729/3110 4728/4649/3030
f 4728/4649/3030 4808/4729/3110 4809/4730/3111 4729/4650/3031
f 4729/4650/3031 4809/4730/3111 4810/4731/3112 4730/4651/3032
f 4730/4651/3032 4810/4731/3112 4811/4732/3113 4731/4652/3033
f 4731/4652/3033 4811/4732/3113 4812/4733/3114 4732/4653/3034
f 4732/4653/3034 4812/4733/3114 4813/4734/3115 4733/4654/3035
f 4733/4654/3035 4813/4734/3115 4814/4735/3116 4734/4655/3036
f 4734/4655/3036 4814/4735/3116 4815/4736/3117 4735/4656/3037
f 4735/4656/3037 4815/4736/3117 4816/4737/3118 4736/4657/3038
f 4736/4657/3038 4816/4737/3118 4817/4738/3119 4737/4658/3039
f 4737/4658/3039 4817/4738/3119 4818/4739/3120 4738/4659/3040
f 4738/4659/3040 4818/4739/3120 4819/4740/3121 4739/4660/3041
f 4739/4660/3041 4819/4740/3121 4820/4741/3122 4740/4661/3042
f 4740/4661/3042 4820/4741/3122 4821/4742/3123 4741/4662/3043
f 4741/4662/3043 4821/4742/3123 4822/4743/3124 4742/4663/3044
f 4742/4663/3044 4822/4743/3124 4823/4744/3125 4743/4664/3045
f 4743/4664/3045 4823/4744/3125 4824/4745/3126 4744/4665/3046
f 4744/4665/3046 4824/4745/3126 4825/4746/3127 4745/4666/3047
f 4745/4666/3047 4825/4746/3127 4826/4747/3128 4746/4667/3048
f 4746/4667/3048 4826/4747/3128 4827/4748/3129 4747/4668/3049
f 4747/4668/3049 4827/4748/3129 4828/4749/3130 4748/4669/3050
f 4748/4669/3050 4828/4749/3130 4829/4750/3131 4749/4670/3051
f 4749/4670/3051 4829/4750/3131 4830/4751/3132 4750/4671/3052
f 4750/4671/3052 4830/4751/3132 4831/4752/3133 4751/4672/3053
f 4751/4672/3053 4831/4752/3133 4832/4753/3134 4752/4673/3054
f 4752/4673/3054 4832/4753/3134 4833/4754/3135 4753/4674/3055
f 4753/4674/3055 4833/4754/3135 4834/4755/3136 4754/4675/3056
f 4754/4675/3056 4834/4755/3136 4835/4756/3137 4755/4676/3057
f 4755/4676/3057 4835/4756/3137 4836/4757/3138 4756/4677/3058
f 4756/4677/3058 4836/4757/3138 4837/4758/3139 4757/4678/3059
f 4757/4678/3059 4837/4758/3139 4838/4759/3140 4758/4679/3060
f 4758/4679/3060 4838/4759/3140 4839/4760/3141 4759/4680/3061
f 4759/4680/3061 4839/4760/3141 4840/4761/3142 4760/4681/3062
f 4760/4681/3062 4840/4761/3142 4841/4762/3143 4761/4682/3063
f 4761/4682/3063 4841/4762/3143 4842/4763/3144 4762/4683/3064
f 4762/4683/3064 4842/4763/3144 4843/4764/3145 4763/4684/3065
f 4763/4684/3065 4843/4764/3145 4844/4765/3146 4764/4685/3066
f 4764/4685/3066 4844/4765/3146 4845/4766/3147 4765/4686/3067
f 4765/4686/3067 4845/4766/3147 4846/4767/3148 4766/4687/3068
f 4766/4687/3068 4846/4767/3148 4847/4768/3149 4767/4688/3069
f 4767/4688/3069 4847/4768/3149 4848/4769/3150 4768/4689/3070
f 4768/4689/3070 4848/4769/3150 4849/4770/3151 4769/4690/3071
f 4769/4690/3071 4849/4770/3151 4850/4771/3152 4770/4691/3072
f 4770/4691/3072 4850/4771/3152 4851/4772/3153 4771/4692/3073
f 4771/4692/3073 4851/4772/3153 4852/4773/3154 4772/4693/3074
f 4772/4693/3074 4852/4773/3154 4853/4774/3155 4773/4694/3075
f 4773/4694/3075 4853/4774/3155 4854/4775/3156 4774/4695/3076
f 4774/4695/3076 4854/4775/3156 4855/4776/3157 4775/4696/3077
f 4775/4696/3077 4855/4776/3157 4856/4777/3158 4776/4697/3078
f 4776/4697/3078 4856/4777/3158 4857/4778/3159 4777/4698/3079
f 4777/4698/3079 4857/4778/3159 4858/4779/3160 4778/4699/3080
f 4778/4699/3080 4858/4779/3160 4859/4780/3161 4779/4700/3081
f 4779/4700/3081 4859/4780/3161 4860/4781/3162 4780/4701/3082
f 4780/4701/3082 4860/4781/3162 4861/4782/3163 4781/4702/3083
f 4781/4702/3083 4861/4782/3163 4862/4783/3164 4782/4703/3084
f 4782/4703/3084 4862/4783/3164 4863/4784/3165 4783/4704/3085
f 4783/4704/3085 4863/4784/3165 4864/4785/3166 4784/4705/3086
f 4784/4705/3086 4864/4785/3166 4865/4786/3167 4785/4706/3087
f 4785/4706/3087 4865/4786/3167 4866/4787/3168 4786/4707/3088
f 4786/4707/3088 4866/4787/3168 4867/4788/3169 4787/4708/3089
f 4787/4708/3089 4867/4788/3169 4868/4789/3170 4788/4709/3090
f 4788/4709/3090 4868/4789/3170 4869/4790/3171 4789/4710/3091
f 4789/4710/3091 4869/4790/3171 4870/4791/3172 4790/4711/3092
f 4790/4711/3092 4870/4791/3172 4871/4792/3173 4791/4712/3093
f 4791/4712/3093 4871/4792/3173 4872/4793/3174 4792/4713/3094
f 4792/4713/3094 4872/4793/3174 4873/4794/3175 4793/4714/3095
f 4793/4714/3095 4873/4794/3175 4874/4795/3176 4794/4715/3096
f 4794/4715/3096 4874/4795/3176 4875/4796/3177 4795/4716/3097
f 4795/4716/3097 4875/4796/3177 4876/4797/3178 4796/4717/3098
f 4796/4717/3098 4876/4797/3178 4877/4798/3179 4797/4718/3099
f 4797/4718/3099 4877/4798/3179 4878/4799/3180 4798/4719/3100
f 4798/4719/3100 4878/4799/3180 4879/4800/3181 4799/4720/3101
f 4799/4720/3101 4879/4800/3181 4880/4801/3182 4800/4721/3102
f 4800/4721/3102 4880/4801/3182 4881/4802/3183 4801/4722/3103
f 4801/4722/3103 4881/4802/3183 4882/4803/3184 4802/4723/3104
f 4802/4723/3104 4882/4803/3184 4883/4804/3185 4803/4724/3105
f 4803/4724/3105 4883/4804/3185 4884/119/3186 4804/117/3106
f 141/4725/125 142/4805/126 4885/4806/3187 4805/4726/3107
f 4805/4726/3107 4885/4806/3187 4886/4807/3188 4806/4727/3108
f 4806/4727/3108 4886/4807/3188 4887/4808/3189 4807/4728/3109
f 4807/4728/3109 4887/4808/3189 4888/4809/3190 4808/4729/3110
f 4808/4729/3110 4888/4809/3190 4889/4810/3191 4809/4730/3111
f 4809/4730/3111 4889/4810/3191 4890/4811/3192 4810/4731/3112
f 4810/4731/3112 4890/4811/3192 4891/4812/3193 4811/4732/3113
f 4811/4732/3113 4891/4812/3193 4892/4813/3194 4812/4733/3114
f 4812/4733/3114 4892/4813/3194 4893/4814/3195 4813/4734/3115
f 4813/4734/3115 4893/4814/3195 4894/4815/3196 4814/4735/3116
f 4814/4735/3116 4894/4815/3196 4895/4816/3197 4815/4736/3117
f 4815/4736/3117 4895/4816/3197 4896/4817/3198 4816/4737/3118
f 4816/4737/3118 4896/4817/3198 4897/4818/3199 4817/4738/3119
f 4817/4738/3119 4897/4818/3199 4898/4819/3200 4818/4739/3120
f 4818/4739/3120 4898/4819/3200 4899/4820/3201 4819/4740/3121
f 4819/4740/3121 4899/4820/3201 4900/4821/3202 4820/4741/3122
f 4820/4741/3122 4900/4821/3202 4901/4822/3203 4821/4742/3123
f 4821/4742/3123 4901/4822/3203 4902/4823/3204 4822/4743/3124
f 4822/4743/3124 4902/4823/3204 4903/4824/3205 4823/4744/3125
f 4823/4744/3125 4903/4824/3205 4904/4825/3206 4824/4745/3126
f 4824/4745/3126 4904/4825/3206 4905/4826/3207 4825/4746/3127
f 4825/4746/3127 4905/4826/3207 4906/4827/3208 4826/4747/3128
f 4826/4747/3128 4906/4827/3208 4907/4828/3209 4827/4748/3129
f 4827/4748/3129 4907/4828/3209 4908/4829/3210 4828/4749/3130
f 4828/4749/3130 4908/4829/3210 4909/4830/3211 4829/4750/3131
f 4829/4750/3131 4909/4830/3211 4910/4831/3212 4830/4751/3132
f 4830/4751/3132 4910/4831/3212 4911/4832/3213 4831/4752/3133
f 4831/4752/3133 4911/4832/3213 4912/4833/3214 4832/4753/3134
f 4832/4753/3134 4912/4833/3214 4913/4834/3215 4833/4754/3135
f 4833/4754/3135 4913/4834/3215 4914/4835/3216 4834/4755/3136
f 4834/4755/3136 4914/4835/3216 4915/4836/3217 4835/4756/3137
f 4835/4756/3137 4915/4836/3217 4916/4837/3218 4836/4757/3138
f 4836/4757/3138 4916/4837/3218 4917/4838/3219 4837/4758/3139
f 4837/4758/3139 4917/4838/3219 4918/4839/3220 4838/4759/3140
f 4838/4759/3140 4918/4839/3220 4919/4840/3221 4839/4760/3141
f 4839/4760/3141 4919/4840/3221 4920/4841/3222 4840/4761/3142
f 4840/4761/3142 4920/4841/3222 4921/4842/3223 4841/4762/3143
f 4841/4762/3143 4921/4842/3223 4922/4843/3224 4842/4763/3144
f 4842/4763/3144 4922/4843/3224 4923/4844/3225 4843/4764/3145
f 4843/4764/3145 4923/4844/3225 4924/4845/3226 4844/4765/3146
f 4844/4765/3146 4924/4845/3226 4925/4846/3227 4845/4766/3147
f 4845/4766/3147 4925/4846/3227 4926/4847/3228 4846/4767/3148
f 4846/4767/3148 4926/4847/3228 4927/4848/3229 4847/4768/3149
f 4847/4768/3149 4927/4848/3229 4928/4849/3230 4848/4769/3150
f 4848/4769/3150 4928/4849/3230 4929/4850/3231 4849/4770/3151
f 4849/4770/3151 4929/4850/3231 4930/4851/1550 4850/4771/3152
f 4850/4771/3152 4930/4851/1550 4931/4852/3232 4851/4772/3153
f 4851/4772/3153 4931/4852/3232 4932/4853/3233 4852/4773/3154
f 4852/4773/3154 4932/4853/3233 4933/4854/3234 4853/4774/3155
f 4853/4774/3155 4933/4854/3234 4934/4855/3235 4854/4775/3156
f 4854/4775/3156 4934/4855/3235 4935/4856/3236 4855/4776/3157
f 4855/4776/3157 4935/4856/3236 4936/4857/3237 4856/4777/3158
f 4856/4777/3158 4936/4857/3237 4937/4858/3238 4857/4778/3159
f 4857/4778/3159 4937/4858/3238 4938/4859/3239 4858/4779/3160
f 4858/4779/3160 4938/4859/3239 4939/4860/3240 4859/4780/3161
f 4859/4780/3161 4939/4860/3240 4940/4861/3241 4860/4781/3162
f 4860/4781/3162 4940/4861/3241 4941/4862/3242 4861/4782/3163
f 4861/4782/3163 4941/4862/3242 4942/4863/3243 4862/4783/3164
f 4862/4783/3164 4942/4863/3243 4943/4864/3244 4863/4784/3165
f 4863/4784/3165 4943/4864/3244 4944/4865/3245 4864/4785/3166
f 4864/4785/3166 4944/4865/3245 4945/4866/3246 4865/4786/3167
f 4865/4786/3167 4945/4866/3246 4946/4867/3247 4866/4787/3168
f 4866/4787/3168 4946/4867/3247 4947/4868/3248 4867/4788/3169
f 4867/4788/3169 4947/4868/3248 4948/4869/3249 4868/4789/3170
f 4868/4789/3170 4948/4869/3249 4949/4870/3250 4869/4790/3171
f 4869/4790/3171 4949/4870/3250 4950/4871/3251 4870/4791/3172
f 4870/4791/3172 4950/4871/3251 4951/4872/3252 4871/4792/3173
f 4871/4792/3173 4951/4872/3252 4952/4873/3253 4872/4793/3174
f 4872/4793/3174 4952/4873/3253 4953/4874/3254 4873/4794/3175
f 4873/4794/3175 4953/4874/3254 4954/4875/3255 4874/4795/3176
f 4874/4795/3176 4954/4875/3255 4955/4876/3256 4875/4796/3177
f 4875/4796/3177 4955/4876/3256 4956/4877/3257 4876/4797/3178
f 4876/4797/3178 4956/4877/3257 4957/4878/3258 4877/4798/3179
f 4877/4798/3179 4957/4878/3258 4958/4879/3259 4878/4799/3180
f 4878/4799/3180 4958/4879/3259 4959/4880/3260 4879/4800/3181
f 4879/4800/3181 4959/4880/3260 4960/4881/3261 4880/4801/3182
f 4880/4801/3182 4960/4881/3261 4961/4882/3262 4881/4802/3183
f 4881/4802/3183 4961/4882/3262 4962/4883/3263 4882/4803/3184
f 4882/4803/3184 4962/4883/3263 4963/4884/3264 4883/4804/3185
f 4883/4804/3185 4963/4884/3264 4964/121/3265 4884/119/3186
f 142/4805/126 143/4885/127 4965/4886/3266 4885/4806/3187
f 4885/4806/3187 4965/4886/3266 4966/4887/3267 4886/4807/3188
f 4886/4807/3188 4966/4887/3267 4967/4888/3268 4887/4808/3189
f 4887/4808/3189 4967/4888/3268 4968/4889/3269 4888/4809/3190
f 4888/4809/3190 4968/4889/3269 4969/4890/3270 4889/4810/3191
f 4889/4810/3191 4969/4890/3270 4970/4891/3271 4890/4811/3192
f 4890/4811/3192 4970/4891/3271 4971/4892/3272 4891/4812/3193
f 4891/4812/3193 4971/4892/3272 4972/4893/3273 4892/4813/3194
f 4892/4813/3194 4972/4893/3273 4973/4894/3274 4893/4814/3195
f 4893/4814/3195 4973/4894/3274 4974/4895/3275 4894/4815/3196
f 4894/4815/3196 4974/4895/3275 4975/4896/3276 4895/4816/3197
f 4895/4816/3197 4975/4896/3276 4976/4897/3277 4896/4817/3198
f 4896/4817/3198 4976/4897/3277 4977/4898/3278 4897/4818/3199
f 4897/4818/3199 4977/4898/3278 4978/4899/3279 4898/4819/3200
f 4898/4819/3200 4978/4899/3279 4979/4900/3280 4899/4820/3201
f 4899/4820/3201 4979/4900/3280 4980/4901/3281 4900/4821/3202
f 4900/4821/3202 4980/4901/3281 4981/4902/3282 4901/4822/3203
f 4901/4822/3203 4981/4902/3282 4982/4903/3283 4902/4823/3204
f 4902/4823/3204 4982/4903/3283 4983/4904/3284 4903/4824/3205
f 4903/4824/3205 4983/4904/3284 4984/4905/3285 4904/4825/3206
f 4904/4825/3206 4984/4905/3285 4985/4906/3286 4905/4826/3207
f 4905/4826/3207 4985/4906/3286 4986/4907/3287 4906/4827/3208
f 4906/4827/3208 4986/4907/3287 4987/4908/3288 4907/4828/3209
f 4907/4828/3209 4987/4908/3288 4988/4909/3289 4908/4829/3210
f 4908/4829/3210 4988/4909/3289 4989/4910/3290 4909/4830/3211
f 4909/4830/3211 4989/4910/3290 4990/4911/3291 4910/4831/3212
f 4910/4831/3212 4990/4911/3291 4991/4912/3292 4911/4832/3213
f 4911/4832/3213 4991/4912/3292 4992/4913/3293 4912/4833/3214
f 4912/4833/3214 4992/4913/3293 4993/4914/3294 4913/4834/3215
f 4913/4834/3215 4993/4914/3294 4994/4915/3295 4914/4835/3216
f 4914/4835/3216 4994/4915/3295 4995/4916/3296 4915/4836/3217
f 4915/4836/3217 4995/4916/3296 4996/4917/3297 4916/4837/3218
f 4916/4837/3218 4996/4917/3297 4997/4918/3298 4917/4838/3219
f 4917/4838/3219 4997/4918/3298 4998/4919/3299 4918/4839/3220
f 4918/4839/3220 4998/4919/3299 4999/4920/3300 4919/4840/3221
f 4919/4840/3221 4999/4920/3300 5000/4921/3301 4920/4841/3222
f 4920/4841/3222 5000/4921/3301 5001/4922/3302 4921/4842/3223
f 4921/4842/3223 5001/4922/3302 5002/4923/3303 4922/4843/3224
f 4922/4843/3224 5002/4923/3303 5003/4924/3304 4923/4844/3225
f 4923/4844/3225 5003/4924/3304 5004/4925/3305 4924/4845/3226
f 4924/4845/3226 5004/4925/3305 5005/4926/3306 4925/4846/3227
f 4925/4846/3227 5005/4926/3306 5006/4927/3307 4926/4847/3228
f 4926/4847/3228 5006/4927/3307 5007/4928/3308 4927/4848/3229
f 4927/4848/3229 5007/4928/3308 5008/4929/3309 4928/4849/3230
f 4928/4849/3230 5008/4929/3309 5009/4930/3310 4929/4850/3231
f 4929/4850/3231 5009/4930/3310 5010/4931/3311 4930/4851/1550
f 4930/4851/1550 5010/4931/3311 5011/4932/3312 4931/4852/3232
f 4931/4852/3232 5011/4932/3312 5012/4933/3313 4932/4853/3233
f 4932/4853/3233 5012/4933/3313 5013/4934/3314 4933/4854/3234
f 4933/4854/3234 5013/4934/3314 5014/4935/3315 4934/4855/3235
f 4934/4855/3235 5014/4935/3315 5015/4936/3316 4935/4856/3236
f 4935/4856/3236 5015/4936/3316 5016/4937/3317 4936/4857/3237
f 4936/4857/3237 5016/4937/3317 5017/4938/3318 4937/4858/3238
f 4937/4858/3238 5017/4938/3318 5018/4939/3319 4938/4859/3239
f 4938/4859/3239 5018/4939/3319 5019/4940/3320 4939/4860/3240
f 4939/4860/3240 5019/4940/3320 5020/4941/3321 4940/4861/3241
f 4940/4861/3241 5020/4941/3321 5021/4942/3322 4941/4862/3242
f 4941/4862/3242 5021/4942/3322 5022/4943/3323 4942/4863/3243
f 4942/4863/3243 5022/4943/3323 5023/4944/3324 4943/4864/3244
f 4943/4864/3244 5023/4944/3324 5024/4945/3325 4944/4865/3245
f 4944/4865/3245 5024/4945/3325 5025/4946/3326 4945/4866/3246
f 4945/4866/3246 5025/4946/3326 5026/4947/3327 4946/4867/3247
f 4946/4867/3247 5026/4947/3327 5027/4948/3328 4947/4868/3248
f 4947/4868/3248 5027/4948/3328 5028/4949/3329 4948/4869/3249
f 4948/4869/3249 5028/4949/3329 5029/4950/3330 4949/4870/3250
f 4949/4870/3250 5029/4950/3330 5030/4951/3331 4950/4871/3251
f 4950/4871/3251 5030/4951/3331 5031/4952/3332 4951/4872/3252
f 4951/4872/3252 5031/4952/3332 5032/4953/3333 4952/4873/3253
f 4952/4873/3253 5032/4953/3333 5033/4954/3334 4953/4874/3254
f 4953/4874/3254 5033/4954/3334 5034/4955/3335 4954/4875/3255
f 4954/4875/3255 5034/4955/3335 5035/4956/3336 4955/4876/3256
f 4955/4876/3256 5035/4956/3336 5036/4957/3337 4956/4877/3257
f 4956/4877/3257 5036/4957/3337 5037/4958/3338 4957/4878/3258
f 4957/4878/3258 5037/4958/3338 5038/4959/3339 4958/4879/3259
f 4958/4879/3259 5038/4959/3339 5039/4960/3340 4959/4880/3260
f 4959/4880/3260 5039/4960/3340 5040/4961/3341 4960/4881/3261
f 4960/4881/3261 5040/4961/3341 5041/4962/3342 4961/4882/3262
f 4961/4882/3262 5041/4962/3342 5042/4963/3343 4962/4883/3263
f 4962/4883/3263 5042/4963/3343 5043/4964/3344 4963/4884/3264
f 4963/4884/3264 5043/4964/3344 5044/123/3345 4964/121/3265
f 143/4885/127 144/4965/128 5045/4966/3346 4965/4886/3266
f 4965/4886/3266 5045/4966/3346 5046/4967/3347 4966/4887/3267
f 4966/4887/3267 5046/4967/3347 5047/4968/3348 4967/4888/3268
f 4967/4888/3268 5047/4968/3348 5048/4969/3349 4968/4889/3269
f 4968/4889/3269 5048/4969/3349 5049/4970/3350 4969/4890/3270
f 4969/4890/3270 5049/4970/3350 5050/4971/3351 4970/4891/3271
f 4970/4891/3271 5050/4971/3351 5051/4972/3352 4971/4892/3272
f 4971/4892/3272 5051/4972/3352 5052/4973/3353 4972/4893/3273
f 4972/4893/3273 5052/4973/3353 5053/4974/3354 4973/4894/3274
f 4973/4894/3274 5053/4974/3354 5054/4975/3355 4974/4895/3275
f 4974/4895/3275 5054/4975/3355 5055/4976/3356 4975/4896/3276
f 4975/4896/3276 5055/4976/3356 5056/4977/3357 4976/4897/3277
f 4976/4897/3277 5056/4977/3357 5057/4978/3358 4977/4898/3278
f 4977/4898/3278 5057/4978/3358 5058/4979/3359 4978/4899/3279
f 4978/4899/3279 5058/4979/3359 5059/4980/3360 4979/4900/3280
f 4979/4900/3280 5059/4980/3360 5060/4981/3361 4980/4901/3281
f 4980/4901/3281 5060/4981/3361 5061/4982/3362 4981/4902/3282
f 4981/4902/3282 5061/4982/3362 5062/4983/3363 4982/4903/3283
f 4982/4903/3283 5062/4983/3363 5063/4984/3364 4983/4904/3284
f 4983/4904/3284 5063/4984/3364 5064/4985/3365 4984/4905/3285
f 4984/4905/3285 5064/4985/3365 5065/4986/3366 4985/4906/3286
f 4985/4906/3286 5065/4986/3366 5066/4987/3367 4986/4907/3287
f 4986/4907/3287 5066/4987/3367 5067/4988/3368 4987/4908/3288
f 4987/4908/3288 5067/4988/3368 5068/4989/3369 4988/4909/3289
f 4988/4909/3289 5068/4989/3369 5069/4990/3370 4989/4910/3290
f 4989/4910/3290 5069/4990/3370 5070/4991/3371 4990/4911/3291
f 4990/4911/3291 5070/4991/3371 5071/4992/3372 4991/4912/3292
f 4991/4912/3292 5071/4992/3372 5072/4993/3373 4992/4913/3293
f 4992/4913/3293 5072/4993/3373 5073/4994/3374 4993/4914/3294
f 4993/4914/3294 5073/4994/3374 5074/4995/3375 4994/4915/3295
f 4994/4915/3295 5074/4995/3375 5075/4996/3376 4995/4916/3296
f 4995/4916/3296 5075/4996/3376 5076/4997/3377 4996/4917/3297
f 4996/4917/3297 5076/4997/3377 5077/4998/3378 4997/4918/3298
f 4997/4918/3298 5077/4998/3378 5078/4999/3379 4998/4919/3299
f 4998/4919/3299 5078/4999/3379 5079/5000/3380 4999/4920/3300
f 4999/4920/3300 5079/5000/3380 5080/5001/3381 5000/4921/3301
f 5000/4921/3301 5080/5001/3381 5081/5002/3382 5001/4922/3302
f 5001/4922/3302 5081/5002/3382 5082/5003/3383 5002/4923/3303
f 5002/4923/3303 5082/5003/3383 5083/5004/3384 5003/4924/3304
f 5003/4924/3304 5083/5004/3384 5084/5005/3385 5004/4925/3305
f 5004/4925/3305 5084/5005/3385 5085/5006/3386 5005/4926/3306
f 5005/4926/3306 5085/5006/3386 5086/5007/3387 5006/4927/3307
f 5006/4927/3307 5086/5007/3387 5087/5008/3388 5007/4928/3308
f 5007/4928/3308 5087/5008/3388 5088/5009/3389 5008/4929/3309
f 5008/4929/3309 5088/5009/3389 5089/5010/3390 5009/4930/3310
f 5009/4930/3310 5089/5010/3390 5090/5011/1597 5010/4931/3311
f 5010/4931/3311 5090/5011/1597 5091/5012/3 5011/4932/3312
f 5011/4932/3312 5091/5012/3 5092/5013/3391 5012/4933/3313
f 5012/4933/3313 5092/5013/3391 5093/5014/3392 5013/4934/3314
f 5013/4934/3314 5093/5014/3392 5094/5015/3393 5014/4935/3315
f 5014/4935/3315 5094/5015/3393 5095/5016/3394 5015/4936/3316
f 5015/4936/3316 5095/5016/3394 5096/5017/3395 5016/4937/3317
f 5016/4937/3317 5096/5017/3395 5097/5018/3396 5017/4938/3318
f 5017/4938/3318 5097/5018/3396 5098/5019/3397 5018/4939/3319
f 5018/4939/3319 5098/5019/3397 5099/5020/3398 5019/4940/3320
f 5019/4940/3320 5099/5020/3398 5100/5021/3399 5020/4941/3321
f 5020/4941/3321 5100/5021/3399 5101/5022/3400 5021/4942/3322
f 5021/4942/3322 5101/5022/3400 5102/5023/3401 5022/4943/3323
f 5022/4943/3323 5102/5023/3401 5103/5024/3402 5023/4944/3324
f 5023/4944/3324 5103/5024/3402 5104/5025/3403 5024/4945/3325
f 5024/4945/3325 5104/5025/3403 5105/5026/3404 5025/4946/3326
f 5025/4946/3326 5105/5026/3404 5106/5027/3405 5026/4947/3327
f 5026/4947/3327 5106/5027/3405 5107/5028/3406 5027/4948/3328
f 5027/4948/3328 5107/5028/3406 5108/5029/3407 5028/4949/3329
f 5028/4949/3329 5108/5029/3407 5109/5030/3408 5029/4950/3330
f 5029/4950/3330 5109/5030/3408 5110/5031/3409 5030/4951/3331
f 5030/4951/3331 5110/5031/3409 5111/5032/3410 5031/4952/3332
f 5031/4952/3332 5111/5032/3410 5112/5033/3411 5032/4953/3333
f 5032/4953/3333 5112/5033/3411 5113/5034/3412 5033/4954/3334
f 5033/4954/3334 5113/5034/3412 5114/5035/3413 5034/4955/3335
f 5034/4955/3335 5114/5035/3413 5115/5036/3414 5035/4956/3336
f 5035/4956/3336 5115/5036/3414 5116/5037/3415 5036/4957/3337
f 5036/4957/3337 5116/5037/3415 5117/5038/3416 5037/4958/3338
f 5037/4958/3338 5117/5038/3416 5118/5039/3417 5038/4959/3339
f 5038/4959/3339 5118/5039/3417 5119/5040/3418 5039/4960/3340
f 5039/4960/3340 5119/5040/3418 5120/5041/3419 5040/4961/3341
f 5040/4961/3341 5120/5041/3419 5121/5042/3420 5041/4962/3342
f 5041/4962/3342 5121/5042/3420 5122/5043/3421 5042/4963/3343
f 5042/4963/3343 5122/5043/3421 5123/5044/3422 5043/4964/3344
f 5043/4964/3344 5123/5044/3422 5124/125/3423 5044/123/3345
f 144/4965/128 145/5045/129 5125/5046/3424 5045/4966/3346
f 5045/4966/3346 5125/5046/3424 5126/5047/3425 5046/4967/3347
f 5046/4967/3347 5126/5047/3425 5127/5048/3426 5047/4968/3348
f 5047/4968/3348 5127/5048/3426 5128/5049/3427 5048/4969/3349
f 5048/4969/3349 5128/5049/3427 5129/5050/3428 5049/4970/3350
f 5049/4970/3350 5129/5050/3428 5130/5051/3429 5050/4971/3351
f 5050/4971/3351 5130/5051/3429 5131/5052/3430 5051/4972/3352
f 5051/4972/3352 5131/5052/3430 5132/5053/3431 5052/4973/3353
f 5052/4973/3353 5132/5053/3431 5133/5054/3432 5053/4974/3354
f 5053/4974/3354 5133/5054/3432 5134/5055/3433 5054/4975/3355
f 5054/4975/3355 5134/5055/3433 5135/5056/3434 5055/4976/3356
f 5055/4976/3356 5135/5056/3434 5136/5057/3435 5056/4977/3357
f 5056/4977/3357 5136/5057/3435 5137/5058/3436 5057/4978/3358
f 5057/4978/3358 5137/5058/3436 5138/5059/3437 5058/4979/3359
f 5058/4979/3359 5138/5059/3437 5139/5060/3438 5059/4980/3360
f 5059/4980/3360 5139/5060/3438 5140/5061/3439 5060/4981/3361
f 5060/4981/3361 5140/5061/3439 5141/5062/3440 5061/4982/3362
f 5061/4982/3362 5141/5062/3440 5142/5063/3441 5062/4983/3363
f 5062/4983/3363 5142/5063/3441 5143/5064/3442 5063/4984/3364
f 5063/4984/3364 5143/5064/3442 5144/5065/3443 5064/4985/3365
f 5064/4985/3365 5144/5065/3443 5145/5066/3444 5065/4986/3366
f 5065/4986/3366 5145/5066/3444 5146/5067/3445 5066/4987/3367
f 5066/4987/3367 5146/5067/3445 5147/5068/3446 5067/4988/3368
f 5067/4988/3368 5147/5068/3446 5148/5069/3447 5068/4989/3369
f 5068/4989/3369 5148/5069/3447 5149/5070/3448 5069/4990/3370
f 5069/4990/3370 5149/5070/3448 5150/5071/3449 5070/4991/3371
f 5070/4991/3371 5150/5071/3449 5151/5072/3450 5071/4992/3372
f 5071/4992/3372 5151/5072/3450 5152/5073/3451 5072/4993/3373
f 5072/4993/3373 5152/5073/3451 5153/5074/3452 5073/4994/3374
f 5073/4994/3374 5153/5074/3452 5154/5075/3453 5074/4995/3375
f 5074/4995/3375 5154/5075/3453 5155/5076/3454 5075/4996/3376
f 5075/4996/3376 5155/5076/3454 5156/5077/3455 5076/4997/3377
f 5076/4997/3377 5156/5077/3455 5157/5078/3456 5077/4998/3378
f 5077/4998/3378 5157/5078/3456 5158/5079/3457 5078/4999/3379
f 5078/4999/3379 5158/5079/3457 5159/5080/3458 5079/5000/3380
f 5079/5000/3380 5159/5080/3458 5160/5081/3459 5080/5001/3381
f 5080/5001/3381 5160/5081/3459 5161/5082/3460 5081/5002/3382
f 5081/5002/3382 5161/5082/3460 5162/5083/3461 5082/5003/3383
f 5082/5003/3383 5162/5083/3461 5163/5084/3462 5083/5004/3384
f 5083/5004/3384 5163/5084/3462 5164/5085/3463 5084/5005/3385
f 5084/5005/3385 5164/5085/3463 5165/5086/3464 5085/5006/3386
f 5085/5006/3386 5165/5086/3464 5166/5087/3465 5086/5007/3387
f 5086/5007/3387 5166/5087/3465 5167/5088/3466 5087/5008/3388
f 5087/5008/3388 5167/5088/3466 5168/5089/3467 5088/5009/3389
f 5088/5009/3389 5168/5089/3467 5169/5090/3468 5089/5010/3390
f 5089/5010/3390 5169/5090/3468 5170/5091/3 5090/5011/1597
f 5090/5011/1597 5170/5091/3 5171/5092/3 5091/5012/3
f 5091/5012/3 5171/5092/3 5172/5093/3 5092/5013/3391
f 5092/5013/3391 5172/5093/3 5173/5094/3469 5093/5014/3392
f 5093/5014/3392 5173/5094/3469 5174/5095/3470 5094/5015/3393
f 5094/5015/3393 5174/5095/3470 5175/5096/3471 5095/5016/3394
f 5095/5016/3394 5175/5096/3471 5176/5097/3472 5096/5017/3395
f 5096/5017/3395 5176/5097/3472 5177/5098/3473 5097/5018/3396
f 5097/5018/3396 5177/5098/3473 5178/5099/3474 5098/5019/3397
f 5098/5019/3397 5178/5099/3474 5179/5100/3475 5099/5020/3398
f 5099/5020/3398 5179/5100/3475 5180/5101/3476 5100/5021/3399
f 5100/5021/3399 5180/5101/3476 5181/5102/3477 5101/5022/3400
f 5101/5022/3400 5181/5102/3477 5182/5103/3478 5102/5023/3401
f 5102/5023/3401 5182/5103/3478 5183/5104/3479 5103/5024/3402
f 5103/5024/3402 5183/5104/3479 5184/5105/3480 5104/5025/3403
f 5104/5025/3403 5184/5105/3480 5185/5106/3481 5105/5026/3404
f 5105/5026/3404 5185/5106/3481 5186/5107/3482 5106/5027/3405
f 5106/5027/3405 5186/5107/3482 5187/5108/3483 5107/5028/3406
f 5107/5028/3406 5187/5108/3483 5188/5109/3484 5108/5029/3407
f 5108/5029/3407 5188/5109/3484 5189/5110/3485 5109/5030/3408
f 5109/5030/3408 5189/5110/3485 5190/5111/3486 5110/5031/3409
f 5110/5031/3409 5190/5111/3486 5191/5112/3487 5111/5032/3410
f 5111/5032/3410 5191/5112/3487 5192/5113/3488 5112/5033/3411
f 5112/5033/3411 5192/5113/3488 5193/5114/3489 5113/5034/3412
f 5113/5034/3412 5193/5114/3489 5194/5115/3490 5114/5035/3413
f 5114/5035/3413 5194/5115/3490 5195/5116/3491 5115/5036/3414
f 5115/5036/3414 5195/5116/3491 5196/5117/3492 5116/5037/3415
f 5116/5037/3415 5196/5117/3492 5197/5118/3493 5117/5038/3416
f 5117/5038/3416 5197/5118/3493 5198/5119/3494 5118/5039/3417
f 5118/5039/3417 5198/5119/3494 5199/5120/3495 5119/5040/3418
f 5119/5040/3418 5199/5120/3495 5200/5121/3496 5120/5041/3419
f 5120/5041/3419 5200/5121/3496 5201/5122/3497 5121/5042/3420
f 5121/5042/3420 5201/5122/3497 5202/5123/3498 5122/5043/3421
f 5122/5043/3421 5202/5123/3498 5203/5124/3499 5123/5044/3422
f 5123/5044/3422 5203/5124/3499 5204/127/3500 5124/125/3423
f 145/5045/129 146/5125/130 5205/5126/3501 5125/5046/3424
f 5125/5046/3424 5205/5126/3501 5206/5127/3502 5126/5047/3425
f 5126/5047/3425 5206/5127/3502 5207/5128/3503 5127/5048/3426
f 5127/5048/3426 5207/5128/3503 5208/5129/3504 5128/5049/3427
f 5128/5049/3427 5208/5129/3504 5209/5130/3505 5129/5050/3428
f 5129/5050/3428 5209/5130/3505 5210/5131/3506 5130/5051/3429
f 5130/5051/3429 5210/5131/3506 5211/5132/3507 5131/5052/3430
f 5131/5052/3430 5211/5132/3507 5212/5133/3508 5132/5053/3431
f 5132/5053/3431 5212/5133/3508 5213/5134/3509 5133/5054/3432
f 5133/5054/3432 5213/5134/3509 5214/5135/3510 5134/5055/3433
f 5134/5055/3433 5214/5135/3510 5215/5136/3511 5135/5056/3434
f 5135/5056/3434 5215/5136/3511 5216/5137/3512 5136/5057/3435
f 5136/5057/3435 5216/5137/3512 5217/5138/3513 5137/5058/3436
f 5137/5058/3436 5217/5138/3513 5218/5139/3514 5138/5059/3437
f 5138/5059/3437 5218/5139/3514 5219/5140/3515 5139/5060/3438
f 5139/5060/3438 5219/5140/3515 5220/5141/3516 5140/5061/3439
f 5140/5061/3439 5220/5141/3516 5221/5142/3517 5141/5062/3440
f 5141/5062/3440 5221/5142/3517 5222/5143/3518 5142/5063/3441
f 5142/5063/3441 5222/5143/3518 5223/5144/3519 5143/5064/3442
f 5143/5064/3442 5223/5144/3519 5224/5145/3520 5144/5065/3443
f 5144/5065/3443 5224/5145/3520 5225/5146/3521 5145/5066/3444
f 5145/5066/3444 5225/5146/3521 5226/5147/3522 5146/5067/3445
f 5146/5067/3445 5226/5147/3522 5227/5148/3523 5147/5068/3446
f 5147/5068/3446 5227/5148/3523 5228/5149/3524 5148/5069/3447
f 5148/5069/3447 5228/5149/3524 5229/5150/3525 5149/5070/3448
f 5149/5070/3448 5229/5150/3525 5230/5151/3526 5150/5071/3449
f 5150/5071/3449 5230/5151/3526 5231/5152/3527 5151/5072/3450
f 5151/5072/3450 5231/5152/3527 5232/5153/3528 5152/5073/3451
f 5152/5073/3451 5232/5153/3528 5233/5154/3529 5153/5074/3452
f 5153/5074/3452 5233/5154/3529 5234/5155/3530 5154/5075/3453
f 5154/5075/3453 5234/5155/3530 5235/5156/3531 5155/5076/3454
f 5155/5076/3454 5235/5156/3531 5236/5157/3532 5156/5077/3455
f 5156/5077/3455 5236/5157/3532 5237/5158/3533 5157/5078/3456
f 5157/5078/3456 5237/5158/3533 5238/5159/3534 5158/5079/3457
f 5158/5079/3457 5238/5159/3534 5239/5160/3535 5159/5080/3458
f 5159/5080/3458 5239/5160/3535 5240/5161/3536 5160/5081/3459
f 5160/5081/3459 5240/5161/3536 5241/5162/3537 5161/5082/3460
f 5161/5082/3460 5241/5162/3537 5242/5163/3538 5162/5083/3461
f 5162/5083/3461 5242/5163/3538 5243/5164/3539 5163/5084/3462
f 5163/5084/3462 5243/5164/3539 5244/5165/3540 5164/5085/3463
f 5164/5085/3463 5244/5165/3540 5245/5166/3541 5165/5086/3464
f 5165/5086/3464 5245/5166/3541 5246/5167/3542 5166/5087/3465
f 5166/5087/3465 5246/5167/3542 5247/5168/3543 5167/5088/3466
f 5167/5088/3466 5247/5168/3543 5248/5169/3544 5168/5089/3467
f 5168/5089/3467 5248/5169/3544 5249/5170/3545 5169/5090/3468
f 5169/5090/3468 5249/5170/3545 5250/5171/3 5170/5091/3
f 5170/5091/3 5250/5171/3 5251/5172/3 5171/5092/3
f 5171/5092/3 5251/5172/3 5252/5173/3 5172/5093/3
f 5172/5093/3 5252/5173/3 5253/5174/3546 5173/5094/3469
f 5173/5094/3469 5253/5174/3546 5254/5175/3547 5174/5095/3470
f 5174/5095/3470 5254/5175/3547 5255/5176/3548 5175/5096/3471
f 5175/5096/3471 5255/5176/3548 5256/5177/3549 5176/5097/3472
f 5176/5097/3472 5256/5177/3549 5257/5178/3550 5177/5098/3473
f 5177/5098/3473 5257/5178/3550 5258/5179/3551 5178/5099/3474
f 5178/5099/3474 5258/5179/3551 5259/5180/3552 5179/5100/3475
f 5179/5100/3475 5259/5180/3552 5260/5181/3553 5180/5101/3476
f 5180/5101/3476 5260/5181/3553 5261/5182/3554 5181/5102/3477
f 5181/5102/3477 5261/5182/3554 5262/5183/3555 5182/5103/3478
f 5182/5103/3478 5262/5183/3555 5263/5184/3556 5183/5104/3479
f 5183/5104/3479 5263/5184/3556 5264/5185/3557 5184/5105/3480
f 5184/5105/3480 5264/5185/3557 5265/5186/3558 5185/5106/3481
f 5185/5106/3481 5265/5186/3558 5266/5187/3559 5186/5107/3482
f 5186/5107/3482 5266/5187/3559 5267/5188/3560 5187/5108/3483
f 5187/5108/3483 5267/5188/3560 5268/5189/3561 5188/5109/3484
f 5188/5109/3484 5268/5189/3561 5269/5190/3562 5189/5110/3485
f 5189/5110/3485 5269/5190/3562 5270/5191/3563 5190/5111/3486
f 5190/5111/3486 5270/5191/3563 5271/5192/3564 5191/5112/3487
f 5191/5112/3487 5271/5192/3564 5272/5193/3565 5192/5113/3488
f 5192/5113/3488 5272/5193/3565 5273/5194/3566 5193/5114/3489
f 5193/5114/3489 5273/5194/3566 5274/5195/3567 5194/5115/3490
f 5194/5115/3490 5274/5195/3567 5275/5196/3568 5195/5116/3491
f 5195/5116/3491 5275/5196/3568 5276/5197/3569 5196/5117/3492
f 5196/5117/3492 5276/5197/3569 5277/5198/3570 5197/5118/3493
f 5197/5118/3493 5277/5198/3570 5278/5199/3571 5198/5119/3494
f 5198/5119/3494 5278/5199/3571 5279/5200/3572 5199/5120/3495
f 5199/5120/3495 5279/5200/3572 5280/5201/3573 5200/5121/3496
f 5200/5121/3496 5280/5201/3573 5281/5202/3574 5201/5122/3497
f 5201/5122/3497 5281/5202/3574 5282/5203/3575 5202/5123/3498
f 5202/5123/3498 5282/5203/3575 5283/5204/739 5203/5124/3499
f 5203/5124/3499 5283/5204/739 5284/129/3 5204/127/3500
f 146/5125/130 147/5205/131 5285/5206/3576 5205/5126/3501
f 5205/5126/3501 5285/5206/3576 5286/5207/3577 5206/5127/3502
f 5206/5127/3502 5286/5207/3577 5287/5208/3578 5207/5128/3503
f 5207/5128/3503 5287/5208/3578 5288/5209/3579 5208/5129/3504
f 5208/5129/3504 5288/5209/3579 5289/5210/3580 5209/5130/3505
f 5209/5130/3505 5289/5210/3580 5290/5211/3581 5210/5131/3506
f 5210/5131/3506 5290/5211/3581 5291/5212/3582 5211/5132/3507
f 5211/5132/3507 5291/5212/3582 5292/5213/3583 5212/5133/3508
f 5212/5133/3508 5292/5213/3583 5293/5214/3584 5213/5134/3509
f 5213/5134/3509 5293/5214/3584 5294/5215/3585 5214/5135/3510
f 5214/5135/3510 5294/5215/3585 5295/5216/3586 5215/5136/3511
f 5215/5136/3511 5295/5216/3586 5296/5217/3587 5216/5137/3512
f 5216/5137/3512 5296/5217/3587 5297/5218/3588 5217/5138/3513
f 5217/5138/3513 5297/5218/3588 5298/5219/3589 5218/5139/3514
f 5218/5139/3514 5298/5219/3589 5299/5220/3590 5219/5140/3515
f 5219/5140/3515 5299/5220/3590 5300/5221/3591 5220/5141/3516
f 5220/5141/3516 5300/5221/3591 5301/5222/3592 5221/5142/3517
f 5221/5142/3517 5301/5222/3592 5302/5223/3593 5222/5143/3518
f 5222/5143/3518 5302/5223/3593 5303/5224/3594 5223/5144/3519
f 5223/5144/3519 5303/5224/3594 5304/5225/3595 5224/5145/3520
f 5224/5145/3520 5304/5225/3595 5305/5226/3596 5225/5146/3521
f 5225/5146/3521 5305/5226/3596 5306/5227/3597 5226/5147/3522
f 5226/5147/3522 5306/5227/3597 5307/5228/3598 5227/5148/3523
f 5227/5148/3523 5307/5228/3598 5308/5229/3599 5228/5149/3524
f 5228/5149/3524 5308/5229/3599 5309/5230/3600 5229/5150/3525
f 5229/5150/3525 5309/5230/3600 5310/5231/3601 5230/5151/3526
f 5230/5151/3526 5310/5231/3601 5311/5232/3602 5231/5152/3527
f 5231/5152/3527 5311/5232/3602 5312/5233/3603 5232/5153/3528
f 5232/5153/3528 5312/5233/3603 5313/5234/3604 5233/5154/3529
f 5233/5154/3529 5313/5234/3604 5314/5235/3605 5234/5155/3530
f 5234/5155/3530 5314/5235/3605 5315/5236/3606 5235/5156/3531
f 5235/5156/3531 5315/5236/3606 5316/5237/3607 5236/5157/3532
f 5236/5157/3532 5316/5237/3607 5317/5238/3608 5237/5158/3533
f 5237/5158/3533 5317/5238/3608 5318/5239/3609 5238/5159/3534
f 5238/5159/3534 5318/5239/3609 5319/5240/3610 5239/5160/3535
f 5239/5160/3535 5319/5240/3610 5320/5241/3611 5240/5161/3536
f 5240/5161/3536 5320/5241/3611 5321/5242/3612 5241/5162/3537
f 5241/5162/3537 5321/5242/3612 5322/5243/3613 5242/5163/3538
f 5242/5163/3538 5322/5243/3613 5323/5244/3614 5243/5164/3539
f 5243/5164/3539 5323/5244/3614 5324/5245/3615 5244/5165/3540
f 5244/5165/3540 5324/5245/3615 5325/5246/3616 5245/5166/3541
f 5245/5166/3541 5325/5246/3616 5326/5247/3617 5246/5167/3542
f 5246/5167/3542 5326/5247/3617 5327/5248/3618 5247/5168/3543
f 5247/5168/3543 5327/5248/3618 5328/5249/3619 5248/5169/3544
f 5248/5169/3544 5328/5249/3619 5329/5250/2328 5249/5170/3545
f 5249/5170/3545 5329/5250/2328 5330/5251/3 5250/5171/3
f 5250/5171/3 5330/5251/3 5331/5252/3 5251/5172/3
f 5251/5172/3 5331/5252/3 5332/5253/3 5252/5173/3
f 5252/5173/3 5332/5253/3 5333/5254/1463 5253/5174/3546
f 5253/5174/3546 5333/5254/1463 5334/5255/3620 5254/5175/3547
f 5254/5175/3547 5334/5255/3620 5335/5256/3621 5255/5176/3548
f 5255/5176/3548 5335/5256/3621 5336/5257/3622 5256/5177/3549
f 5256/5177/3549 5336/5257/3622 5337/5258/3623 5257/5178/3550
f 5257/5178/3550 5337/5258/3623 5338/5259/3624 5258/5179/3551
f 5258/5179/3551 5338/5259/3624 5339/5260/3625 5259/5180/3552
f 5259/5180/3552 5339/5260/3625 5340/5261/3626 5260/5181/3553
f 5260/5181/3553 5340/5261/3626 5341/5262/3627 5261/5182/3554
f 5261/5182/3554 5341/5262/3627 5342/5263/3628 5262/5183/3555
f 5262/5183/3555 5342/5263/3628 5343/5264/3629 5263/5184/3556
f 5263/5184/3556 5343/5264/3629 5344/5265/3630 5264/5185/3557
f 5264/5185/3557 5344/5265/3630 5345/5266/3631 5265/5186/3558
f 5265/5186/3558 5345/5266/3631 5346/5267/3632 5266/5187/3559
f 5266/5187/3559 5346/5267/3632 5347/5268/3633 5267/5188/3560
f 5267/5188/3560 5347/5268/3633 5348/5269/3634 5268/5189/3561
f 5268/5189/3561 5348/5269/3634 5349/5270/3635 5269/5190/3562
f 5269/5190/3562 5349/5270/3635 5350/5271/3636 5270/5191/3563
f 5270/5191/3563 5350/5271/3636 5351/5272/3637 5271/5192/3564
f 5271/5192/3564 5351/5272/3637 5352/5273/3638 5272/5193/3565
f 5272/5193/3565 5352/5273/3638 5353/5274/3639 5273/5194/3566
f 5273/5194/3566 5353/5274/3639 5354/5275/3640 5274/5195/3567
f 5274/5195/3567 5354/5275/3640 5355/5276/3641 5275/5196/3568
f 5275/5196/3568 5355/5276/3641 5356/5277/3642 5276/5197/3569
f 5276/5197/3569 5356/5277/3642 5357/5278/3643 5277/5198/3570
f 5277/5198/3570 5357/5278/3643 5358/5279/3644 5278/5199/3571
f 5278/5199/3571 5358/5279/3644 5359/5280/3645 5279/5200/3572
f 5279/5200/3572 5359/5280/3645 5360/5281/3646 5280/5201/3573
f 5280/5201/3573 5360/5281/3646 5361/5282/3647 5281/5202/3574
f 5281/5202/3574 5361/5282/3647 5362/5283/3648 5282/5203/3575
f 5282/5203/3575 5362/5283/3648 5363/5284/3 5283/5204/739
f 5283/5204/739 5363/5284/3 5364/131/3 5284/129/3
f 147/5205/131 148/5285/132 5365/5286/3649 5285/5206/3576
f 5285/5206/3576 5365/5286/3649 5366/5287/3650 5286/5207/3577
f 5286/5207/3577 5366/5287/3650 5367/5288/3651 5287/5208/3578
f 5287/5208/3578 5367/5288/3651 5368/5289/3652 5288/5209/3579
f 5288/5209/3579 5368/5289/3652 5369/5290/3653 5289/5210/3580
f 5289/5210/3580 5369/5290/3653 5370/5291/3654 5290/5211/3581
f 5290/5211/3581 5370/5291/3654 5371/5292/3655 5291/5212/3582
f 5291/5212/3582 5371/5292/3655 5372/5293/3656 5292/5213/3583
f 5292/5213/3583 5372/5293/3656 5373/5294/3657 5293/5214/3584
f 5293/5214/3584 5373/5294/3657 5374/5295/3658 5294/5215/3585
f 5294/5215/3585 5374/5295/3658 5375/5296/3659 5295/5216/3586
f 5295/5216/3586 5375/5296/3659 5376/5297/3660 5296/5217/3587
f 5296/5217/3587 5376/5297/3660 5377/5298/3661 5297/5218/3588
f 5297/5218/3588 5377/5298/3661 5378/5299/3662 5298/5219/3589
f 5298/5219/3589 5378/5299/3662 5379/5300/3663 5299/5220/3590
f 5299/5220/3590 5379/5300/3663 5380/5301/3664 5300/5221/3591
f 5300/5221/3591 5380/5301/3664 5381/5302/3665 5301/5222/3592
f 5301/5222/3592 5381/5302/3665 5382/5303/3666 5302/5223/3593
f 5302/5223/3593 5382/5303/3666 5383/5304/3667 5303/5224/3594
f 5303/5224/3594 5383/5304/3667 5384/5305/3668 5304/5225/3595
f 5304/5225/3595 5384/5305/3668 5385/5306/3669 5305/5226/3596
f 5305/5226/3596 5385/5306/3669 5386/5307/3670 5306/5227/3597
f 5306/5227/3597 5386/5307/3670 5387/5308/3671 5307/5228/3598
f 5307/5228/3598 5387/5308/3671 5388/5309/3672 5308/5229/3599
f 5308/5229/3599 5388/5309/3672 5389/5310/3673 5309/5230/3600
f 5309/5230/3600 5389/5310/3673 5390/5311/3674 5310/5231/3601
f 5310/5231/3601 5390/5311/3674 5391/5312/3675 5311/5232/3602
f 5311/5232/3602 5391/5312/3675 5392/5313/3676 5312/5233/3603
f 5312/5233/3603 5392/5313/3676 5393/5314/3677 5313/5234/3604
f 5313/5234/3604 5393/5314/3677 5394/5315/3678 5314/5235/3605
f 5314/5235/3605 5394/5315/3678 5395/5316/3679 5315/5236/3606
f 5315/5236/3606 5395/5316/3679 5396/5317/3680 5316/5237/3607
f 5316/5237/3607 5396/5317/3680 5397/5318/3681 5317/5238/3608
f 5317/5238/3608 5397/5318/3681 5398/5319/3682 5318/5239/3609
f 5318/5239/3609 5398/5319/3682 5399/5320/3683 5319/5240/3610
f 5319/5240/3610 5399/5320/3683 5400/5321/3684 5320/5241/3611
f 5320/5241/3611 5400/5321/3684 5401/5322/3685 5321/5242/3612
f 5321/5242/3612 5401/5322/3685 5402/5323/3686 5322/5243/3613
f 5322/5243/3613 5402/5323/3686 5403/5324/3687 5323/5244/3614
f 5323/5244/3614 5403/5324/3687 5404/5325/3688 5324/5245/3615
f 5324/5245/3615 5404/5325/3688 5405/5326/3689 5325/5246/3616
f 5325/5246/3616 5405/5326/3689 5406/5327/3690 5326/5247/3617
f 5326/5247/3617 5406/5327/3690 5407/5328/3691 5327/5248/3618
f 5327/5248/3618 5407/5328/3691 5408/5329/3692 5328/5249/3619
f 5328/5249/3619 5408/5329/3692 5409/5330/3 5329/5250/2328
f 5329/5250/2328 5409/5330/3 5410/5331/3 5330/5251/3
f 5330/5251/3 5410/5331/3 5411/5332/3 5331/5252/3
f 5331/5252/3 5411/5332/3 5412/5333/3 5332/5253/3
f 5332/5253/3 5412/5333/3 5413/5334/3 5333/5254/1463
f 5333/5254/1463 5413/5334/3 5414/5335/3693 5334/5255/3620
f 5334/5255/3620 5414/5335/3693 5415/5336/3694 5335/5256/3621
f 5335/5256/3621 5415/5336/3694 5416/5337/3695 5336/5257/3622
f 5336/5257/3622 5416/5337/3695 5417/5338/3696 5337/5258/3623
f 5337/5258/3623 5417/5338/3696 5418/5339/3697 5338/5259/3624
f 5338/5259/3624 5418/5339/3697 5419/5340/3698 5339/5260/3625
f 5339/5260/3625 5419/5340/3698 5420/5341/3699 5340/5261/3626
f 5340/5261/3626 5420/5341/3699 5421/5342/3700 5341/5262/3627
f 5341/5262/3627 5421/5342/3700 5422/5343/3701 5342/5263/3628
f 5342/5263/3628 5422/5343/3701 5423/5344/3702 5343/5264/3629
f 5343/5264/3629 5423/5344/3702 5424/5345/3703 5344/5265/3630
f 5344/5265/3630 5424/5345/3703 5425/5346/3704 5345/5266/3631
f 5345/5266/3631 5425/5346/3704 5426/5347/3705 5346/5267/3632
f 5346/5267/3632 5426/5347/3705 5427/5348/3706 5347/5268/3633
f 5347/5268/3633 5427/5348/3706 5428/5349/3707 5348/5269/3634
f 5348/5269/3634 5428/5349/3707 5429/5350/3708 5349/5270/3635
f 5349/5270/3635 5429/5350/3708 5430/5351/3709 5350/5271/3636
f 5350/5271/3636 5430/5351/3709 5431/5352/3710 5351/5272/3637
f 5351/5272/3637 5431/5352/3710 5432/5353/3711 5352/5273/3638
f 5352/5273/3638 5432/5353/3711 5433/5354/3712 5353/5274/3639
f 5353/5274/3639 5433/5354/3712 5434/5355/3713 5354/5275/3640
f 5354/5275/3640 5434/5355/3713 5435/5356/3714 5355/5276/3641
f 5355/5276/3641 5435/5356/3714 5436/5357/3715 5356/5277/3642
f 5356/5277/3642 5436/5357/3715 5437/5358/3716 5357/5278/3643
f 5357/5278/3643 5437/5358/3716 5438/5359/3717 5358/5279/3644
f 5358/5279/3644 5438/5359/3717 5439/5360/3718 5359/5280/3645
f 5359/5280/3645 5439/5360/3718 5440/5361/3719 5360/5281/3646
f 5360/5281/3646 5440/5361/3719 5441/5362/3720 5361/5282/3647
f 5361/5282/3647 5441/5362/3720 5442/5363/3721 5362/5283/3648
f 5362/5283/3648 5442/5363/3721 5443/5364/3 5363/5284/3
f 5363/5284/3 5443/5364/3 5444/133/3 5364/131/3
f 148/5285/132 149/5365/133 5445/5366/3722 5365/5286/3649
f 5365/5286/3649 5445/5366/3722 5446/5367/3723 5366/5287/3650
f 5366/5287/3650 5446/5367/3723 5447/5368/3724 5367/5288/3651
f 5367/5288/3651 5447/5368/3724 5448/5369/3725 5368/5289/3652
f 5368/5289/3652 5448/5369/3725 5449/5370/3726 5369/5290/3653
f 5369/5290/3653 5449/5370/3726 5450/5371/3727 5370/5291/3654
f 5370/5291/3654 5450/5371/3727 5451/5372/3728 5371/5292/3655
f 5371/5292/3655 5451/5372/3728 5452/5373/3729 5372/5293/3656
f 5372/5293/3656 5452/5373/3729 5453/5374/3730 5373/5294/3657
f 5373/5294/3657 5453/5374/3730 5454/5375/3731 5374/5295/3658
f 5374/5295/3658 5454/5375/3731 5455/5376/3732 5375/5296/3659
f 5375/5296/3659 5455/5376/3732 5456/5377/3733 5376/5297/3660
f 5376/5297/3660 5456/5377/3733 5457/5378/3734 5377/5298/3661
f 5377/5298/3661 5457/5378/3734 5458/5379/3735 5378/5299/3662
f 5378/5299/3662 5458/5379/3735 5459/5380/3736 5379/5300/3663
f 5379/5300/3663 5459/5380/3736 5460/5381/3737 5380/5301/3664
f 5380/5301/3664 5460/5381/3737 5461/5382/3738 5381/5302/3665
f 5381/5302/3665 5461/5382/3738 5462/5383/3739 5382/5303/3666
f 5382/5303/3666 5462/5383/3739 5463/5384/3740 5383/5304/3667
f 5383/5304/3667 5463/5384/3740 5464/5385/3741 5384/5305/3668
f 5384/5305/3668 5464/5385/3741 5465/5386/3742 5385/5306/3669
f 5385/5306/3669 5465/5386/3742 5466/5387/3743 5386/5307/3670
f 5386/5307/3670 5466/5387/3743 5467/5388/3744 5387/5308/3671
f 5387/5308/3671 5467/5388/3744 5468/5389/3745 5388/5309/3672
f 5388/5309/3672 5468/5389/3745 5469/5390/3746 5389/5310/3673
f 5389/5310/3673 5469/5390/3746 5470/5391/3747 5390/5311/3674
f 5390/5311/3674 5470/5391/3747 5471/5392/3748 5391/5312/3675
f 5391/5312/3675 5471/5392/3748 5472/5393/3749 5392/5313/3676
f 5392/5313/3676 5472/5393/3749 5473/5394/3750 5393/5314/3677
f 5393/5314/3677 5473/5394/3750 5474/5395/3751 5394/5315/3678
f 5394/5315/3678 5474/5395/3751 5475/5396/3752 5395/5316/3679
f 5395/5316/3679 5475/5396/3752 5476/5397/3753 5396/5317/3680
f 5396/5317/3680 5476/5397/3753 5477/5398/3754 5397/5318/3681
f 5397/5318/3681 5477/5398/3754 5478/5399/3755 5398/5319/3682
f 5398/5319/3682 5478/5399/3755 5479/5400/3756 5399/5320/3683
f 5399/5320/3683 5479/5400/3756 5480/5401/3757 5400/5321/3684
f 5400/5321/3684 5480/5401/3757 5481/5402/3758 5401/5322/3685
f 5401/5322/3685 5481/5402/3758 5482/5403/3759 5402/5323/3686
f 5402/5323/3686 5482/5403/3759 5483/5404/3760 5403/5324/3687
f 5403/5324/3687 5483/5404/3760 5484/5405/3761 5404/5325/3688
f 5404/5325/3688 5484/5405/3761 5485/5406/3762 5405/5326/3689
f 5405/5326/3689 5485/5406/3762 5486/5407/3763 5406/5327/3690
f 5406/5327/3690 5486/5407/3763 5487/5408/3764 5407/5328/3691
f 5407/5328/3691 5487/5408/3764 5488/5409/3765 5408/5329/3692
f 5408/5329/3692 5488/5409/3765 5489/5410/2579 5409/5330/3
f 5409/5330/3 5489/5410/2579 5490/5411/3 5410/5331/3
f 5410/5331/3 5490/5411/3 5491/5412/3 5411/5332/3
f 5411/5332/3 5491/5412/3 5492/5413/3 5412/5333/3
f 5412/5333/3 5492/5413/3 5493/5414/3 5413/5334/3
f 5413/5334/3 5493/5414/3 5494/5415/3 5414/5335/3693
f 5414/5335/3693 5494/5415/3 5495/5416/3766 5415/5336/3694
f 5415/5336/3694 5495/5416/3766 5496/5417/3767 5416/5337/3695
f 5416/5337/3695 5496/5417/3767 5497/5418/3768 5417/5338/3696
f 5417/5338/3696 5497/5418/3768 5498/5419/3769 5418/5339/3697
f 5418/5339/3697 5498/5419/3769 5499/5420/3770 5419/5340/3698
f 5419/5340/3698 5499/5420/3770 5500/5421/3771 5420/5341/3699
f 5420/5341/3699 5500/5421/3771 5501/5422/3772 5421/5342/3700
f 5421/5342/3700 5501/5422/3772 5502/5423/3773 5422/5343/3701
f 5422/5343/3701 5502/5423/3773 5503/5424/3774 5423/5344/3702
f 5423/5344/3702 5503/5424/3774 5504/5425/3775 5424/5345/3703
f 5424/5345/3703 5504/5425/3775 5505/5426/3776 5425/5346/3704
f 5425/5346/3704 5505/5426/3776 5506/5427/3777 5426/5347/3705
f 5426/5347/3705 5506/5427/3777 5507/5428/3778 5427/5348/3706
f 5427/5348/3706 5507/5428/3778 5508/5429/3779 5428/5349/3707
f 5428/5349/3707 5508/5429/3779 5509/5430/3780 5429/5350/3708
f 5429/5350/3708 5509/5430/3780 5510/5431/3781 5430/5351/3709
f 5430/5351/3709 5510/5431/3781 5511/5432/3782 5431/5352/3710
f 5431/5352/3710 5511/5432/3782 5512/5433/3783 5432/5353/3711
f 5432/5353/3711 5512/5433/3783 5513/5434/3784 5433/5354/3712
f 5433/5354/3712 5513/5434/3784 5514/5435/3785 5434/5355/3713
f 5434/5355/3713 5514/5435/3785 5515/5436/3786 5435/5356/3714
f 5435/5356/3714 5515/5436/3786 5516/5437/3787 5436/5357/3715
f 5436/5357/3715 5516/5437/3787 5517/5438/3788 5437/5358/3716
f 5437/5358/3716 5517/5438/3788 5518/5439/3789 5438/5359/3717
f 5438/5359/3717 5518/5439/3789 5519/5440/3790 5439/5360/3718
f 5439/5360/3718 5519/5440/3790 5520/5441/3791 5440/5361/3719
f 5440/5361/3719 5520/5441/3791 5521/5442/3792 5441/5362/3720
f 5441/5362/3720 5521/5442/3792 5522/5443/3793 5442/5363/3721
f 5442/5363/3721 5522/5443/3793 5523/5444/3 5443/5364/3
f 5443/5364/3 5523/5444/3 5524/135/3 5444/133/3
f 149/5365/133 150/5445/134 5525/5446/3794 5445/5366/3722
f 5445/5366/3722 5525/5446/3794 5526/5447/3795 5446/5367/3723
f 5446/5367/3723 5526/5447/3795 5527/5448/3796 5447/5368/3724
f 5447/5368/3724 5527/5448/3796 5528/5449/3797 5448/5369/3725
f 5448/5369/3725 5528/5449/3797 5529/5450/3798 5449/5370/3726
f 5449/5370/3726 5529/5450/3798 5530/5451/3799 5450/5371/3727
f 5450/5371/3727 5530/5451/3799 5531/5452/3800 5451/5372/3728
f 5451/5372/3728 5531/5452/3800 5532/5453/3801 5452/5373/3729
f 5452/5373/3729 5532/5453/3801 5533/5454/3802 5453/5374/3730
f 5453/5374/3730 5533/5454/3802 5534/5455/3803 5454/5375/3731
f 5454/5375/3731 5534/5455/3803 5535/5456/3804 5455/5376/3732
f 5455/5376/3732 5535/5456/3804 5536/5457/3805 5456/5377/3733
f 5456/5377/3733 5536/5457/3805 5537/5458/3806 5457/5378/3734
f 5457/5378/3734 5537/5458/3806 5538/5459/3807 5458/5379/3735
f 5458/5379/3735 5538/5459/3807 5539/5460/3808 5459/5380/3736
f 5459/5380/3736 5539/5460/3808 5540/5461/3809 5460/5381/3737
f 5460/5381/3737 5540/5461/3809 5541/5462/3810 5461/5382/3738
f 5461/5382/3738 5541/5462/3810 5542/5463/3811 5462/5383/3739
f 5462/5383/3739 5542/5463/3811 5543/5464/3812 5463/5384/3740
f 5463/5384/3740 5543/5464/3812 5544/5465/3813 5464/5385/3741
f 5464/5385/3741 5544/5465/3813 5545/5466/3814 5465/5386/3742
f 5465/5386/3742 5545/5466/3814 5546/5467/3815 5466/5387/3743
f 5466/5387/3743 5546/5467/3815 5547/5468/3816 5467/5388/3744
f 5467/5388/3744 5547/5468/3816 5548/5469/3817 5468/5389/3745
f 5468/5389/3745 5548/5469/3817 5549/5470/3818 5469/5390/3746
f 5469/5390/3746 5549/5470/3818 5550/5471/3819 5470/5391/3747
f 5470/5391/3747 5550/5471/3819 5551/5472/3820 5471/5392/3748
f 5471/5392/3748 5551/5472/3820 5552/5473/3821 5472/5393/3749
f 5472/5393/3749 5552/5473/3821 5553/5474/3822 5473/5394/3750
f 5473/5394/3750 5553/5474/3822 5554/5475/3823 5474/5395/3751
f 5474/5395/3751 5554/5475/3823 5555/5476/3824 5475/5396/3752
f 5475/5396/3752 5555/5476/3824 5556/5477/3825 5476/5397/3753
f 5476/5397/3753 5556/5477/3825 5557/5478/3826 5477/5398/3754
f 5477/5398/3754 5557/5478/3826 5558/5479/3827 5478/5399/3755
f 5478/5399/3755 5558/5479/3827 5559/5480/3828 5479/5400/3756
f 5479/5400/3756 5559/5480/3828 5560/5481/3829 5480/5401/3757
f 5480/5401/3757 5560/5481/3829 5561/5482/3830 5481/5402/3758
f 5481/5402/3758 5561/5482/3830 5562/5483/3831 5482/5403/3759
f 5482/5403/3759 5562/5483/3831 5563/5484/3832 5483/5404/3760
f 5483/5404/3760 5563/5484/3832 5564/5485/3833 5484/5405/3761
f 5484/5405/3761 5564/5485/3833 5565/5486/3834 5485/5406/3762
f 5485/5406/3762 5565/5486/3834 5566/5487/3835 5486/5407/3763
f 5486/5407/3763 5566/5487/3835 5567/5488/3836 5487/5408/3764
f 5487/5408/3764 5567/5488/3836 5568/5489/3837 5488/5409/3765
f 5488/5409/3765 5568/5489/3837 5569/5490/3838 5489/5410/2579
f 5489/5410/2579 5569/5490/3838 5570/5491/3839 5490/5411/3
f 5490/5411/3 5570/5491/3839 5571/5492/2639 5491/5412/3
f 5491/5412/3 5571/5492/2639 5572/5493/3 5492/5413/3
f 5492/5413/3 5572/5493/3 5573/5494/3 5493/5414/3
f 5493/5414/3 5573/5494/3 5574/5495/3 5494/5415/3
f 5494/5415/3 5574/5495/3 5575/5496/3 5495/5416/3766
f 5495/5416/3766 5575/5496/3 5576/5497/3840 5496/5417/3767
f 5496/5417/3767 5576/5497/3840 5577/5498/3841 5497/5418/3768
f 5497/5418/3768 5577/5498/3841 5578/5499/3842 5498/5419/3769
f 5498/5419/3769 5578/5499/3842 5579/5500/3843 5499/5420/3770
f 5499/5420/3770 5579/5500/3843 5580/5501/3844 5500/5421/3771
f 5500/5421/3771 5580/5501/3844 5581/5502/3845 5501/5422/3772
f 5501/5422/3772 5581/5502/3845 5582/5503/3846 5502/5423/3773
f 5502/5423/3773 5582/5503/3846 5583/5504/3847 5503/5424/3774
f 5503/5424/3774 5583/5504/3847 5584/5505/3848 5504/5425/3775
f 5504/5425/3775 5584/5505/3848 5585/5506/3849 5505/5426/3776
f 5505/5426/3776 5585/5506/3849 5586/5507/3850 5506/5427/3777
f 5506/5427/3777 5586/5507/3850 5587/5508/3851 5507/5428/3778
f 5507/5428/3778 5587/5508/3851 5588/5509/3852 5508/5429/3779
f 5508/5429/3779 5588/5509/3852 5589/5510/3853 5509/5430/3780
f 5509/5430/3780 5589/5510/3853 5590/5511/3854 5510/5431/3781
f 5510/5431/3781 5590/5511/3854 5591/5512/3855 5511/5432/3782
f 5511/5432/3782 5591/5512/3855 5592/5513/3856 5512/5433/3783
f 5512/5433/3783 5592/5513/3856 5593/5514/3857 5513/5434/3784
f 5513/5434/3784 5593/5514/3857 5594/5515/3858 5514/5435/3785
f 5514/5435/3785 5594/5515/3858 5595/5516/3859 5515/5436/3786
f 5515/5436/3786 5595/5516/3859 5596/5517/3860 5516/5437/3787
f 5516/5437/3787 5596/5517/3860 5597/5518/3861 5517/5438/3788
f 5517/5438/3788 5597/5518/3861 5598/5519/3862 5518/5439/3789
f 5518/5439/3789 5598/5519/3862 5599/5520/3863 5519/5440/3790
f 5519/5440/3790 5599/5520/3863 5600/5521/3864 5520/5441/3791
f 5520/5441/3791 5600/5521/3864 5601/5522/3865 5521/5442/3792
f 5521/5442/3792 5601/5522/3865 5602/5523/3866 5522/5443/3793
f 5522/5443/3793 5602/5523/3866 5603/5524/3 5523/5444/3
f 5523/5444/3 5603/5524/3 5604/137/3 5524/135/3
f 150/5445/134 151/5525/135 5605/5526/3867 5525/5446/3794
f 5525/5446/3794 5605/5526/3867 5606/5527/3868 5526/5447/3795
f 5526/5447/3795 5606/5527/3868 5607/5528/3869 5527/5448/3796
f 5527/5448/3796 5607/5528/3869 5608/5529/3870 5528/5449/3797
f 5528/5449/3797 5608/5529/3870 5609/5530/3871 5529/5450/3798
f 5529/5450/3798 5609/5530/3871 5610/5531/3872 5530/5451/3799
f 5530/5451/3799 5610/5531/3872 5611/5532/3873 5531/5452/3800
f 5531/5452/3800 5611/5532/3873 5612/5533/3874 5532/5453/3801
f 5532/5453/3801 5612/5533/3874 5613/5534/3875 5533/5454/3802
f 5533/5454/3802 5613/5534/3875 5614/5535/3876 5534/5455/3803
f 5534/5455/3803 5614/5535/3876 5615/5536/3877 5535/5456/3804
f 5535/5456/3804 5615/5536/3877 5616/5537/3878 5536/5457/3805
f 5536/5457/3805 5616/5537/3878 5617/5538/3879 5537/5458/3806
f 5537/5458/3806 5617/5538/3879 5618/5539/3880 5538/5459/3807
f 5538/5459/3807 5618/5539/3880 5619/5540/3881 5539/5460/3808
f 5539/5460/3808 5619/5540/3881 5620/5541/3882 5540/5461/3809
f 5540/5461/3809 5620/5541/3882 5621/5542/3883 5541/5462/3810
f 5541/5462/3810 5621/5542/3883 5622/5543/3884 5542/5463/3811
f 5542/5463/3811 5622/5543/3884 5623/5544/3885 5543/5464/3812
f 5543/5464/3812 5623/5544/3885 5624/5545/3886 5544/5465/3813
f 5544/5465/3813 5624/5545/3886 5625/5546/3887 5545/5466/3814
f 5545/5466/3814 5625/5546/3887 5626/5547/3888 5546/5467/3815
f 5546/5467/3815 5626/5547/3888 5627/5548/3889 5547/5468/3816
f 5547/5468/3816 5627/5548/3889 5628/5549/3890 5548/5469/3817
f 5548/5469/3817 5628/5549/3890 5629/5550/3891 5549/5470/3818
f 5549/5470/3818 5629/5550/3891 5630/5551/3892 5550/5471/3819
f 5550/5471/3819 5630/5551/3892 5631/5552/3893 5551/5472/3820
f 5551/5472/3820 5631/5552/3893 5632/5553/3894 5552/5473/3821
f 5552/5473/3821 5632/5553/3894 5633/5554/3895 5553/5474/3822
f 5553/5474/3822 5633/5554/3895 5634/5555/3896 5554/5475/3823
f 5554/5475/3823 5634/5555/3896 5635/5556/3897 5555/5476/3824
f 5555/5476/3824 5635/5556/3897 5636/5557/3898 5556/5477/3825
f 5556/5477/3825 5636/5557/3898 5637/5558/3899 5557/5478/3826
f 5557/5478/3826 5637/5558/3899 5638/5559/3900 5558/5479/3827
f 5558/5479/3827 5638/5559/3900 5639/5560/3901 5559/5480/3828
f 5559/5480/3828 5639/5560/3901 5640/5561/3902 5560/5481/3829
f 5560/5481/3829 5640/5561/3902 5641/5562/3903 5561/5482/3830
f 5561/5482/3830 5641/5562/3903 5642/5563/3904 5562/5483/3831
f 5562/5483/3831 5642/5563/3904 5643/5564/3905 5563/5484/3832
f 5563/5484/3832 5643/5564/3905 5644/5565/3906 5564/5485/3833
f 5564/5485/3833 5644/5565/3906 5645/5566/3907 5565/5486/3834
f 5565/5486/3834 5645/5566/3907 5646/5567/3908 5566/5487/3835
f 5566/5487/3835 5646/5567/3908 5647/5568/3909 5567/5488/3836
f 5567/5488/3836 5647/5568/3909 5648/5569/3910 5568/5489/3837
f 5568/5489/3837 5648/5569/3910 5649/5570/3911 5569/5490/3838
f 5569/5490/3838 5649/5570/3911 5650/5571/3912 5570/5491/3839
f 5570/5491/3839 5650/5571/3912 5651/5572/3913 5571/5492/2639
f 5571/5492/2639 5651/5572/3913 5652/5573/3914 5572/5493/3
f 5572/5493/3 5652/5573/3914 5653/5574/2579 5573/5494/3
f 5573/5494/3 5653/5574/2579 5654/5575/3 5574/5495/3
f 5574/5495/3 5654/5575/3 5655/5576/3 5575/5496/3
f 5575/5496/3 5655/5576/3 5656/5577/3 5576/5497/3840
f 5576/5497/3840 5656/5577/3 5657/5578/3 5577/5498/3841
f 5577/5498/3841 5657/5578/3 5658/5579/3915 5578/5499/3842
f 5578/5499/3842 5658/5579/3915 5659/5580/3916 5579/5500/3843
f 5579/5500/3843 5659/5580/3916 5660/5581/3917 5580/5501/3844
f 5580/5501/3844 5660/5581/3917 5661/5582/3918 5581/5502/3845
f 5581/5502/3845 5661/5582/3918 5662/5583/3919 5582/5503/3846
f 5582/5503/3846 5662/5583/3919 5663/5584/3920 5583/5504/3847
f 5583/5504/3847 5663/5584/3920 5664/5585/3921 5584/5505/3848
f 5584/5505/3848 5664/5585/3921 5665/5586/3922 5585/5506/3849
f 5585/5506/3849 5665/5586/3922 5666/5587/3923 5586/5507/3850
f 5586/5507/3850 5666/5587/3923 5667/5588/3924 5587/5508/3851
f 5587/5508/3851 5667/5588/3924 5668/5589/3925 5588/5509/3852
f 5588/5509/3852 5668/5589/3925 5669/5590/3926 5589/5510/3853
f 5589/5510/3853 5669/5590/3926 5670/5591/3927 5590/5511/3854
f 5590/5511/3854 5670/5591/3927 5671/5592/3928 5591/5512/3855
f 5591/5512/3855 5671/5592/3928 5672/5593/3929 5592/5513/3856
f 5592/5513/3856 5672/5593/3929 5673/5594/3930 5593/5514/3857
f 5593/5514/3857 5673/5594/3930 5674/5595/3931 5594/5515/3858
f 5594/5515/3858 5674/5595/3931 5675/5596/3932 5595/5516/3859
f 5595/5516/3859 5675/5596/3932 5676/5597/3933 5596/5517/3860
f 5596/5517/3860 5676/5597/3933 5677/5598/3934 5597/5518/3861
f 5597/5518/3861 5677/5598/3934 5678/5599/3935 5598/5519/3862
f 5598/5519/3862 5678/5599/3935 5679/5600/3936 5599/5520/3863
f 5599/5520/3863 5679/5600/3936 5680/5601/3937 5600/5521/3864
f 5600/5521/3864 5680/5601/3937 5681/5602/3938 5601/5522/3865
f 5601/5522/3865 5681/5602/3938 5682/5603/3939 5602/5523/3866
f 5602/5523/3866 5682/5603/3939 5683/5604/3 5603/5524/3
f 5603/5524/3 5683/5604/3 5684/139/3 5604/137/3
f 151/5525/135 152/5605/136 5685/5606/3940 5605/5526/3867
f 5605/5526/3867 5685/5606/3940 5686/5607/3941 5606/5527/3868
f 5606/5527/3868 5686/5607/3941 5687/5608/3942 5607/5528/3869
f 5607/5528/3869 5687/5608/3942 5688/5609/3943 5608/5529/3870
f 5608/5529/3870 5688/5609/3943 5689/5610/3944 5609/5530/3871
f 5609/5530/3871 5689/5610/3944 5690/5611/3945 5610/5531/3872
f 5610/5531/3872 5690/5611/3945 5691/5612/3946 5611/5532/3873
f 5611/5532/3873 5691/5612/3946 5692/5613/3947 5612/5533/3874
f 5612/5533/3874 5692/5613/3947 5693/5614/3948 5613/5534/3875
f 5613/5534/3875 5693/5614/3948 5694/5615/3949 5614/5535/3876
f 5614/5535/3876 5694/5615/3949 5695/5616/3950 5615/5536/3877
f 5615/5536/3877 5695/5616/3950 5696/5617/3951 5616/5537/3878
f 5616/5537/3878 5696/5617/3951 5697/5618/3952 5617/5538/3879
f 5617/5538/3879 5697/5618/3952 5698/5619/3953 5618/5539/3880
f 5618/5539/3880 5698/5619/3953 5699/5620/3954 5619/5540/3881
f 5619/5540/3881 5699/5620/3954 5700/5621/3955 5620/5541/3882
f 5620/5541/3882 5700/5621/3955 5701/5622/3956 5621/5542/3883
f 5621/5542/3883 5701/5622/3956 5702/5623/3957 5622/5543/3884
f 5622/5543/3884 5702/5623/3957 5703/5624/3958 5623/5544/3885
f 5623/5544/3885 5703/5624/3958 5704/5625/3959 5624/5545/3886
f 5624/5545/3886 5704/5625/3959 5705/5626/3960 5625/5546/3887
f 5625/5546/3887 5705/5626/3960 5706/5627/3961 5626/5547/3888
f 5626/5547/3888 5706/5627/3961 5707/5628/3962 5627/5548/3889
f 5627/5548/3889 5707/5628/3962 5708/5629/3963 5628/5549/3890
f 5628/5549/3890 5708/5629/3963 5709/5630/3964 5629/5550/3891
f 5629/5550/3891 5709/5630/3964 5710/5631/3965 5630/5551/3892
f 5630/5551/3892 5710/5631/3965 5711/5632/3966 5631/5552/3893
f 5631/5552/3893 5711/5632/3966 5712/5633/3967 5632/5553/3894
f 5632/5553/3894 5712/5633/3967 5713/5634/3968 5633/5554/3895
f 5633/5554/3895 5713/5634/3968 5714/5635/3969 5634/5555/3896
f 5634/5555/3896 5714/5635/3969 5715/5636/3970 5635/5556/3897
f 5635/5556/3897 5715/5636/3970 5716/5637/3971 5636/5557/3898
f 5636/5557/3898 5716/5637/3971 5717/5638/3972 5637/5558/3899
f 5637/5558/3899 5717/5638/3972 5718/5639/3973 5638/5559/3900
f 5638/5559/3900 5718/5639/3973 5719/5640/3974 5639/5560/3901
f 5639/5560/3901 5719/5640/3974 5720/5641/3975 5640/5561/3902
f 5640/5561/3902 5720/5641/3975 5721/5642/3976 5641/5562/3903
f 5641/5562/3903 5721/5642/3976 5722/5643/3977 5642/5563/3904
f 5642/5563/3904 5722/5643/3977 5723/5644/3978 5643/5564/3905
f 5643/5564/3905 5723/5644/3978 5724/5645/3979 5644/5565/3906
f 5644/5565/3906 5724/5645/3979 5725/5646/3980 5645/5566/3907
f 5645/5566/3907 5725/5646/3980 5726/5647/3981 5646/5567/3908
f 5646/5567/3908 5726/5647/3981 5727/5648/3982 5647/5568/3909
f 5647/5568/3909 5727/5648/3982 5728/5649/3983 5648/5569/3910
f 5648/5569/3910 5728/5649/3983 5729/5650/3984 5649/5570/3911
f 5649/5570/3911 5729/5650/3984 5730/5651/3985 5650/5571/3912
f 5650/5571/3912 5730/5651/3985 5731/5652/3986 5651/5572/3913
f 5651/5572/3913 5731/5652/3986 5732/5653/3987 5652/5573/3914
f 5652/5573/3914 5732/5653/3987 5733/5654/3988 5653/5574/2579
f 5653/5574/2579 5733/5654/3988 5734/5655/3989 5654/5575/3
f 5654/5575/3 5734/5655/3989 5735/5656/3 5655/5576/3
f 5655/5576/3 5735/5656/3 5736/5657/3 5656/5577/3
f 5656/5577/3 5736/5657/3 5737/5658/3 5657/5578/3
f 5657/5578/3 5737/5658/3 5738/5659/3 5658/5579/3915
f 5658/5579/3915 5738/5659/3 5739/5660/3 5659/5580/3916
f 5659/5580/3916 5739/5660/3 5740/5661/3990 5660/5581/3917
f 5660/5581/3917 5740/5661/3990 5741/5662/3991 5661/5582/3918
f 5661/5582/3918 5741/5662/3991 5742/5663/3992 5662/5583/3919
f 5662/5583/3919 5742/5663/3992 5743/5664/3993 5663/5584/3920
f 5663/5584/3920 5743/5664/3993 5744/5665/3994 5664/5585/3921
f 5664/5585/3921 5744/5665/3994 5745/5666/3995 5665/5586/3922
f 5665/5586/3922 5745/5666/3995 5746/5667/3996 5666/5587/3923
f 5666/5587/3923 5746/5667/3996 5747/5668/3997 5667/5588/3924
f 5667/5588/3924 5747/5668/3997 5748/5669/3998 5668/5589/3925
f 5668/5589/3925 5748/5669/3998 5749/5670/3999 5669/5590/3926
f 5669/5590/3926 5749/5670/3999 5750/5671/4000 5670/5591/3927
f 5670/5591/3927 5750/5671/4000 5751/5672/4001 5671/5592/3928
f 5671/5592/3928 5751/5672/4001 5752/5673/4002 5672/5593/3929
f 5672/5593/3929 5752/5673/4002 5753/5674/4003 5673/5594/3930
f 5673/5594/3930 5753/5674/4003 5754/5675/4004 5674/5595/3931
f 5674/5595/3931 5754/5675/4004 5755/5676/4005 5675/5596/3932
f 5675/5596/3932 5755/5676/4005 5756/5677/4006 5676/5597/3933
f 5676/5597/3933 5756/5677/4006 5757/5678/4007 5677/5598/3934
f 5677/5598/3934 5757/5678/4007 5758/5679/4008 5678/5599/3935
f 5678/5599/3935 5758/5679/4008 5759/5680/4009 5679/5600/3936
f 5679/5600/3936 5759/5680/4009 5760/5681/4010 5680/5601/3937
f 5680/5601/3937 5760/5681/4010 5761/5682/4011 5681/5602/3938
f 5681/5602/3938 5761/5682/4011 5762/5683/4012 5682/5603/3939
f 5682/5603/3939 5762/5683/4012 5763/5684/3 5683/5604/3
f 5683/5604/3 5763/5684/3 5764/141/3 5684/139/3
f 152/5605/136 153/5685/137 5765/5686/4013 5685/5606/3940
f 5685/5606/3940 5765/5686/4013 5766/5687/4014 5686/5607/3941
f 5686/5607/3941 5766/5687/4014 5767/5688/4015 5687/5608/3942
f 5687/5608/3942 5767/5688/4015 5768/5689/4016 5688/5609/3943
f 5688/5609/3943 5768/5689/4016 5769/5690/4017 5689/5610/3944
f 5689/5610/3944 5769/5690/4017 5770/5691/4018 5690/5611/3945
f 5690/5611/3945 5770/5691/4018 5771/5692/4019 5691/5612/3946
f 5691/5612/3946 5771/5692/4019 5772/5693/4020 5692/5613/3947
f 5692/5613/3947 5772/5693/4020 5773/5694/4021 5693/5614/3948
f 5693/5614/3948 5773/5694/4021 5774/5695/4022 5694/5615/3949
f 5694/5615/3949 5774/5695/4022 5775/5696/4023 5695/5616/3950
f 5695/5616/3950 5775/5696/4023 5776/5697/4024 5696/5617/3951
f 5696/5617/3951 5776/5697/4024 5777/5698/4025 5697/5618/3952
f 5697/5618/3952 5777/5698/4025 5778/5699/4026 5698/5619/3953
f 5698/5619/3953 5778/5699/4026 5779/5700/4027 5699/5620/3954
f 5699/5620/3954 5779/5700/4027 5780/5701/4028 5700/5621/3955
f 5700/5621/3955 5780/5701/4028 5781/5702/1597 5701/5622/3956
f 5701/5622/3956 5781/5702/1597 5782/5703/4029 5702/5623/3957
f 5702/5623/3957 5782/5703/4029 5783/5704/4030 5703/5624/3958
f 5703/5624/3958 5783/5704/4030 5784/5705/4031 5704/5625/3959
f 5704/5625/3959 5784/5705/4031 5785/5706/4032 5705/5626/3960
f 5705/5626/3960 5785/5706/4032 5786/5707/4033 5706/5627/3961
f 5706/5627/3961 5786/5707/4033 5787/5708/4034 5707/5628/3962
f 5707/5628/3962 5787/5708/4034 5788/5709/4035 5708/5629/3963
f 5708/5629/3963 5788/5709/4035 5789/5710/4036 5709/5630/3964
f 5709/5630/3964 5789/5710/4036 5790/5711/4037 5710/5631/3965
f 5710/5631/3965 5790/5711/4037 5791/5712/4038 5711/5632/3966
f 5711/5632/3966 5791/5712/4038 5792/5713/4039 5712/5633/3967
f 5712/5633/3967 5792/5713/4039 5793/5714/4040 5713/5634/3968
f 5713/5634/3968 5793/5714/4040 5794/5715/4041 5714/5635/3969
f 5714/5635/3969 5794/5715/4041 5795/5716/4042 5715/5636/3970
f 5715/5636/3970 5795/5716/4042 5796/5717/4043 5716/5637/3971
f 5716/5637/3971 5796/5717/4043 5797/5718/4044 5717/5638/3972
f 5717/5638/3972 5797/5718/4044 5798/5719/4045 5718/5639/3973
f 5718/5639/3973 5798/5719/4045 5799/5720/4046 5719/5640/3974
f 5719/5640/3974 5799/5720/4046 5800/5721/4047 5720/5641/3975
f 5720/5641/3975 5800/5721/4047 5801/5722/4048 5721/5642/3976
f 5721/5642/3976 5801/5722/4048 5802/5723/4049 5722/5643/3977
f 5722/5643/3977 5802/5723/4049 5803/5724/4050 5723/5644/3978
f 5723/5644/3978 5803/5724/4050 5804/5725/4051 5724/5645/3979
f 5724/5645/3979 5804/5725/4051 5805/5726/4052 5725/5646/3980
f 5725/5646/3980 5805/5726/4052 5806/5727/4053 5726/5647/3981
f 5726/5647/3981 5806/5727/4053 5807/5728/4054 5727/5648/3982
f 5727/5648/3982 5807/5728/4054 5808/5729/4055 5728/5649/3983
f 5728/5649/3983 5808/5729/4055 5809/5730/4056 5729/5650/3984
f 5729/5650/3984 5809/5730/4056 5810/5731/4057 5730/5651/3985
f 5730/5651/3985 5810/5731/4057 5811/5732/4058 5731/5652/3986
f 5731/5652/3986 5811/5732/4058 5812/5733/4059 5732/5653/3987
f 5732/5653/3987 5812/5733/4059 5813/5734/4060 5733/5654/3988
f 5733/5654/3988 5813/5734/4060 5814/5735/4061 5734/5655/3989
f 5734/5655/3989 5814/5735/4061 5815/5736/201 5735/5656/3
f 5735/5656/3 5815/5736/201 5816/5737/3 5736/5657/3
f 5736/5657/3 5816/5737/3 5817/5738/3 5737/5658/3
f 5737/5658/3 5817/5738/3 5818/5739/3 5738/5659/3
f 5738/5659/3 5818/5739/3 5819/5740/3 5739/5660/3
f 5739/5660/3 5819/5740/3 5820/5741/4062 5740/5661/3990
f 5740/5661/3990 5820/5741/4062 5821/5742/4063 5741/5662/3991
f 5741/5662/3991 5821/5742/4063 5822/5743/4064 5742/5663/3992
f 5742/5663/3992 5822/5743/4064 5823/5744/4065 5743/5664/3993
f 5743/5664/3993 5823/5744/4065 5824/5745/4066 5744/5665/3994
f 5744/5665/3994 5824/5745/4066 5825/5746/4067 5745/5666/3995
f 5745/5666/3995 5825/5746/4067 5826/5747/4068 5746/5667/3996
f 5746/5667/3996 5826/5747/4068 5827/5748/4069 5747/5668/3997
f 5747/5668/3997 5827/5748/4069 5828/5749/4070 5748/5669/3998
f 5748/5669/3998 5828/5749/4070 5829/5750/4071 5749/5670/3999
f 5749/5670/3999 5829/5750/4071 5830/5751/4072 5750/5671/4000
f 5750/5671/4000 5830/5751/4072 5831/5752/4073 5751/5672/4001
f 5751/5672/4001 5831/5752/4073 5832/5753/4074 5752/5673/4002
f 5752/5673/4002 5832/5753/4074 5833/5754/4075 5753/5674/4003
f 5753/5674/4003 5833/5754/4075 5834/5755/4076 5754/5675/4004
f 5754/5675/4004 5834/5755/4076 5835/5756/4077 5755/5676/4005
f 5755/5676/4005 5835/5756/4077 5836/5757/4078 5756/5677/4006
f 5756/5677/4006 5836/5757/4078 5837/5758/4079 5757/5678/4007
f 5757/5678/4007 5837/5758/4079 5838/5759/4080 5758/5679/4008
f 5758/5679/4008 5838/5759/4080 5839/5760/4081 5759/5680/4009
f 5759/5680/4009 5839/5760/4081 5840/5761/4082 5760/5681/4010
f 5760/5681/4010 5840/5761/4082 5841/5762/4083 5761/5682/4011
f 5761/5682/4011 5841/5762/4083 5842/5763/4084 5762/5683/4012
f 5762/5683/4012 5842/5763/4084 5843/5764/3 5763/5684/3
f 5763/5684/3 5843/5764/3 5844/143/3 5764/141/3
f 153/5685/137 154/5765/138 5845/5766/4085 5765/5686/4013
f 5765/5686/4013 5845/5766/4085 5846/5767/4086 5766/5687/4014
f 5766/5687/4014 5846/5767/4086 5847/5768/4087 5767/5688/4015
f 5767/5688/4015 5847/5768/4087 5848/5769/4088 5768/5689/4016
f 5768/5689/4016 5848/5769/4088 5849/5770/4089 5769/5690/4017
f 5769/5690/4017 5849/5770/4089 5850/5771/4090 5770/5691/4018
f 5770/5691/4018 5850/5771/4090 5851/5772/4091 5771/5692/4019
f 5771/5692/4019 5851/5772/4091 5852/5773/4092 5772/5693/4020
f 5772/5693/4020 5852/5773/4092 5853/5774/4093 5773/5694/4021
f 5773/5694/4021 5853/5774/4093 5854/5775/4094 5774/5695/4022
f 5774/5695/4022 5854/5775/4094 5855/5776/4095 5775/5696/4023
f 5775/5696/4023 5855/5776/4095 5856/5777/4096 5776/5697/4024
f 5776/5697/4024 5856/5777/4096 5857/5778/4097 5777/5698/4025
f 5777/5698/4025 5857/5778/4097 5858/5779/4098 5778/5699/4026
f 5778/5699/4026 5858/5779/4098 5859/5780/4099 5779/5700/4027
f 5779/5700/4027 5859/5780/4099 5860/5781/4100 5780/5701/4028
f 5780/5701/4028 5860/5781/4100 5861/5782/3 5781/5702/1597
f 5781/5702/1597 5861/5782/3 5862/5783/163 5782/5703/4029
f 5782/5703/4029 5862/5783/163 5863/5784/4101 5783/5704/4030
f 5783/5704/4030 5863/5784/4101 5864/5785/4102 5784/5705/4031
f 5784/5705/4031 5864/5785/4102 5865/5786/4103 5785/5706/4032
f 5785/5706/4032 5865/5786/4103 5866/5787/4104 5786/5707/4033
f 5786/5707/4033 5866/5787/4104 5867/5788/4105 5787/5708/4034
f 5787/5708/4034 5867/5788/4105 5868/5789/4106 5788/5709/4035
f 5788/5709/4035 5868/5789/4106 5869/5790/4107 5789/5710/4036
f 5789/5710/4036 5869/5790/4107 5870/5791/4108 5790/5711/4037
f 5790/5711/4037 5870/5791/4108 5871/5792/4109 5791/5712/4038
f 5791/5712/4038 5871/5792/4109 5872/5793/4110 5792/5713/4039
f 5792/5713/4039 5872/5793/4110 5873/5794/4111 5793/5714/4040
f 5793/5714/4040 5873/5794/4111 5874/5795/4112 5794/5715/4041
f 5794/5715/4041 5874/5795/4112 5875/5796/4113 5795/5716/4042
f 5795/5716/4042 5875/5796/4113 5876/5797/4114 5796/5717/4043
f 5796/5717/4043 5876/5797/4114 5877/5798/4115 5797/5718/4044
f 5797/5718/4044 5877/5798/4115 5878/5799/4116 5798/5719/4045
f 5798/5719/4045 5878/5799/4116 5879/5800/4117 5799/5720/4046
f 5799/5720/4046 5879/5800/4117 5880/5801/4118 5800/5721/4047
f 5800/5721/4047 5880/5801/4118 5881/5802/4119 5801/5722/4048
f 5801/5722/4048 5881/5802/4119 5882/5803/4120 5802/5723/4049
f 5802/5723/4049 5882/5803/4120 5883/5804/4121 5803/5724/4050
f 5803/5724/4050 5883/5804/4121 5884/5805/4122 5804/5725/4051
f 5804/5725/4051 5884/5805/4122 5885/5806/4123 5805/5726/4052
f 5805/5726/4052 5885/5806/4123 5886/5807/4124 5806/5727/4053
f 5806/5727/4053 5886/5807/4124 5887/5808/4125 5807/5728/4054
f 5807/5728/4054 5887/5808/4125 5888/5809/4126 5808/5729/4055
f 5808/5729/4055 5888/5809/4126 5889/5810/4127 5809/5730/4056
f 5809/5730/4056 5889/5810/4127 5890/5811/4128 5810/5731/4057
f 5810/5731/4057 5890/5811/4128 5891/5812/4129 5811/5732/4058
f 5811/5732/4058 5891/5812/4129 5892/5813/4130 5812/5733/4059
f 5812/5733/4059 5892/5813/4130 5893/5814/4131 5813/5734/4060
f 5813/5734/4060 5893/5814/4131 5894/5815/4132 5814/5735/4061
f 5814/5735/4061 5894/5815/4132 5895/5816/4133 5815/5736/201
f 5815/5736/201 5895/5816/4133 5896/5817/1091 5816/5737/3
f 5816/5737/3 5896/5817/1091 5897/5818/3 5817/5738/3
f 5817/5738/3 5897/5818/3 5898/5819/3 5818/5739/3
f 5818/5739/3 5898/5819/3 5899/5820/3 5819/5740/3
f 5819/5740/3 5899/5820/3 5900/5821/2447 5820/5741/4062
f 5820/5741/4062 5900/5821/2447 5901/5822/4134 5821/5742/4063
f 5821/5742/4063 5901/5822/4134 5902/5823/4135 5822/5743/4064
f 5822/5743/4064 5902/5823/4135 5903/5824/4136 5823/5744/4065
f 5823/5744/4065 5903/5824/4136 5904/5825/4137 5824/5745/4066
f 5824/5745/4066 5904/5825/4137 5905/5826/4138 5825/5746/4067
f 5825/5746/4067 5905/5826/4138 5906/5827/4139 5826/5747/4068
f 5826/5747/4068 5906/5827/4139 5907/5828/4140 5827/5748/4069
f 5827/5748/4069 5907/5828/4140 5908/5829/4141 5828/5749/4070
f 5828/5749/4070 5908/5829/4141 5909/5830/4142 5829/5750/4071
f 5829/5750/4071 5909/5830/4142 5910/5831/4143 5830/5751/4072
f 5830/5751/4072 5910/5831/4143 5911/5832/4144 5831/5752/4073
f 5831/5752/4073 5911/5832/4144 5912/5833/4145 5832/5753/4074
f 5832/5753/4074 5912/5833/4145 5913/5834/4146 5833/5754/4075
f 5833/5754/4075 5913/5834/4146 5914/5835/4147 5834/5755/4076
f 5834/5755/4076 5914/5835/4147 5915/5836/4148 5835/5756/4077
f 5835/5756/4077 5915/5836/4148 5916/5837/4149 5836/5757/4078
f 5836/5757/4078 5916/5837/4149 5917/5838/4150 5837/5758/4079
f 5837/5758/4079 5917/5838/4150 5918/5839/4151 5838/5759/4080
f 5838/5759/4080 5918/5839/4151 5919/5840/4152 5839/5760/4081
f 5839/5760/4081 5919/5840/4152 5920/5841/4153 5840/5761/4082
f 5840/5761/4082 5920/5841/4153 5921/5842/4154 5841/5762/4083
f 5841/5762/4083 5921/5842/4154 5922/5843/4155 5842/5763/4084
f 5842/5763/4084 5922/5843/4155 5923/5844/3 5843/5764/3
f 5843/5764/3 5923/5844/3 5924/145/3 5844/143/3
f 154/5765/138 155/5845/139 5925/5846/4156 5845/5766/4085
f 5845/5766/4085 5925/5846/4156 5926/5847/4157 5846/5767/4086
f 5846/5767/4086 5926/5847/4157 5927/5848/4158 5847/5768/4087
f 5847/5768/4087 5927/5848/4158 5928/5849/4159 5848/5769/4088
f 5848/5769/4088 5928/5849/4159 5929/5850/4160 5849/5770/4089
f 5849/5770/4089 5929/5850/4160 5930/5851/4161 5850/5771/4090
f 5850/5771/4090 5930/5851/4161 5931/5852/4162 5851/5772/4091
f 5851/5772/4091 5931/5852/4162 5932/5853/4163 5852/5773/4092
f 5852/5773/4092 5932/5853/4163 5933/5854/4164 5853/5774/4093
f 5853/5774/4093 5933/5854/4164 5934/5855/4165 5854/5775/4094
f 5854/5775/4094 5934/5855/4165 5935/5856/4166 5855/5776/4095
f 5855/5776/4095 5935/5856/4166 5936/5857/4167 5856/5777/4096
f 5856/5777/4096 5936/5857/4167 5937/5858/4168 5857/5778/4097
f 5857/5778/4097 5937/5858/4168 5938/5859/4169 5858/5779/4098
f 5858/5779/4098 5938/5859/4169 5939/5860/4170 5859/5780/4099
f 5859/5780/4099 5939/5860/4170 5940/5861/4171 5860/5781/4100
f 5860/5781/4100 5940/5861/4171 5941/5862/3 5861/5782/3
f 5861/5782/3 5941/5862/3 5942/5863/3 5862/5783/163
f 5862/5783/163 5942/5863/3 5943/5864/4172 5863/5784/4101
f 5863/5784/4101 5943/5864/4172 5944/5865/4173 5864/5785/4102
f 5864/5785/4102 5944/5865/4173 5945/5866/4174 5865/5786/4103
f 5865/5786/4103 5945/5866/4174 5946/5867/4175 5866/5787/4104
f 5866/5787/4104 5946/5867/4175 5947/5868/4176 5867/5788/4105
f 5867/5788/4105 5947/5868/4176 5948/5869/4177 5868/5789/4106
f 5868/5789/4106 5948/5869/4177 5949/5870/4178 5869/5790/4107
f 5869/5790/4107 5949/5870/4178 5950/5871/4179 5870/5791/4108
f 5870/5791/4108 5950/5871/4179 5951/5872/4180 5871/5792/4109
f 5871/5792/4109 5951/5872/4180 5952/5873/4181 5872/5793/4110
f 5872/5793/4110 5952/5873/4181 5953/5874/4182 5873/5794/4111
f 5873/5794/4111 5953/5874/4182 5954/5875/4183 5874/5795/4112
f 5874/5795/4112 5954/5875/4183 5955/5876/4184 5875/5796/4113
f 5875/5796/4113 5955/5876/4184 5956/5877/4185 5876/5797/4114
f 5876/5797/4114 5956/5877/4185 5957/5878/4186 5877/5798/4115
f 5877/5798/4115 5957/5878/4186 5958/5879/4187 5878/5799/4116
f 5878/5799/4116 5958/5879/4187 5959/5880/4188 5879/5800/4117
f 5879/5800/4117 5959/5880/4188 5960/5881/4189 5880/5801/4118
f 5880/5801/4118 5960/5881/4189 5961/5882/4190 5881/5802/4119
f 5881/5802/4119 5961/5882/4190 5962/5883/4191 5882/5803/4120
f 5882/5803/4120 5962/5883/4191 5963/5884/4192 5883/5804/4121
f 5883/5804/4121 5963/5884/4192 5964/5885/4193 5884/5805/4122
f 5884/5805/4122 5964/5885/4193 5965/5886/4194 5885/5806/4123
f 5885/5806/4123 5965/5886/4194 5966/5887/4195 5886/5807/4124
f 5886/5807/4124 5966/5887/4195 5967/5888/4196 5887/5808/4125
f 5887/5808/4125 5967/5888/4196 5968/5889/4197 5888/5809/4126
f 5888/5809/4126 5968/5889/4197 5969/5890/4198 5889/5810/4127
f 5889/5810/4127 5969/5890/4198 5970/5891/4199 5890/5811/4128
f 5890/5811/4128 5970/5891/4199 5971/5892/4200 5891/5812/4129
f 5891/5812/4129 5971/5892/4200 5972/5893/4201 5892/5813/4130
f 5892/5813/4130 5972/5893/4201 5973/5894/4202 5893/5814/4131
f 5893/5814/4131 5973/5894/4202 5974/5895/4203 5894/5815/4132
f 5894/5815/4132 5974/5895/4203 5975/5896/4204 5895/5816/4133
f 5895/5816/4133 5975/5896/4204 5976/5897/4205 5896/5817/1091
f 5896/5817/1091 5976/5897/4205 5977/5898/2446 5897/5818/3
f 5897/5818/3 5977/5898/2446 5978/5899/3 5898/5819/3
f 5898/5819/3 5978/5899/3 5979/5900/3 5899/5820/3
f 5899/5820/3 5979/5900/3 5980/5901/3 5900/5821/2447
f 5900/5821/2447 5980/5901/3 5981/5902/4206 5901/5822/4134
f 5901/5822/4134 5981/5902/4206 5982/5903/4207 5902/5823/4135
f 5902/5823/4135 5982/5903/4207 5983/5904/4208 5903/5824/4136
f 5903/5824/4136 5983/5904/4208 5984/5905/4209 5904/5825/4137
f 5904/5825/4137 5984/5905/4209 5985/5906/4210 5905/5826/4138
f 5905/5826/4138 5985/5906/4210 5986/5907/4211 5906/5827/4139
f 5906/5827/4139 5986/5907/4211 5987/5908/4212 5907/5828/4140
f 5907/5828/4140 5987/5908/4212 5988/5909/4213 5908/5829/4141
f 5908/5829/4141 5988/5909/4213 5989/5910/4214 5909/5830/4142
f 5909/5830/4142 5989/5910/4214 5990/5911/4215 5910/5831/4143
f 5910/5831/4143 5990/5911/4215 5991/5912/4216 5911/5832/4144
f 5911/5832/4144 5991/5912/4216 5992/5913/4217 5912/5833/4145
f 5912/5833/4145 5992/5913/4217 5993/5914/4218 5913/5834/4146
f 5913/5834/4146 5993/5914/4218 5994/5915/4219 5914/5835/4147
f 5914/5835/4147 5994/5915/4219 5995/5916/4220 5915/5836/4148
f 5915/5836/4148 5995/5916/4220 5996/5917/4221 5916/5837/4149
f 5916/5837/4149 5996/5917/4221 5997/5918/4222 5917/5838/4150
f 5917/5838/4150 5997/5918/4222 5998/5919/4223 5918/5839/4151
f 5918/5839/4151 5998/5919/4223 5999/5920/4224 5919/5840/4152
f 5919/5840/4152 5999/5920/4224 6000/5921/4225 5920/5841/4153
f 5920/5841/4153 6000/5921/4225 6001/5922/4226 5921/5842/4154
f 5921/5842/4154 6001/5922/4226 6002/5923/4227 5922/5843/4155
f 5922/5843/4155 6002/5923/4227 6003/5924/3 5923/5844/3
f 5923/5844/3 6003/5924/3 6004/147/3 5924/145/3
f 155/5845/139 156/5925/140 6005/5926/4228 5925/5846/4156
f 5925/5846/4156 6005/5926/4228 6006/5927/4229 5926/5847/4157
f 5926/5847/4157 6006/5927/4229 6007/5928/4230 5927/5848/4158
f 5927/5848/4158 6007/5928/4230 6008/5929/4231 5928/5849/4159
f 5928/5849/4159 6008/5929/4231 6009/5930/4232 5929/5850/4160
f 5929/5850/4160 6009/5930/4232 6010/5931/4233 5930/5851/4161
f 5930/5851/4161 6010/5931/4233 6011/5932/4234 5931/5852/4162
f 5931/5852/4162 6011/5932/4234 6012/5933/4235 5932/5853/4163
f 5932/5853/4163 6012/5933/4235 6013/5934/4236 5933/5854/4164
f 5933/5854/4164 6013/5934/4236 6014/5935/4237 5934/5855/4165
f 5934/5855/4165 6014/5935/4237 6015/5936/4238 5935/5856/4166
f 5935/5856/4166 6015/5936/4238 6016/5937/4239 5936/5857/4167
f 5936/5857/4167 6016/5937/4239 6017/5938/4240 5937/5858/4168
f 5937/5858/4168 6017/5938/4240 6018/5939/4241 5938/5859/4169
f 5938/5859/4169 6018/5939/4241 6019/5940/4242 5939/5860/4170
f 5939/5860/4170 6019/5940/4242 6020/5941/4243 5940/5861/4171
f 5940/5861/4171 6020/5941/4243 6021/5942/3 5941/5862/3
f 5941/5862/3 6021/5942/3 6022/5943/3 5942/5863/3
f 5942/5863/3 6022/5943/3 6023/5944/4244 5943/5864/4172
f 5943/5864/4172 6023/5944/4244 6024/5945/4245 5944/5865/4173
f 5944/5865/4173 6024/5945/4245 6025/5946/4246 5945/5866/4174
f 5945/5866/4174 6025/5946/4246 6026/5947/4247 5946/5867/4175
f 5946/5867/4175 6026/5947/4247 6027/5948/4248 5947/5868/4176
f 5947/5868/4176 6027/5948/4248 6028/5949/4249 5948/5869/4177
f 5948/5869/4177 6028/5949/4249 6029/5950/4250 5949/5870/4178
f 5949/5870/4178 6029/5950/4250 6030/5951/4251 5950/5871/4179
f 5950/5871/4179 6030/5951/4251 6031/5952/4252 5951/5872/4180
f 5951/5872/4180 6031/5952/4252 6032/5953/4253 5952/5873/4181
f 5952/5873/4181 6032/5953/4253 6033/5954/4254 5953/5874/4182
f 5953/5874/4182 6033/5954/4254 6034/5955/4255 5954/5875/4183
f 5954/5875/4183 6034/5955/4255 6035/5956/4256 5955/5876/4184
f 5955/5876/4184 6035/5956/4256 6036/5957/4257 5956/5877/4185
f 5956/5877/4185 6036/5957/4257 6037/5958/4258 5957/5878/4186
f 5957/5878/4186 6037/5958/4258 6038/5959/4259 5958/5879/4187
f 5958/5879/4187 6038/5959/4259 6039/5960/4260 5959/5880/4188
f 5959/5880/4188 6039/5960/4260 6040/5961/4261 5960/5881/4189
f 5960/5881/4189 6040/5961/4261 6041/5962/4262 5961/5882/4190
f 5961/5882/4190 6041/5962/4262 6042/5963/4263 5962/5883/4191
f 5962/5883/4191 6042/5963/4263 6043/5964/4264 5963/5884/4192
f 5963/5884/4192 6043/5964/4264 6044/5965/4265 5964/5885/4193
f 5964/5885/4193 6044/5965/4265 6045/5966/4266 5965/5886/4194
f 5965/5886/4194 6045/5966/4266 6046/5967/4267 5966/5887/4195
f 5966/5887/4195 6046/5967/4267 6047/5968/4268 5967/5888/4196
f 5967/5888/4196 6047/5968/4268 6048/5969/4269 5968/5889/4197
f 5968/5889/4197 6048/5969/4269 6049/5970/4270 5969/5890/4198
f 5969/5890/4198 6049/5970/4270 6050/5971/4271 5970/5891/4199
f 5970/5891/4199 6050/5971/4271 6051/5972/4272 5971/5892/4200
f 5971/5892/4200 6051/5972/4272 6052/5973/4273 5972/5893/4201
f 5972/5893/4201 6052/5973/4273 6053/5974/4274 5973/5894/4202
f 5973/5894/4202 6053/5974/4274 6054/5975/4275 5974/5895/4203
f 5974/5895/4203 6054/5975/4275 6055/5976/4276 5975/5896/4204
f 5975/5896/4204 6055/5976/4276 6056/5977/4277 5976/5897/4205
f 5976/5897/4205 6056/5977/4277 6057/5978/4278 5977/5898/2446
f 5977/5898/2446 6057/5978/4278 6058/5979/3 5978/5899/3
f 5978/5899/3 6058/5979/3 6059/5980/3 5979/5900/3
f 5979/5900/3 6059/5980/3 6060/5981/3 5980/5901/3
f 5980/5901/3 6060/5981/3 6061/5982/1463 5981/5902/4206
f 5981/5902/4206 6061/5982/1463 6062/5983/4279 5982/5903/4207
f 5982/5903/4207 6062/5983/4279 6063/5984/4280 5983/5904/4208
f 5983/5904/4208 6063/5984/4280 6064/5985/4281 5984/5905/4209
f 5984/5905/4209 6064/5985/4281 6065/5986/4282 5985/5906/4210
f 5985/5906/4210 6065/5986/4282 6066/5987/4283 5986/5907/4211
f 5986/5907/4211 6066/5987/4283 6067/5988/4284 5987/5908/4212
f 5987/5908/4212 6067/5988/4284 6068/5989/4285 5988/5909/4213
f 5988/5909/4213 6068/5989/4285 6069/5990/4286 5989/5910/4214
f 5989/5910/4214 6069/5990/4286 6070/5991/4287 5990/5911/4215
f 5990/5911/4215 6070/5991/4287 6071/5992/4288 5991/5912/4216
f 5991/5912/4216 6071/5992/4288 6072/5993/4289 5992/5913/4217
f 5992/5913/4217 6072/5993/4289 6073/5994/4290 5993/5914/4218
f 5993/5914/4218 6073/5994/4290 6074/5995/4291 5994/5915/4219
f 5994/5915/4219 6074/5995/4291 6075/5996/4292 5995/5916/4220
f 5995/5916/4220 6075/5996/4292 6076/5997/4293 5996/5917/4221
f 5996/5917/4221 6076/5997/4293 6077/5998/4294 5997/5918/4222
f 5997/5918/4222 6077/5998/4294 6078/5999/4295 5998/5919/4223
f 5998/5919/4223 6078/5999/4295 6079/6000/4296 5999/5920/4224
f 5999/5920/4224 6079/6000/4296 6080/6001/4297 6000/5921/4225
f 6000/5921/4225 6080/6001/4297 6081/6002/4298 6001/5922/4226
f 6001/5922/4226 6081/6002/4298 6082/6003/4299 6002/5923/4227
f 6002/5923/4227 6082/6003/4299 6083/6004/3 6003/5924/3
f 6003/5924/3 6083/6004/3 6084/149/3 6004/147/3
f 156/5925/140 157/6005/141 6085/6006/4300 6005/5926/4228
f 6005/5926/4228 6085/6006/4300 6086/6007/4301 6006/5927/4229
f 6006/5927/4229 6086/6007/4301 6087/6008/4302 6007/5928/4230
f 6007/5928/4230 6087/6008/4302 6088/6009/4303 6008/5929/4231
f 6008/5929/4231 6088/6009/4303 6089/6010/4304 6009/5930/4232
f 6009/5930/4232 6089/6010/4304 6090/6011/4305 6010/5931/4233
f 6010/5931/4233 6090/6011/4305 6091/6012/4306 6011/5932/4234
f 6011/5932/4234 6091/6012/4306 6092/6013/4307 6012/5933/4235
f 6012/5933/4235 6092/6013/4307 6093/6014/4308 6013/5934/4236
f 6013/5934/4236 6093/6014/4308 6094/6015/4309 6014/5935/4237
f 6014/5935/4237 6094/6015/4309 6095/6016/4310 6015/5936/4238
f 6015/5936/4238 6095/6016/4310 6096/6017/4311 6016/5937/4239
f 6016/5937/4239 6096/6017/4311 6097/6018/4312 6017/5938/4240
f 6017/5938/4240 6097/6018/4312 6098/6019/4313 6018/5939/4241
f 6018/5939/4241 6098/6019/4313 6099/6020/4314 6019/5940/4242
f 6019/5940/4242 6099/6020/4314 6100/6021/4315 6020/5941/4243
f 6020/5941/4243 6100/6021/4315 6101/6022/3 6021/5942/3
f 6021/5942/3 6101/6022/3 6102/6023/3 6022/5943/3
f 6022/5943/3 6102/6023/3 6103/6024/4316 6023/5944/4244
f 6023/5944/4244 6103/6024/4316 6104/6025/4317 6024/5945/4245
f 6024/5945/4245 6104/6025/4317 6105/6026/4318 6025/5946/4246
f 6025/5946/4246 6105/6026/4318 6106/6027/4319 6026/5947/4247
f 6026/5947/4247 6106/6027/4319 6107/6028/4320 6027/5948/4248
f 6027/5948/4248 6107/6028/4320 6108/6029/4321 6028/5949/4249
f 6028/5949/4249 6108/6029/4321 6109/6030/4322 6029/5950/4250
f 6029/5950/4250 6109/6030/4322 6110/6031/4323 6030/5951/4251
f 6030/5951/4251 6110/6031/4323 6111/6032/4324 6031/5952/4252
f 6031/5952/4252 6111/6032/4324 6112/6033/4325 6032/5953/4253
f 6032/5953/4253 6112/6033/4325 6113/6034/4326 6033/5954/4254
f 6033/5954/4254 6113/6034/4326 6114/6035/4327 6034/5955/4255
f 6034/5955/4255 6114/6035/4327 6115/6036/4328 6035/5956/4256
f 6035/5956/4256 6115/6036/4328 6116/6037/4329 6036/5957/4257
f 6036/5957/4257 6116/6037/4329 6117/6038/4330 6037/5958/4258
f 6037/5958/4258 6117/6038/4330 6118/6039/4331 6038/5959/4259
f 6038/5959/4259 6118/6039/4331 6119/6040/4332 6039/5960/4260
f 6039/5960/4260 6119/6040/4332 6120/6041/4333 6040/5961/4261
f 6040/5961/4261 6120/6041/4333 6121/6042/4334 6041/5962/4262
f 6041/5962/4262 6121/6042/4334 6122/6043/4335 6042/5963/4263
f 6042/5963/4263 6122/6043/4335 6123/6044/4336 6043/5964/4264
f 6043/5964/4264 6123/6044/4336 6124/6045/4337 6044/5965/4265
f 6044/5965/4265 6124/6045/4337 6125/6046/4338 6045/5966/4266
f 6045/5966/4266 6125/6046/4338 6126/6047/4339 6046/5967/4267
f 6046/5967/4267 6126/6047/4339 6127/6048/4340 6047/5968/4268
f 6047/5968/4268 6127/6048/4340 6128/6049/4341 6048/5969/4269
f 6048/5969/4269 6128/6049/4341 6129/6050/4342 6049/5970/4270
f 6049/5970/4270 6129/6050/4342 6130/6051/4343 6050/5971/4271
f 6050/5971/4271 6130/6051/4343 6131/6052/4344 6051/5972/4272
f 6051/5972/4272 6131/6052/4344 6132/6053/4345 6052/5973/4273
f 6052/5973/4273 6132/6053/4345 6133/6054/4346 6053/5974/4274
f 6053/5974/4274 6133/6054/4346 6134/6055/4347 6054/5975/4275
f 6054/5975/4275 6134/6055/4347 6135/6056/4348 6055/5976/4276
f 6055/5976/4276 6135/6056/4348 6136/6057/4349 6056/5977/4277
f 6056/5977/4277 6136/6057/4349 6137/6058/4350 6057/5978/4278
f 6057/5978/4278 6137/6058/4350 6138/6059/4351 6058/5979/3
f 6058/5979/3 6138/6059/4351 6139/6060/3 6059/5980/3
f 6059/5980/3 6139/6060/3 6140/6061/3 6060/5981/3
f 6060/5981/3 6140/6061/3 6141/6062/3 6061/5982/1463
f 6061/5982/1463 6141/6062/3 6142/6063/4352 6062/5983/4279
f 6062/5983/4279 6142/6063/4352 6143/6064/4353 6063/5984/4280
f 6063/5984/4280 6143/6064/4353 6144/6065/4354 6064/5985/4281
f 6064/5985/4281 6144/6065/4354 6145/6066/4355 6065/5986/4282
f 6065/5986/4282 6145/6066/4355 6146/6067/4356 6066/5987/4283
f 6066/5987/4283 6146/6067/4356 6147/6068/4357 6067/5988/4284
f 6067/5988/4284 6147/6068/4357 6148/6069/4358 6068/5989/4285
f 6068/5989/4285 6148/6069/4358 6149/6070/4359 6069/5990/4286
f 6069/5990/4286 6149/6070/4359 6150/6071/4360 6070/5991/4287
f 6070/5991/4287 6150/6071/4360 6151/6072/4361 6071/5992/4288
f 6071/5992/4288 6151/6072/4361 6152/6073/4362 6072/5993/4289
f 6072/5993/4289 6152/6073/4362 6153/6074/4363 6073/5994/4290
f 6073/5994/4290 6153/6074/4363 6154/6075/4364 6074/5995/4291
f 6074/5995/4291 6154/6075/4364 6155/6076/4365 6075/5996/4292
f 6075/5996/4292 6155/6076/4365 6156/6077/4366 6076/5997/4293
f 6076/5997/4293 6156/6077/4366 6157/6078/4367 6077/5998/4294
f 6077/5998/4294 6157/6078/4367 6158/6079/4368 6078/5999/4295
f 6078/5999/4295 6158/6079/4368 6159/6080/4369 6079/6000/4296
f 6079/6000/4296 6159/6080/4369 6160/6081/4370 6080/6001/4297
f 6080/6001/4297 6160/6081/4370 6161/6082/4371 6081/6002/4298
f 6081/6002/4298 6161/6082/4371 6162/6083/4372 6082/6003/4299
f 6082/6003/4299 6162/6083/4372 6163/6084/3 6083/6004/3
f 6083/6004/3 6163/6084/3 6164/151/3 6084/149/3
f 157/6005/141 158/6085/142 6165/6086/4373 6085/6006/4300
f 6085/6006/4300 6165/6086/4373 6166/6087/4374 6086/6007/4301
f 6086/6007/4301 6166/6087/4374 6167/6088/4375 6087/6008/4302
f 6087/6008/4302 6167/6088/4375 6168/6089/4376 6088/6009/4303
f 6088/6009/4303 6168/6089/4376 6169/6090/4377 6089/6010/4304
f 6089/6010/4304 6169/6090/4377 6170/6091/4378 6090/6011/4305
f 6090/6011/4305 6170/6091/4378 6171/6092/4379 6091/6012/4306
f 6091/6012/4306 6171/6092/4379 6172/6093/4380 6092/6013/4307
f 6092/6013/4307 6172/6093/4380 6173/6094/4381 6093/6014/4308
f 6093/6014/4308 6173/6094/4381 6174/6095/4382 6094/6015/4309
f 6094/6015/4309 6174/6095/4382 6175/6096/4383 6095/6016/4310
f 6095/6016/4310 6175/6096/4383 6176/6097/4384 6096/6017/4311
f 6096/6017/4311 6176/6097/4384 6177/6098/4385 6097/6018/4312
f 6097/6018/4312 6177/6098/4385 6178/6099/4386 6098/6019/4313
f 6098/6019/4313 6178/6099/4386 6179/6100/4387 6099/6020/4314
f 6099/6020/4314 6179/6100/4387 6180/6101/1597 6100/6021/4315
f 6100/6021/4315 6180/6101/1597 6181/6102/3 6101/6022/3
f 6101/6022/3 6181/6102/3 6182/6103/3 6102/6023/3
f 6102/6023/3 6182/6103/3 6183/6104/4388 6103/6024/4316
f 6103/6024/4316 6183/6104/4388 6184/6105/4389 6104/6025/4317
f 6104/6025/4317 6184/6105/4389 6185/6106/4390 6105/6026/4318
f 6105/6026/4318 6185/6106/4390 6186/6107/4391 6106/6027/4319
f 6106/6027/4319 6186/6107/4391 6187/6108/4392 6107/6028/4320
f 6107/6028/4320 6187/6108/4392 6188/6109/4393 6108/6029/4321
f 6108/6029/4321 6188/6109/4393 6189/6110/4394 6109/6030/4322
f 6109/6030/4322 6189/6110/4394 6190/6111/4395 6110/6031/4323
f 6110/6031/4323 6190/6111/4395 6191/6112/4396 6111/6032/4324
f 6111/6032/4324 6191/6112/4396 6192/6113/4397 6112/6033/4325
f 6112/6033/4325 6192/6113/4397 6193/6114/4398 6113/6034/4326
f 6113/6034/4326 6193/6114/4398 6194/6115/4399 6114/6035/4327
f 6114/6035/4327 6194/6115/4399 6195/6116/4400 6115/6036/4328
f 6115/6036/4328 6195/6116/4400 6196/6117/4401 6116/6037/4329
f 6116/6037/4329 6196/6117/4401 6197/6118/4402 6117/6038/4330
f 6117/6038/4330 6197/6118/4402 6198/6119/4403 6118/6039/4331
f 6118/6039/4331 6198/6119/4403 6199/6120/4404 6119/6040/4332
f 6119/6040/4332 6199/6120/4404 6200/6121/4405 6120/6041/4333
f 6120/6041/4333 6200/6121/4405 6201/6122/4406 6121/6042/4334
f 6121/6042/4334 6201/6122/4406 6202/6123/4407 6122/6043/4335
f 6122/6043/4335 6202/6123/4407 6203/6124/4408 6123/6044/4336
f 6123/6044/4336 6203/6124/4408 6204/6125/4409 6124/6045/4337
f 6124/6045/4337 6204/6125/4409 6205/6126/4410 6125/6046/4338
f 6125/6046/4338 6205/6126/4410 6206/6127/4411 6126/6047/4339
f 6126/6047/4339 6206/6127/4411 6207/6128/4412 6127/6048/4340
f 6127/6048/4340 6207/6128/4412 6208/6129/4413 6128/6049/4341
f 6128/6049/4341 6208/6129/4413 6209/6130/4414 6129/6050/4342
f 6129/6050/4342 6209/6130/4414 6210/6131/4415 6130/6051/4343
f 6130/6051/4343 6210/6131/4415 6211/6132/4416 6131/6052/4344
f 6131/6052/4344 6211/6132/4416 6212/6133/4417 6132/6053/4345
f 6132/6053/4345 6212/6133/4417 6213/6134/4418 6133/6054/4346
f 6133/6054/4346 6213/6134/4418 6214/6135/4419 6134/6055/4347
f 6134/6055/4347 6214/6135/4419 6215/6136/4420 6135/6056/4348
f 6135/6056/4348 6215/6136/4420 6216/6137/4421 6136/6057/4349
f 6136/6057/4349 6216/6137/4421 6217/6138/4422 6137/6058/4350
f 6137/6058/4350 6217/6138/4422 6218/6139/4423 6138/6059/4351
f 6138/6059/4351 6218/6139/4423 6219/6140/2410 6139/6060/3
f 6139/6060/3 6219/6140/2410 6220/6141/3 6140/6061/3
f 6140/6061/3 6220/6141/3 6221/6142/3 6141/6062/3
f 6141/6062/3 6221/6142/3 6222/6143/3 6142/6063/4352
f 6142/6063/4352 6222/6143/3 6223/6144/4424 6143/6064/4353
f 6143/6064/4353 6223/6144/4424 6224/6145/4425 6144/6065/4354
f 6144/6065/4354 6224/6145/4425 6225/6146/4426 6145/6066/4355
f 6145/6066/4355 6225/6146/4426 6226/6147/4427 6146/6067/4356
f 6146/6067/4356 6226/6147/4427 6227/6148/4428 6147/6068/4357
f 6147/6068/4357 6227/6148/4428 6228/6149/4429 6148/6069/4358
f 6148/6069/4358 6228/6149/4429 6229/6150/4430 6149/6070/4359
f 6149/6070/4359 6229/6150/4430 6230/6151/4431 6150/6071/4360
f 6150/6071/4360 6230/6151/4431 6231/6152/4432 6151/6072/4361
f 6151/6072/4361 6231/6152/4432 6232/6153/4433 6152/6073/4362
f 6152/6073/4362 6232/6153/4433 6233/6154/4434 6153/6074/4363
f 6153/6074/4363 6233/6154/4434 6234/6155/4435 6154/6075/4364
f 6154/6075/4364 6234/6155/4435 6235/6156/4436 6155/6076/4365
f 6155/6076/4365 6235/6156/4436 6236/6157/4437 6156/6077/4366
f 6156/6077/4366 6236/6157/4437 6237/6158/4438 6157/6078/4367
f 6157/6078/4367 6237/6158/4438 6238/6159/4439 6158/6079/4368
f 6158/6079/4368 6238/6159/4439 6239/6160/4440 6159/6080/4369
f 6159/6080/4369 6239/6160/4440 6240/6161/4441 6160/6081/4370
f 6160/6081/4370 6240/6161/4441 6241/6162/4442 6161/6082/4371
f 6161/6082/4371 6241/6162/4442 6242/6163/1597 6162/6083/4372
f 6162/6083/4372 6242/6163/1597 6243/6164/3 6163/6084/3
f 6163/6084/3 6243/6164/3 6244/153/3 6164/151/3
f 158/6085/142 159/6165/143 6245/6166/4443 6165/6086/4373
f 6165/6086/4373 6245/6166/4443 6246/6167/4444 6166/6087/4374
f 6166/6087/4374 6246/6167/4444 6247/6168/4445 6167/6088/4375
f 6167/6088/4375 6247/6168/4445 6248/6169/4446 6168/6089/4376
f 6168/6089/4376 6248/6169/4446 6249/6170/4447 6169/6090/4377
f 6169/6090/4377 6249/6170/4447 6250/6171/4448 6170/6091/4378
f 6170/6091/4378 6250/6171/4448 6251/6172/4449 6171/6092/4379
f 6171/6092/4379 6251/6172/4449 6252/6173/4450 6172/6093/4380
f 6172/6093/4380 6252/6173/4450 6253/6174/4451 6173/6094/4381
f 6173/6094/4381 6253/6174/4451 6254/6175/4452 6174/6095/4382
f 6174/6095/4382 6254/6175/4452 6255/6176/4453 6175/6096/4383
f 6175/6096/4383 6255/6176/4453 6256/6177/4454 6176/6097/4384
f 6176/6097/4384 6256/6177/4454 6257/6178/4455 6177/6098/4385
f 6177/6098/4385 6257/6178/4455 6258/6179/4456 6178/6099/4386
f 6178/6099/4386 6258/6179/4456 6259/6180/4457 6179/6100/4387
f 6179/6100/4387 6259/6180/4457 6260/6181/3 6180/6101/1597
f 6180/6101/1597 6260/6181/3 6261/6182/3 6181/6102/3
f 6181/6102/3 6261/6182/3 6262/6183/3 6182/6103/3
f 6182/6103/3 6262/6183/3 6263/6184/2375 6183/6104/4388
f 6183/6104/4388 6263/6184/2375 6264/6185/4458 6184/6105/4389
f 6184/6105/4389 6264/6185/4458 6265/6186/4459 6185/6106/4390
f 6185/6106/4390 6265/6186/4459 6266/6187/4460 6186/6107/4391
f 6186/6107/4391 6266/6187/4460 6267/6188/4461 6187/6108/4392
f 6187/6108/4392 6267/6188/4461 6268/6189/4462 6188/6109/4393
f 6188/6109/4393 6268/6189/4462 6269/6190/4463 6189/6110/4394
f 6189/6110/4394 6269/6190/4463 6270/6191/4464 6190/6111/4395
f 6190/6111/4395 6270/6191/4464 6271/6192/4465 6191/6112/4396
f 6191/6112/4396 6271/6192/4465 6272/6193/4466 6192/6113/4397
f 6192/6113/4397 6272/6193/4466 6273/6194/4467 6193/6114/4398
f 6193/6114/4398 6273/6194/4467 6274/6195/4468 6194/6115/4399
f 6194/6115/4399 6274/6195/4468 6275/6196/4469 6195/6116/4400
f 6195/6116/4400 6275/6196/4469 6276/6197/4470 6196/6117/4401
f 6196/6117/4401 6276/6197/4470 6277/6198/4471 6197/6118/4402
f 6197/6118/4402 6277/6198/4471 6278/6199/4472 6198/6119/4403
f 6198/6119/4403 6278/6199/4472 6279/6200/4473 6199/6120/4404
f 6199/6120/4404 6279/6200/4473 6280/6201/4474 6200/6121/4405
f 6200/6121/4405 6280/6201/4474 6281/6202/4475 6201/6122/4406
f 6201/6122/4406 6281/6202/4475 6282/6203/4476 6202/6123/4407
f 6202/6123/4407 6282/6203/4476 6283/6204/4477 6203/6124/4408
f 6203/6124/4408 6283/6204/4477 6284/6205/4478 6204/6125/4409
f 6204/6125/4409 6284/6205/4478 6285/6206/4479 6205/6126/4410
f 6205/6126/4410 6285/6206/4479 6286/6207/4480 6206/6127/4411
f 6206/6127/4411 6286/6207/4480 6287/6208/4481 6207/6128/4412
f 6207/6128/4412 6287/6208/4481 6288/6209/4482 6208/6129/4413
f 6208/6129/4413 6288/6209/4482 6289/6210/4483 6209/6130/4414
f 6209/6130/4414 6289/6210/4483 6290/6211/4484 6210/6131/4415
f 6210/6131/4415 6290/6211/4484 6291/6212/4485 6211/6132/4416
f 6211/6132/4416 6291/6212/4485 6292/6213/4486 6212/6133/4417
f 6212/6133/4417 6292/6213/4486 6293/6214/4487 6213/6134/4418
f 6213/6134/4418 6293/6214/4487 6294/6215/4488 6214/6135/4419
f 6214/6135/4419 6294/6215/4488 6295/6216/4489 6215/6136/4420
f 6215/6136/4420 6295/6216/4489 6296/6217/4490 6216/6137/4421
f 6216/6137/4421 6296/6217/4490 6297/6218/4491 6217/6138/4422
f 6217/6138/4422 6297/6218/4491 6298/6219/4492 6218/6139/4423
f 6218/6139/4423 6298/6219/4492 6299/6220/4493 6219/6140/2410
f 6219/6140/2410 6299/6220/4493 6300/6221/3 6220/6141/3
f 6220/6141/3 6300/6221/3 6301/6222/3 6221/6142/3
f 6221/6142/3 6301/6222/3 6302/6223/3 6222/6143/3
f 6222/6143/3 6302/6223/3 6303/6224/3 6223/6144/4424
f 6223/6144/4424 6303/6224/3 6304/6225/3 6224/6145/4425
f 6224/6145/4425 6304/6225/3 6305/6226/3 6225/6146/4426
f 6225/6146/4426 6305/6226/3 6306/6227/3 6226/6147/4427
f 6226/6147/4427 6306/6227/3 6307/6228/3 6227/6148/4428
f 6227/6148/4428 6307/6228/3 6308/6229/3 6228/6149/4429
f 6228/6149/4429 6308/6229/3 6309/6230/3 6229/6150/4430
f 6229/6150/4430 6309/6230/3 6310/6231/3 6230/6151/4431
f 6230/6151/4431 6310/6231/3 6311/6232/3 6231/6152/4432
f 6231/6152/4432 6311/6232/3 6312/6233/4494 6232/6153/4433
f 6232/6153/4433 6312/6233/4494 6313/6234/4495 6233/6154/4434
f 6233/6154/4434 6313/6234/4495 6314/6235/4496 6234/6155/4435
f 6234/6155/4435 6314/6235/4496 6315/6236/4497 6235/6156/4436
f 6235/6156/4436 6315/6236/4497 6316/6237/4498 6236/6157/4437
f 6236/6157/4437 6316/6237/4498 6317/6238/4499 6237/6158/4438
f 6237/6158/4438 6317/6238/4499 6318/6239/4500 6238/6159/4439
f 6238/6159/4439 6318/6239/4500 6319/6240/4501 6239/6160/4440
f 6239/6160/4440 6319/6240/4501 6320/6241/4502 6240/6161/4441
f 6240/6161/4441 6320/6241/4502 6321/6242/739 6241/6162/4442
f 6241/6162/4442 6321/6242/739 6322/6243/3 6242/6163/1597
f 6242/6163/1597 6322/6243/3 6323/6244/3 6243/6164/3
f 6243/6164/3 6323/6244/3 6324/155/3 6244/153/3
f 159/6165/143 160/6245/144 6325/6246/4503 6245/6166/4443
f 6245/6166/4443 6325/6246/4503 6326/6247/4504 6246/6167/4444
f 6246/6167/4444 6326/6247/4504 6327/6248/4505 6247/6168/4445
f 6247/6168/4445 6327/6248/4505 6328/6249/4506 6248/6169/4446
f 6248/6169/4446 6328/6249/4506 6329/6250/4507 6249/6170/4447
f 6249/6170/4447 6329/6250/4507 6330/6251/4508 6250/6171/4448
f 6250/6171/4448 6330/6251/4508 6331/6252/4509 6251/6172/4449
f 6251/6172/4449 6331/6252/4509 6332/6253/4510 6252/6173/4450
f 6252/6173/4450 6332/6253/4510 6333/6254/4511 6253/6174/4451
f 6253/6174/4451 6333/6254/4511 6334/6255/4512 6254/6175/4452
f 6254/6175/4452 6334/6255/4512 6335/6256/4513 6255/6176/4453
f 6255/6176/4453 6335/6256/4513 6336/6257/4514 6256/6177/4454
f 6256/6177/4454 6336/6257/4514 6337/6258/4515 6257/6178/4455
f 6257/6178/4455 6337/6258/4515 6338/6259/4516 6258/6179/4456
f 6258/6179/4456 6338/6259/4516 6339/6260/4517 6259/6180/4457
f 6259/6180/4457 6339/6260/4517 6340/6261/3 6260/6181/3
f 6260/6181/3 6340/6261/3 6341/6262/3 6261/6182/3
f 6261/6182/3 6341/6262/3 6342/6263/3 6262/6183/3
f 6262/6183/3 6342/6263/3 6343/6264/3 6263/6184/2375
f 6263/6184/2375 6343/6264/3 6344/6265/4518 6264/6185/4458
f 6264/6185/4458 6344/6265/4518 6345/6266/4519 6265/6186/4459
f 6265/6186/4459 6345/6266/4519 6346/6267/4520 6266/6187/4460
f 6266/6187/4460 6346/6267/4520 6347/6268/4521 6267/6188/4461
f 6267/6188/4461 6347/6268/4521 6348/6269/4522 6268/6189/4462
f 6268/6189/4462 6348/6269/4522 6349/6270/4523 6269/6190/4463
f 6269/6190/4463 6349/6270/4523 6350/6271/4524 6270/6191/4464
f 6270/6191/4464 6350/6271/4524 6351/6272/4525 6271/6192/4465
f 6271/6192/4465 6351/6272/4525 6352/6273/4526 6272/6193/4466
f 6272/6193/4466 6352/6273/4526 6353/6274/4527 6273/6194/4467
f 6273/6194/4467 6353/6274/4527 6354/6275/4528 6274/6195/4468
f 6274/6195/4468 6354/6275/4528 6355/6276/4529 6275/6196/4469
f 6275/6196/4469 6355/6276/4529 6356/6277/4530 6276/6197/4470
f 6276/6197/4470 6356/6277/4530 6357/6278/4531 6277/6198/4471
f 6277/6198/4471 6357/6278/4531 6358/6279/4532 6278/6199/4472
f 6278/6199/4472 6358/6279/4532 6359/6280/4533 6279/6200/4473
f 6279/6200/4473 6359/6280/4533 6360/6281/4534 6280/6201/4474
f 6280/6201/4474 6360/6281/4534 6361/6282/4535 6281/6202/4475
f 6281/6202/4475 6361/6282/4535 6362/6283/4536 6282/6203/4476
f 6282/6203/4476 6362/6283/4536 6363/6284/4537 6283/6204/4477
f 6283/6204/4477 6363/6284/4537 6364/6285/4538 6284/6205/4478
f 6284/6205/4478 6364/6285/4538 6365/6286/4539 6285/6206/4479
f 6285/6206/4479 6365/6286/4539 6366/6287/4540 6286/6207/4480
f 6286/6207/4480 6366/6287/4540 6367/6288/4541 6287/6208/4481
f 6287/6208/4481 6367/6288/4541 6368/6289/4542 6288/6209/4482
f 6288/6209/4482 6368/6289/4542 6369/6290/4543 6289/6210/4483
f 6289/6210/4483 6369/6290/4543 6370/6291/4544 6290/6211/4484
f 6290/6211/4484 6370/6291/4544 6371/6292/4545 6291/6212/4485
f 6291/6212/4485 6371/6292/4545 6372/6293/4546 6292/6213/4486
f 6292/6213/4486 6372/6293/4546 6373/6294/4547 6293/6214/4487
f 6293/6214/4487 6373/6294/4547 6374/6295/4548 6294/6215/4488
f 6294/6215/4488 6374/6295/4548 6375/6296/4549 6295/6216/4489
f 6295/6216/4489 6375/6296/4549 6376/6297/4550 6296/6217/4490
f 6296/6217/4490 6376/6297/4550 6377/6298/4551 6297/6218/4491
f 6297/6218/4491 6377/6298/4551 6378/6299/4552 6298/6219/4492
f 6298/6219/4492 6378/6299/4552 6379/6300/4553 6299/6220/4493
f 6299/6220/4493 6379/6300/4553 6380/6301/3 6300/6221/3
f 6300/6221/3 6380/6301/3 6381/6302/3 6301/6222/3
f 6301/6222/3 6381/6302/3 6382/6303/3 6302/6223/3
f 6302/6223/3 6382/6303/3 6383/6304/3 6303/6224/3
f 6303/6224/3 6383/6304/3 6384/6305/3 6304/6225/3
f 6304/6225/3 6384/6305/3 6385/6306/3 6305/6226/3
f 6305/6226/3 6385/6306/3 6386/6307/3 6306/6227/3
f 6306/6227/3 6386/6307/3 6387/6308/3 6307/6228/3
f 6307/6228/3 6387/6308/3 6388/6309/3 6308/6229/3
f 6308/6229/3 6388/6309/3 6389/6310/3 6309/6230/3
f 6309/6230/3 6389/6310/3 6390/6311/3 6310/6231/3
f 6310/6231/3 6390/6311/3 6391/6312/3 6311/6232/3
f 6311/6232/3 6391/6312/3 6392/6313/3 6312/6233/4494
f 6312/6233/4494 6392/6313/3 6393/6314/163 6313/6234/4495
f 6313/6234/4495 6393/6314/163 6394/6315/4554 6314/6235/4496
f 6314/6235/4496 6394/6315/4554 6395/6316/4555 6315/6236/4497
f 6315/6236/4497 6395/6316/4555 6396/6317/4556 6316/6237/4498
f 6316/6237/4498 6396/6317/4556 6397/6318/4557 6317/6238/4499
f 6317/6238/4499 6397/6318/4557 6398/6319/4558 6318/6239/4500
f 6318/6239/4500 6398/6319/4558 6399/6320/4559 6319/6240/4501
f 6319/6240/4501 6399/6320/4559 6400/6321/3 6320/6241/4502
f 6320/6241/4502 6400/6321/3 6401/6322/3 6321/6242/739
f 6321/6242/739 6401/6322/3 6402/6323/3 6322/6243/3
f 6322/6243/3 6402/6323/3 6403/6324/3 6323/6244/3
f 6323/6244/3 6403/6324/3 6404/157/3 6324/155/3
f 160/6245/144 161/6325/145 6405/6326/4560 6325/6246/4503
f 6325/6246/4503 6405/6326/4560 6406/6327/4561 6326/6247/4504
f 6326/6247/4504 6406/6327/4561 6407/6328/4562 6327/6248/4505
f 6327/6248/4505 6407/6328/4562 6408/6329/4563 6328/6249/4506
f 6328/6249/4506 6408/6329/4563 6409/6330/4564 6329/6250/4507
f 6329/6250/4507 6409/6330/4564 6410/6331/4565 6330/6251/4508
f 6330/6251/4508 6410/6331/4565 6411/6332/4566 6331/6252/4509
f 6331/6252/4509 6411/6332/4566 6412/6333/4567 6332/6253/4510
f 6332/6253/4510 6412/6333/4567 6413/6334/4568 6333/6254/4511
f 6333/6254/4511 6413/6334/4568 6414/6335/4569 6334/6255/4512
f 6334/6255/4512 6414/6335/4569 6415/6336/4570 6335/6256/4513
f 6335/6256/4513 6415/6336/4570 6416/6337/4571 6336/6257/4514
f 6336/6257/4514 6416/6337/4571 6417/6338/4572 6337/6258/4515
f 6337/6258/4515 6417/6338/4572 6418/6339/4573 6338/6259/4516
f 6338/6259/4516 6418/6339/4573 6419/6340/739 6339/6260/4517
f 6339/6260/4517 6419/6340/739 6420/6341/3 6340/6261/3
f 6340/6261/3 6420/6341/3 6421/6342/3 6341/6262/3
f 6341/6262/3 6421/6342/3 6422/6343/3 6342/6263/3
f 6342/6263/3 6422/6343/3 6423/6344/3 6343/6264/3
f 6343/6264/3 6423/6344/3 6424/6345/3 6344/6265/4518
f 6344/6265/4518 6424/6345/3 6425/6346/4574 6345/6266/4519
f 6345/6266/4519 6425/6346/4574 6426/6347/4575 6346/6267/4520
f 6346/6267/4520 6426/6347/4575 6427/6348/4576 6347/6268/4521
f 6347/6268/4521 6427/6348/4576 6428/6349/4577 6348/6269/4522
f 6348/6269/4522 6428/6349/4577 6429/6350/4578 6349/6270/4523
f 6349/6270/4523 6429/6350/4578 6430/6351/4579 6350/6271/4524
f 6350/6271/4524 6430/6351/4579 6431/6352/4580 6351/6272/4525
f 6351/6272/4525 6431/6352/4580 6432/6353/4581 6352/6273/4526
f 6352/6273/4526 6432/6353/4581 6433/6354/4582 6353/6274/4527
f 6353/6274/4527 6433/6354/4582 6434/6355/4583 6354/6275/4528
f 6354/6275/4528 6434/6355/4583 6435/6356/4584 6355/6276/4529
f 6355/6276/4529 6435/6356/4584 6436/6357/4585 6356/6277/4530
f 6356/6277/4530 6436/6357/4585 6437/6358/4586 6357/6278/4531
f 6357/6278/4531 6437/6358/4586 6438/6359/4587 6358/6279/4532
f 6358/6279/4532 6438/6359/4587 6439/6360/4588 6359/6280/4533
f 6359/6280/4533 6439/6360/4588 6440/6361/4589 6360/6281/4534
f 6360/6281/4534 6440/6361/4589 6441/6362/4590 6361/6282/4535
f 6361/6282/4535 6441/6362/4590 6442/6363/4591 6362/6283/4536
f 6362/6283/4536 6442/6363/4591 6443/6364/4592 6363/6284/4537
f 6363/6284/4537 6443/6364/4592 6444/6365/4593 6364/6285/4538
f 6364/6285/4538 6444/6365/4593 6445/6366/4594 6365/6286/4539
f 6365/6286/4539 6445/6366/4594 6446/6367/4595 6366/6287/4540
f 6366/6287/4540 6446/6367/4595 6447/6368/4596 6367/6288/4541
f 6367/6288/4541 6447/6368/4596 6448/6369/4597 6368/6289/4542
f 6368/6289/4542 6448/6369/4597 6449/6370/4598 6369/6290/4543
f 6369/6290/4543 6449/6370/4598 6450/6371/4599 6370/6291/4544
f 6370/6291/4544 6450/6371/4599 6451/6372/4600 6371/6292/4545
f 6371/6292/4545 6451/6372/4600 6452/6373/4601 6372/6293/4546
f 6372/6293/4546 6452/6373/4601 6453/6374/4602 6373/6294/4547
f 6373/6294/4547 6453/6374/4602 6454/6375/4603 6374/6295/4548
f 6374/6295/4548 6454/6375/4603 6455/6376/4604 6375/6296/4549
f 6375/6296/4549 6455/6376/4604 6456/6377/4605 6376/6297/4550
f 6376/6297/4550 6456/6377/4605 6457/6378/4606 6377/6298/4551
f 6377/6298/4551 6457/6378/4606 6458/6379/4607 6378/6299/4552
f 6378/6299/4552 6458/6379/4607 6459/6380/4608 6379/6300/4553
f 6379/6300/4553 6459/6380/4608 6460/6381/3 6380/6301/3
f 6380/6301/3 6460/6381/3 6461/6382/3 6381/6302/3
f 6381/6302/3 6461/6382/3 6462/6383/3 6382/6303/3
f 6382/6303/3 6462/6383/3 6463/6384/3 6383/6304/3
f 6383/6304/3 6463/6384/3 6464/6385/3 6384/6305/3
f 6384/6305/3 6464/6385/3 6465/6386/3 6385/6306/3
f 6385/6306/3 6465/6386/3 6466/6387/3 6386/6307/3
f 6386/6307/3 6466/6387/3 6467/6388/3 6387/6308/3
f 6387/6308/3 6467/6388/3 6468/6389/3 6388/6309/3
f 6388/6309/3 6468/6389/3 6469/6390/3 6389/6310/3
f 6389/6310/3 6469/6390/3 6470/6391/3 6390/6311/3
f 6390/6311/3 6470/6391/3 6471/6392/3 6391/6312/3
f 6391/6312/3 6471/6392/3 6472/6393/3 6392/6313/3
f 6392/6313/3 6472/6393/3 6473/6394/3 6393/6314/163
f 6393/6314/163 6473/6394/3 6474/6395/3 6394/6315/4554
f 6394/6315/4554 6474/6395/3 6475/6396/3 6395/6316/4555
f 6395/6316/4555 6475/6396/3 6476/6397/3 6396/6317/4556
f 6396/6317/4556 6476/6397/3 6477/6398/3 6397/6318/4557
f 6397/6318/4557 6477/6398/3 6478/6399/3 6398/6319/4558
f 6398/6319/4558 6478/6399/3 6479/6400/3 6399/6320/4559
f 6399/6320/4559 6479/6400/3 6480/6401/3 6400/6321/3
f 6400/6321/3 6480/6401/3 6481/6402/3 6401/6322/3
f 6401/6322/3 6481/6402/3 6482/6403/3 6402/6323/3
f 6402/6323/3 6482/6403/3 6483/6404/3 6403/6324/3
f 6403/6324/3 6483/6404/3 6484/159/3 6404/157/3
f 161/6325/145 162/6405/146 6485/6406/4609 6405/6326/4560
f 6405/6326/4560 6485/6406/4609 6486/6407/4610 6406/6327/4561
f 6406/6327/4561 6486/6407/4610 6487/6408/4611 6407/6328/4562
f 6407/6328/4562 6487/6408/4611 6488/6409/4612 6408/6329/4563
f 6408/6329/4563 6488/6409/4612 6489/6410/4613 6409/6330/4564
f 6409/6330/4564 6489/6410/4613 6490/6411/4614 6410/6331/4565
f 6410/6331/4565 6490/6411/4614 6491/6412/4615 6411/6332/4566
f 6411/6332/4566 6491/6412/4615 6492/6413/4616 6412/6333/4567
f 6412/6333/4567 6492/6413/4616 6493/6414/4617 6413/6334/4568
f 6413/6334/4568 6493/6414/4617 6494/6415/4618 6414/6335/4569
f 6414/6335/4569 6494/6415/4618 6495/6416/4619 6415/6336/4570
f 6415/6336/4570 6495/6416/4619 6496/6417/4620 6416/6337/4571
f 6416/6337/4571 6496/6417/4620 6497/6418/4621 6417/6338/4572
f 6417/6338/4572 6497/6418/4621 6498/6419/4622 6418/6339/4573
f 6418/6339/4573 6498/6419/4622 6499/6420/3 6419/6340/739
f 6419/6340/739 6499/6420/3 6500/6421/3 6420/6341/3
f 6420/6341/3 6500/6421/3 6501/6422/3 6421/6342/3
f 6421/6342/3 6501/6422/3 6502/6423/3 6422/6343/3
f 6422/6343/3 6502/6423/3 6503/6424/3 6423/6344/3
f 6423/6344/3 6503/6424/3 6504/6425/3 6424/6345/3
f 6424/6345/3 6504/6425/3 6505/6426/163 6425/6346/4574
f 6425/6346/4574 6505/6426/163 6506/6427/4623 6426/6347/4575
f 6426/6347/4575 6506/6427/4623 6507/6428/4624 6427/6348/4576
f 6427/6348/4576 6507/6428/4624 6508/6429/4625 6428/6349/4577
f 6428/6349/4577 6508/6429/4625 6509/6430/4626 6429/6350/4578
f 6429/6350/4578 6509/6430/4626 6510/6431/4627 6430/6351/4579
f 6430/6351/4579 6510/6431/4627 6511/6432/4628 6431/6352/4580
f 6431/6352/4580 6511/6432/4628 6512/6433/4629 6432/6353/4581
f 6432/6353/4581 6512/6433/4629 6513/6434/4630 6433/6354/4582
f 6433/6354/4582 6513/6434/4630 6514/6435/4631 6434/6355/4583
f 6434/6355/4583 6514/6435/4631 6515/6436/4632 6435/6356/4584
f 6435/6356/4584 6515/6436/4632 6516/6437/4633 6436/6357/4585
f 6436/6357/4585 6516/6437/4633 6517/6438/4634 6437/6358/4586
f 6437/6358/4586 6517/6438/4634 6518/6439/4635 6438/6359/4587
f 6438/6359/4587 6518/6439/4635 6519/6440/4636 6439/6360/4588
f 6439/6360/4588 6519/6440/4636 6520/6441/4637 6440/6361/4589
f 6440/6361/4589 6520/6441/4637 6521/6442/4638 6441/6362/4590
f 6441/6362/4590 6521/6442/4638 6522/6443/4639 6442/6363/4591
f 6442/6363/4591 6522/6443/4639 6523/6444/4640 6443/6364/4592
f 6443/6364/4592 6523/6444/4640 6524/6445/4641 6444/6365/4593
f 6444/6365/4593 6524/6445/4641 6525/6446/4642 6445/6366/4594
f 6445/6366/4594 6525/6446/4642 6526/6447/4643 6446/6367/4595
f 6446/6367/4595 6526/6447/4643 6527/6448/4644 6447/6368/4596
f 6447/6368/4596 6527/6448/4644 6528/6449/4645 6448/6369/4597
f 6448/6369/4597 6528/6449/4645 6529/6450/4646 6449/6370/4598
f 6449/6370/4598 6529/6450/4646 6530/6451/4647 6450/6371/4599
f 6450/6371/4599 6530/6451/4647 6531/6452/4648 6451/6372/4600
f 6451/6372/4600 6531/6452/4648 6532/6453/4649 6452/6373/4601
f 6452/6373/4601 6532/6453/4649 6533/6454/4650 6453/6374/4602
f 6453/6374/4602 6533/6454/4650 6534/6455/4651 6454/6375/4603
f 6454/6375/4603 6534/6455/4651 6535/6456/4652 6455/6376/4604
f 6455/6376/4604 6535/6456/4652 6536/6457/4653 6456/6377/4605
f 6456/6377/4605 6536/6457/4653 6537/6458/4654 6457/6378/4606
f 6457/6378/4606 6537/6458/4654 6538/6459/4655 6458/6379/4607
f 6458/6379/4607 6538/6459/4655 6539/6460/4656 6459/6380/4608
f 6459/6380/4608 6539/6460/4656 6540/6461/3 6460/6381/3
f 6460/6381/3 6540/6461/3 6541/6462/3 6461/6382/3
f 6461/6382/3 6541/6462/3 6542/6463/3 6462/6383/3
f 6462/6383/3 6542/6463/3 6543/6464/3 6463/6384/3
f 6463/6384/3 6543/6464/3 6544/6465/3 6464/6385/3
f 6464/6385/3 6544/6465/3 6545/6466/3 6465/6386/3
f 6465/6386/3 6545/6466/3 6546/6467/3 6466/6387/3
f 6466/6387/3 6546/6467/3 6547/6468/3 6467/6388/3
f 6467/6388/3 6547/6468/3 6548/6469/3 6468/6389/3
f 6468/6389/3 6548/6469/3 6549/6470/3 6469/6390/3
f 6469/6390/3 6549/6470/3 6550/6471/3 6470/6391/3
f 6470/6391/3 6550/6471/3 6551/6472/3 6471/6392/3
f 6471/6392/3 6551/6472/3 6552/6473/3 6472/6393/3
f 6472/6393/3 6552/6473/3 6553/6474/3 6473/6394/3
f 6473/6394/3 6553/6474/3 6554/6475/3 6474/6395/3
f 6474/6395/3 6554/6475/3 6555/6476/3 6475/6396/3
f 6475/6396/3 6555/6476/3 6556/6477/3 6476/6397/3
f 6476/6397/3 6556/6477/3 6557/6478/3 6477/6398/3
f 6477/6398/3 6557/6478/3 6558/6479/3 6478/6399/3
f 6478/6399/3 6558/6479/3 6559/6480/3 6479/6400/3
f 6479/6400/3 6559/6480/3 6560/6481/3 6480/6401/3
f 6480/6401/3 6560/6481/3 6561/6482/3 6481/6402/3
f 6481/6402/3 6561/6482/3 6562/6483/3 6482/6403/3
f 6482/6403/3 6562/6483/3 6563/6484/3 6483/6404/3
f 6483/6404/3 6563/6484/3 6564/161/3 6484/159/3
f 162/6405/146 163/6485/147 6565/6486/4657 6485/6406/4609
f 6485/6406/4609 6565/6486/4657 6566/6487/4658 6486/6407/4610
f 6486/6407/4610 6566/6487/4658 6567/6488/4659 6487/6408/4611
f 6487/6408/4611 6567/6488/4659 6568/6489/4660 6488/6409/4612
f 6488/6409/4612 6568/6489/4660 6569/6490/4661 6489/6410/4613
f 6489/6410/4613 6569/6490/4661 6570/6491/4662 6490/6411/4614
f 6490/6411/4614 6570/6491/4662 6571/6492/4663 6491/6412/4615
f 6491/6412/4615 6571/6492/4663 6572/6493/4664 6492/6413/4616
f 6492/6413/4616 6572/6493/4664 6573/6494/4665 6493/6414/4617
f 6493/6414/4617 6573/6494/4665 6574/6495/4666 6494/6415/4618
f 6494/6415/4618 6574/6495/4666 6575/6496/4667 6495/6416/4619
f 6495/6416/4619 6575/6496/4667 6576/6497/4668 6496/6417/4620
f 6496/6417/4620 6576/6497/4668 6577/6498/4669 6497/6418/4621
f 6497/6418/4621 6577/6498/4669 6578/6499/4670 6498/6419/4622
f 6498/6419/4622 6578/6499/4670 6579/6500/3 6499/6420/3
f 6499/6420/3 6579/6500/3 6580/6501/3 6500/6421/3
f 6500/6421/3 6580/6501/3 6581/6502/3 6501/6422/3
f 6501/6422/3 6581/6502/3 6582/6503/3 6502/6423/3
f 6502/6423/3 6582/6503/3 6583/6504/3 6503/6424/3
f 6503/6424/3 6583/6504/3 6584/6505/3 6504/6425/3
f 6504/6425/3 6584/6505/3 6585/6506/3 6505/6426/163
f 6505/6426/163 6585/6506/3 6586/6507/163 6506/6427/4623
f 6506/6427/4623 6586/6507/163 6587/6508/4671 6507/6428/4624
f 6507/6428/4624 6587/6508/4671 6588/6509/4672 6508/6429/4625
f 6508/6429/4625 6588/6509/4672 6589/6510/4673 6509/6430/4626
f 6509/6430/4626 6589/6510/4673 6590/6511/4674 6510/6431/4627
f 6510/6431/4627 6590/6511/4674 6591/6512/4675 6511/6432/4628
f 6511/6432/4628 6591/6512/4675 6592/6513/4676 6512/6433/4629
f 6512/6433/4629 6592/6513/4676 6593/6514/4677 6513/6434/4630
f 6513/6434/4630 6593/6514/4677 6594/6515/4678 6514/6435/4631
f 6514/6435/4631 6594/6515/4678 6595/6516/4679 6515/6436/4632
f 6515/6436/4632 6595/6516/4679 6596/6517/4680 6516/6437/4633
f 6516/6437/4633 6596/6517/4680 6597/6518/4681 6517/6438/4634
f 6517/6438/4634 6597/6518/4681 6598/6519/4682 6518/6439/4635
f 6518/6439/4635 6598/6519/4682 6599/6520/4683 6519/6440/4636
f 6519/6440/4636 6599/6520/4683 6600/6521/4684 6520/6441/4637
f 6520/6441/4637 6600/6521/4684 6601/6522/4685 6521/6442/4638
f 6521/6442/4638 6601/6522/4685 6602/6523/4686 6522/6443/4639
f 6522/6443/4639 6602/6523/4686 6603/6524/4687 6523/6444/4640
f 6523/6444/4640 6603/6524/4687 6604/6525/4688 6524/6445/4641
f 6524/6445/4641 6604/6525/4688 6605/6526/4689 6525/6446/4642
f 6525/6446/4642 6605/6526/4689 6606/6527/4690 6526/6447/4643
f 6526/6447/4643 6606/6527/4690 6607/6528/4691 6527/6448/4644
f 6527/6448/4644 6607/6528/4691 6608/6529/4692 6528/6449/4645
f 6528/6449/4645 6608/6529/4692 6609/6530/4693 6529/6450/4646
f 6529/6450/4646 6609/6530/4693 6610/6531/4694 6530/6451/4647
f 6530/6451/4647 6610/6531/4694 6611/6532/4695 6531/6452/4648
f 6531/6452/4648 6611/6532/4695 6612/6533/4696 6532/6453/4649
f 6532/6453/4649 6612/6533/4696 6613/6534/4697 6533/6454/4650
f 6533/6454/4650 6613/6534/4697 6614/6535/4698 6534/6455/4651
f 6534/6455/4651 6614/6535/4698 6615/6536/4699 6535/6456/4652
f 6535/6456/4652 6615/6536/4699 6616/6537/4700 6536/6457/4653
f 6536/6457/4653 6616/6537/4700 6617/6538/4701 6537/6458/4654
f 6537/6458/4654 6617/6538/4701 6618/6539/4702 6538/6459/4655
f 6538/6459/4655 6618/6539/4702 6619/6540/4703 6539/6460/4656
f 6539/6460/4656 6619/6540/4703 6620/6541/3 6540/6461/3
f 6540/6461/3 6620/6541/3 6621/6542/3 6541/6462/3
f 6541/6462/3 6621/6542/3 6622/6543/3 6542/6463/3
f 6542/6463/3 6622/6543/3 6623/6544/3 6543/6464/3
f 6543/6464/3 6623/6544/3 6624/6545/3 6544/6465/3
f 6544/6465/3 6624/6545/3 6625/6546/3 6545/6466/3
f 6545/6466/3 6625/6546/3 6626/6547/3 6546/6467/3
f 6546/6467/3 6626/6547/3 6627/6548/3 6547/6468/3
f 6547/6468/3 6627/6548/3 6628/6549/3 6548/6469/3
f 6548/6469/3 6628/6549/3 6629/6550/3 6549/6470/3
f 6549/6470/3 6629/6550/3 6630/6551/3 6550/6471/3
f 6550/6471/3 6630/6551/3 6631/6552/3 6551/6472/3
f 6551/6472/3 6631/6552/3 6632/6553/3 6552/6473/3
f 6552/6473/3 6632/6553/3 6633/6554/3 6553/6474/3
f 6553/6474/3 6633/6554/3 6634/6555/3 6554/6475/3
f 6554/6475/3 6634/6555/3 6635/6556/3 6555/6476/3
f 6555/6476/3 6635/6556/3 6636/6557/3 6556/6477/3
f 6556/6477/3 6636/6557/3 6637/6558/3 6557/6478/3
f 6557/6478/3 6637/6558/3 6638/6559/3 6558/6479/3
f 6558/6479/3 6638/6559/3 6639/6560/3 6559/6480/3
f 6559/6480/3 6639/6560/3 6640/6561/3 6560/6481/3
f 6560/6481/3 6640/6561/3 6641/6562/3 6561/6482/3
f 6561/6482/3 6641/6562/3 6642/6563/3 6562/6483/3
f 6562/6483/3 6642/6563/3 6643/6564/3 6563/6484/3
f 6563/6484/3 6643/6564/3 6644/163/3 6564/161/3
f 163/6485/147 164/6565/148 6645/6566/4704 6565/6486/4657
f 6565/6486/4657 6645/6566/4704 6646/6567/4705 6566/6487/4658
f 6566/6487/4658 6646/6567/4705 6647/6568/4706 6567/6488/4659
f 6567/6488/4659 6647/6568/4706 6648/6569/4707 6568/6489/4660
f 6568/6489/4660 6648/6569/4707 6649/6570/4708 6569/6490/4661
f 6569/6490/4661 6649/6570/4708 6650/6571/4709 6570/6491/4662
f 6570/6491/4662 6650/6571/4709 6651/6572/4710 6571/6492/4663
f 6571/6492/4663 6651/6572/4710 6652/6573/4711 6572/6493/4664
f 6572/6493/4664 6652/6573/4711 6653/6574/4712 6573/6494/4665
f 6573/6494/4665 6653/6574/4712 6654/6575/4713 6574/6495/4666
f 6574/6495/4666 6654/6575/4713 6655/6576/4714 6575/6496/4667
f 6575/6496/4667 6655/6576/4714 6656/6577/4715 6576/6497/4668
f 6576/6497/4668 6656/6577/4715 6657/6578/4716 6577/6498/4669
f 6577/6498/4669 6657/6578/4716 6658/6579/4717 6578/6499/4670
f 6578/6499/4670 6658/6579/4717 6659/6580/3 6579/6500/3
f 6579/6500/3 6659/6580/3 6660/6581/3 6580/6501/3
f 6580/6501/3 6660/6581/3 6661/6582/3 6581/6502/3
f 6581/6502/3 6661/6582/3 6662/6583/3 6582/6503/3
f 6582/6503/3 6662/6583/3 6663/6584/3 6583/6504/3
f 6583/6504/3 6663/6584/3 6664/6585/3 6584/6505/3
f 6584/6505/3 6664/6585/3 6665/6586/3 6585/6506/3
f 6585/6506/3 6665/6586/3 6666/6587/3 6586/6507/163
f 6586/6507/163 6666/6587/3 6667/6588/3 6587/6508/4671
f 6587/6508/4671 6667/6588/3 6668/6589/4718 6588/6509/4672
f 6588/6509/4672 6668/6589/4718 6669/6590/4719 6589/6510/4673
f 6589/6510/4673 6669/6590/4719 6670/6591/4720 6590/6511/4674
f 6590/6511/4674 6670/6591/4720 6671/6592/4721 6591/6512/4675
f 6591/6512/4675 6671/6592/4721 6672/6593/4722 6592/6513/4676
f 6592/6513/4676 6672/6593/4722 6673/6594/4723 6593/6514/4677
f 6593/6514/4677 6673/6594/4723 6674/6595/4724 6594/6515/4678
f 6594/6515/4678 6674/6595/4724 6675/6596/4725 6595/6516/4679
f 6595/6516/4679 6675/6596/4725 6676/6597/4726 6596/6517/4680
f 6596/6517/4680 6676/6597/4726 6677/6598/4727 6597/6518/4681
f 6597/6518/4681 6677/6598/4727 6678/6599/4728 6598/6519/4682
f 6598/6519/4682 6678/6599/4728 6679/6600/4729 6599/6520/4683
f 6599/6520/4683 6679/6600/4729 6680/6601/4730 6600/6521/4684
f 6600/6521/4684 6680/6601/4730 6681/6602/4731 6601/6522/4685
f 6601/6522/4685 6681/6602/4731 6682/6603/4732 6602/6523/4686
f 6602/6523/4686 6682/6603/4732 6683/6604/4733 6603/6524/4687
f 6603/6524/4687 6683/6604/4733 6684/6605/4734 6604/6525/4688
f 6604/6525/4688 6684/6605/4734 6685/6606/4735 6605/6526/4689
f 6605/6526/4689 6685/6606/4735 6686/6607/4736 6606/6527/4690
f 6606/6527/4690 6686/6607/4736 6687/6608/4737 6607/6528/4691
f 6607/6528/4691 6687/6608/4737 6688/6609/4738 6608/6529/4692
f 6608/6529/4692 6688/6609/4738 6689/6610/4739 6609/6530/4693
f 6609/6530/4693 6689/6610/4739 6690/6611/4740 6610/6531/4694
f 6610/6531/4694 6690/6611/4740 6691/6612/4741 6611/6532/4695
f 6611/6532/4695 6691/6612/4741 6692/6613/4742 6612/6533/4696
f 6612/6533/4696 6692/6613/4742 6693/6614/4743 6613/6534/4697
f 6613/6534/4697 6693/6614/4743 6694/6615/4744 6614/6535/4698
f 6614/6535/4698 6694/6615/4744 6695/6616/4745 6615/6536/4699
f 6615/6536/4699 6695/6616/4745 6696/6617/4746 6616/6537/4700
f 6616/6537/4700 6696/6617/4746 6697/6618/4747 6617/6538/4701
f 6617/6538/4701 6697/6618/4747 6698/6619/4748 6618/6539/4702
f 6618/6539/4702 6698/6619/4748 6699/6620/4749 6619/6540/4703
f 6619/6540/4703 6699/6620/4749 6700/6621/3 6620/6541/3
f 6620/6541/3 6700/6621/3 6701/6622/3 6621/6542/3
f 6621/6542/3 6701/6622/3 6702/6623/3 6622/6543/3
f 6622/6543/3 6702/6623/3 6703/6624/3 6623/6544/3
f 6623/6544/3 6703/6624/3 6704/6625/3 6624/6545/3
f 6624/6545/3 6704/6625/3 6705/6626/3 6625/6546/3
f 6625/6546/3 6705/6626/3 6706/6627/3 6626/6547/3
f 6626/6547/3 6706/6627/3 6707/6628/3 6627/6548/3
f 6627/6548/3 6707/6628/3 6708/6629/3 6628/6549/3
f 6628/6549/3 6708/6629/3 6709/6630/3 6629/6550/3
f 6629/6550/3 6709/6630/3 6710/6631/3 6630/6551/3
f 6630/6551/3 6710/6631/3 6711/6632/3 6631/6552/3
f 6631/6552/3 6711/6632/3 6712/6633/3 6632/6553/3
f 6632/6553/3 6712/6633/3 6713/6634/3 6633/6554/3
f 6633/6554/3 6713/6634/3 6714/6635/3 6634/6555/3
f 6634/6555/3 6714/6635/3 6715/6636/3 6635/6556/3
f 6635/6556/3 6715/6636/3 6716/6637/3 6636/6557/3
f 6636/6557/3 6716/6637/3 6717/6638/3 6637/6558/3
f 6637/6558/3 6717/6638/3 6718/6639/3 6638/6559/3
f 6638/6559/3 6718/6639/3 6719/6640/3 6639/6560/3
f 6639/6560/3 6719/6640/3 6720/6641/3 6640/6561/3
f 6640/6561/3 6720/6641/3 6721/6642/3 6641/6562/3
f 6641/6562/3 6721/6642/3 6722/6643/3 6642/6563/3
f 6642/6563/3 6722/6643/3 6723/6644/3 6643/6564/3
f 6643/6564/3 6723/6644/3 6724/1/3 6644/163/3
f 164/6565/148 2/6645/2 165/6646/149 6645/6566/4704
f 6645/6566/4704 165/6646/149 166/6647/150 6646/6567/4705
f 6646/6567/4705 166/6647/150 167/6648/151 6647/6568/4706
f 6647/6568/4706 167/6648/151 168/6649/152 6648/6569/4707
f 6648/6569/4707 168/6649/152 169/6650/153 6649/6570/4708
f 6649/6570/4708 169/6650/153 170/6651/154 6650/6571/4709
f 6650/6571/4709 170/6651/154 171/6652/155 6651/6572/4710
f 6651/6572/4710 171/6652/155 172/6653/156 6652/6573/4711
f 6652/6573/4711 172/6653/156 173/6654/157 6653/6574/4712
f 6653/6574/4712 173/6654/157 174/6655/158 6654/6575/4713
f 6654/6575/4713 174/6655/158 175/6656/159 6655/6576/4714
f 6655/6576/4714 175/6656/159 176/6657/160 6656/6577/4715
f 6656/6577/4715 176/6657/160 177/6658/161 6657/6578/4716
f 6657/6578/4716 177/6658/161 178/6659/162 6658/6579/4717
f 6658/6579/4717 178/6659/162 179/6660/3 6659/6580/3
f 6659/6580/3 179/6660/3 180/6661/3 6660/6581/3
f 6660/6581/3 180/6661/3 181/6662/3 6661/6582/3
f 6661/6582/3 181/6662/3 182/6663/3 6662/6583/3
f 6662/6583/3 182/6663/3 183/6664/3 6663/6584/3
f 6663/6584/3 183/6664/3 184/6665/3 6664/6585/3
f 6664/6585/3 184/6665/3 185/6666/3 6665/6586/3
f 6665/6586/3 185/6666/3 186/6667/3 6666/6587/3
f 6666/6587/3 186/6667/3 187/6668/3 6667/6588/3
f 6667/6588/3 187/6668/3 188/6669/3 6668/6589/4718
f 6668/6589/4718 188/6669/3 189/6670/163 6669/6590/4719
f 6669/6590/4719 189/6670/163 190/6671/164 6670/6591/4720
f 6670/6591/4720 190/6671/164 191/6672/165 6671/6592/4721
f 6671/6592/4721 191/6672/165 192/6673/166 6672/6593/4722
f 6672/6593/4722 192/6673/166 193/6674/167 6673/6594/4723
f 6673/6594/4723 193/6674/167 194/6675/168 6674/6595/4724
f 6674/6595/4724 194/6675/168 195/6676/169 6675/6596/4725
f 6675/6596/4725 195/6676/169 196/6677/170 6676/6597/4726
f 6676/6597/4726 196/6677/170 197/6678/171 6677/6598/4727
f 6677/6598/4727 197/6678/171 198/6679/172 6678/6599/4728
f 6678/6599/4728 198/6679/172 199/6680/173 6679/6600/4729
f 6679/6600/4729 199/6680/173 200/6681/174 6680/6601/4730
f 6680/6601/4730 200/6681/174 201/6682/175 6681/6602/4731
f 6681/6602/4731 201/6682/175 202/6683/176 6682/6603/4732
f 6682/6603/4732 202/6683/176 203/6684/177 6683/6604/4733
f 6683/6604/4733 203/6684/177 204/6685/178 6684/6605/4734
f 6684/6605/4734 204/6685/178 205/6686/179 6685/6606/4735
f 6685/6606/4735 205/6686/179 206/6687/180 6686/6607/4736
f 6686/6607/4736 206/6687/180 207/6688/181 6687/6608/4737
f 6687/6608/4737 207/6688/181 208/6689/182 6688/6609/4738
f 6688/6609/4738 208/6689/182 209/6690/183 6689/6610/4739
f 6689/6610/4739 209/6690/183 210/6691/184 6690/6611/4740
f 6690/6611/4740 210/6691/184 211/6692/185 6691/6612/4741
f 6691/6612/4741 211/6692/185 212/6693/186 6692/6613/4742
f 6692/6613/4742 212/6693/186 213/6694/187 6693/6614/4743
f 6693/6614/4743 213/6694/187 214/6695/188 6694/6615/4744
f 6694/6615/4744 214/6695/188 215/6696/189 6695/6616/4745
f 6695/6616/4745 215/6696/189 216/6697/190 6696/6617/4746
f 6696/6617/4746 216/6697/190 217/6698/191 6697/6618/4747
f 6697/6618/4747 217/6698/191 218/6699/192 6698/6619/4748
f 6698/6619/4748 218/6699/192 219/6700/193 6699/6620/4749
f 6699/6620/4749 219/6700/193 220/6701/3 6700/6621/3
f 6700/6621/3 220/6701/3 221/6702/3 6701/6622/3
f 6701/6622/3 221/6702/3 222/6703/3 6702/6623/3
f 6702/6623/3 222/6703/3 223/6704/3 6703/6624/3
f 6703/6624/3 223/6704/3 224/6705/3 6704/6625/3
f 6704/6625/3 224/6705/3 225/6706/3 6705/6626/3
f 6705/6626/3 225/6706/3 226/6707/3 6706/6627/3
f 6706/6627/3 226/6707/3 227/6708/3 6707/6628/3
f 6707/6628/3 227/6708/3 228/6709/3 6708/6629/3
f 6708/6629/3 228/6709/3 229/6710/3 6709/6630/3
f 6709/6630/3 229/6710/3 230/6711/3 6710/6631/3
f 6710/6631/3 230/6711/3 231/6712/3 6711/6632/3
f 6711/6632/3 231/6712/3 232/6713/3 6712/6633/3
f 6712/6633/3 232/6713/3 233/6714/3 6713/6634/3
f 6713/6634/3 233/6714/3 234/6715/3 6714/6635/3
f 6714/6635/3 234/6715/3 235/6716/3 6715/6636/3
f 6715/6636/3 235/6716/3 236/6717/3 6716/6637/3
f 6716/6637/3 236/6717/3 237/6718/3 6717/6638/3
f 6717/6638/3 237/6718/3 238/6719/3 6718/6639/3
f 6718/6639/3 238/6719/3 239/6720/3 6719/6640/3
f 6719/6640/3 239/6720/3 240/6721/3 6720/6641/3
f 6720/6641/3 240/6721/3 241/6722/3 6721/6642/3
f 6721/6642/3 241/6722/3 242/6723/3 6722/6643/3
f 6722/6643/3 242/6723/3 243/6724/3 6723/6644/3
f 6723/6644/3 243/6724/3 244/2/3 6724/1/3
