# Blender 5.0.1
# www.blender.org
mtllib town.mtl
o obj1_mat1_0
v -5.572152 0.000000 0.558848
v -5.508871 0.000000 0.558848
v -5.508871 0.000000 0.622130
v -5.572152 0.000000 0.622130
v -5.780969 0.000000 -0.271307
v -5.780969 0.000000 0.290225
v -5.790461 0.000000 0.299717
v -5.790461 0.000000 -0.280799
v -5.502124 0.000000 -0.271307
v -5.780969 0.000000 -0.271307
v -5.790461 0.000000 -0.280799
v -5.492632 0.000000 -0.280799
v -5.780969 0.000000 0.290225
v -5.672643 0.000000 0.290225
v -5.672643 0.000000 0.299717
v -5.790461 0.000000 0.299717
v -5.588698 0.000000 0.290225
v -5.502124 0.000000 0.290225
v -5.492632 0.000000 0.299717
v -5.588698 0.000000 0.299717
v -5.502124 0.000000 0.290225
v -5.502124 0.000000 -0.271307
v -5.492632 0.000000 -0.280799
v -5.492632 0.000000 0.299717
v -3.995874 0.000000 0.945868
v -3.995874 0.000000 0.835237
v -3.980895 0.000000 0.835237
v -3.980895 0.000000 0.945868
v -3.995874 0.000000 1.056500
v -3.995874 0.000000 0.945868
v -3.980895 0.000000 0.945868
v -3.980895 0.000000 1.056500
v -5.491743 0.000000 0.475847
v -5.422030 0.000000 0.475847
v -5.422030 0.000000 0.548253
v -5.491743 0.000000 0.548253
v -7.122557 0.000000 1.223307
v -6.489738 0.000000 1.223307
v -6.489738 0.000000 0.590489
v -7.122557 0.000000 0.590489
v -7.122557 0.000000 1.856125
v -6.489738 0.000000 1.856125
v -6.489738 0.000000 1.223307
v -7.122557 0.000000 1.223307
v -5.224102 0.000000 -0.042329
v -4.591284 0.000000 -0.042329
v -4.591284 0.000000 -0.675148
v -5.224102 0.000000 -0.675148
v -4.591284 0.000000 -0.675148
v -3.958466 0.000000 -0.675148
v -3.958466 0.000000 -1.307966
v -4.591284 0.000000 -1.307966
v -4.591284 0.000000 -0.042329
v -3.958466 0.000000 -0.042329
v -3.958466 0.000000 -0.675148
v -4.591284 0.000000 -0.675148
v -5.224102 0.000000 -0.675148
v -4.591284 0.000000 -0.675148
v -4.591284 0.000000 -1.307966
v -5.224102 0.000000 -1.307966
v -6.489738 0.000000 -0.042329
v -5.856920 0.000000 -0.042329
v -5.856920 0.000000 -0.675148
v -6.489738 0.000000 -0.675148
v -5.856920 0.000000 -0.675148
v -5.224102 0.000000 -0.675148
v -5.224102 0.000000 -1.307966
v -5.856920 0.000000 -1.307966
v -5.856920 0.000000 -0.042329
v -5.224102 0.000000 -0.042329
v -5.224102 0.000000 -0.675148
v -5.856920 0.000000 -0.675148
v -6.489738 0.000000 -0.675148
v -5.856920 0.000000 -0.675148
v -5.856920 0.000000 -1.307966
v -6.489738 0.000000 -1.307966
v -4.591284 0.000000 0.590489
v -3.958466 0.000000 0.590489
v -3.958466 0.000000 -0.042329
v -4.591284 0.000000 -0.042329
v -4.591284 0.000000 1.223307
v -3.958466 0.000000 1.223307
v -3.958466 0.000000 0.590489
v -4.591284 0.000000 0.590489
v -5.224102 0.000000 0.590489
v -4.591284 0.000000 0.590489
v -4.591284 0.000000 -0.042329
v -5.224102 0.000000 -0.042329
v -6.489738 0.000000 1.223307
v -5.856920 0.000000 1.223307
v -5.856920 0.000000 0.590489
v -6.489738 0.000000 0.590489
v -5.856920 0.000000 0.590489
v -5.224102 0.000000 0.590489
v -5.224102 0.000000 -0.042329
v -5.856920 0.000000 -0.042329
v -6.489738 0.000000 0.590489
v -5.856920 0.000000 0.590489
v -5.856920 0.000000 -0.042329
v -6.489738 0.000000 -0.042329
v -5.224102 0.000000 2.488944
v -4.591284 0.000000 2.488944
v -4.591284 0.000000 1.856125
v -5.224102 0.000000 1.856125
v -4.591284 0.000000 1.856125
v -3.958466 0.000000 1.856125
v -3.958466 0.000000 1.223307
v -4.591284 0.000000 1.223307
v -4.591284 0.000000 2.488944
v -3.958466 0.000000 2.488944
v -3.958466 0.000000 1.856125
v -4.591284 0.000000 1.856125
v -5.224102 0.000000 1.856125
v -4.591284 0.000000 1.856125
v -4.591284 0.000000 1.223307
v -5.224102 0.000000 1.223307
v -6.489738 0.000000 2.488944
v -5.856920 0.000000 2.488944
v -5.856920 0.000000 1.856125
v -6.489738 0.000000 1.856125
v -5.856920 0.000000 1.856125
v -5.224102 0.000000 1.856125
v -5.224102 0.000000 1.223307
v -5.856920 0.000000 1.223307
v -5.856920 0.000000 2.488944
v -5.224102 0.000000 2.488944
v -5.224102 0.000000 1.856125
v -5.856920 0.000000 1.856125
v -6.489738 0.000000 1.856125
v -5.856920 0.000000 1.856125
v -5.856920 0.000000 1.223307
v -6.489738 0.000000 1.223307
v -5.856920 0.000000 1.223307
v -5.224102 0.000000 1.223307
v -5.224102 0.000000 0.590489
v -5.856920 0.000000 0.590489
v -5.224102 0.000000 1.223307
v -4.591284 0.000000 1.223307
v -4.591284 0.000000 0.590489
v -5.224102 0.000000 0.590489
v -7.122557 0.000000 -0.042329
v -6.489738 0.000000 -0.042329
v -6.489738 0.000000 -0.675148
v -7.122557 0.000000 -0.675148
v -7.122557 0.000000 0.590489
v -6.489738 0.000000 0.590489
v -6.489738 0.000000 -0.042329
v -7.122557 0.000000 -0.042329
v -7.755375 0.000000 0.432284
v -7.122557 0.000000 0.432284
v -7.122557 0.000000 -0.200534
v -7.755375 0.000000 -0.200534
v -7.755375 0.000000 -0.200534
v -7.122557 0.000000 -0.200534
v -7.122557 0.000000 -0.833352
v -7.755375 0.000000 -0.833352
v -7.122557 0.000000 -0.675148
v -6.489738 0.000000 -0.675148
v -6.489738 0.000000 -1.307966
v -7.122557 0.000000 -1.307966
v -7.755375 0.000000 -0.833352
v -7.122557 0.000000 -0.833352
v -7.122557 0.000000 -1.466170
v -7.755375 0.000000 -1.466170
v -7.122557 0.000000 -1.307966
v -6.489738 0.000000 -1.307966
v -6.489738 0.000000 -1.940784
v -7.122557 0.000000 -1.940784
v -6.489738 0.000000 -1.307966
v -5.856920 0.000000 -1.307966
v -5.856920 0.000000 -1.940784
v -6.489738 0.000000 -1.940784
v -5.856920 0.000000 -1.307966
v -5.224102 0.000000 -1.307966
v -5.224102 0.000000 -1.940784
v -5.856920 0.000000 -1.940784
v -5.224102 0.000000 -1.307966
v -4.591284 0.000000 -1.307966
v -4.591284 0.000000 -1.940784
v -5.224102 0.000000 -1.940784
v -4.591284 0.000000 -1.307966
v -3.958466 0.000000 -1.307966
v -3.958466 0.000000 -1.940784
v -4.591284 0.000000 -1.940784
v -6.960336 0.000000 0.968053
v -6.960336 0.000000 1.078683
v -6.975315 0.000000 1.078683
v -6.975315 0.000000 0.968053
v -6.960336 0.000000 0.857422
v -6.960336 0.000000 0.968053
v -6.975315 0.000000 0.968053
v -6.975315 0.000000 0.857423
v -8.388193 0.000000 0.432284
v -7.755375 0.000000 0.432284
v -7.755375 0.000000 -0.200534
v -8.388193 0.000000 -0.200534
v -8.388193 0.000000 -0.200534
v -7.755375 0.000000 -0.200534
v -7.755375 0.000000 -0.833352
v -8.388193 0.000000 -0.833352
v -8.388193 0.000000 -0.833352
v -7.755375 0.000000 -0.833352
v -7.755375 0.000000 -1.466170
v -8.388193 0.000000 -1.466170
v -6.115126 0.000000 1.352779
v -6.183911 0.000000 1.341455
v -6.172149 0.000000 1.270012
v -6.103364 0.000000 1.281336
v -5.032370 0.282535 0.233306
v -5.032370 0.282535 -0.078043
v -5.032370 0.418804 0.077631
v -5.019040 0.284067 0.250866
v -5.032370 0.282535 0.233306
v -5.019040 0.282535 0.233306
v -5.019040 0.282535 -0.078043
v -5.032370 0.282535 -0.078043
v -5.019040 0.284067 -0.095603
v -5.437336 0.418804 0.077631
v -5.437336 0.282535 -0.078043
v -5.437336 0.282535 0.233306
v -5.450667 0.282535 0.233306
v -5.437336 0.282535 0.233306
v -5.450667 0.284067 0.250866
v -5.450667 0.284067 -0.095603
v -5.437336 0.282535 -0.078043
v -5.450667 0.282535 -0.078043
v -5.032370 0.141993 -0.078043
v -5.437336 0.141993 -0.078043
v -5.437336 0.282535 -0.078043
v -5.032370 0.282535 -0.078043
v -5.437336 0.141993 -0.078043
v -5.032370 0.141993 -0.078043
v -5.050955 0.141993 -0.067635
v -5.418751 0.141993 -0.067635
v -5.032370 0.282535 -0.078043
v -5.437336 0.282535 -0.078043
v -5.450667 0.284067 -0.095603
v -5.019040 0.284067 -0.095603
v -5.450667 0.435708 0.077631
v -5.019040 0.435708 0.077631
v -5.019040 0.284067 -0.095603
v -5.450667 0.284067 -0.095603
v -5.418751 0.047734 -0.067635
v -5.418751 0.141993 -0.067635
v -5.050955 0.141993 -0.067635
v -5.050955 0.047734 -0.067635
v -5.418751 0.047734 -0.067635
v -5.050955 0.047734 -0.067635
v -5.041133 0.047734 -0.077457
v -5.428574 0.047734 -0.077457
v -5.428574 0.000000 -0.077457
v -5.428574 0.047734 -0.077457
v -5.041133 0.047734 -0.077457
v -5.041133 0.000000 -0.077457
v -5.437336 0.141993 0.233306
v -5.032370 0.141993 0.233306
v -5.032370 0.282535 0.233306
v -5.437336 0.282535 0.233306
v -5.032370 0.141993 0.233306
v -5.437336 0.141993 0.233306
v -5.418751 0.141993 0.222897
v -5.050955 0.141993 0.222897
v -5.437336 0.282535 0.233306
v -5.032370 0.282535 0.233306
v -5.019040 0.284067 0.250866
v -5.450667 0.284067 0.250866
v -5.019040 0.435708 0.077631
v -5.450667 0.435708 0.077631
v -5.450667 0.284067 0.250866
v -5.019040 0.284067 0.250866
v -5.340407 0.000000 0.222897
v -5.281072 0.000000 0.222897
v -5.281072 0.047734 0.222897
v -5.340407 0.047734 0.222897
v -5.050955 0.047734 0.222897
v -5.281072 0.047734 0.222897
v -5.281072 0.047734 0.232720
v -5.041133 0.047734 0.232720
v -5.281072 0.047734 0.222897
v -5.281072 0.000000 0.222897
v -5.281072 0.000000 0.232720
v -5.281072 0.047734 0.232720
v -5.281072 0.000000 0.232720
v -5.041133 0.000000 0.232720
v -5.041133 0.047734 0.232720
v -5.281072 0.047734 0.232720
v -5.340407 0.047734 0.222897
v -5.418751 0.047734 0.222897
v -5.428574 0.047734 0.232720
v -5.340407 0.047734 0.232720
v -5.340407 0.000000 0.222897
v -5.340407 0.047734 0.222897
v -5.340407 0.047734 0.232720
v -5.340407 0.000000 0.232720
v -5.340407 0.047734 0.232720
v -5.428574 0.047734 0.232720
v -5.428574 0.000000 0.232720
v -5.340407 0.000000 0.232720
v -5.032370 0.141993 0.233306
v -5.032370 0.141993 -0.078043
v -5.032370 0.141993 -0.078043
v -5.032370 0.141993 0.233306
v -5.050955 0.141993 0.222897
v -5.050955 0.141993 -0.067635
v -5.032370 0.418804 0.077631
v -5.019040 0.418804 0.077631
v -5.019040 0.418804 0.077631
v -5.019040 0.282535 -0.078043
v -5.019040 0.284067 -0.095603
v -5.019040 0.435708 0.077631
v -5.032370 0.418804 0.077631
v -5.019040 0.418804 0.077631
v -5.019040 0.282535 0.233306
v -5.019040 0.284067 0.250866
v -5.050955 0.047734 -0.067635
v -5.050955 0.141993 -0.067635
v -5.050955 0.141993 0.222897
v -5.050955 0.047734 0.222897
v -5.050955 0.047734 -0.067635
v -5.050955 0.047734 0.222897
v -5.041133 0.047734 0.232720
v -5.041133 0.047734 -0.077457
v -5.041133 0.000000 -0.077457
v -5.041133 0.047734 -0.077457
v -5.041133 0.047734 0.232720
v -5.041133 0.000000 0.232720
v -5.437336 0.141993 -0.078043
v -5.437336 0.141993 0.233306
v -5.437336 0.141993 0.233306
v -5.437336 0.141993 -0.078043
v -5.418751 0.141993 -0.067635
v -5.418751 0.141993 0.222897
v -5.437336 0.418804 0.077631
v -5.450667 0.418804 0.077631
v -5.450667 0.282535 -0.078043
v -5.450667 0.418804 0.077631
v -5.450667 0.435708 0.077631
v -5.450667 0.284067 -0.095603
v -5.437336 0.418804 0.077631
v -5.450667 0.418804 0.077631
v -5.450667 0.282535 0.233306
v -5.450667 0.284067 0.250866
v -5.418751 0.141993 -0.067635
v -5.418751 0.047734 -0.067635
v -5.418751 0.047734 0.222897
v -5.418751 0.141993 0.222897
v -5.418751 0.047734 0.222897
v -5.418751 0.047734 -0.067635
v -5.428574 0.047734 -0.077457
v -5.428574 0.047734 0.232720
v -5.428574 0.047734 -0.077457
v -5.428574 0.000000 -0.077457
v -5.428574 0.000000 0.232720
v -5.428574 0.047734 0.232720
v -5.418751 0.141993 0.222897
v -5.418751 0.047734 0.222897
v -5.050955 0.047734 0.222897
v -5.050955 0.141993 0.222897
v -4.792253 0.438750 0.459576
v -4.921448 0.265236 0.459576
v -4.659177 0.265236 0.459576
v -4.659177 0.265236 -0.078249
v -4.921448 0.265236 -0.078249
v -4.792253 0.438750 -0.078249
v -4.921448 0.128608 0.459576
v -4.863734 0.128608 0.459576
v -4.863734 0.128608 -0.078249
v -4.921448 0.128608 -0.078249
v -4.942946 0.262017 0.478074
v -4.921448 0.265236 0.459576
v -4.921448 0.265236 0.478074
v -4.659177 0.265236 0.478074
v -4.659177 0.265236 0.459576
v -4.637980 0.262332 0.478074
v -4.637980 0.262332 -0.096746
v -4.659177 0.265236 -0.078249
v -4.659177 0.265236 -0.096746
v -4.921448 0.265236 -0.096746
v -4.921448 0.265236 -0.078249
v -4.942946 0.262017 -0.096746
v -4.863734 0.128608 -0.078249
v -4.863734 0.128608 0.459576
v -4.921448 0.128608 0.459576
v -4.921448 0.128608 -0.078249
v -4.921448 0.265236 -0.078249
v -4.921448 0.128608 -0.078249
v -4.921448 0.128608 0.459576
v -4.921448 0.265236 0.459576
v -4.921448 0.265236 -0.078249
v -4.921448 0.265236 0.459576
v -4.942946 0.262017 0.478074
v -4.942946 0.262017 -0.096746
v -4.942946 0.262017 -0.096746
v -4.942946 0.262017 0.478074
v -4.792568 0.458121 0.478074
v -4.792568 0.458121 -0.096746
v -4.917053 0.001421 0.437758
v -4.900406 0.001421 0.437758
v -4.900406 0.131710 0.437758
v -4.917053 0.131710 0.437758
v -4.900406 0.001421 0.437758
v -4.900406 0.001421 0.421111
v -4.900406 0.131710 0.421111
v -4.900406 0.131710 0.437758
v -4.900406 0.001421 0.421111
v -4.917053 0.001421 0.421111
v -4.917053 0.131710 0.421111
v -4.900406 0.131710 0.421111
v -4.917053 0.001421 0.421111
v -4.917053 0.001421 0.437758
v -4.917053 0.131710 0.437758
v -4.917053 0.131710 0.421111
v -4.863734 0.047391 0.394611
v -4.863734 0.047391 0.329559
v -4.863734 0.000000 0.329559
v -4.863734 0.000000 0.394611
v -4.863734 0.047391 0.329559
v -4.863734 0.047391 -0.078249
v -4.870779 0.047391 -0.085294
v -4.870779 0.047391 0.329559
v -4.863734 0.000000 0.329559
v -4.863734 0.047391 0.329559
v -4.870779 0.047391 0.329559
v -4.870779 0.000000 0.329559
v -4.870779 0.047391 0.329559
v -4.870779 0.047391 -0.085294
v -4.870779 0.000000 -0.085294
v -4.870779 0.000000 0.329559
v -4.863734 0.047391 0.459576
v -4.863734 0.047391 0.394611
v -4.870779 0.047391 0.394611
v -4.870779 0.047391 0.466621
v -4.863734 0.047391 0.394611
v -4.863734 0.000000 0.394611
v -4.870779 0.000000 0.394611
v -4.870779 0.047391 0.394611
v -4.870779 0.000000 0.394611
v -4.870779 0.000000 0.466621
v -4.870779 0.047391 0.466621
v -4.870779 0.047391 0.394611
v -4.917053 0.001421 0.293798
v -4.900406 0.001421 0.293798
v -4.900406 0.131710 0.293798
v -4.917053 0.131710 0.293798
v -4.900406 0.001421 0.293798
v -4.900406 0.001421 0.277151
v -4.900406 0.131710 0.277151
v -4.900406 0.131710 0.293798
v -4.900406 0.001421 0.277151
v -4.917053 0.001421 0.277151
v -4.917053 0.131710 0.277151
v -4.900406 0.131710 0.277151
v -4.917053 0.001421 0.277151
v -4.917053 0.001421 0.293798
v -4.917053 0.131710 0.293798
v -4.917053 0.131710 0.277151
v -4.917053 0.001421 0.128142
v -4.900406 0.001421 0.128142
v -4.900406 0.131710 0.128142
v -4.917053 0.131710 0.128142
v -4.900406 0.001421 0.128142
v -4.900406 0.001421 0.111495
v -4.900406 0.131710 0.111495
v -4.900406 0.131710 0.128142
v -4.900406 0.001421 0.111495
v -4.917053 0.001421 0.111495
v -4.917053 0.131710 0.111495
v -4.900406 0.131710 0.111495
v -4.917053 0.001421 0.111495
v -4.917053 0.001421 0.128142
v -4.917053 0.131710 0.128142
v -4.917053 0.131710 0.111495
v -4.917053 0.001421 -0.029214
v -4.900406 0.001421 -0.029214
v -4.900406 0.131710 -0.029214
v -4.917053 0.131710 -0.029214
v -4.900406 0.001421 -0.029214
v -4.900406 0.001421 -0.045861
v -4.900406 0.131710 -0.045861
v -4.900406 0.131710 -0.029214
v -4.900406 0.001421 -0.045861
v -4.917053 0.001421 -0.045861
v -4.917053 0.131710 -0.045861
v -4.900406 0.131710 -0.045861
v -4.917053 0.001421 -0.045861
v -4.917053 0.001421 -0.029214
v -4.917053 0.131710 -0.029214
v -4.917053 0.131710 -0.045861
v -4.659177 0.128608 0.459576
v -4.659177 0.128608 -0.078249
v -4.659177 0.047391 0.459576
v -4.863734 0.047391 0.459576
v -4.659177 0.047391 -0.078249
v -4.863734 0.047391 -0.078249
v -4.659177 0.047391 0.459576
v -4.863734 0.047391 0.459576
v -4.870779 0.047391 0.466621
v -4.652132 0.047391 0.466621
v -4.652132 0.000000 0.466621
v -4.652132 0.047391 0.466621
v -4.870779 0.047391 0.466621
v -4.870779 0.000000 0.466621
v -4.863734 0.047391 -0.078249
v -4.659177 0.047391 -0.078249
v -4.652132 0.047391 -0.085294
v -4.870779 0.047391 -0.085294
v -4.652132 0.047391 -0.085294
v -4.652132 0.000000 -0.085294
v -4.870779 0.000000 -0.085294
v -4.870779 0.047391 -0.085294
v -4.792253 0.438750 -0.078249
v -4.792253 0.438750 -0.096746
v -4.659177 0.265236 -0.096746
v -4.792253 0.438750 -0.096746
v -4.792568 0.458121 -0.096746
v -4.637980 0.262332 -0.096746
v -4.792253 0.438750 0.459576
v -4.792253 0.438750 0.478074
v -4.792253 0.438750 0.478074
v -4.659177 0.265236 0.478074
v -4.637980 0.262332 0.478074
v -4.792568 0.458121 0.478074
v -4.792253 0.438750 0.459576
v -4.792253 0.438750 0.478074
v -4.921448 0.265236 0.478074
v -4.942946 0.262017 0.478074
v -4.792253 0.438750 -0.078249
v -4.792253 0.438750 -0.096746
v -4.921448 0.265236 -0.096746
v -4.942946 0.262017 -0.096746
v -4.659177 0.128608 -0.078249
v -4.659177 0.265236 -0.078249
v -4.659177 0.265236 0.459576
v -4.659177 0.128608 0.459576
v -4.659177 0.265236 0.459576
v -4.659177 0.265236 -0.078249
v -4.637980 0.262332 -0.096746
v -4.637980 0.262332 0.478074
v -4.637980 0.262332 0.478074
v -4.637980 0.262332 -0.096746
v -4.792568 0.458121 -0.096746
v -4.792568 0.458121 0.478074
v -4.659177 0.047391 -0.078249
v -4.659177 0.047391 0.459576
v -4.659177 0.047391 -0.078249
v -4.659177 0.047391 0.459576
v -4.652132 0.047391 0.466621
v -4.652132 0.047391 -0.085294
v -4.652132 0.000000 -0.085294
v -4.652132 0.047391 -0.085294
v -4.652132 0.047391 0.466621
v -4.652132 0.000000 0.466621
v -4.863734 0.128608 -0.078249
v -4.863734 0.047391 -0.078249
v -4.863734 0.047391 0.459576
v -4.863734 0.128608 0.459576
v -4.974899 0.489045 0.753537
v -4.701826 0.489045 0.753537
v -4.838363 0.747268 0.614312
v -4.838363 0.747268 0.614312
v -4.701826 0.489045 0.753537
v -4.701826 0.489045 0.475088
v -4.974899 0.489045 0.475088
v -4.974899 0.489045 0.753537
v -4.838363 0.747268 0.614312
v -4.838363 0.747268 0.614312
v -4.701826 0.489045 0.475088
v -4.974899 0.489045 0.475088
v -4.937865 0.334968 0.715691
v -4.738860 0.334968 0.715691
v -4.738860 0.425410 0.715691
v -4.937865 0.425410 0.715691
v -4.937865 0.334968 0.512934
v -4.937865 0.334968 0.715691
v -4.937865 0.425410 0.715691
v -4.937865 0.425410 0.512934
v -4.738860 0.334968 0.512934
v -4.937865 0.334968 0.512934
v -4.937865 0.425410 0.512934
v -4.738860 0.425410 0.512934
v -4.738860 0.334968 0.715691
v -4.738860 0.334968 0.512934
v -4.738860 0.425410 0.512934
v -4.738860 0.425410 0.715691
v -4.720412 0.478374 0.734545
v -4.956313 0.478374 0.734545
v -4.720412 0.478374 0.494080
v -4.720412 0.478374 0.734545
v -4.956313 0.478374 0.734545
v -4.956313 0.478374 0.494080
v -4.956313 0.478374 0.494080
v -4.720412 0.478374 0.494080
v -4.937865 0.000000 0.715691
v -4.738860 0.000000 0.715691
v -4.937865 0.000000 0.512934
v -4.937865 0.000000 0.715691
v -4.738860 0.000000 0.512934
v -4.937865 0.000000 0.512934
v -4.738860 0.000000 0.715691
v -4.738860 0.000000 0.512934
v -4.956313 0.478374 0.734545
v -4.720412 0.478374 0.734545
v -4.701826 0.489045 0.753537
v -4.974899 0.489045 0.753537
v -4.720412 0.478374 0.734545
v -4.720412 0.478374 0.494080
v -4.701826 0.489045 0.475088
v -4.701826 0.489045 0.753537
v -4.956313 0.478374 0.494080
v -4.956313 0.478374 0.734545
v -4.974899 0.489045 0.753537
v -4.974899 0.489045 0.475088
v -4.720412 0.478374 0.494080
v -4.956313 0.478374 0.494080
v -4.974899 0.489045 0.475088
v -4.701826 0.489045 0.475088
v -4.683443 0.381392 1.035037
v -4.951314 0.381392 1.035037
v -4.817379 0.524491 1.035037
v -5.216467 0.381392 1.317891
v -5.216467 0.381392 1.557223
v -5.216467 0.524491 1.437557
v -4.951314 0.381392 1.019444
v -4.951314 0.381392 1.035037
v -4.973599 0.377741 1.019444
v -4.661158 0.377741 1.019444
v -4.683443 0.381392 1.035037
v -4.683443 0.381392 1.019444
v -5.232610 0.381392 1.557223
v -5.216467 0.381392 1.557223
v -5.232610 0.376464 1.580638
v -5.232610 0.376464 1.294476
v -5.216467 0.381392 1.317891
v -5.232610 0.381392 1.317891
v -4.951314 0.000000 1.035037
v -4.958636 0.002277 1.319186
v -4.951314 0.381392 1.317891
v -4.951314 0.381392 1.035037
v -4.951314 0.381392 1.035037
v -4.951314 0.381392 1.317891
v -4.966807 0.384998 1.301612
v -4.973599 0.377741 1.019444
v -4.973599 0.377741 1.019444
v -4.966807 0.384998 1.301612
v -4.817381 0.544707 1.437495
v -4.817379 0.544650 1.019444
v -4.683443 0.000000 1.035037
v -4.951314 0.000000 1.035037
v -5.223789 0.002277 1.319186
v -5.223789 0.002277 1.558517
v -5.216467 0.524491 1.437557
v -5.232610 0.524491 1.437557
v -5.232610 0.381392 1.317891
v -5.232610 0.524491 1.437557
v -5.232610 0.547563 1.437557
v -5.232610 0.376464 1.294476
v -5.216467 0.524491 1.437557
v -5.232610 0.524491 1.437557
v -5.232610 0.381392 1.557223
v -5.232610 0.376464 1.580638
v -4.817379 0.524491 1.035037
v -4.817379 0.524491 1.019444
v -4.817379 0.524491 1.019444
v -4.951314 0.381392 1.019444
v -4.973599 0.377741 1.019444
v -4.817379 0.544650 1.019444
v -4.817379 0.524491 1.035037
v -4.817379 0.524491 1.019444
v -4.683443 0.381392 1.019444
v -4.661158 0.377741 1.019444
v -4.683443 0.000000 1.557223
v -4.683443 0.381392 1.557223
v -5.216467 0.381392 1.557223
v -5.223789 0.002277 1.558517
v -5.216467 0.381392 1.557223
v -4.683443 0.381392 1.557223
v -4.667949 0.384998 1.573502
v -5.232610 0.376464 1.580638
v -5.232610 0.376464 1.580638
v -4.667949 0.384998 1.573502
v -4.817381 0.544707 1.437495
v -5.232610 0.547563 1.437557
v -4.683443 0.000000 1.557223
v -4.683443 0.000000 1.035037
v -4.683443 0.381392 1.035037
v -4.683443 0.381392 1.557223
v -4.683443 0.381392 1.557223
v -4.683443 0.381392 1.035037
v -4.661158 0.377741 1.019444
v -4.667949 0.384998 1.573502
v -4.667949 0.384998 1.573502
v -4.661158 0.377741 1.019444
v -4.817379 0.544650 1.019444
v -4.817381 0.544707 1.437495
v -4.951314 0.381392 1.317891
v -4.958636 0.002277 1.319186
v -5.223789 0.002277 1.319186
v -5.216467 0.381392 1.317891
v -4.951314 0.381392 1.317891
v -5.216467 0.381392 1.317891
v -5.232610 0.376464 1.294476
v -4.966807 0.384998 1.301612
v -4.966807 0.384998 1.301612
v -5.232610 0.376464 1.294476
v -5.232610 0.547563 1.437557
v -4.817381 0.544707 1.437495
v -5.621339 0.575912 0.350277
v -5.732877 0.389367 0.350277
v -5.509802 0.389367 0.350277
v -5.509802 0.389367 -0.098948
v -5.732877 0.389367 -0.098948
v -5.621339 0.575912 -0.098948
v -5.732877 0.389367 -0.113684
v -5.732877 0.389367 -0.098948
v -5.757163 0.382748 -0.113684
v -5.757163 0.382748 0.365014
v -5.732877 0.389367 0.350277
v -5.732877 0.389367 0.365014
v -5.509802 0.389367 0.365014
v -5.509802 0.389367 0.350277
v -5.485516 0.382748 0.365014
v -5.485516 0.382748 -0.113684
v -5.509802 0.389367 -0.098948
v -5.509802 0.389367 -0.113684
v -5.732877 0.389367 -0.098948
v -5.732877 0.389367 0.350277
v -5.757163 0.382748 0.365014
v -5.757163 0.382748 -0.113684
v -5.757163 0.382748 -0.113684
v -5.757163 0.382748 0.365014
v -5.621339 0.609911 0.365014
v -5.621339 0.609911 -0.113684
v -5.732877 0.389367 -0.098948
v -5.732877 0.045832 -0.098948
v -5.732877 0.045832 0.350277
v -5.732877 0.389367 0.350277
v -5.732877 0.045832 0.350277
v -5.732877 0.045832 -0.098948
v -5.740471 0.045832 -0.106541
v -5.740471 0.045832 0.357871
v -5.740471 0.045832 -0.106541
v -5.740471 0.000000 -0.106541
v -5.740471 0.000000 0.357871
v -5.740471 0.045832 0.357871
v -5.621339 0.575912 -0.098948
v -5.621339 0.575912 -0.113684
v -5.509802 0.389367 -0.113684
v -5.621339 0.575912 -0.113684
v -5.621339 0.609911 -0.113684
v -5.485516 0.382748 -0.113684
v -5.621339 0.575912 0.350277
v -5.621339 0.575912 0.365014
v -5.621339 0.575912 0.365014
v -5.509802 0.389367 0.365014
v -5.485516 0.382748 0.365014
v -5.621339 0.609911 0.365014
v -5.621339 0.575912 0.350277
v -5.621339 0.575912 0.365014
v -5.732877 0.389367 0.365014
v -5.757163 0.382748 0.365014
v -5.621339 0.575912 -0.098948
v -5.621339 0.575912 -0.113684
v -5.732877 0.389367 -0.113684
v -5.757163 0.382748 -0.113684
v -5.732877 0.045832 -0.098948
v -5.509802 0.045832 -0.098948
v -5.579061 0.045832 0.350277
v -5.646216 0.045832 0.350277
v -5.646216 0.000000 0.350277
v -5.579061 0.000000 0.350277
v -5.732877 0.045832 -0.098948
v -5.509802 0.045832 -0.098948
v -5.502208 0.045832 -0.106541
v -5.740471 0.045832 -0.106541
v -5.740471 0.000000 -0.106541
v -5.740471 0.045832 -0.106541
v -5.502208 0.045832 -0.106541
v -5.502208 0.000000 -0.106541
v -5.646216 0.045832 0.350277
v -5.732877 0.045832 0.350277
v -5.740471 0.045832 0.357871
v -5.646216 0.045832 0.357871
v -5.646216 0.000000 0.350277
v -5.646216 0.045832 0.350277
v -5.646216 0.045832 0.357871
v -5.646216 0.000000 0.357871
v -5.646216 0.045832 0.357871
v -5.740471 0.045832 0.357871
v -5.740471 0.000000 0.357871
v -5.646216 0.000000 0.357871
v -5.509802 0.045832 0.350277
v -5.579061 0.045832 0.350277
v -5.579061 0.045832 0.357871
v -5.502208 0.045832 0.357871
v -5.579061 0.045832 0.350277
v -5.579061 0.000000 0.350277
v -5.579061 0.000000 0.357871
v -5.579061 0.045832 0.357871
v -5.579061 0.000000 0.357871
v -5.502208 0.000000 0.357871
v -5.502208 0.045832 0.357871
v -5.579061 0.045832 0.357871
v -5.509802 0.389367 0.350277
v -5.509802 0.389367 -0.098948
v -5.485516 0.382748 -0.113684
v -5.485516 0.382748 0.365014
v -5.485516 0.382748 0.365014
v -5.485516 0.382748 -0.113684
v -5.621339 0.609911 -0.113684
v -5.621339 0.609911 0.365014
v -5.509802 0.045832 -0.098948
v -5.509802 0.389367 -0.098948
v -5.509802 0.389367 0.350277
v -5.509802 0.045832 0.350277
v -5.509802 0.045832 -0.098948
v -5.509802 0.045832 0.350277
v -5.502208 0.045832 0.357871
v -5.502208 0.045832 -0.106541
v -5.502208 0.000000 -0.106541
v -5.502208 0.045832 -0.106541
v -5.502208 0.045832 0.357871
v -5.502208 0.000000 0.357871
v -5.732877 0.045832 0.350277
v -5.509802 0.045832 0.350277
v -5.904058 0.575912 0.350277
v -6.015595 0.389367 0.350277
v -5.792520 0.389367 0.350277
v -5.792520 0.389367 -0.098948
v -6.015595 0.389367 -0.098948
v -5.904058 0.575912 -0.098948
v -6.015595 0.389367 -0.113684
v -6.015595 0.389367 -0.098948
v -6.039881 0.382748 -0.113684
v -6.039881 0.382748 0.365014
v -6.015595 0.389367 0.350277
v -6.015595 0.389367 0.365014
v -5.792520 0.389367 0.365014
v -5.792520 0.389367 0.350277
v -5.768234 0.382748 0.365014
v -5.768234 0.382748 -0.113684
v -5.792520 0.389367 -0.098948
v -5.792520 0.389367 -0.113684
v -6.015595 0.389367 -0.098948
v -6.015595 0.389367 0.350277
v -6.039881 0.382748 0.365014
v -6.039881 0.382748 -0.113684
v -6.039881 0.382748 -0.113684
v -6.039881 0.382748 0.365014
v -5.904058 0.609911 0.365014
v -5.904058 0.609911 -0.113684
v -6.015595 0.045832 0.303118
v -6.015595 0.045832 -0.098948
v -6.023189 0.045832 -0.106541
v -6.023189 0.045832 0.310711
v -6.023189 0.045832 -0.106541
v -6.023189 0.000000 -0.106541
v -6.023189 0.000000 0.310711
v -6.023189 0.045832 0.310711
v -6.015595 0.211530 -0.098948
v -6.015595 0.045832 -0.098948
v -6.015595 0.045832 0.303118
v -6.015595 0.211530 0.303118
v -5.904058 0.575912 -0.098948
v -5.904058 0.575912 -0.113684
v -5.792520 0.389367 -0.113684
v -5.904058 0.575912 -0.113684
v -5.904058 0.609911 -0.113684
v -5.768234 0.382748 -0.113684
v -5.904058 0.575912 0.350277
v -5.904058 0.575912 0.365014
v -5.904058 0.575912 0.365014
v -5.792520 0.389367 0.365014
v -5.768234 0.382748 0.365014
v -5.904058 0.609911 0.365014
v -5.904058 0.575912 0.350277
v -5.904058 0.575912 0.365014
v -6.015595 0.389367 0.365014
v -6.039881 0.382748 0.365014
v -5.904058 0.575912 -0.098948
v -5.904058 0.575912 -0.113684
v -6.015595 0.389367 -0.113684
v -6.039881 0.382748 -0.113684
v -5.861779 0.045832 0.303118
v -5.928935 0.045832 0.303118
v -5.928935 0.000000 0.303118
v -5.861779 0.000000 0.303118
v -6.015595 0.045832 -0.098948
v -5.792520 0.045832 -0.098948
v -5.784926 0.045832 -0.106541
v -6.023189 0.045832 -0.106541
v -6.023189 0.000000 -0.106541
v -6.023189 0.045832 -0.106541
v -5.784926 0.045832 -0.106541
v -5.784926 0.000000 -0.106541
v -5.928935 0.045832 0.303118
v -6.015595 0.045832 0.303118
v -6.023189 0.045832 0.310711
v -5.928935 0.045832 0.310711
v -5.928935 0.000000 0.303118
v -5.928935 0.045832 0.303118
v -5.928935 0.045832 0.310711
v -5.928935 0.000000 0.310711
v -5.928935 0.045832 0.310711
v -6.023189 0.045832 0.310711
v -6.023189 0.000000 0.310711
v -5.928935 0.000000 0.310711
v -5.792520 0.045832 0.303118
v -5.861779 0.045832 0.303118
v -5.861779 0.045832 0.310711
v -5.784926 0.045832 0.310711
v -5.861779 0.045832 0.303118
v -5.861779 0.000000 0.303118
v -5.861779 0.000000 0.310711
v -5.861779 0.045832 0.310711
v -5.861779 0.000000 0.310711
v -5.784926 0.000000 0.310711
v -5.784926 0.045832 0.310711
v -5.861779 0.045832 0.310711
v -5.792520 0.211530 -0.098948
v -6.015595 0.211530 -0.098948
v -5.792520 0.045832 -0.098948
v -6.015595 0.045832 -0.098948
v -5.792520 0.211530 0.350277
v -6.015595 0.211530 0.350277
v -5.792520 0.211530 0.350277
v -6.015595 0.211530 0.350277
v -6.015595 0.211530 0.303118
v -5.792520 0.211530 0.303118
v -5.792520 0.389367 0.350277
v -5.792520 0.389367 -0.098948
v -5.768234 0.382748 -0.113684
v -5.768234 0.382748 0.365014
v -5.768234 0.382748 0.365014
v -5.768234 0.382748 -0.113684
v -5.904058 0.609911 -0.113684
v -5.904058 0.609911 0.365014
v -5.792520 0.045832 -0.098948
v -5.792520 0.045832 0.303118
v -5.784926 0.045832 0.310711
v -5.784926 0.045832 -0.106541
v -5.784926 0.000000 -0.106541
v -5.784926 0.045832 -0.106541
v -5.784926 0.045832 0.310711
v -5.784926 0.000000 0.310711
v -5.792520 0.211530 0.303118
v -5.792520 0.045832 0.303118
v -5.792520 0.045832 -0.098948
v -5.792520 0.211530 -0.098948
v -6.015595 0.211530 0.350277
v -6.015595 0.389367 0.350277
v -6.015595 0.389367 -0.098948
v -6.015595 0.211530 0.303118
v -6.015595 0.045832 0.303118
v -5.792520 0.045832 0.303118
v -5.792520 0.211530 0.303118
v -5.792520 0.389367 -0.098948
v -5.792520 0.389367 0.350277
v -5.792520 0.211530 0.350277
v -5.302021 0.404291 1.558497
v -5.302021 0.253912 1.702245
v -5.302021 0.253912 1.411004
v -5.968678 0.253912 1.411004
v -5.968678 0.253912 1.702245
v -5.968678 0.404291 1.558497
v -5.282782 0.253912 1.411004
v -5.302021 0.253912 1.411004
v -5.282782 0.253832 1.377947
v -5.987917 0.253832 1.377947
v -5.968678 0.253912 1.411004
v -5.987917 0.253912 1.411004
v -5.987917 0.253912 1.702245
v -5.968678 0.253912 1.702245
v -5.987917 0.253832 1.735302
v -5.282782 0.253832 1.735302
v -5.302021 0.253912 1.702245
v -5.282782 0.253912 1.702245
v -5.479087 0.253912 1.189857
v -5.799648 0.253912 1.189857
v -5.639368 0.404291 1.189857
v -5.459857 0.253923 1.170619
v -5.479087 0.253912 1.189857
v -5.479087 0.253912 1.170619
v -5.799648 0.253912 1.170619
v -5.799648 0.253912 1.189857
v -5.818879 0.253923 1.170619
v -5.639368 0.428925 1.558805
v -5.987917 0.253832 1.735302
v -5.282782 0.253832 1.735302
v -5.987917 0.429014 1.558497
v -5.282782 0.429014 1.558497
v -5.479087 0.000000 1.411004
v -5.479087 0.000000 1.189857
v -5.479087 0.253912 1.189857
v -5.479087 0.253912 1.411004
v -5.479087 0.253912 1.411004
v -5.479087 0.253912 1.189857
v -5.459857 0.253923 1.170619
v -5.465029 0.254025 1.386838
v -5.465029 0.254025 1.386838
v -5.459857 0.253923 1.170619
v -5.639368 0.428765 1.170619
v -5.639368 0.428925 1.558805
v -5.968678 0.000000 1.411004
v -5.968678 0.000000 1.702245
v -5.302021 0.000000 1.702245
v -5.302021 0.000000 1.411004
v -5.968678 0.404291 1.558497
v -5.987917 0.404291 1.558497
v -5.987917 0.253912 1.411004
v -5.987917 0.404291 1.558497
v -5.987917 0.429014 1.558497
v -5.987917 0.253832 1.377947
v -5.302021 0.404291 1.558497
v -5.282782 0.404291 1.558497
v -5.282782 0.404291 1.558497
v -5.282782 0.253912 1.411004
v -5.282782 0.253832 1.377947
v -5.282782 0.429014 1.558497
v -5.968678 0.404291 1.558497
v -5.987917 0.404291 1.558497
v -5.987917 0.253912 1.702245
v -5.987917 0.253832 1.735302
v -5.302021 0.404291 1.558497
v -5.282782 0.404291 1.558497
v -5.282782 0.253912 1.702245
v -5.282782 0.253832 1.735302
v -5.479087 0.000000 1.189857
v -5.799648 0.000000 1.189857
v -5.639368 0.404291 1.189857
v -5.639368 0.404291 1.170619
v -5.639368 0.404291 1.170619
v -5.799648 0.253912 1.170619
v -5.818879 0.253923 1.170619
v -5.639368 0.428765 1.170619
v -5.639368 0.404291 1.189857
v -5.639368 0.404291 1.170619
v -5.479087 0.253912 1.170619
v -5.459857 0.253923 1.170619
v -5.968678 0.000000 1.702245
v -5.302021 0.000000 1.702245
v -5.302021 0.253912 1.702245
v -5.968678 0.253912 1.702245
v -5.968678 0.253912 1.702245
v -5.302021 0.253912 1.702245
v -5.282782 0.253832 1.735302
v -5.987917 0.253832 1.735302
v -5.799648 0.253912 1.411004
v -5.799648 0.000000 1.411004
v -5.968678 0.000000 1.411004
v -5.968678 0.253912 1.411004
v -5.479087 0.000000 1.411004
v -5.479087 0.253912 1.411004
v -5.302021 0.253912 1.411004
v -5.302021 0.000000 1.411004
v -5.799648 0.253912 1.411004
v -5.968678 0.253912 1.411004
v -5.987917 0.253832 1.377947
v -5.813706 0.254025 1.386838
v -5.813706 0.254025 1.386838
v -5.987917 0.253832 1.377947
v -5.987917 0.429014 1.558497
v -5.639368 0.428925 1.558805
v -5.302021 0.253912 1.411004
v -5.479087 0.253912 1.411004
v -5.465029 0.254025 1.386838
v -5.282782 0.253832 1.377947
v -5.282782 0.253832 1.377947
v -5.465029 0.254025 1.386838
v -5.639368 0.428925 1.558805
v -5.282782 0.429014 1.558497
v -5.799648 0.253912 1.411004
v -5.799648 0.253912 1.189857
v -5.799648 0.000000 1.189857
v -5.799648 0.000000 1.411004
v -5.799648 0.253912 1.189857
v -5.799648 0.253912 1.411004
v -5.813706 0.254025 1.386838
v -5.818879 0.253923 1.170619
v -5.818879 0.253923 1.170619
v -5.813706 0.254025 1.386838
v -5.639368 0.428925 1.558805
v -5.639368 0.428765 1.170619
v -5.594653 0.536891 -0.431219
v -5.594653 0.339875 -0.657512
v -5.594653 0.339875 -0.204927
v -4.867352 0.339875 -0.204927
v -4.867352 0.339875 -0.657512
v -4.867352 0.536891 -0.431219
v -4.850714 0.339875 -0.657512
v -4.867352 0.339875 -0.657512
v -4.850715 0.340230 -0.675194
v -4.850715 0.340230 -0.187245
v -4.867352 0.339875 -0.204927
v -4.850714 0.339875 -0.204927
v -5.611291 0.339875 -0.204927
v -5.594653 0.339875 -0.204927
v -5.611291 0.340230 -0.187245
v -5.611291 0.340230 -0.675194
v -5.594653 0.339875 -0.657512
v -5.611291 0.339875 -0.657512
v -5.594653 0.000000 -0.204927
v -4.867352 0.000000 -0.204927
v -4.867352 0.339875 -0.204927
v -5.594653 0.339875 -0.204927
v -5.594653 0.339875 -0.204927
v -4.867352 0.339875 -0.204927
v -4.850715 0.340230 -0.187245
v -5.611291 0.340230 -0.187245
v -5.611291 0.340230 -0.187245
v -4.850715 0.340230 -0.187245
v -4.850715 0.552640 -0.431219
v -5.611291 0.552640 -0.431220
v -4.867352 0.000000 -0.204927
v -4.867352 0.000000 -0.657512
v -5.594653 0.000000 -0.657512
v -5.594653 0.000000 -0.204927
v -4.867352 0.536891 -0.431219
v -4.850715 0.536891 -0.431219
v -4.850714 0.339875 -0.204927
v -4.850715 0.536891 -0.431219
v -4.850715 0.552640 -0.431219
v -4.850715 0.340230 -0.187245
v -5.594653 0.536891 -0.431219
v -5.611291 0.536891 -0.431220
v -5.611291 0.536891 -0.431220
v -5.611291 0.339875 -0.204927
v -5.611291 0.340230 -0.187245
v -5.611291 0.552640 -0.431220
v -5.594653 0.536891 -0.431219
v -5.611291 0.536891 -0.431220
v -5.611291 0.339875 -0.657512
v -5.611291 0.340230 -0.675194
v -4.867352 0.536891 -0.431219
v -4.850715 0.536891 -0.431219
v -4.850714 0.339875 -0.657512
v -4.850715 0.340230 -0.675194
v -4.867352 0.000000 -0.657512
v -5.594653 0.000000 -0.657512
v -5.594653 0.339875 -0.657512
v -4.867352 0.339875 -0.657512
v -4.867352 0.339875 -0.657512
v -5.594653 0.339875 -0.657512
v -5.611291 0.340230 -0.675194
v -4.850715 0.340230 -0.675194
v -4.850715 0.340230 -0.675194
v -5.611291 0.340230 -0.675194
v -5.611291 0.552640 -0.431220
v -4.850715 0.552640 -0.431219
v -6.250422 0.142571 0.229687
v -6.250422 0.142571 -0.078237
v -6.250422 0.273165 0.075725
v -6.655388 0.273165 0.075725
v -6.655388 0.142571 -0.078237
v -6.655388 0.142571 0.229687
v -6.668718 0.142571 0.229687
v -6.655388 0.142571 0.229687
v -6.668718 0.144039 0.247054
v -6.237091 0.144039 0.247054
v -6.250422 0.142571 0.229687
v -6.237091 0.142571 0.229687
v -6.237091 0.142571 -0.078237
v -6.250422 0.142571 -0.078237
v -6.237091 0.144039 -0.095603
v -6.668718 0.144039 -0.095603
v -6.655388 0.142571 -0.078237
v -6.668718 0.142571 -0.078237
v -6.655388 0.000000 0.229687
v -6.250422 0.000000 0.229687
v -6.250422 0.142571 0.229687
v -6.655388 0.142571 0.229687
v -6.655388 0.142571 0.229687
v -6.250422 0.142571 0.229687
v -6.237091 0.144039 0.247054
v -6.668718 0.144039 0.247054
v -6.237091 0.289364 0.075725
v -6.668718 0.289364 0.075725
v -6.668718 0.144039 0.247054
v -6.237091 0.144039 0.247054
v -6.250422 0.000000 0.229687
v -6.250422 0.000000 -0.078237
v -6.655388 0.000000 -0.078237
v -6.655388 0.000000 0.229687
v -6.250422 0.273165 0.075725
v -6.237091 0.273165 0.075725
v -6.237091 0.273165 0.075725
v -6.237091 0.142571 -0.078237
v -6.237091 0.144039 -0.095603
v -6.237091 0.289364 0.075725
v -6.655388 0.273165 0.075725
v -6.668718 0.273165 0.075725
v -6.668718 0.142571 -0.078237
v -6.668718 0.273165 0.075725
v -6.668718 0.289364 0.075725
v -6.668718 0.144039 -0.095603
v -6.655388 0.273165 0.075725
v -6.668718 0.273165 0.075725
v -6.668718 0.142571 0.229687
v -6.668718 0.144039 0.247054
v -6.250422 0.273165 0.075725
v -6.237091 0.273165 0.075725
v -6.237091 0.142571 0.229687
v -6.237091 0.144039 0.247054
v -6.250422 0.000000 -0.078237
v -6.655388 0.000000 -0.078237
v -6.655388 0.142571 -0.078237
v -6.250422 0.142571 -0.078237
v -6.250422 0.142571 -0.078237
v -6.655388 0.142571 -0.078237
v -6.668718 0.144039 -0.095603
v -6.237091 0.144039 -0.095603
v -6.668718 0.289364 0.075725
v -6.237091 0.289364 0.075725
v -6.237091 0.144039 -0.095603
v -6.668718 0.144039 -0.095603
v -5.324330 0.000000 1.182023
v -5.104264 0.183566 1.182023
v -5.104264 0.000000 1.182023
v -5.104264 0.000000 1.312704
v -5.104264 0.183566 1.312704
v -5.324330 0.000000 1.312704
v -5.324330 0.000000 1.312704
v -5.104264 0.183566 1.312704
v -5.104264 0.183566 1.182023
v -5.324330 0.000000 1.182023
v -4.956705 0.183566 1.312704
v -4.956705 0.183566 1.182023
v -4.956705 0.000000 1.182023
v -4.956705 0.183566 1.182023
v -4.956705 0.000000 1.312704
v -4.956705 0.183566 1.312704
v -4.956705 0.000000 1.312704
v -4.956705 0.000000 1.182023
v -4.956705 0.183566 1.182023
v -4.956705 0.183566 1.312704
v -6.009760 0.238881 -0.098030
v -6.193713 0.173130 -0.098030
v -6.199004 0.187932 -0.098030
v -6.015051 0.253684 -0.098030
v -6.193713 0.173130 0.209149
v -6.009760 0.238881 0.209149
v -6.015051 0.253684 0.209149
v -6.199004 0.187932 0.209149
v -6.193713 0.173130 -0.098030
v -6.193713 0.173130 0.209149
v -6.199004 0.187932 0.209149
v -6.199004 0.187932 -0.098030
v -6.199004 0.187932 0.209149
v -6.015051 0.253684 0.209149
v -6.015051 0.253684 -0.098030
v -6.199004 0.187932 -0.098030
v -6.157965 0.000000 -0.088336
v -6.175094 0.000000 -0.088336
v -6.175094 0.185407 -0.088336
v -6.157965 0.185407 -0.088336
v -6.157965 0.000000 0.189596
v -6.157965 0.000000 -0.088336
v -6.157965 0.185407 -0.088336
v -6.157965 0.185407 0.189596
v -6.175094 0.000000 0.189596
v -6.157965 0.000000 0.189596
v -6.157965 0.185407 0.189596
v -6.175094 0.185407 0.189596
v -6.175094 0.000000 -0.088336
v -6.175094 0.000000 0.189596
v -6.175094 0.185407 0.189596
v -6.175094 0.185407 -0.088336
v -6.009760 0.238881 0.209149
v -6.193713 0.173130 0.209149
v -6.193713 0.173130 -0.098030
v -6.009760 0.238881 -0.098030
v -5.440150 0.253683 -0.864260
v -5.332857 0.135287 -0.864260
v -5.547444 0.135287 -0.864260
v -5.547444 0.135287 -0.877458
v -5.547444 0.135287 -0.864260
v -5.559547 0.136618 -0.877458
v -5.320754 0.136618 -0.877458
v -5.332857 0.135287 -0.864260
v -5.332857 0.135287 -0.877458
v -5.332857 0.000000 -0.656735
v -5.332857 0.000000 -0.864260
v -5.332857 0.135287 -0.864260
v -5.332857 0.135287 -0.656735
v -5.332857 0.135287 -0.656735
v -5.332857 0.135287 -0.864260
v -5.320754 0.136618 -0.877458
v -5.320754 0.136618 -0.656735
v -5.440150 0.268369 -0.877458
v -5.440150 0.268369 -0.656735
v -5.320754 0.136618 -0.656735
v -5.320754 0.136618 -0.877458
v -5.332857 0.000000 -0.864260
v -5.547444 0.000000 -0.864260
v -5.440150 0.253683 -0.864260
v -5.440150 0.253683 -0.877458
v -5.332857 0.135287 -0.877458
v -5.440150 0.253683 -0.877458
v -5.440150 0.268369 -0.877458
v -5.320754 0.136618 -0.877458
v -5.440150 0.253683 -0.864260
v -5.440150 0.253683 -0.877458
v -5.547444 0.135287 -0.877458
v -5.559547 0.136618 -0.877458
v -5.547444 0.000000 -0.864260
v -5.547444 0.000000 -0.656735
v -5.547444 0.135287 -0.656735
v -5.547444 0.135287 -0.864260
v -5.547444 0.135287 -0.864260
v -5.547444 0.135287 -0.656735
v -5.559547 0.136618 -0.656735
v -5.559547 0.136618 -0.877458
v -5.440150 0.268369 -0.656735
v -5.440150 0.268369 -0.877458
v -5.559547 0.136618 -0.877458
v -5.559547 0.136618 -0.656735
v -4.729632 0.348101 0.716612
v -4.729632 0.188395 0.779771
v -4.729632 0.140779 0.716612
v -4.729632 0.215281 0.842930
v -4.729632 0.140779 1.032406
v -4.729632 0.188395 0.969248
v -4.729632 0.348101 1.032406
v -4.729632 0.215281 0.906089
v -4.911981 0.140779 0.716612
v -4.911981 0.188395 0.779771
v -4.911981 0.348101 0.716612
v -4.911981 0.215281 0.842930
v -4.911981 0.348101 1.032406
v -4.911981 0.188395 0.969248
v -4.911981 0.140779 1.032406
v -4.911981 0.215281 0.906089
v -4.729632 0.140779 0.716612
v -4.729632 0.188395 0.779771
v -4.911981 0.188395 0.779771
v -4.911981 0.140779 0.716612
v -4.729632 0.215281 0.842930
v -4.911981 0.215281 0.842930
v -4.729632 0.215281 0.906089
v -4.911981 0.215281 0.906089
v -4.729632 0.188395 0.969248
v -4.911981 0.188395 0.969248
v -4.729632 0.140779 1.032406
v -4.911981 0.140779 1.032406
v -4.729632 0.348101 1.032406
v -4.729632 0.348101 0.716612
v -4.707930 0.342363 0.716612
v -4.707930 0.342363 1.032406
v -4.820807 0.478178 1.032406
v -4.707930 0.342363 1.032406
v -4.707930 0.342363 0.716612
v -4.820807 0.478178 0.716612
v -4.911981 0.348101 0.716612
v -4.911981 0.348101 1.032406
v -4.933683 0.342363 1.032406
v -4.933683 0.342363 0.716612
v -4.820807 0.478178 0.716612
v -4.933683 0.342363 0.716612
v -4.933683 0.342363 1.032406
v -4.820807 0.478178 1.032406
v -4.290494 0.513802 1.308596
v -4.290494 0.000000 1.308596
v -4.159405 0.000000 1.308596
v -4.159405 0.513802 1.308596
v -4.290494 0.000000 0.458737
v -4.290494 0.513802 0.458737
v -4.159405 0.513802 0.458737
v -4.159405 0.000000 0.458737
v -4.320227 0.580922 1.308596
v -4.129672 0.580922 1.308596
v -4.320227 0.580922 0.458737
v -4.129672 0.580922 0.458737
v -4.290494 0.000000 0.963298
v -4.290494 0.222744 0.963298
v -4.159405 0.222744 0.963298
v -4.159405 0.000000 0.963298
v -4.159405 0.000000 0.786287
v -4.159405 0.222744 0.786287
v -4.290494 0.222744 0.786287
v -4.290494 0.000000 0.786287
v -4.159405 0.259037 0.824913
v -4.159405 0.279237 0.874792
v -4.290494 0.279237 0.874792
v -4.290494 0.259037 0.824913
v -4.290494 0.259037 0.924672
v -4.159405 0.259037 0.924672
v -4.320227 0.580922 1.308596
v -4.320227 0.665666 1.308596
v -4.320227 0.665666 0.458737
v -4.320227 0.580922 0.458737
v -4.290494 0.513802 1.308596
v -4.290494 0.513802 0.458737
v -4.129672 0.580922 1.308596
v -4.159405 0.513802 1.308596
v -4.159405 0.513802 0.458737
v -4.129672 0.580922 0.458737
v -4.129672 0.665666 1.308596
v -4.129672 0.665666 0.458737
v -4.129672 0.716756 0.671202
v -4.129672 0.716756 0.564969
v -4.129672 0.768073 0.564969
v -4.129672 0.768073 0.671202
v -4.129672 0.716756 0.883666
v -4.129672 0.716756 0.777434
v -4.129672 0.768073 0.777434
v -4.129672 0.768073 0.883666
v -4.129672 0.716756 1.096131
v -4.129672 0.716756 0.989899
v -4.129672 0.768073 0.989899
v -4.129672 0.768073 1.096131
v -4.129672 0.716756 1.308596
v -4.129672 0.716756 1.202363
v -4.129672 0.768073 1.202363
v -4.129672 0.768073 1.308596
v -4.162254 0.665666 0.458737
v -4.320227 0.665666 0.458737
v -4.320227 0.665666 1.308596
v -4.162254 0.665666 1.308596
v -4.129672 0.665666 0.458737
v -4.162254 0.665666 0.458737
v -4.162254 0.716756 0.458737
v -4.129672 0.716756 0.458737
v -4.162254 0.665666 1.308596
v -4.129672 0.665666 1.308596
v -4.129672 0.716756 1.308596
v -4.162254 0.716756 1.308596
v -4.162254 0.716756 0.458737
v -4.162254 0.716756 0.564969
v -4.129672 0.716756 0.564969
v -4.129672 0.716756 0.458737
v -4.162254 0.716756 0.671202
v -4.162254 0.716756 0.777434
v -4.129672 0.716756 0.777434
v -4.129672 0.716756 0.671202
v -4.162254 0.716756 0.883666
v -4.162254 0.716756 0.989899
v -4.129672 0.716756 0.989899
v -4.129672 0.716756 0.883666
v -4.162254 0.716756 1.096131
v -4.162254 0.716756 1.202363
v -4.129672 0.716756 1.202363
v -4.129672 0.716756 1.096131
v -4.162254 0.716756 0.671202
v -4.129672 0.716756 0.671202
v -4.129672 0.768073 0.671202
v -4.162254 0.768073 0.671202
v -4.162254 0.716756 0.564969
v -4.162254 0.716756 0.671202
v -4.162254 0.768073 0.671202
v -4.162254 0.768073 0.564969
v -4.129672 0.716756 0.564969
v -4.162254 0.716756 0.564969
v -4.162254 0.768073 0.564969
v -4.129672 0.768073 0.564969
v -4.162254 0.768073 0.564969
v -4.162254 0.768073 0.671202
v -4.129672 0.768073 0.671202
v -4.129672 0.768073 0.564969
v -4.162254 0.716756 0.883666
v -4.129672 0.716756 0.883666
v -4.129672 0.768073 0.883666
v -4.162254 0.768073 0.883666
v -4.162254 0.716756 0.777434
v -4.162254 0.716756 0.883666
v -4.162254 0.768073 0.883666
v -4.162254 0.768073 0.777434
v -4.129672 0.716756 0.777434
v -4.162254 0.716756 0.777434
v -4.162254 0.768073 0.777434
v -4.129672 0.768073 0.777434
v -4.162254 0.768073 0.777434
v -4.162254 0.768073 0.883666
v -4.129672 0.768073 0.883666
v -4.129672 0.768073 0.777434
v -4.162254 0.716756 1.096131
v -4.129672 0.716756 1.096131
v -4.129672 0.768073 1.096131
v -4.162254 0.768073 1.096131
v -4.162254 0.716756 0.989899
v -4.162254 0.716756 1.096131
v -4.162254 0.768073 1.096131
v -4.162254 0.768073 0.989899
v -4.129672 0.716756 0.989899
v -4.162254 0.716756 0.989899
v -4.162254 0.768073 0.989899
v -4.129672 0.768073 0.989899
v -4.162254 0.768073 0.989899
v -4.162254 0.768073 1.096131
v -4.129672 0.768073 1.096131
v -4.129672 0.768073 0.989899
v -4.129672 0.768073 1.308596
v -4.162254 0.768073 1.308596
v -4.162254 0.716756 1.202363
v -4.162254 0.716756 1.308596
v -4.162254 0.768073 1.308596
v -4.162254 0.768073 1.202363
v -4.129672 0.716756 1.202363
v -4.162254 0.716756 1.202363
v -4.162254 0.768073 1.202363
v -4.129672 0.768073 1.202363
v -4.162254 0.768073 1.202363
v -4.162254 0.768073 1.308596
v -4.129672 0.768073 1.308596
v -4.129672 0.768073 1.202363
v -4.162254 0.665666 0.458737
v -4.320227 0.665666 0.458737
v -4.129672 0.665666 0.458737
v -4.320227 0.665666 1.308596
v -4.162254 0.665666 1.308596
v -4.129672 0.665666 1.308596
v -4.290494 0.000000 1.308596
v -4.290494 0.222744 0.963298
v -4.290494 0.000000 0.963298
v -4.290494 0.259037 0.924672
v -4.290494 0.279237 0.874792
v -4.290494 0.222744 0.786287
v -4.290494 0.000000 0.458737
v -4.290494 0.000000 0.786287
v -4.290494 0.259037 0.824913
v -4.159405 0.000000 0.458737
v -4.159405 0.222744 0.786287
v -4.159405 0.000000 0.786287
v -4.159405 0.259037 0.824913
v -4.159405 0.279237 0.874792
v -4.159405 0.222744 0.963298
v -4.159405 0.000000 1.308596
v -4.159405 0.000000 0.963298
v -4.159405 0.259037 0.924672
v -4.129672 0.716756 0.458737
v -4.162254 0.665666 0.458737
v -4.162254 0.665666 1.308596
v -4.162254 0.716756 0.458737
v -4.290494 0.513802 2.008543
v -4.290494 0.000000 2.008543
v -4.159405 0.000000 2.008543
v -4.159405 0.513802 2.008543
v -4.290494 0.000000 1.311838
v -4.290494 0.513802 1.311838
v -4.159405 0.513802 1.311838
v -4.159405 0.000000 1.311838
v -4.320227 0.580922 2.008543
v -4.129672 0.580922 2.008543
v -4.320227 0.580922 1.311838
v -4.129672 0.580922 1.311838
v -4.320227 0.580922 2.008543
v -4.320227 0.665666 2.008543
v -4.320227 0.665666 1.311838
v -4.320227 0.580922 1.311838
v -4.290494 0.513802 2.008543
v -4.290494 0.513802 1.311838
v -4.129672 0.580922 2.008543
v -4.159405 0.513802 2.008543
v -4.159405 0.513802 1.311838
v -4.129672 0.580922 1.311838
v -4.129672 0.665666 2.008543
v -4.129672 0.665666 1.311838
v -4.129672 0.716756 1.486015
v -4.129672 0.716756 1.398926
v -4.129672 0.768073 1.398926
v -4.129672 0.768073 1.486015
v -4.129672 0.716756 1.660191
v -4.129672 0.716756 1.573102
v -4.129672 0.768073 1.573102
v -4.129672 0.768073 1.660191
v -4.129672 0.716756 1.834367
v -4.129672 0.716756 1.747279
v -4.129672 0.768073 1.747279
v -4.129672 0.768073 1.834367
v -4.129672 0.716756 2.008543
v -4.129672 0.716756 1.921455
v -4.129672 0.768073 1.921455
v -4.129672 0.768073 2.008543
v -4.159405 0.000000 2.008543
v -4.159405 0.000000 1.311838
v -4.290494 0.000000 1.311838
v -4.290494 0.000000 2.008543
v -4.162254 0.665666 1.311838
v -4.320227 0.665666 1.311838
v -4.320227 0.665666 2.008543
v -4.162254 0.665666 2.008543
v -4.129672 0.665666 1.311838
v -4.162254 0.665666 1.311838
v -4.162254 0.716756 1.311838
v -4.129672 0.716756 1.311838
v -4.162254 0.665666 2.008543
v -4.129672 0.665666 2.008543
v -4.129672 0.716756 2.008543
v -4.162254 0.716756 2.008543
v -4.162254 0.716756 1.311838
v -4.162254 0.716756 1.398926
v -4.129672 0.716756 1.398926
v -4.129672 0.716756 1.311838
v -4.162254 0.716756 1.486015
v -4.162254 0.716756 1.573102
v -4.129672 0.716756 1.573102
v -4.129672 0.716756 1.486015
v -4.162254 0.716756 1.660191
v -4.162254 0.716756 1.747279
v -4.129672 0.716756 1.747279
v -4.129672 0.716756 1.660191
v -4.162254 0.716756 1.834367
v -4.162254 0.716756 1.921455
v -4.129672 0.716756 1.921455
v -4.129672 0.716756 1.834367
v -4.162254 0.716756 1.486015
v -4.129672 0.716756 1.486015
v -4.129672 0.768073 1.486015
v -4.162254 0.768073 1.486015
v -4.162254 0.716756 1.398926
v -4.162254 0.716756 1.486015
v -4.162254 0.768073 1.486015
v -4.162254 0.768073 1.398926
v -4.129672 0.716756 1.398926
v -4.162254 0.716756 1.398926
v -4.162254 0.768073 1.398926
v -4.129672 0.768073 1.398926
v -4.162254 0.768073 1.398926
v -4.162254 0.768073 1.486015
v -4.129672 0.768073 1.486015
v -4.129672 0.768073 1.398926
v -4.162254 0.716756 1.660191
v -4.129672 0.716756 1.660191
v -4.129672 0.768073 1.660191
v -4.162254 0.768073 1.660191
v -4.162254 0.716756 1.573102
v -4.162254 0.716756 1.660191
v -4.162254 0.768073 1.660191
v -4.162254 0.768073 1.573102
v -4.129672 0.716756 1.573102
v -4.162254 0.716756 1.573102
v -4.162254 0.768073 1.573102
v -4.129672 0.768073 1.573102
v -4.162254 0.768073 1.573102
v -4.162254 0.768073 1.660191
v -4.129672 0.768073 1.660191
v -4.129672 0.768073 1.573102
v -4.162254 0.716756 1.834367
v -4.129672 0.716756 1.834367
v -4.129672 0.768073 1.834367
v -4.162254 0.768073 1.834367
v -4.162254 0.716756 1.747279
v -4.162254 0.716756 1.834367
v -4.162254 0.768073 1.834367
v -4.162254 0.768073 1.747279
v -4.129672 0.716756 1.747279
v -4.162254 0.716756 1.747279
v -4.162254 0.768073 1.747279
v -4.129672 0.768073 1.747279
v -4.162254 0.768073 1.747279
v -4.162254 0.768073 1.834367
v -4.129672 0.768073 1.834367
v -4.129672 0.768073 1.747279
v -4.129672 0.768073 2.008543
v -4.162254 0.768073 2.008543
v -4.162254 0.716756 1.921455
v -4.162254 0.716756 2.008543
v -4.162254 0.768073 2.008543
v -4.162254 0.768073 1.921455
v -4.129672 0.716756 1.921455
v -4.162254 0.716756 1.921455
v -4.162254 0.768073 1.921455
v -4.129672 0.768073 1.921455
v -4.162254 0.768073 1.921455
v -4.162254 0.768073 2.008543
v -4.129672 0.768073 2.008543
v -4.129672 0.768073 1.921455
v -4.162254 0.665666 1.311838
v -4.320227 0.665666 1.311838
v -4.129672 0.665666 1.311838
v -4.320227 0.665666 2.008543
v -4.162254 0.665666 2.008543
v -4.129672 0.665666 2.008543
v -4.129672 0.716756 1.311838
v -4.162254 0.665666 1.311838
v -4.162254 0.665666 2.008543
v -4.162254 0.716756 1.311838
v -4.304801 0.259037 0.824913
v -4.304801 0.279237 0.874792
v -4.292819 0.279237 0.874792
v -4.292819 0.259037 0.824913
v -4.304801 0.222744 0.786287
v -4.292819 0.222744 0.786287
v -4.304801 0.000000 0.786287
v -4.292819 0.000000 0.786287
v -4.292819 0.000000 0.874792
v -4.292819 0.279237 0.874792
v -4.304801 0.279237 0.874792
v -4.304801 0.000000 0.874792
v -4.304801 0.222744 0.963298
v -4.304801 0.000000 0.963298
v -4.292819 0.000000 0.963298
v -4.292819 0.222744 0.963298
v -4.304801 0.259037 0.924672
v -4.292819 0.259037 0.924672
v -4.304801 0.279237 0.874792
v -4.292819 0.279237 0.874792
v -4.304801 0.000000 0.874792
v -4.304801 0.279237 0.874792
v -4.292819 0.279237 0.874792
v -4.292819 0.000000 0.874792
v -4.292819 0.000000 0.874792
v -4.292819 0.000000 0.786287
v -4.292819 0.222744 0.786287
v -4.292819 0.259037 0.824913
v -4.292819 0.279237 0.874792
v -4.292819 0.279237 0.874792
v -4.292819 0.259037 0.924672
v -4.292819 0.222744 0.963298
v -4.292819 0.000000 0.963298
v -4.292819 0.000000 0.874792
v -4.304801 0.279237 0.874792
v -4.304801 0.259037 0.824913
v -4.304801 0.222744 0.786287
v -4.304801 0.000000 0.786287
v -4.304801 0.000000 0.874792
v -4.304801 0.000000 0.874792
v -4.304801 0.000000 0.963298
v -4.304801 0.222744 0.963298
v -4.304801 0.259037 0.924672
v -4.304801 0.279237 0.874792
v -4.000520 1.083615 0.129330
v -4.369836 1.083615 0.129330
v -4.185179 1.351386 0.328571
v -4.185179 1.351386 0.328571
v -4.369836 1.083615 0.129330
v -4.369836 1.083615 0.527813
v -4.000520 1.083615 0.527813
v -4.000520 1.083615 0.129330
v -4.185179 1.351386 0.328571
v -4.185179 1.351386 0.328571
v -4.369836 1.083615 0.527813
v -4.000520 1.083615 0.527813
v -4.050605 0.834066 0.183491
v -4.319750 0.834066 0.183491
v -4.319750 1.017627 0.183491
v -4.050605 1.017627 0.183491
v -4.050605 0.834066 0.473652
v -4.050605 0.834066 0.183491
v -4.050605 1.017627 0.183491
v -4.050605 1.017627 0.473652
v -4.319750 0.834066 0.473652
v -4.050605 0.834066 0.473652
v -4.050605 1.017627 0.473652
v -4.319750 1.017627 0.473652
v -4.319750 0.834066 0.183491
v -4.319750 0.834066 0.473652
v -4.319750 1.017627 0.473652
v -4.319750 1.017627 0.183491
v -4.050605 0.000000 0.183491
v -4.319750 0.000000 0.183491
v -4.050605 0.000000 0.473652
v -4.050605 0.000000 0.183491
v -4.319750 0.000000 0.473652
v -4.050605 0.000000 0.473652
v -4.319750 0.000000 0.183491
v -4.319750 0.000000 0.473652
v -4.050605 1.017627 0.183491
v -4.319750 1.017627 0.183491
v -4.344699 1.072549 0.156510
v -4.025656 1.072549 0.156510
v -4.319750 1.017627 0.183491
v -4.319750 1.017627 0.473652
v -4.344699 1.072549 0.500633
v -4.344699 1.072549 0.156510
v -4.050605 1.017627 0.473652
v -4.050605 1.017627 0.183491
v -4.025656 1.072549 0.156510
v -4.025656 1.072549 0.500633
v -4.319750 1.017627 0.473652
v -4.050605 1.017627 0.473652
v -4.025656 1.072549 0.500633
v -4.344699 1.072549 0.500633
v -4.369836 1.083615 0.129330
v -4.000520 1.083615 0.129330
v -4.344699 1.072549 0.156510
v -4.369836 1.083615 0.527813
v -4.369836 1.083615 0.129330
v -4.025656 1.072549 0.156510
v -4.000520 1.083615 0.129330
v -4.000520 1.083615 0.527813
v -4.344699 1.072549 0.500633
v -4.025656 1.072549 0.500633
v -4.000520 1.083615 0.527813
v -4.369836 1.083615 0.527813
v -5.652153 0.189860 0.602186
v -5.652153 0.196514 0.596173
v -5.652153 0.196510 0.608193
v -5.663857 0.196510 0.608193
v -5.663857 0.196514 0.596173
v -5.663857 0.189860 0.602186
v -5.416648 0.189860 0.602186
v -5.416648 0.196514 0.596173
v -5.416648 0.196510 0.608193
v -5.428351 0.196510 0.608193
v -5.428351 0.196514 0.596173
v -5.428351 0.189860 0.602186
v -5.602431 0.114326 0.705407
v -5.537507 0.098699 0.705932
v -5.536884 0.130867 0.705822
v -5.602048 0.130867 0.705822
v -5.665030 0.130867 0.705822
v -5.665843 0.098524 0.705938
v -5.465998 0.115753 0.705348
v -5.414412 0.098524 0.705938
v -5.413599 0.130867 0.705822
v -5.466130 0.130867 0.705822
v -5.536556 0.130581 0.505084
v -5.665030 0.130867 0.502067
v -5.665030 0.199560 0.592642
v -5.537909 0.195874 0.592927
v -5.413599 0.199560 0.592642
v -5.413599 0.130867 0.502067
v -5.537948 0.195874 0.611530
v -5.413599 0.199560 0.611245
v -5.665030 0.199560 0.611245
v -5.413779 0.012520 0.501756
v -5.537375 0.017142 0.503236
v -5.665210 0.012520 0.501756
v -5.602048 0.130867 0.705822
v -5.536884 0.130867 0.705822
v -5.537507 0.098699 0.705932
v -5.602431 0.114326 0.705407
v -5.665843 0.098524 0.705938
v -5.665030 0.130867 0.705822
v -5.466130 0.130867 0.705822
v -5.413599 0.130867 0.705822
v -5.414412 0.098524 0.705938
v -5.465998 0.115753 0.705348
v -5.537909 0.195874 0.592927
v -5.665030 0.199560 0.592642
v -5.665030 0.130867 0.502067
v -5.536556 0.130581 0.505084
v -5.413599 0.130867 0.502067
v -5.413599 0.199560 0.592642
v -5.413599 0.199560 0.611245
v -5.537948 0.195874 0.611530
v -5.665030 0.199560 0.611245
v -5.537375 0.017142 0.503236
v -5.413779 0.012520 0.501756
v -5.665210 0.012520 0.501756
v -5.663857 0.001421 0.521767
v -5.652153 0.001421 0.521767
v -5.652153 0.131710 0.521767
v -5.663857 0.131710 0.521767
v -5.652153 0.001421 0.521767
v -5.652153 0.001421 0.509006
v -5.652153 0.131710 0.509006
v -5.652153 0.131710 0.521767
v -5.652153 0.001421 0.509006
v -5.663857 0.001421 0.509006
v -5.663857 0.131710 0.509006
v -5.652153 0.131710 0.509006
v -5.663857 0.001421 0.509006
v -5.663857 0.001421 0.521767
v -5.663857 0.131710 0.521767
v -5.663857 0.131710 0.509006
v -5.663857 0.001421 0.695063
v -5.652153 0.001421 0.695063
v -5.652153 0.131710 0.695063
v -5.663857 0.131710 0.695063
v -5.652153 0.001421 0.695063
v -5.652153 0.001421 0.682940
v -5.652153 0.131710 0.682940
v -5.652153 0.131710 0.695063
v -5.652153 0.001421 0.682940
v -5.663857 0.001421 0.682940
v -5.663857 0.131710 0.682940
v -5.652153 0.131710 0.682940
v -5.663857 0.001421 0.682940
v -5.663857 0.001421 0.695063
v -5.663857 0.131710 0.695063
v -5.663857 0.131710 0.682940
v -5.663857 0.189860 0.602186
v -5.652153 0.189860 0.602186
v -5.652153 0.131710 0.682940
v -5.663857 0.131710 0.682940
v -5.663857 0.131710 0.521767
v -5.652153 0.131710 0.521767
v -5.652153 0.189860 0.602186
v -5.663857 0.189860 0.602186
v -5.663857 0.196514 0.596173
v -5.663857 0.196510 0.608193
v -5.652153 0.196510 0.608193
v -5.652153 0.196514 0.596173
v -5.663857 0.131710 0.695063
v -5.652153 0.131710 0.695063
v -5.652153 0.131710 0.509006
v -5.663857 0.131710 0.509006
v -5.663857 0.196514 0.596173
v -5.652153 0.196514 0.596173
v -5.652153 0.189860 0.602186
v -5.652153 0.131710 0.521767
v -5.652153 0.131710 0.509006
v -5.652153 0.196514 0.596173
v -5.652153 0.131710 0.695063
v -5.652153 0.131710 0.682940
v -5.663857 0.196514 0.596173
v -5.663857 0.131710 0.509006
v -5.663857 0.131710 0.521767
v -5.663857 0.189860 0.602186
v -5.663857 0.131710 0.682940
v -5.663857 0.131710 0.695063
v -5.428351 0.001421 0.521767
v -5.416648 0.001421 0.521767
v -5.416648 0.131710 0.521767
v -5.428351 0.131710 0.521767
v -5.416648 0.001421 0.521767
v -5.416648 0.001421 0.509006
v -5.416648 0.131710 0.509006
v -5.416648 0.131710 0.521767
v -5.416648 0.001421 0.509006
v -5.428351 0.001421 0.509006
v -5.428351 0.131710 0.509006
v -5.416648 0.131710 0.509006
v -5.428351 0.001421 0.509006
v -5.428351 0.001421 0.521767
v -5.428351 0.131710 0.521767
v -5.428351 0.131710 0.509006
v -5.428351 0.001421 0.695063
v -5.416648 0.001421 0.695063
v -5.416648 0.131710 0.695063
v -5.428351 0.131710 0.695063
v -5.416648 0.001421 0.695063
v -5.416648 0.001421 0.682940
v -5.416648 0.131710 0.682940
v -5.416648 0.131710 0.695063
v -5.416648 0.001421 0.682940
v -5.428351 0.001421 0.682940
v -5.428351 0.131710 0.682940
v -5.416648 0.131710 0.682940
v -5.428351 0.001421 0.682940
v -5.428351 0.001421 0.695063
v -5.428351 0.131710 0.695063
v -5.428351 0.131710 0.682940
v -5.428351 0.189860 0.602186
v -5.416648 0.189860 0.602186
v -5.416648 0.131710 0.682940
v -5.428351 0.131710 0.682940
v -5.428351 0.131710 0.521767
v -5.416648 0.131710 0.521767
v -5.416648 0.189860 0.602186
v -5.428351 0.189860 0.602186
v -5.428351 0.196514 0.596173
v -5.428351 0.196510 0.608193
v -5.416648 0.196510 0.608193
v -5.416648 0.196514 0.596173
v -5.428351 0.131710 0.695063
v -5.416648 0.131710 0.695063
v -5.416648 0.131710 0.509006
v -5.428351 0.131710 0.509006
v -5.428351 0.196514 0.596173
v -5.416648 0.196514 0.596173
v -5.416648 0.189860 0.602186
v -5.416648 0.131710 0.521767
v -5.416648 0.131710 0.509006
v -5.416648 0.196514 0.596173
v -5.416648 0.131710 0.695063
v -5.416648 0.131710 0.682940
v -5.428351 0.196514 0.596173
v -5.428351 0.131710 0.509006
v -5.428351 0.131710 0.521767
v -5.428351 0.189860 0.602186
v -5.428351 0.131710 0.682940
v -5.428351 0.131710 0.695063
v -5.429193 0.001421 0.609526
v -5.413592 0.001421 0.609526
v -5.413592 0.198457 0.609526
v -5.429193 0.186954 0.609526
v -5.413592 0.001421 0.609526
v -5.413592 0.001421 0.594206
v -5.413592 0.198457 0.594206
v -5.413592 0.198457 0.609526
v -5.413592 0.001421 0.594206
v -5.429193 0.001421 0.594206
v -5.429193 0.186954 0.594206
v -5.413592 0.198457 0.594206
v -5.429193 0.001421 0.594206
v -5.429193 0.001421 0.609526
v -5.429193 0.186954 0.609526
v -5.429193 0.186954 0.594206
v -5.666423 0.001421 0.609526
v -5.651814 0.001421 0.609526
v -5.651814 0.187447 0.609526
v -5.666423 0.198842 0.609526
v -5.651814 0.001421 0.609526
v -5.651814 0.001421 0.594206
v -5.651814 0.187447 0.594206
v -5.651814 0.187447 0.609526
v -5.651814 0.001421 0.594206
v -5.666423 0.001421 0.594206
v -5.666423 0.198842 0.594206
v -5.651814 0.187447 0.594206
v -5.666423 0.001421 0.594206
v -5.666423 0.001421 0.609526
v -5.666423 0.198842 0.609526
v -5.666423 0.198842 0.594206
v -5.538193 0.183761 0.594491
v -5.651814 0.187447 0.594206
v -5.666423 0.198842 0.594206
v -5.537929 0.195156 0.594491
v -5.413592 0.198457 0.594206
v -5.429193 0.186954 0.594206
v -5.537929 0.195156 0.594491
v -5.666423 0.198842 0.594206
v -5.666423 0.198842 0.609526
v -5.537961 0.195156 0.609811
v -5.413592 0.198457 0.609526
v -5.413592 0.198457 0.594206
v -5.537961 0.195156 0.609811
v -5.666423 0.198842 0.609526
v -5.651814 0.187447 0.609526
v -5.538225 0.183761 0.609811
v -5.429193 0.186954 0.609526
v -5.413592 0.198457 0.609526
v -5.538225 0.183761 0.609811
v -5.651814 0.187447 0.609526
v -5.651814 0.187447 0.594206
v -5.538193 0.183761 0.594491
v -5.429193 0.186954 0.594206
v -5.429193 0.186954 0.609526
v -5.597415 0.000000 0.636408
v -5.650586 0.000000 0.636408
v -5.650586 0.057089 0.636408
v -5.597415 0.057089 0.636408
v -5.597415 0.000000 0.680682
v -5.597415 0.000000 0.636408
v -5.597415 0.057089 0.636408
v -5.597415 0.030820 0.680682
v -5.650586 0.000000 0.680682
v -5.597415 0.000000 0.680682
v -5.597415 0.030820 0.680682
v -5.650586 0.030820 0.680682
v -5.650586 0.000000 0.636408
v -5.650586 0.000000 0.680682
v -5.650586 0.030820 0.680682
v -5.650586 0.057089 0.636408
v -5.597415 0.057089 0.636408
v -5.650586 0.057089 0.636408
v -5.644207 0.053938 0.641719
v -5.603793 0.053938 0.641719
v -5.603793 0.033971 0.675371
v -5.644207 0.033971 0.675371
v -5.644207 0.041336 0.641719
v -5.603793 0.041336 0.641719
v -5.603793 0.033971 0.675371
v -5.603793 0.053938 0.641719
v -5.603793 0.041336 0.641719
v -5.603793 0.021369 0.675371
v -5.644207 0.033971 0.675371
v -5.603793 0.033971 0.675371
v -5.603793 0.021369 0.675371
v -5.644207 0.021369 0.675371
v -5.644207 0.053938 0.641719
v -5.644207 0.033971 0.675371
v -5.644207 0.021369 0.675371
v -5.644207 0.041336 0.641719
v -5.644207 0.021369 0.675371
v -5.603793 0.021369 0.675371
v -5.603793 0.041336 0.641719
v -5.644207 0.041336 0.641719
v -5.538444 0.000000 0.636408
v -5.591615 0.000000 0.636408
v -5.591615 0.057089 0.636408
v -5.538444 0.057089 0.636408
v -5.538444 0.000000 0.680682
v -5.538444 0.000000 0.636408
v -5.538444 0.057089 0.636408
v -5.538444 0.030820 0.680682
v -5.591615 0.000000 0.680682
v -5.538444 0.000000 0.680682
v -5.538444 0.030820 0.680682
v -5.591615 0.030820 0.680682
v -5.591615 0.000000 0.636408
v -5.591615 0.000000 0.680682
v -5.591615 0.030820 0.680682
v -5.591615 0.057089 0.636408
v -5.538444 0.057089 0.636408
v -5.591615 0.057089 0.636408
v -5.585237 0.053938 0.641719
v -5.544822 0.053938 0.641719
v -5.544822 0.033971 0.675371
v -5.585237 0.033971 0.675371
v -5.585237 0.041336 0.641719
v -5.544822 0.041336 0.641719
v -5.544822 0.033971 0.675371
v -5.544822 0.053938 0.641719
v -5.544822 0.041336 0.641719
v -5.544822 0.021369 0.675371
v -5.585237 0.033971 0.675371
v -5.544822 0.033971 0.675371
v -5.544822 0.021369 0.675371
v -5.585237 0.021369 0.675371
v -5.585237 0.053938 0.641719
v -5.585237 0.033971 0.675371
v -5.585237 0.021369 0.675371
v -5.585237 0.041336 0.641719
v -5.585237 0.021369 0.675371
v -5.544822 0.021369 0.675371
v -5.544822 0.041336 0.641719
v -5.585237 0.041336 0.641719
v -5.423864 0.000000 0.636408
v -5.477034 0.000000 0.636408
v -5.477034 0.057089 0.636408
v -5.423864 0.057089 0.636408
v -5.423864 0.000000 0.680682
v -5.423864 0.000000 0.636408
v -5.423864 0.057089 0.636408
v -5.423864 0.030820 0.680682
v -5.477034 0.000000 0.680682
v -5.423864 0.000000 0.680682
v -5.423864 0.030820 0.680682
v -5.477034 0.030820 0.680682
v -5.477034 0.000000 0.636408
v -5.477034 0.000000 0.680682
v -5.477034 0.030820 0.680682
v -5.477034 0.057089 0.636408
v -5.423864 0.057089 0.636408
v -5.477034 0.057089 0.636408
v -5.470656 0.053938 0.641719
v -5.430242 0.053938 0.641719
v -5.430242 0.033971 0.675371
v -5.470656 0.033971 0.675371
v -5.470656 0.041336 0.641719
v -5.430242 0.041336 0.641719
v -5.430242 0.033971 0.675371
v -5.430242 0.053938 0.641719
v -5.430242 0.041336 0.641719
v -5.430242 0.021369 0.675371
v -5.470656 0.033971 0.675371
v -5.430242 0.033971 0.675371
v -5.430242 0.021369 0.675371
v -5.470656 0.021369 0.675371
v -5.470656 0.053938 0.641719
v -5.470656 0.033971 0.675371
v -5.470656 0.021369 0.675371
v -5.470656 0.041336 0.641719
v -5.470656 0.021369 0.675371
v -5.430242 0.021369 0.675371
v -5.430242 0.041336 0.641719
v -5.470656 0.041336 0.641719
v -5.445726 0.000000 0.498775
v -5.501497 0.000000 0.498775
v -5.501497 0.049834 0.498775
v -5.445726 0.049834 0.498775
v -5.445726 0.000000 0.556700
v -5.445726 0.000000 0.498775
v -5.445726 0.049834 0.498775
v -5.445726 0.049834 0.556700
v -5.501497 0.000000 0.556700
v -5.445726 0.000000 0.556700
v -5.445726 0.049834 0.556700
v -5.501497 0.049834 0.556700
v -5.501497 0.000000 0.498775
v -5.501497 0.000000 0.556700
v -5.501497 0.049834 0.556700
v -5.501497 0.049834 0.498775
v -5.501497 0.049834 0.556700
v -5.445726 0.049834 0.556700
v -5.445726 0.049834 0.498775
v -5.501497 0.049834 0.498775
v -7.360735 0.404291 -0.734968
v -7.369082 0.253912 -0.878475
v -7.352172 0.253912 -0.587721
v -6.686632 0.253912 -0.626427
v -6.703540 0.253912 -0.917182
v -6.695194 0.404291 -0.773674
v -7.371378 0.253912 -0.586604
v -7.352172 0.253912 -0.587721
v -7.369460 0.253832 -0.553603
v -6.665505 0.253832 -0.594543
v -6.686632 0.253912 -0.626427
v -6.667426 0.253912 -0.627545
v -6.684335 0.253912 -0.918299
v -6.703540 0.253912 -0.917182
v -6.686254 0.253832 -0.951300
v -7.390207 0.253832 -0.910360
v -7.369082 0.253912 -0.878475
v -7.388289 0.253912 -0.877358
v -7.162561 0.253912 -0.377226
v -6.842537 0.253912 -0.395838
v -7.002550 0.404291 -0.386532
v -7.180644 0.253923 -0.356904
v -7.162561 0.253912 -0.377226
v -7.161445 0.253912 -0.358020
v -6.841422 0.253912 -0.376632
v -6.842537 0.253912 -0.395838
v -6.822222 0.253923 -0.377748
v -7.023972 0.428925 -0.754862
v -6.686254 0.253832 -0.951300
v -7.390207 0.253832 -0.910360
v -6.675989 0.429014 -0.774791
v -7.379942 0.429014 -0.733851
v -4.527099 1.083615 -0.936635
v -4.819827 1.083615 -0.711480
v -4.551995 1.351386 -0.666135
v -4.551995 1.351386 -0.666135
v -4.819827 1.083615 -0.711480
v -4.576890 1.083615 -0.395635
v -4.284163 1.083615 -0.620790
v -4.527099 1.083615 -0.936635
v -4.551995 1.351386 -0.666135
v -4.551995 1.351386 -0.666135
v -4.576890 1.083615 -0.395635
v -4.284163 1.083615 -0.620790
v -5.608182 1.083615 -1.262402
v -5.616086 1.083615 -0.893153
v -5.412930 1.351386 -1.073513
v -5.412930 1.351386 -1.073513
v -5.616086 1.083615 -0.893153
v -5.217677 1.083615 -0.884625
v -5.209773 1.083615 -1.253873
v -5.608182 1.083615 -1.262402
v -5.412930 1.351386 -1.073513
v -5.412930 1.351386 -1.073513
v -5.217677 1.083615 -0.884625
v -5.209773 1.083615 -1.253873
v -5.845249 0.142571 -0.235574
v -5.756712 0.142571 -0.530495
v -5.800981 0.273165 -0.383034
v -6.188847 0.273165 -0.499473
v -6.144578 0.142571 -0.646934
v -6.233115 0.142571 -0.352013
v -6.245882 0.142571 -0.355846
v -6.233115 0.142571 -0.352013
v -6.250876 0.144039 -0.339212
v -5.837475 0.144039 -0.215107
v -5.845249 0.142571 -0.235574
v -5.832482 0.142571 -0.231741
v -5.743945 0.142571 -0.526662
v -5.756712 0.142571 -0.530495
v -5.738952 0.144039 -0.543296
v -6.152352 0.144039 -0.667400
v -6.144578 0.142571 -0.646934
v -6.157346 0.142571 -0.650767
v -6.525292 0.489045 -0.670761
v -6.252219 0.489045 -0.670761
v -6.388756 0.747268 -0.809986
v -6.388756 0.747268 -0.809986
v -6.252219 0.489045 -0.670761
v -6.252219 0.489045 -0.949210
v -6.525292 0.489045 -0.949210
v -6.525292 0.489045 -0.670761
v -6.388756 0.747268 -0.809986
v -6.388756 0.747268 -0.809986
v -6.252219 0.489045 -0.949210
v -6.525292 0.489045 -0.949210
v -6.286884 0.348101 -0.727584
v -6.286884 0.188395 -0.664425
v -6.286884 0.140779 -0.727584
v -6.286884 0.215281 -0.601267
v -6.286884 0.140779 -0.411790
v -6.286884 0.188395 -0.474949
v -6.286884 0.348101 -0.411790
v -6.286884 0.215281 -0.538108
v -6.469233 0.140779 -0.727584
v -6.469233 0.188395 -0.664425
v -6.469233 0.348101 -0.727584
v -6.469233 0.215281 -0.601267
v -6.469233 0.348101 -0.411790
v -6.469233 0.188395 -0.474949
v -6.469233 0.140779 -0.411790
v -6.469233 0.215281 -0.538108
v -6.715303 0.575912 -0.355983
v -6.715302 0.389367 -0.467499
v -6.715303 0.389367 -0.244465
v -6.266160 0.389367 -0.244466
v -6.266161 0.389367 -0.467500
v -6.266160 0.575912 -0.355983
v -6.251427 0.389367 -0.467499
v -6.266161 0.389367 -0.467500
v -6.251427 0.382748 -0.491781
v -6.730038 0.382748 -0.491781
v -6.715302 0.389367 -0.467499
v -6.730038 0.389367 -0.467500
v -6.730037 0.389367 -0.244466
v -6.715303 0.389367 -0.244465
v -6.730037 0.382748 -0.220184
v -6.251426 0.382748 -0.220184
v -6.266160 0.389367 -0.244466
v -6.251427 0.389367 -0.244465
v -6.560727 1.040740 0.137726
v -6.930043 1.040740 0.137726
v -6.745386 1.308511 0.336968
v -6.745386 1.308511 0.336968
v -6.930043 1.040740 0.137726
v -6.930043 1.040740 0.536209
v -6.560727 1.040740 0.536209
v -6.560727 1.040740 0.137726
v -6.745386 1.308511 0.336968
v -6.745386 1.308511 0.336968
v -6.930043 1.040740 0.536209
v -6.560727 1.040740 0.536209
v -6.557423 1.083615 1.196393
v -6.926739 1.083615 1.196393
v -6.742082 1.351386 1.395635
v -6.742082 1.351386 1.395635
v -6.926739 1.083615 1.196393
v -6.926739 1.083615 1.594876
v -6.557423 1.083615 1.594876
v -6.557423 1.083615 1.196393
v -6.742082 1.351386 1.395635
v -6.742082 1.351386 1.395635
v -6.926739 1.083615 1.594876
v -6.557423 1.083615 1.594876
v -5.999092 1.083615 1.231266
v -6.368409 1.083615 1.231266
v -6.183751 1.351386 1.430508
v -6.183751 1.351386 1.430508
v -6.368409 1.083615 1.231266
v -6.368409 1.083615 1.629748
v -5.999092 1.083615 1.629748
v -5.999092 1.083615 1.231266
v -6.183751 1.351386 1.430508
v -6.183751 1.351386 1.430508
v -6.368409 1.083615 1.629748
v -5.999092 1.083615 1.629748
v -5.960604 1.083615 1.756211
v -6.329920 1.083615 1.756211
v -6.145263 1.351386 1.955453
v -6.145263 1.351386 1.955453
v -6.329920 1.083615 1.756211
v -6.329920 1.083615 2.154694
v -5.960604 1.083615 2.154694
v -5.960604 1.083615 1.756211
v -6.145263 1.351386 1.955453
v -6.145263 1.351386 1.955453
v -6.329920 1.083615 2.154694
v -5.960604 1.083615 2.154694
v -4.041326 1.083615 1.773083
v -4.410643 1.083615 1.773083
v -4.225985 1.351386 1.972325
v -4.225985 1.351386 1.972325
v -4.410643 1.083615 1.773083
v -4.410643 1.083615 2.171566
v -4.041326 1.083615 2.171566
v -4.041326 1.083615 1.773083
v -4.225985 1.351386 1.972325
v -4.225985 1.351386 1.972325
v -4.410643 1.083615 2.171566
v -4.041326 1.083615 2.171566
v -7.508979 1.040740 -1.248433
v -7.878295 1.040740 -1.248433
v -7.693638 1.308511 -1.049192
v -7.693638 1.308511 -1.049192
v -7.878295 1.040740 -1.248433
v -7.878295 1.040740 -0.849950
v -7.508979 1.040740 -0.849950
v -7.508979 1.040740 -1.248433
v -7.693638 1.308511 -1.049192
v -7.693638 1.308511 -1.049192
v -7.878295 1.040740 -0.849950
v -7.508979 1.040740 -0.849950
v -7.522034 1.040740 0.183993
v -7.891352 1.040740 0.183993
v -7.706694 1.308511 0.383234
v -7.706694 1.308511 0.383234
v -7.891352 1.040740 0.183993
v -7.891352 1.040740 0.582476
v -7.522034 1.040740 0.582476
v -7.522034 1.040740 0.183993
v -7.706694 1.308511 0.383234
v -7.706694 1.308511 0.383234
v -7.891352 1.040740 0.582476
v -7.522034 1.040740 0.582476
v -5.652153 0.189860 0.602186
v -5.652153 0.196514 0.596173
v -5.652153 0.196510 0.608193
v -5.663857 0.196510 0.608193
v -5.663857 0.196514 0.596173
v -5.663857 0.189860 0.602186
v -5.416648 0.189860 0.602186
v -5.416648 0.196514 0.596173
v -5.416648 0.196510 0.608193
v -5.428351 0.196510 0.608193
v -5.428351 0.196514 0.596173
v -5.428351 0.189860 0.602186
v -5.834753 0.189860 1.122758
v -5.835730 0.196514 1.128691
v -5.833777 0.196510 1.116831
v -5.822229 0.196510 1.118732
v -5.824182 0.196514 1.130592
v -5.823205 0.189860 1.124659
v -6.067126 0.189860 1.084503
v -6.068102 0.196514 1.090436
v -6.066150 0.196510 1.078577
v -6.054602 0.196510 1.080478
v -6.056554 0.196514 1.092338
v -6.055578 0.189860 1.086404
v -7.175402 0.000000 -0.598002
v -7.162561 0.000000 -0.377226
v -7.162561 0.253912 -0.377226
v -7.175402 0.253912 -0.598002
v -7.175402 0.253912 -0.598002
v -7.162561 0.253912 -0.377226
v -7.180644 0.253923 -0.356904
v -7.188033 0.254025 -0.573060
v -7.188033 0.254025 -0.573060
v -7.180644 0.253923 -0.356904
v -7.001433 0.428765 -0.367326
v -7.023972 0.428925 -0.754862
v -6.686632 0.000000 -0.626427
v -6.703540 0.000000 -0.917182
v -7.369082 0.000000 -0.878475
v -7.352172 0.000000 -0.587721
v -6.695194 0.404291 -0.773674
v -6.675989 0.404291 -0.774791
v -6.667426 0.253912 -0.627545
v -6.675989 0.404291 -0.774791
v -6.675989 0.429014 -0.774791
v -6.665505 0.253832 -0.594543
v -7.360735 0.404291 -0.734968
v -7.379942 0.404291 -0.733851
v -7.379942 0.404291 -0.733851
v -7.371378 0.253912 -0.586604
v -7.369460 0.253832 -0.553603
v -7.379942 0.429014 -0.733851
v -6.695194 0.404291 -0.773674
v -6.675989 0.404291 -0.774791
v -6.684335 0.253912 -0.918299
v -6.686254 0.253832 -0.951300
v -7.360735 0.404291 -0.734968
v -7.379942 0.404291 -0.733851
v -7.388289 0.253912 -0.877358
v -7.390207 0.253832 -0.910360
v -7.162561 0.000000 -0.377226
v -6.842537 0.000000 -0.395838
v -7.002550 0.404291 -0.386532
v -7.001433 0.404291 -0.367326
v -7.001433 0.404291 -0.367326
v -6.841422 0.253912 -0.376632
v -6.822222 0.253923 -0.377748
v -7.001433 0.428765 -0.367326
v -7.002550 0.404291 -0.386532
v -7.001433 0.404291 -0.367326
v -7.161445 0.253912 -0.358020
v -7.180644 0.253923 -0.356904
v -6.703540 0.000000 -0.917182
v -7.369082 0.000000 -0.878475
v -7.369082 0.253912 -0.878475
v -6.703540 0.253912 -0.917182
v -6.703540 0.253912 -0.917182
v -7.369082 0.253912 -0.878475
v -7.390207 0.253832 -0.910360
v -6.686254 0.253832 -0.951300
v -6.855378 0.253912 -0.616614
v -6.855378 0.000000 -0.616614
v -6.686632 0.000000 -0.626427
v -6.686632 0.253912 -0.626427
v -7.175402 0.000000 -0.598002
v -7.175402 0.253912 -0.598002
v -7.352172 0.253912 -0.587721
v -7.352172 0.000000 -0.587721
v -6.855378 0.253912 -0.616614
v -6.686632 0.253912 -0.626427
v -6.665505 0.253832 -0.594543
v -6.839940 0.254025 -0.593305
v -6.839940 0.254025 -0.593305
v -6.665505 0.253832 -0.594543
v -6.675989 0.429014 -0.774791
v -7.023972 0.428925 -0.754862
v -7.352172 0.253912 -0.587721
v -7.175402 0.253912 -0.598002
v -7.188033 0.254025 -0.573060
v -7.369460 0.253832 -0.553603
v -7.369460 0.253832 -0.553603
v -7.188033 0.254025 -0.573060
v -7.023972 0.428925 -0.754862
v -7.379942 0.429014 -0.733851
v -6.855378 0.253912 -0.616614
v -6.842537 0.253912 -0.395838
v -6.842537 0.000000 -0.395838
v -6.855378 0.000000 -0.616614
v -6.842537 0.253912 -0.395838
v -6.855378 0.253912 -0.616614
v -6.839940 0.254025 -0.593305
v -6.822222 0.253923 -0.377748
v -6.822222 0.253923 -0.377748
v -6.839940 0.254025 -0.593305
v -7.023972 0.428925 -0.754862
v -7.001433 0.428765 -0.367326
v -4.264693 0.513802 0.230061
v -4.264693 0.000000 0.230061
v -4.142577 0.000000 0.182390
v -4.142577 0.513802 0.182390
v -4.573745 0.000000 -0.561624
v -4.573745 0.513802 -0.561624
v -4.451629 0.513802 -0.609295
v -4.451629 0.000000 -0.609295
v -4.292391 0.580922 0.240873
v -4.114879 0.580922 0.171578
v -4.601442 0.580922 -0.550812
v -4.423930 0.580922 -0.620108
v -4.292391 0.580922 0.240873
v -4.292391 0.665666 0.240873
v -4.601442 0.665666 -0.550812
v -4.601442 0.580922 -0.550812
v -4.264693 0.513802 0.230061
v -4.573745 0.513802 -0.561624
v -4.114879 0.580922 0.171578
v -4.142577 0.513802 0.182390
v -4.451629 0.513802 -0.609295
v -4.423930 0.580922 -0.620108
v -4.114879 0.665666 0.171578
v -4.423930 0.665666 -0.620108
v -4.346668 0.716756 -0.422186
v -4.385299 0.716756 -0.521147
v -4.385299 0.768073 -0.521147
v -4.346668 0.768073 -0.422186
v -4.269405 0.716756 -0.224265
v -4.308037 0.716756 -0.323225
v -4.308037 0.768073 -0.323225
v -4.269405 0.768073 -0.224265
v -4.192142 0.716756 -0.026344
v -4.230773 0.716756 -0.125304
v -4.230773 0.768073 -0.125304
v -4.192142 0.768073 -0.026344
v -4.114879 0.716756 0.171578
v -4.153510 0.716756 0.072617
v -4.153510 0.768073 0.072617
v -4.114879 0.768073 0.171578
v -4.142577 0.000000 0.182390
v -4.451629 0.000000 -0.609295
v -4.573745 0.000000 -0.561624
v -4.264693 0.000000 0.230061
v -4.454284 0.665666 -0.608259
v -4.601442 0.665666 -0.550812
v -4.292391 0.665666 0.240873
v -4.145231 0.665666 0.183426
v -4.423930 0.665666 -0.620108
v -4.454284 0.665666 -0.608259
v -4.454284 0.716756 -0.608259
v -4.423930 0.716756 -0.620108
v -4.145231 0.665666 0.183426
v -4.114879 0.665666 0.171578
v -4.114879 0.716756 0.171578
v -4.145231 0.716756 0.183426
v -4.454284 0.716756 -0.608259
v -4.415651 0.716756 -0.509298
v -4.385299 0.716756 -0.521147
v -4.423930 0.716756 -0.620108
v -4.377020 0.716756 -0.410337
v -4.338388 0.716756 -0.311377
v -4.308037 0.716756 -0.323225
v -4.346668 0.716756 -0.422186
v -4.299757 0.716756 -0.212416
v -4.261126 0.716756 -0.113456
v -4.230773 0.716756 -0.125304
v -4.269405 0.716756 -0.224265
v -4.222494 0.716756 -0.014495
v -4.183863 0.716756 0.084466
v -4.153510 0.716756 0.072617
v -4.192142 0.716756 -0.026344
v -4.377020 0.716756 -0.410337
v -4.346668 0.716756 -0.422186
v -4.346668 0.768073 -0.422186
v -4.377020 0.768073 -0.410337
v -4.415651 0.716756 -0.509298
v -4.377020 0.716756 -0.410337
v -4.377020 0.768073 -0.410337
v -4.415651 0.768073 -0.509298
v -4.385299 0.716756 -0.521147
v -4.415651 0.716756 -0.509298
v -4.415651 0.768073 -0.509298
v -4.385299 0.768073 -0.521147
v -4.415651 0.768073 -0.509298
v -4.377020 0.768073 -0.410337
v -4.346668 0.768073 -0.422186
v -4.385299 0.768073 -0.521147
v -4.299757 0.716756 -0.212416
v -4.269405 0.716756 -0.224265
v -4.269405 0.768073 -0.224265
v -4.299757 0.768073 -0.212416
v -4.338388 0.716756 -0.311377
v -4.299757 0.716756 -0.212416
v -4.299757 0.768073 -0.212416
v -4.338388 0.768073 -0.311377
v -4.308037 0.716756 -0.323225
v -4.338388 0.716756 -0.311377
v -4.338388 0.768073 -0.311377
v -4.308037 0.768073 -0.323225
v -4.338388 0.768073 -0.311377
v -4.299757 0.768073 -0.212416
v -4.269405 0.768073 -0.224265
v -4.308037 0.768073 -0.323225
v -4.222494 0.716756 -0.014495
v -4.192142 0.716756 -0.026344
v -4.192142 0.768073 -0.026344
v -4.222494 0.768073 -0.014495
v -4.261126 0.716756 -0.113456
v -4.222494 0.716756 -0.014495
v -4.222494 0.768073 -0.014495
v -4.261126 0.768073 -0.113456
v -4.230773 0.716756 -0.125304
v -4.261126 0.716756 -0.113456
v -4.261126 0.768073 -0.113456
v -4.230773 0.768073 -0.125304
v -4.261126 0.768073 -0.113456
v -4.222494 0.768073 -0.014495
v -4.192142 0.768073 -0.026344
v -4.230773 0.768073 -0.125304
v -4.114879 0.768073 0.171578
v -4.145231 0.768073 0.183426
v -4.183863 0.716756 0.084466
v -4.145231 0.716756 0.183426
v -4.145231 0.768073 0.183426
v -4.183863 0.768073 0.084466
v -4.153510 0.716756 0.072617
v -4.183863 0.716756 0.084466
v -4.183863 0.768073 0.084466
v -4.153510 0.768073 0.072617
v -4.183863 0.768073 0.084466
v -4.145231 0.768073 0.183426
v -4.114879 0.768073 0.171578
v -4.153510 0.768073 0.072617
v -4.533779 0.834066 -0.863171
v -4.747108 0.834066 -0.699086
v -4.747108 1.017627 -0.699086
v -4.533779 1.017627 -0.863171
v -4.356881 0.834066 -0.633184
v -4.533779 0.834066 -0.863171
v -4.533779 1.017627 -0.863171
v -4.356881 1.017627 -0.633184
v -4.570210 0.834066 -0.469099
v -4.356881 0.834066 -0.633184
v -4.356881 1.017627 -0.633184
v -4.570210 1.017627 -0.469099
v -4.747108 0.834066 -0.699086
v -4.570210 0.834066 -0.469099
v -4.570210 1.017627 -0.469099
v -4.747108 1.017627 -0.699086
v -4.533779 0.000000 -0.863171
v -4.747108 0.000000 -0.699086
v -4.356881 0.000000 -0.633184
v -4.533779 0.000000 -0.863171
v -4.570210 0.000000 -0.469099
v -4.356881 0.000000 -0.633184
v -4.747108 0.000000 -0.699086
v -4.570210 0.000000 -0.469099
v -4.533779 1.017627 -0.863171
v -4.747108 1.017627 -0.699086
v -4.783332 1.072549 -0.705261
v -4.530453 1.072549 -0.899768
v -4.747108 1.017627 -0.699086
v -4.570210 1.017627 -0.469099
v -4.573536 1.072549 -0.432502
v -4.783332 1.072549 -0.705261
v -4.356881 1.017627 -0.633184
v -4.533779 1.017627 -0.863171
v -4.530453 1.072549 -0.899768
v -4.320657 1.072549 -0.627009
v -4.570210 1.017627 -0.469099
v -4.356881 1.017627 -0.633184
v -4.320657 1.072549 -0.627009
v -4.573536 1.072549 -0.432502
v -4.819827 1.083615 -0.711480
v -4.527099 1.083615 -0.936635
v -4.783332 1.072549 -0.705261
v -4.576890 1.083615 -0.395635
v -4.819827 1.083615 -0.711480
v -4.530453 1.072549 -0.899768
v -4.527099 1.083615 -0.936635
v -4.284163 1.083615 -0.620790
v -4.573536 1.072549 -0.432502
v -4.320657 1.072549 -0.627009
v -4.284163 1.083615 -0.620790
v -4.576890 1.083615 -0.395635
v -4.609743 0.513802 -0.695712
v -4.609743 0.000000 -0.695712
v -4.559513 0.000000 -0.816798
v -4.559513 0.513802 -0.816798
v -5.394751 0.000000 -1.021352
v -5.394751 0.513802 -1.021352
v -5.344522 0.513802 -1.142438
v -5.344522 0.000000 -1.142438
v -4.621136 0.580922 -0.668247
v -4.548120 0.580922 -0.844262
v -5.406143 0.580922 -0.993888
v -5.333128 0.580922 -1.169903
v -4.621136 0.580922 -0.668247
v -4.621136 0.665666 -0.668247
v -5.406143 0.665666 -0.993888
v -5.406143 0.580922 -0.993888
v -4.609743 0.513802 -0.695712
v -5.394751 0.513802 -1.021352
v -4.548120 0.580922 -0.844262
v -4.559513 0.513802 -0.816798
v -5.344522 0.513802 -1.142438
v -5.333128 0.580922 -1.169903
v -4.548120 0.665666 -0.844262
v -5.333128 0.665666 -1.169903
v -5.136877 0.716756 -1.088492
v -5.235003 0.716756 -1.129198
v -5.235003 0.768073 -1.129198
v -5.136877 0.768073 -1.088492
v -4.940624 0.716756 -1.007082
v -5.038751 0.716756 -1.047787
v -5.038751 0.768073 -1.047787
v -4.940624 0.768073 -1.007082
v -4.744372 0.716756 -0.925673
v -4.842498 0.716756 -0.966377
v -4.842498 0.768073 -0.966377
v -4.744372 0.768073 -0.925673
v -4.548120 0.716756 -0.844262
v -4.646246 0.716756 -0.884968
v -4.646246 0.768073 -0.884968
v -4.548120 0.768073 -0.844262
v -4.559513 0.000000 -0.816798
v -5.344522 0.000000 -1.142438
v -5.394751 0.000000 -1.021352
v -4.609743 0.000000 -0.695712
v -5.345613 0.665666 -1.139805
v -5.406143 0.665666 -0.993888
v -4.621136 0.665666 -0.668247
v -4.560605 0.665666 -0.814166
v -5.333128 0.665666 -1.169903
v -5.345613 0.665666 -1.139805
v -5.345613 0.716756 -1.139805
v -5.333128 0.716756 -1.169903
v -4.560605 0.665666 -0.814166
v -4.548120 0.665666 -0.844262
v -4.548120 0.716756 -0.844262
v -4.560605 0.716756 -0.814166
v -5.345613 0.716756 -1.139805
v -5.247488 0.716756 -1.099101
v -5.235003 0.716756 -1.129198
v -5.333128 0.716756 -1.169903
v -5.149362 0.716756 -1.058396
v -5.051235 0.716756 -1.017691
v -5.038751 0.716756 -1.047787
v -5.136877 0.716756 -1.088492
v -4.953109 0.716756 -0.976986
v -4.854982 0.716756 -0.936281
v -4.842498 0.716756 -0.966377
v -4.940624 0.716756 -1.007082
v -4.756857 0.716756 -0.895575
v -4.658731 0.716756 -0.854871
v -4.646246 0.716756 -0.884968
v -4.744372 0.716756 -0.925673
v -5.149362 0.716756 -1.058396
v -5.136877 0.716756 -1.088492
v -5.136877 0.768073 -1.088492
v -5.149362 0.768073 -1.058396
v -5.247488 0.716756 -1.099101
v -5.149362 0.716756 -1.058396
v -5.149362 0.768073 -1.058396
v -5.247488 0.768073 -1.099101
v -5.235003 0.716756 -1.129198
v -5.247488 0.716756 -1.099101
v -5.247488 0.768073 -1.099101
v -5.235003 0.768073 -1.129198
v -5.247488 0.768073 -1.099101
v -5.149362 0.768073 -1.058396
v -5.136877 0.768073 -1.088492
v -5.235003 0.768073 -1.129198
v -4.953109 0.716756 -0.976986
v -4.940624 0.716756 -1.007082
v -4.940624 0.768073 -1.007082
v -4.953109 0.768073 -0.976986
v -5.051235 0.716756 -1.017691
v -4.953109 0.716756 -0.976986
v -4.953109 0.768073 -0.976986
v -5.051235 0.768073 -1.017691
v -5.038751 0.716756 -1.047787
v -5.051235 0.716756 -1.017691
v -5.051235 0.768073 -1.017691
v -5.038751 0.768073 -1.047787
v -5.051235 0.768073 -1.017691
v -4.953109 0.768073 -0.976986
v -4.940624 0.768073 -1.007082
v -5.038751 0.768073 -1.047787
v -4.756857 0.716756 -0.895575
v -4.744372 0.716756 -0.925673
v -4.744372 0.768073 -0.925673
v -4.756857 0.768073 -0.895575
v -4.854982 0.716756 -0.936281
v -4.756857 0.716756 -0.895575
v -4.756857 0.768073 -0.895575
v -4.854982 0.768073 -0.936281
v -4.842498 0.716756 -0.966377
v -4.854982 0.716756 -0.936281
v -4.854982 0.768073 -0.936281
v -4.842498 0.768073 -0.966377
v -4.854982 0.768073 -0.936281
v -4.756857 0.768073 -0.895575
v -4.744372 0.768073 -0.925673
v -4.842498 0.768073 -0.966377
v -4.548120 0.768073 -0.844262
v -4.560605 0.768073 -0.814166
v -4.658731 0.716756 -0.854871
v -4.560605 0.716756 -0.814166
v -4.560605 0.768073 -0.814166
v -4.658731 0.768073 -0.854871
v -4.646246 0.716756 -0.884968
v -4.658731 0.716756 -0.854871
v -4.658731 0.768073 -0.854871
v -4.646246 0.768073 -0.884968
v -4.658731 0.768073 -0.854871
v -4.560605 0.768073 -0.814166
v -4.548120 0.768073 -0.844262
v -4.646246 0.768073 -0.884968
v -5.530776 0.513802 -1.006389
v -5.530776 0.000000 -1.006389
v -5.530994 0.000000 -1.137482
v -5.530994 0.513802 -1.137482
v -6.380654 0.000000 -1.004974
v -6.380654 0.513802 -1.004974
v -6.380873 0.513802 -1.136067
v -6.380873 0.000000 -1.136067
v -5.530726 0.580922 -0.976655
v -5.531043 0.580922 -1.167215
v -6.380604 0.580922 -0.975241
v -6.380921 0.580922 -1.165801
v -5.530726 0.580922 -0.976655
v -5.530726 0.665666 -0.976655
v -6.380604 0.665666 -0.975241
v -6.380604 0.580922 -0.975241
v -5.530776 0.513802 -1.006389
v -6.380654 0.513802 -1.004974
v -5.531043 0.580922 -1.167215
v -5.530994 0.513802 -1.137482
v -6.380873 0.513802 -1.136067
v -6.380921 0.580922 -1.165801
v -5.531043 0.665666 -1.167215
v -6.380921 0.665666 -1.165801
v -6.168451 0.716756 -1.166154
v -6.274687 0.716756 -1.165978
v -6.274687 0.768073 -1.165978
v -6.168451 0.768073 -1.166154
v -5.955982 0.716756 -1.166507
v -6.062217 0.716756 -1.166331
v -6.062217 0.768073 -1.166331
v -5.955982 0.768073 -1.166507
v -5.743513 0.716756 -1.166862
v -5.849747 0.716756 -1.166685
v -5.849747 0.768073 -1.166685
v -5.743513 0.768073 -1.166862
v -5.531043 0.716756 -1.167215
v -5.637278 0.716756 -1.167039
v -5.637278 0.768073 -1.167039
v -5.531043 0.768073 -1.167215
v -5.530994 0.000000 -1.137482
v -6.380873 0.000000 -1.136067
v -6.380654 0.000000 -1.004974
v -5.530776 0.000000 -1.006389
v -6.380867 0.665666 -1.133217
v -6.380604 0.665666 -0.975241
v -5.530726 0.665666 -0.976655
v -5.530989 0.665666 -1.134631
v -6.380921 0.665666 -1.165801
v -6.380867 0.665666 -1.133217
v -6.380867 0.716756 -1.133217
v -6.380921 0.716756 -1.165801
v -5.530989 0.665666 -1.134631
v -5.531043 0.665666 -1.167215
v -5.531043 0.716756 -1.167215
v -5.530989 0.716756 -1.134631
v -6.380867 0.716756 -1.133217
v -6.274632 0.716756 -1.133394
v -6.274687 0.716756 -1.165978
v -6.380921 0.716756 -1.165801
v -6.168397 0.716756 -1.133570
v -6.062163 0.716756 -1.133748
v -6.062217 0.716756 -1.166331
v -6.168451 0.716756 -1.166154
v -5.955928 0.716756 -1.133924
v -5.849693 0.716756 -1.134102
v -5.849747 0.716756 -1.166685
v -5.955982 0.716756 -1.166507
v -5.743458 0.716756 -1.134279
v -5.637224 0.716756 -1.134455
v -5.637278 0.716756 -1.167039
v -5.743513 0.716756 -1.166862
v -6.168397 0.716756 -1.133570
v -6.168451 0.716756 -1.166154
v -6.168451 0.768073 -1.166154
v -6.168397 0.768073 -1.133570
v -6.274632 0.716756 -1.133394
v -6.168397 0.716756 -1.133570
v -6.168397 0.768073 -1.133570
v -6.274632 0.768073 -1.133394
v -6.274687 0.716756 -1.165978
v -6.274632 0.716756 -1.133394
v -6.274632 0.768073 -1.133394
v -6.274687 0.768073 -1.165978
v -6.274632 0.768073 -1.133394
v -6.168397 0.768073 -1.133570
v -6.168451 0.768073 -1.166154
v -6.274687 0.768073 -1.165978
v -5.955928 0.716756 -1.133924
v -5.955982 0.716756 -1.166507
v -5.955982 0.768073 -1.166507
v -5.955928 0.768073 -1.133924
v -6.062163 0.716756 -1.133748
v -5.955928 0.716756 -1.133924
v -5.955928 0.768073 -1.133924
v -6.062163 0.768073 -1.133748
v -6.062217 0.716756 -1.166331
v -6.062163 0.716756 -1.133748
v -6.062163 0.768073 -1.133748
v -6.062217 0.768073 -1.166331
v -6.062163 0.768073 -1.133748
v -5.955928 0.768073 -1.133924
v -5.955982 0.768073 -1.166507
v -6.062217 0.768073 -1.166331
v -5.743458 0.716756 -1.134279
v -5.743513 0.716756 -1.166862
v -5.743513 0.768073 -1.166862
v -5.743458 0.768073 -1.134279
v -5.849693 0.716756 -1.134102
v -5.743458 0.716756 -1.134279
v -5.743458 0.768073 -1.134279
v -5.849693 0.768073 -1.134102
v -5.849747 0.716756 -1.166685
v -5.849693 0.716756 -1.134102
v -5.849693 0.768073 -1.134102
v -5.849747 0.768073 -1.166685
v -5.849693 0.768073 -1.134102
v -5.743458 0.768073 -1.134279
v -5.743513 0.768073 -1.166862
v -5.849747 0.768073 -1.166685
v -5.531043 0.768073 -1.167215
v -5.530989 0.768073 -1.134631
v -5.637224 0.716756 -1.134455
v -5.530989 0.716756 -1.134631
v -5.530989 0.768073 -1.134631
v -5.637224 0.768073 -1.134455
v -5.637278 0.716756 -1.167039
v -5.637224 0.716756 -1.134455
v -5.637224 0.768073 -1.134455
v -5.637278 0.768073 -1.167039
v -5.637224 0.768073 -1.134455
v -5.530989 0.768073 -1.134631
v -5.531043 0.768073 -1.167215
v -5.637278 0.768073 -1.167039
v -5.555103 0.834066 -1.211166
v -5.560863 0.834066 -0.942071
v -5.560863 1.017627 -0.942071
v -5.555103 1.017627 -1.211166
v -5.264996 0.834066 -1.204956
v -5.555103 0.834066 -1.211166
v -5.555103 1.017627 -1.211166
v -5.264996 1.017627 -1.204956
v -5.270756 0.834066 -0.935861
v -5.264996 0.834066 -1.204956
v -5.264996 1.017627 -1.204956
v -5.270756 1.017627 -0.935861
v -5.560863 0.834066 -0.942071
v -5.270756 0.834066 -0.935861
v -5.270756 1.017627 -0.935861
v -5.560863 1.017627 -0.942071
v -5.555103 0.000000 -1.211166
v -5.560863 0.000000 -0.942071
v -5.264996 0.000000 -1.204956
v -5.555103 0.000000 -1.211166
v -5.270756 0.000000 -0.935861
v -5.264996 0.000000 -1.204956
v -5.560863 0.000000 -0.942071
v -5.270756 0.000000 -0.935861
v -5.555103 1.017627 -1.211166
v -5.560863 1.017627 -0.942071
v -5.588373 1.072549 -0.917704
v -5.581545 1.072549 -1.236689
v -5.560863 1.017627 -0.942071
v -5.270756 1.017627 -0.935861
v -5.244313 1.072549 -0.910338
v -5.588373 1.072549 -0.917704
v -5.264996 1.017627 -1.204956
v -5.555103 1.017627 -1.211166
v -5.581545 1.072549 -1.236689
v -5.237486 1.072549 -1.229323
v -5.270756 1.017627 -0.935861
v -5.264996 1.017627 -1.204956
v -5.237486 1.072549 -1.229323
v -5.244313 1.072549 -0.910338
v -5.616086 1.083615 -0.893153
v -5.608182 1.083615 -1.262402
v -5.588373 1.072549 -0.917704
v -5.217677 1.083615 -0.884625
v -5.616086 1.083615 -0.893153
v -5.581545 1.072549 -1.236689
v -5.608182 1.083615 -1.262402
v -5.209773 1.083615 -1.253873
v -5.244313 1.072549 -0.910338
v -5.237486 1.072549 -1.229323
v -5.209773 1.083615 -1.253873
v -5.217677 1.083615 -0.884625
v -6.372125 0.513802 -1.006389
v -6.372125 0.000000 -1.006389
v -6.372343 0.000000 -1.137482
v -6.372343 0.513802 -1.137482
v -7.222002 0.000000 -1.004974
v -7.222002 0.513802 -1.004974
v -7.222221 0.513802 -1.136067
v -7.222221 0.000000 -1.136067
v -6.372075 0.580922 -0.976655
v -6.372391 0.580922 -1.167215
v -7.221951 0.580922 -0.975241
v -7.222269 0.580922 -1.165801
v -6.372075 0.580922 -0.976655
v -6.372075 0.665666 -0.976655
v -7.221951 0.665666 -0.975241
v -7.221951 0.580922 -0.975241
v -6.372125 0.513802 -1.006389
v -7.222002 0.513802 -1.004974
v -6.372391 0.580922 -1.167215
v -6.372343 0.513802 -1.137482
v -7.222221 0.513802 -1.136067
v -7.222269 0.580922 -1.165801
v -6.372391 0.665666 -1.167215
v -7.222269 0.665666 -1.165801
v -7.009799 0.716756 -1.166154
v -7.116035 0.716756 -1.165978
v -7.116035 0.768073 -1.165978
v -7.009799 0.768073 -1.166154
v -6.797330 0.716756 -1.166507
v -6.903565 0.716756 -1.166331
v -6.903565 0.768073 -1.166331
v -6.797330 0.768073 -1.166507
v -6.584861 0.716756 -1.166862
v -6.691095 0.716756 -1.166685
v -6.691095 0.768073 -1.166685
v -6.584861 0.768073 -1.166862
v -6.372391 0.716756 -1.167215
v -6.478626 0.716756 -1.167039
v -6.478626 0.768073 -1.167039
v -6.372391 0.768073 -1.167215
v -6.372343 0.000000 -1.137482
v -7.222221 0.000000 -1.136067
v -7.222002 0.000000 -1.004974
v -6.372125 0.000000 -1.006389
v -7.222216 0.665666 -1.133217
v -7.221951 0.665666 -0.975241
v -6.372075 0.665666 -0.976655
v -6.372337 0.665666 -1.134631
v -7.222269 0.665666 -1.165801
v -7.222216 0.665666 -1.133217
v -7.222216 0.716756 -1.133217
v -7.222269 0.716756 -1.165801
v -6.372337 0.665666 -1.134631
v -6.372391 0.665666 -1.167215
v -6.372391 0.716756 -1.167215
v -6.372337 0.716756 -1.134631
v -7.222216 0.716756 -1.133217
v -7.115980 0.716756 -1.133394
v -7.116035 0.716756 -1.165978
v -7.222269 0.716756 -1.165801
v -7.009746 0.716756 -1.133570
v -6.903512 0.716756 -1.133748
v -6.903565 0.716756 -1.166331
v -7.009799 0.716756 -1.166154
v -6.797276 0.716756 -1.133924
v -6.691041 0.716756 -1.134102
v -6.691095 0.716756 -1.166685
v -6.797330 0.716756 -1.166507
v -6.584807 0.716756 -1.134279
v -6.478572 0.716756 -1.134455
v -6.478626 0.716756 -1.167039
v -6.584861 0.716756 -1.166862
v -7.009746 0.716756 -1.133570
v -7.009799 0.716756 -1.166154
v -7.009799 0.768073 -1.166154
v -7.009746 0.768073 -1.133570
v -7.115980 0.716756 -1.133394
v -7.009746 0.716756 -1.133570
v -7.009746 0.768073 -1.133570
v -7.115980 0.768073 -1.133394
v -7.116035 0.716756 -1.165978
v -7.115980 0.716756 -1.133394
v -7.115980 0.768073 -1.133394
v -7.116035 0.768073 -1.165978
v -7.115980 0.768073 -1.133394
v -7.009746 0.768073 -1.133570
v -7.009799 0.768073 -1.166154
v -7.116035 0.768073 -1.165978
v -6.797276 0.716756 -1.133924
v -6.797330 0.716756 -1.166507
v -6.797330 0.768073 -1.166507
v -6.797276 0.768073 -1.133924
v -6.903512 0.716756 -1.133748
v -6.797276 0.716756 -1.133924
v -6.797276 0.768073 -1.133924
v -6.903512 0.768073 -1.133748
v -6.903565 0.716756 -1.166331
v -6.903512 0.716756 -1.133748
v -6.903512 0.768073 -1.133748
v -6.903565 0.768073 -1.166331
v -6.903512 0.768073 -1.133748
v -6.797276 0.768073 -1.133924
v -6.797330 0.768073 -1.166507
v -6.903565 0.768073 -1.166331
v -6.584807 0.716756 -1.134279
v -6.584861 0.716756 -1.166862
v -6.584861 0.768073 -1.166862
v -6.584807 0.768073 -1.134279
v -6.691041 0.716756 -1.134102
v -6.584807 0.716756 -1.134279
v -6.584807 0.768073 -1.134279
v -6.691041 0.768073 -1.134102
v -6.691095 0.716756 -1.166685
v -6.691041 0.716756 -1.134102
v -6.691041 0.768073 -1.134102
v -6.691095 0.768073 -1.166685
v -6.691041 0.768073 -1.134102
v -6.584807 0.768073 -1.134279
v -6.584861 0.768073 -1.166862
v -6.691095 0.768073 -1.166685
v -6.372391 0.768073 -1.167215
v -6.372337 0.768073 -1.134631
v -6.478572 0.716756 -1.134455
v -6.372337 0.716756 -1.134631
v -6.372337 0.768073 -1.134631
v -6.478572 0.768073 -1.134455
v -6.478626 0.716756 -1.167039
v -6.478572 0.716756 -1.134455
v -6.478572 0.768073 -1.134455
v -6.478626 0.768073 -1.167039
v -6.478572 0.768073 -1.134455
v -6.372337 0.768073 -1.134631
v -6.372391 0.768073 -1.167215
v -6.478626 0.768073 -1.167039
v -6.233115 0.000000 -0.352013
v -5.845249 0.000000 -0.235574
v -5.845249 0.142571 -0.235574
v -6.233115 0.142571 -0.352013
v -6.233115 0.142571 -0.352013
v -5.845249 0.142571 -0.235574
v -5.837475 0.144039 -0.215107
v -6.250876 0.144039 -0.339212
v -5.788214 0.289364 -0.379202
v -6.201614 0.289364 -0.503306
v -6.250876 0.144039 -0.339212
v -5.837475 0.144039 -0.215107
v -5.845249 0.000000 -0.235574
v -5.756712 0.000000 -0.530495
v -6.144578 0.000000 -0.646934
v -6.233115 0.000000 -0.352013
v -5.800981 0.273165 -0.383034
v -5.788214 0.273165 -0.379202
v -5.788214 0.273165 -0.379202
v -5.743945 0.142571 -0.526662
v -5.738952 0.144039 -0.543296
v -5.788214 0.289364 -0.379202
v -6.188847 0.273165 -0.499473
v -6.201614 0.273165 -0.503306
v -6.157346 0.142571 -0.650767
v -6.201614 0.273165 -0.503306
v -6.201614 0.289364 -0.503306
v -6.152352 0.144039 -0.667400
v -6.188847 0.273165 -0.499473
v -6.201614 0.273165 -0.503306
v -6.245882 0.142571 -0.355846
v -6.250876 0.144039 -0.339212
v -5.800981 0.273165 -0.383034
v -5.788214 0.273165 -0.379202
v -5.832482 0.142571 -0.231741
v -5.837475 0.144039 -0.215107
v -5.756712 0.000000 -0.530495
v -6.144578 0.000000 -0.646934
v -6.144578 0.142571 -0.646934
v -5.756712 0.142571 -0.530495
v -5.756712 0.142571 -0.530495
v -6.144578 0.142571 -0.646934
v -6.152352 0.144039 -0.667400
v -5.738952 0.144039 -0.543296
v -6.201614 0.289364 -0.503306
v -5.788214 0.289364 -0.379202
v -5.738952 0.144039 -0.543296
v -6.152352 0.144039 -0.667400
v -6.488258 0.334968 -0.708607
v -6.289253 0.334968 -0.708607
v -6.289253 0.425410 -0.708607
v -6.488258 0.425410 -0.708607
v -6.488258 0.334968 -0.911365
v -6.488258 0.334968 -0.708607
v -6.488258 0.425410 -0.708607
v -6.488258 0.425410 -0.911365
v -6.289253 0.334968 -0.911365
v -6.488258 0.334968 -0.911365
v -6.488258 0.425410 -0.911365
v -6.289253 0.425410 -0.911365
v -6.289253 0.334968 -0.708607
v -6.289253 0.334968 -0.911365
v -6.289253 0.425410 -0.911365
v -6.289253 0.425410 -0.708607
v -6.270805 0.478374 -0.689753
v -6.506706 0.478374 -0.689753
v -6.270805 0.478374 -0.930218
v -6.270805 0.478374 -0.689753
v -6.506706 0.478374 -0.689753
v -6.506706 0.478374 -0.930218
v -6.506706 0.478374 -0.930218
v -6.270805 0.478374 -0.930218
v -6.488258 0.000000 -0.708607
v -6.289253 0.000000 -0.708607
v -6.488258 0.000000 -0.911365
v -6.488258 0.000000 -0.708607
v -6.289253 0.000000 -0.911365
v -6.488258 0.000000 -0.911365
v -6.289253 0.000000 -0.708607
v -6.289253 0.000000 -0.911365
v -6.506706 0.478374 -0.689753
v -6.270805 0.478374 -0.689753
v -6.252219 0.489045 -0.670761
v -6.525292 0.489045 -0.670761
v -6.270805 0.478374 -0.689753
v -6.270805 0.478374 -0.930218
v -6.252219 0.489045 -0.949210
v -6.252219 0.489045 -0.670761
v -6.506706 0.478374 -0.930218
v -6.506706 0.478374 -0.689753
v -6.525292 0.489045 -0.670761
v -6.525292 0.489045 -0.949210
v -6.270805 0.478374 -0.930218
v -6.506706 0.478374 -0.930218
v -6.525292 0.489045 -0.949210
v -6.252219 0.489045 -0.949210
v -6.286884 0.140779 -0.727584
v -6.286884 0.188395 -0.664425
v -6.469233 0.188395 -0.664425
v -6.469233 0.140779 -0.727584
v -6.286884 0.215281 -0.601267
v -6.469233 0.215281 -0.601267
v -6.286884 0.215281 -0.538108
v -6.469233 0.215281 -0.538108
v -6.286884 0.188395 -0.474949
v -6.469233 0.188395 -0.474949
v -6.286884 0.140779 -0.411790
v -6.469233 0.140779 -0.411790
v -6.286884 0.348101 -0.411790
v -6.286884 0.348101 -0.727584
v -6.265182 0.342363 -0.727584
v -6.265182 0.342363 -0.411790
v -6.378058 0.478178 -0.411790
v -6.265182 0.342363 -0.411790
v -6.265182 0.342363 -0.727584
v -6.378058 0.478178 -0.727584
v -6.469233 0.348101 -0.727584
v -6.469233 0.348101 -0.411790
v -6.490934 0.342363 -0.411790
v -6.490934 0.342363 -0.727584
v -6.378058 0.478178 -0.727584
v -6.490934 0.342363 -0.727584
v -6.490934 0.342363 -0.411790
v -6.378058 0.478178 -0.411790
v -6.266161 0.389367 -0.467500
v -6.715302 0.389367 -0.467499
v -6.730038 0.382748 -0.491781
v -6.251427 0.382748 -0.491781
v -6.251427 0.382748 -0.491781
v -6.730038 0.382748 -0.491781
v -6.730036 0.609911 -0.355982
v -6.251427 0.609911 -0.355983
v -6.668151 0.045832 -0.467499
v -6.266161 0.045832 -0.467500
v -6.258568 0.045832 -0.475092
v -6.675745 0.045832 -0.475092
v -6.258568 0.045832 -0.475092
v -6.258568 0.000000 -0.475092
v -6.675745 0.000000 -0.475092
v -6.675745 0.045832 -0.475092
v -6.266161 0.211530 -0.467500
v -6.266161 0.045832 -0.467500
v -6.668151 0.045832 -0.467499
v -6.668151 0.211530 -0.467499
v -6.266160 0.575912 -0.355983
v -6.251427 0.575912 -0.355983
v -6.251427 0.389367 -0.244465
v -6.251427 0.575912 -0.355983
v -6.251427 0.609911 -0.355983
v -6.251426 0.382748 -0.220184
v -6.715303 0.575912 -0.355983
v -6.730036 0.575912 -0.355982
v -6.730036 0.575912 -0.355982
v -6.730037 0.389367 -0.244466
v -6.730037 0.382748 -0.220184
v -6.730036 0.609911 -0.355982
v -6.715303 0.575912 -0.355983
v -6.730036 0.575912 -0.355982
v -6.730038 0.389367 -0.467500
v -6.730038 0.382748 -0.491781
v -6.266160 0.575912 -0.355983
v -6.251427 0.575912 -0.355983
v -6.251427 0.389367 -0.467499
v -6.251427 0.382748 -0.491781
v -6.668151 0.045832 -0.313712
v -6.668152 0.045832 -0.380855
v -6.668152 0.000000 -0.380855
v -6.668151 0.000000 -0.313712
v -6.266161 0.045832 -0.467500
v -6.266160 0.045832 -0.244466
v -6.258568 0.045832 -0.236874
v -6.258568 0.045832 -0.475092
v -6.258568 0.000000 -0.475092
v -6.258568 0.045832 -0.475092
v -6.258568 0.045832 -0.236874
v -6.258568 0.000000 -0.236874
v -6.668152 0.045832 -0.380855
v -6.668151 0.045832 -0.467499
v -6.675745 0.045832 -0.475092
v -6.675745 0.045832 -0.380855
v -6.668152 0.000000 -0.380855
v -6.668152 0.045832 -0.380855
v -6.675745 0.045832 -0.380855
v -6.675745 0.000000 -0.380855
v -6.675745 0.045832 -0.380855
v -6.675745 0.045832 -0.475092
v -6.675745 0.000000 -0.475092
v -6.675745 0.000000 -0.380855
v -6.668152 0.045832 -0.244466
v -6.668151 0.045832 -0.313712
v -6.675745 0.045832 -0.313712
v -6.675745 0.045832 -0.236873
v -6.668151 0.045832 -0.313712
v -6.668151 0.000000 -0.313712
v -6.675745 0.000000 -0.313712
v -6.675745 0.045832 -0.313712
v -6.675745 0.000000 -0.313712
v -6.675745 0.000000 -0.236873
v -6.675745 0.045832 -0.236873
v -6.675745 0.045832 -0.313712
v -6.266160 0.211530 -0.244466
v -6.266161 0.211530 -0.467500
v -6.266160 0.045832 -0.244466
v -6.266161 0.045832 -0.467500
v -6.715303 0.211530 -0.244465
v -6.715302 0.211530 -0.467499
v -6.715303 0.211530 -0.244465
v -6.715302 0.211530 -0.467499
v -6.668151 0.211530 -0.467499
v -6.668152 0.211530 -0.244466
v -6.715303 0.389367 -0.244465
v -6.266160 0.389367 -0.244466
v -6.251426 0.382748 -0.220184
v -6.730037 0.382748 -0.220184
v -6.730037 0.382748 -0.220184
v -6.251426 0.382748 -0.220184
v -6.251427 0.609911 -0.355983
v -6.730036 0.609911 -0.355982
v -6.266160 0.045832 -0.244466
v -6.668152 0.045832 -0.244466
v -6.675745 0.045832 -0.236873
v -6.258568 0.045832 -0.236874
v -6.258568 0.000000 -0.236874
v -6.258568 0.045832 -0.236874
v -6.675745 0.045832 -0.236873
v -6.675745 0.000000 -0.236873
v -6.668152 0.211530 -0.244466
v -6.668152 0.045832 -0.244466
v -6.266160 0.045832 -0.244466
v -6.266160 0.211530 -0.244466
v -6.690679 0.513802 0.458741
v -6.690679 0.000000 0.458741
v -6.821766 0.000000 0.458741
v -6.821766 0.513802 0.458741
v -6.690679 0.000000 1.308592
v -6.690679 0.513802 1.308592
v -6.821766 0.513802 1.308592
v -6.821766 0.000000 1.308592
v -6.660945 0.580922 0.458741
v -6.851499 0.580922 0.458741
v -6.660945 0.580922 1.308592
v -6.851500 0.580922 1.308592
v -6.690679 0.000000 0.804036
v -6.690679 0.222744 0.804036
v -6.821766 0.222744 0.804036
v -6.821766 0.000000 0.804036
v -6.821766 0.000000 0.981045
v -6.821766 0.222744 0.981045
v -6.690679 0.222744 0.981045
v -6.690679 0.000000 0.981045
v -6.821766 0.259037 0.942419
v -6.821766 0.279237 0.892540
v -6.690679 0.279237 0.892540
v -6.690679 0.259037 0.942419
v -6.690679 0.259037 0.842661
v -6.821766 0.259037 0.842661
v -6.660945 0.580922 0.458741
v -6.660945 0.665666 0.458741
v -6.660945 0.665666 1.308592
v -6.660945 0.580922 1.308592
v -6.690679 0.513802 0.458741
v -6.690679 0.513802 1.308592
v -6.851499 0.580922 0.458741
v -6.821766 0.513802 0.458741
v -6.821766 0.513802 1.308592
v -6.851500 0.580922 1.308592
v -6.851499 0.665666 0.458741
v -6.851500 0.665666 1.308592
v -6.851499 0.716756 1.096129
v -6.851500 0.716756 1.202360
v -6.851500 0.768073 1.202360
v -6.851499 0.768073 1.096129
v -6.851499 0.716756 0.883666
v -6.851499 0.716756 0.989898
v -6.851499 0.768073 0.989898
v -6.851499 0.768073 0.883666
v -6.851500 0.716756 0.671203
v -6.851499 0.716756 0.777435
v -6.851499 0.768073 0.777435
v -6.851500 0.768073 0.671203
v -6.851499 0.716756 0.458741
v -6.851499 0.716756 0.564972
v -6.851499 0.768073 0.564972
v -6.851499 0.768073 0.458741
v -6.818917 0.665666 1.308592
v -6.660945 0.665666 1.308592
v -6.660945 0.665666 0.458741
v -6.818917 0.665666 0.458741
v -6.851500 0.665666 1.308592
v -6.818917 0.665666 1.308592
v -6.818917 0.716756 1.308592
v -6.851500 0.716756 1.308592
v -6.818917 0.665666 0.458741
v -6.851499 0.665666 0.458741
v -6.851499 0.716756 0.458741
v -6.818917 0.716756 0.458741
v -6.818917 0.716756 1.308592
v -6.818916 0.716756 1.202360
v -6.851500 0.716756 1.202360
v -6.851500 0.716756 1.308592
v -6.818917 0.716756 1.096129
v -6.818916 0.716756 0.989898
v -6.851499 0.716756 0.989898
v -6.851499 0.716756 1.096129
v -6.818917 0.716756 0.883666
v -6.818917 0.716756 0.777435
v -6.851499 0.716756 0.777435
v -6.851499 0.716756 0.883666
v -6.818917 0.716756 0.671203
v -6.818917 0.716756 0.564972
v -6.851499 0.716756 0.564972
v -6.851500 0.716756 0.671203
v -6.818917 0.716756 1.096129
v -6.851499 0.716756 1.096129
v -6.851499 0.768073 1.096129
v -6.818917 0.768073 1.096129
v -6.818916 0.716756 1.202360
v -6.818917 0.716756 1.096129
v -6.818917 0.768073 1.096129
v -6.818916 0.768073 1.202360
v -6.851500 0.716756 1.202360
v -6.818916 0.716756 1.202360
v -6.818916 0.768073 1.202360
v -6.851500 0.768073 1.202360
v -6.818916 0.768073 1.202360
v -6.818917 0.768073 1.096129
v -6.851499 0.768073 1.096129
v -6.851500 0.768073 1.202360
v -6.818917 0.716756 0.883666
v -6.851499 0.716756 0.883666
v -6.851499 0.768073 0.883666
v -6.818917 0.768073 0.883666
v -6.818916 0.716756 0.989898
v -6.818917 0.716756 0.883666
v -6.818917 0.768073 0.883666
v -6.818916 0.768073 0.989898
v -6.851499 0.716756 0.989898
v -6.818916 0.716756 0.989898
v -6.818916 0.768073 0.989898
v -6.851499 0.768073 0.989898
v -6.818916 0.768073 0.989898
v -6.818917 0.768073 0.883666
v -6.851499 0.768073 0.883666
v -6.851499 0.768073 0.989898
v -6.818917 0.716756 0.671203
v -6.851500 0.716756 0.671203
v -6.851500 0.768073 0.671203
v -6.818917 0.768073 0.671203
v -6.818917 0.716756 0.777435
v -6.818917 0.716756 0.671203
v -6.818917 0.768073 0.671203
v -6.818917 0.768073 0.777435
v -6.851499 0.716756 0.777435
v -6.818917 0.716756 0.777435
v -6.818917 0.768073 0.777435
v -6.851499 0.768073 0.777435
v -6.818917 0.768073 0.777435
v -6.818917 0.768073 0.671203
v -6.851500 0.768073 0.671203
v -6.851499 0.768073 0.777435
v -6.851499 0.768073 0.458741
v -6.818917 0.768073 0.458741
v -6.818917 0.716756 0.564972
v -6.818917 0.716756 0.458741
v -6.818917 0.768073 0.458741
v -6.818917 0.768073 0.564972
v -6.851499 0.716756 0.564972
v -6.818917 0.716756 0.564972
v -6.818917 0.768073 0.564972
v -6.851499 0.768073 0.564972
v -6.818917 0.768073 0.564972
v -6.818917 0.768073 0.458741
v -6.851499 0.768073 0.458741
v -6.851499 0.768073 0.564972
v -6.676371 0.259037 0.942420
v -6.676371 0.279237 0.892540
v -6.688354 0.279237 0.892540
v -6.688354 0.259037 0.942419
v -6.676371 0.222744 0.981045
v -6.688354 0.222744 0.981045
v -6.676371 0.000000 0.981045
v -6.688354 0.000000 0.981045
v -6.688354 0.000000 0.892540
v -6.688354 0.279237 0.892540
v -6.676371 0.279237 0.892540
v -6.676371 0.000000 0.892540
v -6.676371 0.222744 0.804036
v -6.676371 0.000000 0.804036
v -6.688354 0.000000 0.804036
v -6.688354 0.222744 0.804036
v -6.676371 0.259037 0.842661
v -6.688354 0.259037 0.842661
v -6.676371 0.279237 0.892540
v -6.688354 0.279237 0.892540
v -6.676371 0.000000 0.892540
v -6.676371 0.279237 0.892540
v -6.688354 0.279237 0.892540
v -6.688354 0.000000 0.892540
v -6.610812 0.791192 0.191887
v -6.879957 0.791192 0.191887
v -6.879957 0.974752 0.191887
v -6.610812 0.974752 0.191887
v -6.610812 0.791192 0.482048
v -6.610812 0.791192 0.191887
v -6.610812 0.974752 0.191887
v -6.610812 0.974752 0.482048
v -6.879957 0.791192 0.482048
v -6.610812 0.791192 0.482048
v -6.610812 0.974752 0.482048
v -6.879957 0.974752 0.482048
v -6.879957 0.791192 0.191887
v -6.879957 0.791192 0.482048
v -6.879957 0.974752 0.482048
v -6.879957 0.974752 0.191887
v -6.610812 -0.042875 0.191887
v -6.879957 -0.042875 0.191887
v -6.610812 -0.042875 0.482048
v -6.610812 -0.042875 0.191887
v -6.879957 -0.042875 0.482048
v -6.610812 -0.042875 0.482048
v -6.879957 -0.042875 0.191887
v -6.879957 -0.042875 0.482048
v -6.610812 0.974752 0.191887
v -6.879957 0.974752 0.191887
v -6.904906 1.029675 0.164906
v -6.585863 1.029675 0.164906
v -6.879957 0.974752 0.191887
v -6.879957 0.974752 0.482048
v -6.904906 1.029675 0.509030
v -6.904906 1.029675 0.164906
v -6.610812 0.974752 0.482048
v -6.610812 0.974752 0.191887
v -6.585863 1.029675 0.164906
v -6.585863 1.029675 0.509030
v -6.879957 0.974752 0.482048
v -6.610812 0.974752 0.482048
v -6.585863 1.029675 0.509030
v -6.904906 1.029675 0.509030
v -6.930043 1.040740 0.137726
v -6.560727 1.040740 0.137726
v -6.904906 1.029675 0.164906
v -6.930043 1.040740 0.536209
v -6.930043 1.040740 0.137726
v -6.585863 1.029675 0.164906
v -6.560727 1.040740 0.137726
v -6.560727 1.040740 0.536209
v -6.904906 1.029675 0.509030
v -6.585863 1.029675 0.509030
v -6.560727 1.040740 0.536209
v -6.930043 1.040740 0.536209
v -6.607508 0.834066 1.250555
v -6.876653 0.834066 1.250555
v -6.876653 1.017627 1.250555
v -6.607508 1.017627 1.250555
v -6.607508 0.834066 1.540715
v -6.607508 0.834066 1.250555
v -6.607508 1.017627 1.250555
v -6.607508 1.017627 1.540715
v -6.876653 0.834066 1.540715
v -6.607508 0.834066 1.540715
v -6.607508 1.017627 1.540715
v -6.876653 1.017627 1.540715
v -6.876653 0.834066 1.250555
v -6.876653 0.834066 1.540715
v -6.876653 1.017627 1.540715
v -6.876653 1.017627 1.250555
v -6.607508 0.000000 1.250555
v -6.876653 0.000000 1.250555
v -6.607508 0.000000 1.540715
v -6.607508 0.000000 1.250555
v -6.876653 0.000000 1.540715
v -6.607508 0.000000 1.540715
v -6.876653 0.000000 1.250555
v -6.876653 0.000000 1.540715
v -6.607508 1.017627 1.250555
v -6.876653 1.017627 1.250555
v -6.901602 1.072549 1.223573
v -6.582559 1.072549 1.223573
v -6.876653 1.017627 1.250555
v -6.876653 1.017627 1.540715
v -6.901602 1.072549 1.567697
v -6.901602 1.072549 1.223573
v -6.607508 1.017627 1.540715
v -6.607508 1.017627 1.250555
v -6.582559 1.072549 1.223573
v -6.582559 1.072549 1.567697
v -6.876653 1.017627 1.540715
v -6.607508 1.017627 1.540715
v -6.582559 1.072549 1.567697
v -6.901602 1.072549 1.567697
v -6.926739 1.083615 1.196393
v -6.557423 1.083615 1.196393
v -6.901602 1.072549 1.223573
v -6.926739 1.083615 1.594876
v -6.926739 1.083615 1.196393
v -6.582559 1.072549 1.223573
v -6.557423 1.083615 1.196393
v -6.557423 1.083615 1.594876
v -6.901602 1.072549 1.567697
v -6.582559 1.072549 1.567697
v -6.557423 1.083615 1.594876
v -6.926739 1.083615 1.594876
v -6.049177 0.834066 1.285427
v -6.318322 0.834066 1.285427
v -6.318322 1.017627 1.285427
v -6.049177 1.017627 1.285427
v -6.049177 0.834066 1.575588
v -6.049177 0.834066 1.285427
v -6.049177 1.017627 1.285427
v -6.049177 1.017627 1.575588
v -6.318322 0.834066 1.575588
v -6.049177 0.834066 1.575588
v -6.049177 1.017627 1.575588
v -6.318322 1.017627 1.575588
v -6.318322 0.834066 1.285427
v -6.318322 0.834066 1.575588
v -6.318322 1.017627 1.575588
v -6.318322 1.017627 1.285427
v -6.049177 0.000000 1.285427
v -6.318322 0.000000 1.285427
v -6.049177 0.000000 1.575588
v -6.049177 0.000000 1.285427
v -6.318322 0.000000 1.575588
v -6.049177 0.000000 1.575588
v -6.318322 0.000000 1.285427
v -6.318322 0.000000 1.575588
v -6.049177 1.017627 1.285427
v -6.318322 1.017627 1.285427
v -6.343272 1.072549 1.258446
v -6.024229 1.072549 1.258446
v -6.318322 1.017627 1.285427
v -6.318322 1.017627 1.575588
v -6.343272 1.072549 1.602569
v -6.343272 1.072549 1.258446
v -6.049177 1.017627 1.575588
v -6.049177 1.017627 1.285427
v -6.024229 1.072549 1.258446
v -6.024229 1.072549 1.602569
v -6.318322 1.017627 1.575588
v -6.049177 1.017627 1.575588
v -6.024229 1.072549 1.602569
v -6.343272 1.072549 1.602569
v -6.368409 1.083615 1.231266
v -5.999092 1.083615 1.231266
v -6.343272 1.072549 1.258446
v -6.368409 1.083615 1.629748
v -6.368409 1.083615 1.231266
v -6.024229 1.072549 1.258446
v -5.999092 1.083615 1.231266
v -5.999092 1.083615 1.629748
v -6.343272 1.072549 1.602569
v -6.024229 1.072549 1.602569
v -5.999092 1.083615 1.629748
v -6.368409 1.083615 1.629748
v -6.010690 0.834066 1.810372
v -6.279834 0.834066 1.810372
v -6.279834 1.017627 1.810372
v -6.010690 1.017627 1.810372
v -6.010690 0.834066 2.100533
v -6.010690 0.834066 1.810372
v -6.010690 1.017627 1.810372
v -6.010690 1.017627 2.100533
v -6.279834 0.834066 2.100533
v -6.010690 0.834066 2.100533
v -6.010690 1.017627 2.100533
v -6.279834 1.017627 2.100533
v -6.279834 0.834066 1.810372
v -6.279834 0.834066 2.100533
v -6.279834 1.017627 2.100533
v -6.279834 1.017627 1.810372
v -6.010690 0.000000 1.810372
v -6.279834 0.000000 1.810372
v -6.010690 0.000000 2.100533
v -6.010690 0.000000 1.810372
v -6.279834 0.000000 2.100533
v -6.010690 0.000000 2.100533
v -6.279834 0.000000 1.810372
v -6.279834 0.000000 2.100533
v -6.010690 1.017627 1.810372
v -6.279834 1.017627 1.810372
v -6.304784 1.072549 1.783391
v -5.985741 1.072549 1.783391
v -6.279834 1.017627 1.810372
v -6.279834 1.017627 2.100533
v -6.304784 1.072549 2.127514
v -6.304784 1.072549 1.783391
v -6.010690 1.017627 2.100533
v -6.010690 1.017627 1.810372
v -5.985741 1.072549 1.783391
v -5.985741 1.072549 2.127514
v -6.279834 1.017627 2.100533
v -6.010690 1.017627 2.100533
v -5.985741 1.072549 2.127514
v -6.304784 1.072549 2.127514
v -6.329920 1.083615 1.756211
v -5.960604 1.083615 1.756211
v -6.304784 1.072549 1.783391
v -6.329920 1.083615 2.154694
v -6.329920 1.083615 1.756211
v -5.985741 1.072549 1.783391
v -5.960604 1.083615 1.756211
v -5.960604 1.083615 2.154694
v -6.304784 1.072549 2.127514
v -5.985741 1.072549 2.127514
v -5.960604 1.083615 2.154694
v -6.329920 1.083615 2.154694
v -4.091412 0.834066 1.827244
v -4.360556 0.834066 1.827244
v -4.360556 1.017627 1.827244
v -4.091412 1.017627 1.827244
v -4.091412 0.834066 2.117405
v -4.091412 0.834066 1.827244
v -4.091412 1.017627 1.827244
v -4.091412 1.017627 2.117405
v -4.360556 0.834066 2.117405
v -4.091412 0.834066 2.117405
v -4.091412 1.017627 2.117405
v -4.360556 1.017627 2.117405
v -4.360556 0.834066 1.827244
v -4.360556 0.834066 2.117405
v -4.360556 1.017627 2.117405
v -4.360556 1.017627 1.827244
v -4.091412 0.000000 1.827244
v -4.360556 0.000000 1.827244
v -4.091412 0.000000 2.117405
v -4.091412 0.000000 1.827244
v -4.360556 0.000000 2.117405
v -4.091412 0.000000 2.117405
v -4.360556 0.000000 1.827244
v -4.360556 0.000000 2.117405
v -4.091412 1.017627 1.827244
v -4.360556 1.017627 1.827244
v -4.385506 1.072549 1.800263
v -4.066463 1.072549 1.800263
v -4.360556 1.017627 1.827244
v -4.360556 1.017627 2.117405
v -4.385506 1.072549 2.144387
v -4.385506 1.072549 1.800263
v -4.091412 1.017627 2.117405
v -4.091412 1.017627 1.827244
v -4.066463 1.072549 1.800263
v -4.066463 1.072549 2.144387
v -4.360556 1.017627 2.117405
v -4.091412 1.017627 2.117405
v -4.066463 1.072549 2.144387
v -4.385506 1.072549 2.144387
v -4.410643 1.083615 1.773083
v -4.041326 1.083615 1.773083
v -4.385506 1.072549 1.800263
v -4.410643 1.083615 2.171566
v -4.410643 1.083615 1.773083
v -4.066463 1.072549 1.800263
v -4.041326 1.083615 1.773083
v -4.041326 1.083615 2.171566
v -4.385506 1.072549 2.144387
v -4.066463 1.072549 2.144387
v -4.041326 1.083615 2.171566
v -4.410643 1.083615 2.171566
v -5.168004 0.513802 1.915864
v -5.168004 0.000000 1.915864
v -5.168004 0.000000 2.046953
v -5.168004 0.513802 2.046953
v -4.318146 0.000000 1.915864
v -4.318146 0.513802 1.915864
v -4.318146 0.513802 2.046953
v -4.318146 0.000000 2.046953
v -5.168004 0.580922 1.886131
v -5.168004 0.580922 2.076686
v -4.318146 0.580922 1.886131
v -4.318146 0.580922 2.076686
v -5.168004 0.580922 1.886131
v -5.168004 0.665666 1.886131
v -4.318146 0.665666 1.886131
v -4.318146 0.580922 1.886131
v -5.168004 0.513802 1.915864
v -4.318146 0.513802 1.915864
v -5.168004 0.580922 2.076686
v -5.168004 0.513802 2.046953
v -4.318146 0.513802 2.046953
v -4.318146 0.580922 2.076686
v -5.168004 0.665666 2.076686
v -4.318146 0.665666 2.076686
v -4.530611 0.716756 2.076686
v -4.424378 0.716756 2.076686
v -4.424378 0.768073 2.076686
v -4.530611 0.768073 2.076686
v -4.743075 0.716756 2.076686
v -4.636843 0.716756 2.076686
v -4.636843 0.768073 2.076686
v -4.743075 0.768073 2.076686
v -4.955540 0.716756 2.076686
v -4.849308 0.716756 2.076686
v -4.849308 0.768073 2.076686
v -4.955540 0.768073 2.076686
v -5.168004 0.716756 2.076686
v -5.061772 0.716756 2.076686
v -5.061772 0.768073 2.076686
v -5.168004 0.768073 2.076686
v -5.168004 0.000000 2.046953
v -4.318146 0.000000 2.046953
v -4.318146 0.000000 1.915864
v -5.168004 0.000000 1.915864
v -4.318146 0.665666 2.044104
v -4.318146 0.665666 1.886131
v -5.168004 0.665666 1.886131
v -5.168004 0.665666 2.044103
v -4.318146 0.665666 2.076686
v -4.318146 0.665666 2.044104
v -4.318146 0.716756 2.044104
v -4.318146 0.716756 2.076686
v -5.168004 0.665666 2.044103
v -5.168004 0.665666 2.076686
v -5.168004 0.716756 2.076686
v -5.168004 0.716756 2.044103
v -4.318146 0.716756 2.044104
v -4.424378 0.716756 2.044103
v -4.424378 0.716756 2.076686
v -4.318146 0.716756 2.076686
v -4.530611 0.716756 2.044104
v -4.636843 0.716756 2.044103
v -4.636843 0.716756 2.076686
v -4.530611 0.716756 2.076686
v -4.743075 0.716756 2.044103
v -4.849308 0.716756 2.044104
v -4.849308 0.716756 2.076686
v -4.743075 0.716756 2.076686
v -4.955540 0.716756 2.044104
v -5.061772 0.716756 2.044103
v -5.061772 0.716756 2.076686
v -4.955540 0.716756 2.076686
v -4.530611 0.716756 2.044104
v -4.530611 0.716756 2.076686
v -4.530611 0.768073 2.076686
v -4.530611 0.768073 2.044104
v -4.424378 0.716756 2.044103
v -4.530611 0.716756 2.044104
v -4.530611 0.768073 2.044104
v -4.424378 0.768073 2.044103
v -4.424378 0.716756 2.076686
v -4.424378 0.716756 2.044103
v -4.424378 0.768073 2.044103
v -4.424378 0.768073 2.076686
v -4.424378 0.768073 2.044103
v -4.530611 0.768073 2.044104
v -4.530611 0.768073 2.076686
v -4.424378 0.768073 2.076686
v -4.743075 0.716756 2.044103
v -4.743075 0.716756 2.076686
v -4.743075 0.768073 2.076686
v -4.743075 0.768073 2.044103
v -4.636843 0.716756 2.044103
v -4.743075 0.716756 2.044103
v -4.743075 0.768073 2.044103
v -4.636843 0.768073 2.044103
v -4.636843 0.716756 2.076686
v -4.636843 0.716756 2.044103
v -4.636843 0.768073 2.044103
v -4.636843 0.768073 2.076686
v -4.636843 0.768073 2.044103
v -4.743075 0.768073 2.044103
v -4.743075 0.768073 2.076686
v -4.636843 0.768073 2.076686
v -4.955540 0.716756 2.044104
v -4.955540 0.716756 2.076686
v -4.955540 0.768073 2.076686
v -4.955540 0.768073 2.044104
v -4.849308 0.716756 2.044104
v -4.955540 0.716756 2.044104
v -4.955540 0.768073 2.044104
v -4.849308 0.768073 2.044104
v -4.849308 0.716756 2.076686
v -4.849308 0.716756 2.044104
v -4.849308 0.768073 2.044104
v -4.849308 0.768073 2.076686
v -4.849308 0.768073 2.044104
v -4.955540 0.768073 2.044104
v -4.955540 0.768073 2.076686
v -4.849308 0.768073 2.076686
v -5.168004 0.768073 2.076686
v -5.168004 0.768073 2.044103
v -5.061772 0.716756 2.044103
v -5.168004 0.716756 2.044103
v -5.168004 0.768073 2.044103
v -5.061772 0.768073 2.044103
v -5.061772 0.716756 2.076686
v -5.061772 0.716756 2.044103
v -5.061772 0.768073 2.044103
v -5.061772 0.768073 2.076686
v -5.061772 0.768073 2.044103
v -5.168004 0.768073 2.044103
v -5.168004 0.768073 2.076686
v -5.061772 0.768073 2.076686
v -6.041704 0.513802 1.915864
v -6.041704 0.000000 1.915864
v -6.041703 0.000000 2.046953
v -6.041703 0.513802 2.046953
v -5.126181 0.000000 1.915864
v -5.126181 0.513802 1.915864
v -5.126181 0.513802 2.046953
v -5.126181 0.000000 2.046953
v -6.041703 0.580922 1.886131
v -6.041703 0.580922 2.076686
v -5.126181 0.580922 1.886131
v -5.126181 0.580922 2.076686
v -6.041703 0.580922 1.886131
v -6.041703 0.665666 1.886131
v -5.126181 0.665666 1.886131
v -5.126181 0.580922 1.886131
v -6.041704 0.513802 1.915864
v -5.126181 0.513802 1.915864
v -6.041703 0.580922 2.076686
v -6.041703 0.513802 2.046953
v -5.126181 0.513802 2.046953
v -5.126181 0.580922 2.076686
v -6.041703 0.665666 2.076686
v -5.126181 0.665666 2.076686
v -5.355062 0.716756 2.076686
v -5.240621 0.716756 2.076686
v -5.240621 0.768073 2.076686
v -5.355062 0.768073 2.076686
v -5.583943 0.716756 2.076686
v -5.469502 0.716756 2.076686
v -5.469502 0.768073 2.076686
v -5.583943 0.768073 2.076686
v -5.812823 0.716756 2.076686
v -5.698383 0.716756 2.076686
v -5.698383 0.768073 2.076686
v -5.812823 0.768073 2.076686
v -6.041703 0.716756 2.076686
v -5.927263 0.716756 2.076686
v -5.927263 0.768073 2.076686
v -6.041703 0.768073 2.076686
v -6.041703 0.000000 2.046953
v -5.126181 0.000000 2.046953
v -5.126181 0.000000 1.915864
v -6.041704 0.000000 1.915864
v -5.126181 0.665666 2.044104
v -5.126181 0.665666 1.886131
v -6.041703 0.665666 1.886131
v -6.041704 0.665666 2.044103
v -5.126181 0.665666 2.076686
v -5.126181 0.665666 2.044104
v -5.126181 0.716756 2.044104
v -5.126181 0.716756 2.076686
v -6.041704 0.665666 2.044103
v -6.041703 0.665666 2.076686
v -6.041703 0.716756 2.076686
v -6.041704 0.716756 2.044103
v -5.126181 0.716756 2.044104
v -5.240621 0.716756 2.044103
v -5.240621 0.716756 2.076686
v -5.126181 0.716756 2.076686
v -5.355062 0.716756 2.044104
v -5.469502 0.716756 2.044103
v -5.469502 0.716756 2.076686
v -5.355062 0.716756 2.076686
v -5.583943 0.716756 2.044103
v -5.698383 0.716756 2.044104
v -5.698383 0.716756 2.076686
v -5.583943 0.716756 2.076686
v -5.812823 0.716756 2.044104
v -5.927263 0.716756 2.044103
v -5.927263 0.716756 2.076686
v -5.812823 0.716756 2.076686
v -5.355062 0.716756 2.044104
v -5.355062 0.716756 2.076686
v -5.355062 0.768073 2.076686
v -5.355062 0.768073 2.044104
v -5.240621 0.716756 2.044103
v -5.355062 0.716756 2.044104
v -5.355062 0.768073 2.044104
v -5.240621 0.768073 2.044103
v -5.240621 0.716756 2.076686
v -5.240621 0.716756 2.044103
v -5.240621 0.768073 2.044103
v -5.240621 0.768073 2.076686
v -5.240621 0.768073 2.044103
v -5.355062 0.768073 2.044104
v -5.355062 0.768073 2.076686
v -5.240621 0.768073 2.076686
v -5.583943 0.716756 2.044103
v -5.583943 0.716756 2.076686
v -5.583943 0.768073 2.076686
v -5.583943 0.768073 2.044103
v -5.469502 0.716756 2.044103
v -5.583943 0.716756 2.044103
v -5.583943 0.768073 2.044103
v -5.469502 0.768073 2.044103
v -5.469502 0.716756 2.076686
v -5.469502 0.716756 2.044103
v -5.469502 0.768073 2.044103
v -5.469502 0.768073 2.076686
v -5.469502 0.768073 2.044103
v -5.583943 0.768073 2.044103
v -5.583943 0.768073 2.076686
v -5.469502 0.768073 2.076686
v -5.812823 0.716756 2.044104
v -5.812823 0.716756 2.076686
v -5.812823 0.768073 2.076686
v -5.812823 0.768073 2.044104
v -5.698383 0.716756 2.044104
v -5.812823 0.716756 2.044104
v -5.812823 0.768073 2.044104
v -5.698383 0.768073 2.044104
v -5.698383 0.716756 2.076686
v -5.698383 0.716756 2.044104
v -5.698383 0.768073 2.044104
v -5.698383 0.768073 2.076686
v -5.698383 0.768073 2.044104
v -5.812823 0.768073 2.044104
v -5.812823 0.768073 2.076686
v -5.698383 0.768073 2.076686
v -6.041703 0.768073 2.076686
v -6.041704 0.768073 2.044103
v -5.927263 0.716756 2.044103
v -6.041704 0.716756 2.044103
v -6.041704 0.768073 2.044103
v -5.927263 0.768073 2.044103
v -5.927263 0.716756 2.076686
v -5.927263 0.716756 2.044103
v -5.927263 0.768073 2.044103
v -5.927263 0.768073 2.076686
v -5.927263 0.768073 2.044103
v -6.041704 0.768073 2.044103
v -6.041703 0.768073 2.076686
v -5.927263 0.768073 2.076686
v -6.100529 0.513802 1.381920
v -6.100529 0.000000 1.381920
v -6.231616 0.000000 1.381920
v -6.231616 0.513802 1.381920
v -6.100529 0.000000 1.970944
v -6.100529 0.513802 1.970944
v -6.231616 0.513802 1.970944
v -6.231616 0.000000 1.970944
v -6.070796 0.580922 1.381920
v -6.261350 0.580922 1.381920
v -6.070796 0.580922 1.970944
v -6.261349 0.580922 1.970944
v -6.070796 0.580922 1.381920
v -6.070796 0.665666 1.381920
v -6.070796 0.665666 1.970944
v -6.070796 0.580922 1.970944
v -6.100529 0.513802 1.381920
v -6.100529 0.513802 1.970944
v -6.261350 0.580922 1.381920
v -6.231616 0.513802 1.381920
v -6.231616 0.513802 1.970944
v -6.261349 0.580922 1.970944
v -6.261350 0.665666 1.381920
v -6.261349 0.665666 1.970944
v -6.261350 0.716756 1.823690
v -6.261350 0.716756 1.897318
v -6.261350 0.768073 1.897318
v -6.261350 0.768073 1.823690
v -6.261350 0.716756 1.676431
v -6.261349 0.716756 1.750062
v -6.261349 0.768073 1.750062
v -6.261350 0.768073 1.676431
v -6.261350 0.716756 1.529175
v -6.261349 0.716756 1.602805
v -6.261349 0.768073 1.602805
v -6.261350 0.768073 1.529175
v -6.261350 0.716756 1.381920
v -6.261349 0.716756 1.455548
v -6.261349 0.768073 1.455548
v -6.261350 0.768073 1.381920
v -6.231616 0.000000 1.381920
v -6.231616 0.000000 1.970944
v -6.100529 0.000000 1.970944
v -6.100529 0.000000 1.381920
v -6.228767 0.665666 1.970944
v -6.070796 0.665666 1.970944
v -6.070796 0.665666 1.381920
v -6.228767 0.665666 1.381920
v -6.261349 0.665666 1.970944
v -6.228767 0.665666 1.970944
v -6.228767 0.716756 1.970944
v -6.261349 0.716756 1.970944
v -6.228767 0.665666 1.381920
v -6.261350 0.665666 1.381920
v -6.261350 0.716756 1.381920
v -6.228767 0.716756 1.381920
v -6.228767 0.716756 1.970944
v -6.228767 0.716756 1.897318
v -6.261350 0.716756 1.897318
v -6.261349 0.716756 1.970944
v -6.228767 0.716756 1.823690
v -6.228767 0.716756 1.750062
v -6.261349 0.716756 1.750062
v -6.261350 0.716756 1.823690
v -6.228767 0.716756 1.676431
v -6.228767 0.716756 1.602805
v -6.261349 0.716756 1.602805
v -6.261350 0.716756 1.676431
v -6.228767 0.716756 1.529175
v -6.228767 0.716756 1.455548
v -6.261349 0.716756 1.455548
v -6.261350 0.716756 1.529175
v -6.228767 0.716756 1.823690
v -6.261350 0.716756 1.823690
v -6.261350 0.768073 1.823690
v -6.228767 0.768073 1.823690
v -6.228767 0.716756 1.897318
v -6.228767 0.716756 1.823690
v -6.228767 0.768073 1.823690
v -6.228767 0.768073 1.897318
v -6.261350 0.716756 1.897318
v -6.228767 0.716756 1.897318
v -6.228767 0.768073 1.897318
v -6.261350 0.768073 1.897318
v -6.228767 0.768073 1.897318
v -6.228767 0.768073 1.823690
v -6.261350 0.768073 1.823690
v -6.261350 0.768073 1.897318
v -6.228767 0.716756 1.676431
v -6.261350 0.716756 1.676431
v -6.261350 0.768073 1.676431
v -6.228767 0.768073 1.676431
v -6.228767 0.716756 1.750062
v -6.228767 0.716756 1.676431
v -6.228767 0.768073 1.676431
v -6.228767 0.768073 1.750062
v -6.261349 0.716756 1.750062
v -6.228767 0.716756 1.750062
v -6.228767 0.768073 1.750062
v -6.261349 0.768073 1.750062
v -6.228767 0.768073 1.750062
v -6.228767 0.768073 1.676431
v -6.261350 0.768073 1.676431
v -6.261349 0.768073 1.750062
v -6.228767 0.716756 1.529175
v -6.261350 0.716756 1.529175
v -6.261350 0.768073 1.529175
v -6.228767 0.768073 1.529175
v -6.228767 0.716756 1.602805
v -6.228767 0.716756 1.529175
v -6.228767 0.768073 1.529175
v -6.228767 0.768073 1.602805
v -6.261349 0.716756 1.602805
v -6.228767 0.716756 1.602805
v -6.228767 0.768073 1.602805
v -6.261349 0.768073 1.602805
v -6.228767 0.768073 1.602805
v -6.228767 0.768073 1.529175
v -6.261350 0.768073 1.529175
v -6.261349 0.768073 1.602805
v -6.261350 0.768073 1.381920
v -6.228767 0.768073 1.381920
v -6.228767 0.716756 1.455548
v -6.228767 0.716756 1.381920
v -6.228767 0.768073 1.381920
v -6.228767 0.768073 1.455548
v -6.261349 0.716756 1.455548
v -6.228767 0.716756 1.455548
v -6.228767 0.768073 1.455548
v -6.261349 0.768073 1.455548
v -6.228767 0.768073 1.455548
v -6.228767 0.768073 1.381920
v -6.261350 0.768073 1.381920
v -6.261349 0.768073 1.455548
v -7.672092 0.513802 0.273111
v -7.672092 0.000000 0.273111
v -7.671883 0.000000 0.404202
v -7.671883 0.513802 0.404202
v -6.854522 0.000000 0.271695
v -6.854522 0.513802 0.271695
v -6.854312 0.513802 0.402787
v -6.854312 0.000000 0.402787
v -7.672140 0.580922 0.243377
v -7.671836 0.580922 0.433936
v -6.854571 0.580922 0.241962
v -6.854265 0.580922 0.432521
v -7.672140 0.580922 0.243377
v -7.672140 0.665666 0.243377
v -6.854571 0.665666 0.241962
v -6.854571 0.580922 0.241962
v -7.672092 0.513802 0.273111
v -6.854522 0.513802 0.271695
v -7.671836 0.580922 0.433936
v -7.671883 0.513802 0.404202
v -6.854312 0.513802 0.402787
v -6.854265 0.580922 0.432521
v -7.671836 0.665666 0.433936
v -6.854265 0.665666 0.432521
v -7.058659 0.716756 0.432874
v -6.956461 0.716756 0.432698
v -6.956461 0.768073 0.432698
v -7.058659 0.768073 0.432874
v -7.263051 0.716756 0.433228
v -7.160854 0.716756 0.433051
v -7.160854 0.768073 0.433051
v -7.263051 0.768073 0.433228
v -7.467443 0.716756 0.433583
v -7.365247 0.716756 0.433405
v -7.365247 0.768073 0.433405
v -7.467443 0.768073 0.433583
v -7.671836 0.716756 0.433936
v -7.569640 0.716756 0.433759
v -7.569640 0.768073 0.433759
v -7.671836 0.768073 0.433936
v -7.671883 0.000000 0.404202
v -6.854312 0.000000 0.402787
v -6.854522 0.000000 0.271695
v -7.672092 0.000000 0.273111
v -6.854317 0.665666 0.399938
v -6.854571 0.665666 0.241962
v -7.672140 0.665666 0.243377
v -7.671888 0.665666 0.401352
v -6.854265 0.665666 0.432521
v -6.854317 0.665666 0.399938
v -6.854317 0.716756 0.399938
v -6.854265 0.716756 0.432521
v -7.671888 0.665666 0.401352
v -7.671836 0.665666 0.433936
v -7.671836 0.716756 0.433936
v -7.671888 0.716756 0.401352
v -6.854317 0.716756 0.399938
v -6.956514 0.716756 0.400114
v -6.956461 0.716756 0.432698
v -6.854265 0.716756 0.432521
v -7.058711 0.716756 0.400291
v -7.160906 0.716756 0.400469
v -7.160854 0.716756 0.433051
v -7.058659 0.716756 0.432874
v -7.263103 0.716756 0.400645
v -7.365299 0.716756 0.400822
v -7.365247 0.716756 0.433405
v -7.263051 0.716756 0.433228
v -7.467495 0.716756 0.400999
v -7.569692 0.716756 0.401175
v -7.569640 0.716756 0.433759
v -7.467443 0.716756 0.433583
v -7.058711 0.716756 0.400291
v -7.058659 0.716756 0.432874
v -7.058659 0.768073 0.432874
v -7.058711 0.768073 0.400291
v -6.956514 0.716756 0.400114
v -7.058711 0.716756 0.400291
v -7.058711 0.768073 0.400291
v -6.956514 0.768073 0.400114
v -6.956461 0.716756 0.432698
v -6.956514 0.716756 0.400114
v -6.956514 0.768073 0.400114
v -6.956461 0.768073 0.432698
v -6.956514 0.768073 0.400114
v -7.058711 0.768073 0.400291
v -7.058659 0.768073 0.432874
v -6.956461 0.768073 0.432698
v -7.263103 0.716756 0.400645
v -7.263051 0.716756 0.433228
v -7.263051 0.768073 0.433228
v -7.263103 0.768073 0.400645
v -7.160906 0.716756 0.400469
v -7.263103 0.716756 0.400645
v -7.263103 0.768073 0.400645
v -7.160906 0.768073 0.400469
v -7.160854 0.716756 0.433051
v -7.160906 0.716756 0.400469
v -7.160906 0.768073 0.400469
v -7.160854 0.768073 0.433051
v -7.160906 0.768073 0.400469
v -7.263103 0.768073 0.400645
v -7.263051 0.768073 0.433228
v -7.160854 0.768073 0.433051
v -7.467495 0.716756 0.400999
v -7.467443 0.716756 0.433583
v -7.467443 0.768073 0.433583
v -7.467495 0.768073 0.400999
v -7.365299 0.716756 0.400822
v -7.467495 0.716756 0.400999
v -7.467495 0.768073 0.400999
v -7.365299 0.768073 0.400822
v -7.365247 0.716756 0.433405
v -7.365299 0.716756 0.400822
v -7.365299 0.768073 0.400822
v -7.365247 0.768073 0.433405
v -7.365299 0.768073 0.400822
v -7.467495 0.768073 0.400999
v -7.467443 0.768073 0.433583
v -7.365247 0.768073 0.433405
v -7.671836 0.768073 0.433936
v -7.671888 0.768073 0.401352
v -7.569692 0.716756 0.401175
v -7.671888 0.716756 0.401352
v -7.671888 0.768073 0.401352
v -7.569692 0.768073 0.401175
v -7.569640 0.716756 0.433759
v -7.569692 0.716756 0.401175
v -7.569692 0.768073 0.401175
v -7.569640 0.768073 0.433759
v -7.569692 0.768073 0.401175
v -7.671888 0.768073 0.401352
v -7.671836 0.768073 0.433936
v -7.569640 0.768073 0.433759
v -7.195923 0.513802 -1.006389
v -7.195923 0.000000 -1.006389
v -7.196049 0.000000 -1.137482
v -7.196049 0.513802 -1.137482
v -7.699253 0.000000 -1.004974
v -7.699253 0.513802 -1.004974
v -7.699386 0.513802 -1.136067
v -7.699386 0.000000 -1.136067
v -7.195892 0.580922 -0.976655
v -7.196079 0.580922 -1.167215
v -7.699227 0.580922 -0.975241
v -7.699414 0.580922 -1.165801
v -7.195892 0.580922 -0.976655
v -7.195892 0.665666 -0.976655
v -7.699227 0.665666 -0.975241
v -7.699227 0.580922 -0.975241
v -7.195923 0.513802 -1.006389
v -7.699253 0.513802 -1.004974
v -7.196079 0.580922 -1.167215
v -7.196049 0.513802 -1.137482
v -7.699386 0.513802 -1.136067
v -7.699414 0.580922 -1.165801
v -7.196079 0.665666 -1.167215
v -7.699414 0.665666 -1.165801
v -7.573581 0.716756 -1.166154
v -7.636495 0.716756 -1.165978
v -7.636495 0.768073 -1.165978
v -7.573581 0.768073 -1.166154
v -7.447747 0.716756 -1.166507
v -7.510664 0.716756 -1.166331
v -7.510664 0.768073 -1.166331
v -7.447747 0.768073 -1.166507
v -7.321913 0.716756 -1.166862
v -7.384829 0.716756 -1.166685
v -7.384829 0.768073 -1.166685
v -7.321913 0.768073 -1.166862
v -7.196079 0.716756 -1.167215
v -7.258996 0.716756 -1.167039
v -7.258996 0.768073 -1.167039
v -7.196079 0.768073 -1.167215
v -7.196049 0.000000 -1.137482
v -7.699386 0.000000 -1.136067
v -7.699253 0.000000 -1.004974
v -7.195923 0.000000 -1.006389
v -7.699384 0.665666 -1.133217
v -7.699227 0.665666 -0.975241
v -7.195892 0.665666 -0.976655
v -7.196049 0.665666 -1.134631
v -7.699414 0.665666 -1.165801
v -7.699384 0.665666 -1.133217
v -7.699384 0.716756 -1.133217
v -7.699414 0.716756 -1.165801
v -7.196049 0.665666 -1.134631
v -7.196079 0.665666 -1.167215
v -7.196079 0.716756 -1.167215
v -7.196049 0.716756 -1.134631
v -7.699384 0.716756 -1.133217
v -7.636465 0.716756 -1.133394
v -7.636495 0.716756 -1.165978
v -7.699414 0.716756 -1.165801
v -7.573548 0.716756 -1.133570
v -7.510632 0.716756 -1.133748
v -7.510664 0.716756 -1.166331
v -7.573581 0.716756 -1.166154
v -7.447714 0.716756 -1.133924
v -7.384796 0.716756 -1.134102
v -7.384829 0.716756 -1.166685
v -7.447747 0.716756 -1.166507
v -7.321879 0.716756 -1.134279
v -7.258964 0.716756 -1.134455
v -7.258996 0.716756 -1.167039
v -7.321913 0.716756 -1.166862
v -7.573548 0.716756 -1.133570
v -7.573581 0.716756 -1.166154
v -7.573581 0.768073 -1.166154
v -7.573548 0.768073 -1.133570
v -7.636465 0.716756 -1.133394
v -7.573548 0.716756 -1.133570
v -7.573548 0.768073 -1.133570
v -7.636465 0.768073 -1.133394
v -7.636495 0.716756 -1.165978
v -7.636465 0.716756 -1.133394
v -7.636465 0.768073 -1.133394
v -7.636495 0.768073 -1.165978
v -7.636465 0.768073 -1.133394
v -7.573548 0.768073 -1.133570
v -7.573581 0.768073 -1.166154
v -7.636495 0.768073 -1.165978
v -7.447714 0.716756 -1.133924
v -7.447747 0.716756 -1.166507
v -7.447747 0.768073 -1.166507
v -7.447714 0.768073 -1.133924
v -7.510632 0.716756 -1.133748
v -7.447714 0.716756 -1.133924
v -7.447714 0.768073 -1.133924
v -7.510632 0.768073 -1.133748
v -7.510664 0.716756 -1.166331
v -7.510632 0.716756 -1.133748
v -7.510632 0.768073 -1.133748
v -7.510664 0.768073 -1.166331
v -7.510632 0.768073 -1.133748
v -7.447714 0.768073 -1.133924
v -7.447747 0.768073 -1.166507
v -7.510664 0.768073 -1.166331
v -7.321879 0.716756 -1.134279
v -7.321913 0.716756 -1.166862
v -7.321913 0.768073 -1.166862
v -7.321879 0.768073 -1.134279
v -7.384796 0.716756 -1.134102
v -7.321879 0.716756 -1.134279
v -7.321879 0.768073 -1.134279
v -7.384796 0.768073 -1.134102
v -7.384829 0.716756 -1.166685
v -7.384796 0.716756 -1.134102
v -7.384796 0.768073 -1.134102
v -7.384829 0.768073 -1.166685
v -7.384796 0.768073 -1.134102
v -7.321879 0.768073 -1.134279
v -7.321913 0.768073 -1.166862
v -7.384829 0.768073 -1.166685
v -7.196079 0.768073 -1.167215
v -7.196049 0.768073 -1.134631
v -7.258964 0.716756 -1.134455
v -7.196049 0.716756 -1.134631
v -7.196049 0.768073 -1.134631
v -7.258964 0.768073 -1.134455
v -7.258996 0.716756 -1.167039
v -7.258964 0.716756 -1.134455
v -7.258964 0.768073 -1.134455
v -7.258996 0.768073 -1.167039
v -7.258964 0.768073 -1.134455
v -7.196049 0.768073 -1.134631
v -7.196079 0.768073 -1.167215
v -7.258996 0.768073 -1.167039
v -7.559064 0.791192 -1.194272
v -7.828209 0.791192 -1.194272
v -7.828209 0.974752 -1.194272
v -7.559064 0.974752 -1.194272
v -7.559064 0.791192 -0.904111
v -7.559064 0.791192 -1.194272
v -7.559064 0.974752 -1.194272
v -7.559064 0.974752 -0.904111
v -7.828209 0.791192 -0.904111
v -7.559064 0.791192 -0.904111
v -7.559064 0.974752 -0.904111
v -7.828209 0.974752 -0.904111
v -7.828209 0.791192 -1.194272
v -7.828209 0.791192 -0.904111
v -7.828209 0.974752 -0.904111
v -7.828209 0.974752 -1.194272
v -7.559064 -0.042875 -1.194272
v -7.828209 -0.042875 -1.194272
v -7.559064 -0.042875 -0.904111
v -7.559064 -0.042875 -1.194272
v -7.828209 -0.042875 -0.904111
v -7.559064 -0.042875 -0.904111
v -7.828209 -0.042875 -1.194272
v -7.828209 -0.042875 -0.904111
v -7.559064 0.974752 -1.194272
v -7.828209 0.974752 -1.194272
v -7.853158 1.029675 -1.221254
v -7.534115 1.029675 -1.221254
v -7.828209 0.974752 -1.194272
v -7.828209 0.974752 -0.904111
v -7.853158 1.029675 -0.877130
v -7.853158 1.029675 -1.221254
v -7.559064 0.974752 -0.904111
v -7.559064 0.974752 -1.194272
v -7.534115 1.029675 -1.221254
v -7.534115 1.029675 -0.877130
v -7.828209 0.974752 -0.904111
v -7.559064 0.974752 -0.904111
v -7.534115 1.029675 -0.877130
v -7.853158 1.029675 -0.877130
v -7.878295 1.040740 -1.248433
v -7.508979 1.040740 -1.248433
v -7.853158 1.029675 -1.221254
v -7.878295 1.040740 -0.849950
v -7.878295 1.040740 -1.248433
v -7.534115 1.029675 -1.221254
v -7.508979 1.040740 -1.248433
v -7.508979 1.040740 -0.849950
v -7.853158 1.029675 -0.877130
v -7.534115 1.029675 -0.877130
v -7.508979 1.040740 -0.849950
v -7.878295 1.040740 -0.849950
v -7.572120 0.791192 0.238154
v -7.841265 0.791192 0.238154
v -7.841265 0.974752 0.238154
v -7.572120 0.974752 0.238154
v -7.572120 0.791192 0.528315
v -7.572120 0.791192 0.238154
v -7.572120 0.974752 0.238154
v -7.572120 0.974752 0.528315
v -7.841265 0.791192 0.528315
v -7.572120 0.791192 0.528315
v -7.572120 0.974752 0.528315
v -7.841265 0.974752 0.528315
v -7.841265 0.791192 0.238154
v -7.841265 0.791192 0.528315
v -7.841265 0.974752 0.528315
v -7.841265 0.974752 0.238154
v -7.572120 -0.042875 0.238154
v -7.841265 -0.042875 0.238154
v -7.572120 -0.042875 0.528315
v -7.572120 -0.042875 0.238154
v -7.841265 -0.042875 0.528315
v -7.572120 -0.042875 0.528315
v -7.841265 -0.042875 0.238154
v -7.841265 -0.042875 0.528315
v -7.572120 0.974752 0.238154
v -7.841265 0.974752 0.238154
v -7.866215 1.029675 0.211173
v -7.547171 1.029675 0.211173
v -7.841265 0.974752 0.238154
v -7.841265 0.974752 0.528315
v -7.866215 1.029675 0.555296
v -7.866215 1.029675 0.211173
v -7.572120 0.974752 0.528315
v -7.572120 0.974752 0.238154
v -7.547171 1.029675 0.211173
v -7.547171 1.029675 0.555296
v -7.841265 0.974752 0.528315
v -7.572120 0.974752 0.528315
v -7.547171 1.029675 0.555296
v -7.866215 1.029675 0.555296
v -7.891352 1.040740 0.183993
v -7.522034 1.040740 0.183993
v -7.866215 1.029675 0.211173
v -7.891352 1.040740 0.582476
v -7.891352 1.040740 0.183993
v -7.547171 1.029675 0.211173
v -7.522034 1.040740 0.183993
v -7.522034 1.040740 0.582476
v -7.866215 1.029675 0.555296
v -7.547171 1.029675 0.555296
v -7.522034 1.040740 0.582476
v -7.891352 1.040740 0.582476
v -7.642001 0.513802 -0.934188
v -7.642001 0.000000 -0.934188
v -7.773093 0.000000 -0.934020
v -7.773093 0.513802 -0.934020
v -7.640586 0.000000 -0.279209
v -7.640586 0.513802 -0.279209
v -7.771678 0.513802 -0.279040
v -7.771678 0.000000 -0.279040
v -7.612267 0.580922 -0.934226
v -7.802827 0.580922 -0.933982
v -7.610852 0.580922 -0.279248
v -7.801413 0.580922 -0.279003
v -7.612267 0.580922 -0.934226
v -7.612267 0.665666 -0.934226
v -7.610852 0.665666 -0.279248
v -7.610852 0.580922 -0.279248
v -7.642001 0.513802 -0.934188
v -7.640586 0.513802 -0.279209
v -7.802827 0.580922 -0.933982
v -7.773093 0.513802 -0.934020
v -7.771678 0.513802 -0.279040
v -7.801413 0.580922 -0.279003
v -7.802827 0.665666 -0.933982
v -7.801413 0.665666 -0.279003
v -7.801765 0.716756 -0.442749
v -7.801589 0.716756 -0.360875
v -7.801589 0.768073 -0.360875
v -7.801765 0.768073 -0.442749
v -7.802119 0.716756 -0.606492
v -7.801942 0.716756 -0.524620
v -7.801942 0.768073 -0.524620
v -7.802119 0.768073 -0.606492
v -7.802474 0.716756 -0.770237
v -7.802296 0.716756 -0.688365
v -7.802296 0.768073 -0.688365
v -7.802474 0.768073 -0.770237
v -7.802827 0.716756 -0.933982
v -7.802650 0.716756 -0.852109
v -7.802650 0.768073 -0.852109
v -7.802827 0.768073 -0.933982
v -7.773093 0.000000 -0.934020
v -7.771678 0.000000 -0.279040
v -7.640586 0.000000 -0.279209
v -7.642001 0.000000 -0.934188
v -7.768828 0.665666 -0.279045
v -7.610852 0.665666 -0.279248
v -7.612267 0.665666 -0.934226
v -7.770243 0.665666 -0.934024
v -7.801413 0.665666 -0.279003
v -7.768828 0.665666 -0.279045
v -7.768828 0.716756 -0.279045
v -7.801413 0.716756 -0.279003
v -7.770243 0.665666 -0.934024
v -7.802827 0.665666 -0.933982
v -7.802827 0.716756 -0.933982
v -7.770243 0.716756 -0.934024
v -7.768828 0.716756 -0.279045
v -7.769005 0.716756 -0.360918
v -7.801589 0.716756 -0.360875
v -7.801413 0.716756 -0.279003
v -7.769182 0.716756 -0.442789
v -7.769360 0.716756 -0.524661
v -7.801942 0.716756 -0.524620
v -7.801765 0.716756 -0.442749
v -7.769536 0.716756 -0.606534
v -7.769713 0.716756 -0.688408
v -7.802296 0.716756 -0.688365
v -7.802119 0.716756 -0.606492
v -7.769890 0.716756 -0.770280
v -7.770067 0.716756 -0.852152
v -7.802650 0.716756 -0.852109
v -7.802474 0.716756 -0.770237
v -7.769182 0.716756 -0.442789
v -7.801765 0.716756 -0.442749
v -7.801765 0.768073 -0.442749
v -7.769182 0.768073 -0.442789
v -7.769005 0.716756 -0.360918
v -7.769182 0.716756 -0.442789
v -7.769182 0.768073 -0.442789
v -7.769005 0.768073 -0.360918
v -7.801589 0.716756 -0.360875
v -7.769005 0.716756 -0.360918
v -7.769005 0.768073 -0.360918
v -7.801589 0.768073 -0.360875
v -7.769005 0.768073 -0.360918
v -7.769182 0.768073 -0.442789
v -7.801765 0.768073 -0.442749
v -7.801589 0.768073 -0.360875
v -7.769536 0.716756 -0.606534
v -7.802119 0.716756 -0.606492
v -7.802119 0.768073 -0.606492
v -7.769536 0.768073 -0.606534
v -7.769360 0.716756 -0.524661
v -7.769536 0.716756 -0.606534
v -7.769536 0.768073 -0.606534
v -7.769360 0.768073 -0.524661
v -7.801942 0.716756 -0.524620
v -7.769360 0.716756 -0.524661
v -7.769360 0.768073 -0.524661
v -7.801942 0.768073 -0.524620
v -7.769360 0.768073 -0.524661
v -7.769536 0.768073 -0.606534
v -7.802119 0.768073 -0.606492
v -7.801942 0.768073 -0.524620
v -7.769890 0.716756 -0.770280
v -7.802474 0.716756 -0.770237
v -7.802474 0.768073 -0.770237
v -7.769890 0.768073 -0.770280
v -7.769713 0.716756 -0.688408
v -7.769890 0.716756 -0.770280
v -7.769890 0.768073 -0.770280
v -7.769713 0.768073 -0.688408
v -7.802296 0.716756 -0.688365
v -7.769713 0.716756 -0.688408
v -7.769713 0.768073 -0.688408
v -7.802296 0.768073 -0.688365
v -7.769713 0.768073 -0.688408
v -7.769890 0.768073 -0.770280
v -7.802474 0.768073 -0.770237
v -7.802296 0.768073 -0.688365
v -7.802827 0.768073 -0.933982
v -7.770243 0.768073 -0.934024
v -7.770067 0.716756 -0.852152
v -7.770243 0.716756 -0.934024
v -7.770243 0.768073 -0.934024
v -7.770067 0.768073 -0.852152
v -7.802650 0.716756 -0.852109
v -7.770067 0.716756 -0.852152
v -7.770067 0.768073 -0.852152
v -7.802650 0.768073 -0.852109
v -7.770067 0.768073 -0.852152
v -7.770243 0.768073 -0.934024
v -7.802827 0.768073 -0.933982
v -7.802650 0.768073 -0.852109
v -7.642001 0.513802 -0.285723
v -7.642001 0.000000 -0.285723
v -7.773093 0.000000 -0.285555
v -7.773093 0.513802 -0.285555
v -7.640586 0.000000 0.369256
v -7.640586 0.513802 0.369256
v -7.771678 0.513802 0.369425
v -7.771678 0.000000 0.369425
v -7.612267 0.580922 -0.285761
v -7.802827 0.580922 -0.285517
v -7.610852 0.580922 0.369217
v -7.801413 0.580922 0.369462
v -7.612267 0.580922 -0.285761
v -7.612267 0.665666 -0.285761
v -7.610852 0.665666 0.369217
v -7.610852 0.580922 0.369217
v -7.642001 0.513802 -0.285723
v -7.640586 0.513802 0.369256
v -7.802827 0.580922 -0.285517
v -7.773093 0.513802 -0.285555
v -7.771678 0.513802 0.369425
v -7.801413 0.580922 0.369462
v -7.802827 0.665666 -0.285517
v -7.801413 0.665666 0.369462
v -7.801765 0.716756 0.205716
v -7.801589 0.716756 0.287590
v -7.801589 0.768073 0.287590
v -7.801765 0.768073 0.205716
v -7.802119 0.716756 0.041973
v -7.801942 0.716756 0.123845
v -7.801942 0.768073 0.123845
v -7.802119 0.768073 0.041973
v -7.802474 0.716756 -0.121772
v -7.802296 0.716756 -0.039900
v -7.802296 0.768073 -0.039900
v -7.802474 0.768073 -0.121772
v -7.802827 0.716756 -0.285517
v -7.802650 0.716756 -0.203644
v -7.802650 0.768073 -0.203644
v -7.802827 0.768073 -0.285517
v -7.773093 0.000000 -0.285555
v -7.771678 0.000000 0.369425
v -7.640586 0.000000 0.369256
v -7.642001 0.000000 -0.285723
v -7.768828 0.665666 0.369420
v -7.610852 0.665666 0.369217
v -7.612267 0.665666 -0.285761
v -7.770243 0.665666 -0.285559
v -7.801413 0.665666 0.369462
v -7.768828 0.665666 0.369420
v -7.768828 0.716756 0.369420
v -7.801413 0.716756 0.369462
v -7.770243 0.665666 -0.285559
v -7.802827 0.665666 -0.285517
v -7.802827 0.716756 -0.285517
v -7.770243 0.716756 -0.285559
v -7.768828 0.716756 0.369420
v -7.769005 0.716756 0.287547
v -7.801589 0.716756 0.287590
v -7.801413 0.716756 0.369462
v -7.769182 0.716756 0.205676
v -7.769360 0.716756 0.123804
v -7.801942 0.716756 0.123845
v -7.801765 0.716756 0.205716
v -7.769536 0.716756 0.041931
v -7.769713 0.716756 -0.039943
v -7.802296 0.716756 -0.039900
v -7.802119 0.716756 0.041973
v -7.769890 0.716756 -0.121815
v -7.770067 0.716756 -0.203687
v -7.802650 0.716756 -0.203644
v -7.802474 0.716756 -0.121772
v -7.769182 0.716756 0.205676
v -7.801765 0.716756 0.205716
v -7.801765 0.768073 0.205716
v -7.769182 0.768073 0.205676
v -7.769005 0.716756 0.287547
v -7.769182 0.716756 0.205676
v -7.769182 0.768073 0.205676
v -7.769005 0.768073 0.287547
v -7.801589 0.716756 0.287590
v -7.769005 0.716756 0.287547
v -7.769005 0.768073 0.287547
v -7.801589 0.768073 0.287590
v -7.769005 0.768073 0.287547
v -7.769182 0.768073 0.205676
v -7.801765 0.768073 0.205716
v -7.801589 0.768073 0.287590
v -7.769536 0.716756 0.041931
v -7.802119 0.716756 0.041973
v -7.802119 0.768073 0.041973
v -7.769536 0.768073 0.041931
v -7.769360 0.716756 0.123804
v -7.769536 0.716756 0.041931
v -7.769536 0.768073 0.041931
v -7.769360 0.768073 0.123804
v -7.801942 0.716756 0.123845
v -7.769360 0.716756 0.123804
v -7.769360 0.768073 0.123804
v -7.801942 0.768073 0.123845
v -7.769360 0.768073 0.123804
v -7.769536 0.768073 0.041931
v -7.802119 0.768073 0.041973
v -7.801942 0.768073 0.123845
v -7.769890 0.716756 -0.121815
v -7.802474 0.716756 -0.121772
v -7.802474 0.768073 -0.121772
v -7.769890 0.768073 -0.121815
v -7.769713 0.716756 -0.039943
v -7.769890 0.716756 -0.121815
v -7.769890 0.768073 -0.121815
v -7.769713 0.768073 -0.039943
v -7.802296 0.716756 -0.039900
v -7.769713 0.716756 -0.039943
v -7.769713 0.768073 -0.039943
v -7.802296 0.768073 -0.039900
v -7.769713 0.768073 -0.039943
v -7.769890 0.768073 -0.121815
v -7.802474 0.768073 -0.121772
v -7.802296 0.768073 -0.039900
v -7.802827 0.768073 -0.285517
v -7.770243 0.768073 -0.285559
v -7.770067 0.716756 -0.203687
v -7.770243 0.716756 -0.285559
v -7.770243 0.768073 -0.285559
v -7.770067 0.768073 -0.203687
v -7.802650 0.716756 -0.203644
v -7.770067 0.716756 -0.203687
v -7.770067 0.768073 -0.203687
v -7.802650 0.768073 -0.203644
v -7.770067 0.768073 -0.203687
v -7.770243 0.768073 -0.285559
v -7.802827 0.768073 -0.285517
v -7.802650 0.768073 -0.203644
v -5.602431 0.114326 0.705407
v -5.537507 0.098699 0.705932
v -5.536884 0.130867 0.705822
v -5.602048 0.130867 0.705822
v -5.665030 0.130867 0.705822
v -5.665843 0.098524 0.705938
v -5.465998 0.115753 0.705348
v -5.414412 0.098524 0.705938
v -5.413599 0.130867 0.705822
v -5.466130 0.130867 0.705822
v -5.536556 0.130581 0.505084
v -5.665030 0.130867 0.502067
v -5.665030 0.199560 0.592642
v -5.537909 0.195874 0.592927
v -5.413599 0.199560 0.592642
v -5.413599 0.130867 0.502067
v -5.537948 0.195874 0.611530
v -5.413599 0.199560 0.611245
v -5.665030 0.199560 0.611245
v -5.413779 0.012520 0.501756
v -5.537375 0.017142 0.503236
v -5.665210 0.012520 0.501756
v -5.602048 0.130867 0.705822
v -5.536884 0.130867 0.705822
v -5.537507 0.098699 0.705932
v -5.602431 0.114326 0.705407
v -5.665843 0.098524 0.705938
v -5.665030 0.130867 0.705822
v -5.466130 0.130867 0.705822
v -5.413599 0.130867 0.705822
v -5.414412 0.098524 0.705938
v -5.465998 0.115753 0.705348
v -5.537909 0.195874 0.592927
v -5.665030 0.199560 0.592642
v -5.665030 0.130867 0.502067
v -5.536556 0.130581 0.505084
v -5.413599 0.130867 0.502067
v -5.413599 0.199560 0.592642
v -5.413599 0.199560 0.611245
v -5.537948 0.195874 0.611530
v -5.665030 0.199560 0.611245
v -5.537375 0.017142 0.503236
v -5.413779 0.012520 0.501756
v -5.665210 0.012520 0.501756
v -5.663857 0.001421 0.521767
v -5.652153 0.001421 0.521767
v -5.652153 0.131710 0.521767
v -5.663857 0.131710 0.521767
v -5.652153 0.001421 0.521767
v -5.652153 0.001421 0.509006
v -5.652153 0.131710 0.509006
v -5.652153 0.131710 0.521767
v -5.652153 0.001421 0.509006
v -5.663857 0.001421 0.509006
v -5.663857 0.131710 0.509006
v -5.652153 0.131710 0.509006
v -5.663857 0.001421 0.509006
v -5.663857 0.001421 0.521767
v -5.663857 0.131710 0.521767
v -5.663857 0.131710 0.509006
v -5.663857 0.001421 0.695063
v -5.652153 0.001421 0.695063
v -5.652153 0.131710 0.695063
v -5.663857 0.131710 0.695063
v -5.652153 0.001421 0.695063
v -5.652153 0.001421 0.682940
v -5.652153 0.131710 0.682940
v -5.652153 0.131710 0.695063
v -5.652153 0.001421 0.682940
v -5.663857 0.001421 0.682940
v -5.663857 0.131710 0.682940
v -5.652153 0.131710 0.682940
v -5.663857 0.001421 0.682940
v -5.663857 0.001421 0.695063
v -5.663857 0.131710 0.695063
v -5.663857 0.131710 0.682940
v -5.663857 0.189860 0.602186
v -5.652153 0.189860 0.602186
v -5.652153 0.131710 0.682940
v -5.663857 0.131710 0.682940
v -5.663857 0.131710 0.521767
v -5.652153 0.131710 0.521767
v -5.652153 0.189860 0.602186
v -5.663857 0.189860 0.602186
v -5.663857 0.196514 0.596173
v -5.663857 0.196510 0.608193
v -5.652153 0.196510 0.608193
v -5.652153 0.196514 0.596173
v -5.663857 0.131710 0.695063
v -5.652153 0.131710 0.695063
v -5.652153 0.131710 0.509006
v -5.663857 0.131710 0.509006
v -5.663857 0.196514 0.596173
v -5.652153 0.196514 0.596173
v -5.652153 0.189860 0.602186
v -5.652153 0.131710 0.521767
v -5.652153 0.131710 0.509006
v -5.652153 0.196514 0.596173
v -5.652153 0.131710 0.695063
v -5.652153 0.131710 0.682940
v -5.663857 0.196514 0.596173
v -5.663857 0.131710 0.509006
v -5.663857 0.131710 0.521767
v -5.663857 0.189860 0.602186
v -5.663857 0.131710 0.682940
v -5.663857 0.131710 0.695063
v -5.428351 0.001421 0.521767
v -5.416648 0.001421 0.521767
v -5.416648 0.131710 0.521767
v -5.428351 0.131710 0.521767
v -5.416648 0.001421 0.521767
v -5.416648 0.001421 0.509006
v -5.416648 0.131710 0.509006
v -5.416648 0.131710 0.521767
v -5.416648 0.001421 0.509006
v -5.428351 0.001421 0.509006
v -5.428351 0.131710 0.509006
v -5.416648 0.131710 0.509006
v -5.428351 0.001421 0.509006
v -5.428351 0.001421 0.521767
v -5.428351 0.131710 0.521767
v -5.428351 0.131710 0.509006
v -5.428351 0.001421 0.695063
v -5.416648 0.001421 0.695063
v -5.416648 0.131710 0.695063
v -5.428351 0.131710 0.695063
v -5.416648 0.001421 0.695063
v -5.416648 0.001421 0.682940
v -5.416648 0.131710 0.682940
v -5.416648 0.131710 0.695063
v -5.416648 0.001421 0.682940
v -5.428351 0.001421 0.682940
v -5.428351 0.131710 0.682940
v -5.416648 0.131710 0.682940
v -5.428351 0.001421 0.682940
v -5.428351 0.001421 0.695063
v -5.428351 0.131710 0.695063
v -5.428351 0.131710 0.682940
v -5.428351 0.189860 0.602186
v -5.416648 0.189860 0.602186
v -5.416648 0.131710 0.682940
v -5.428351 0.131710 0.682940
v -5.428351 0.131710 0.521767
v -5.416648 0.131710 0.521767
v -5.416648 0.189860 0.602186
v -5.428351 0.189860 0.602186
v -5.428351 0.196514 0.596173
v -5.428351 0.196510 0.608193
v -5.416648 0.196510 0.608193
v -5.416648 0.196514 0.596173
v -5.428351 0.131710 0.695063
v -5.416648 0.131710 0.695063
v -5.416648 0.131710 0.509006
v -5.428351 0.131710 0.509006
v -5.428351 0.196514 0.596173
v -5.416648 0.196514 0.596173
v -5.416648 0.189860 0.602186
v -5.416648 0.131710 0.521767
v -5.416648 0.131710 0.509006
v -5.416648 0.196514 0.596173
v -5.416648 0.131710 0.695063
v -5.416648 0.131710 0.682940
v -5.428351 0.196514 0.596173
v -5.428351 0.131710 0.509006
v -5.428351 0.131710 0.521767
v -5.428351 0.189860 0.602186
v -5.428351 0.131710 0.682940
v -5.428351 0.131710 0.695063
v -5.429193 0.001421 0.609526
v -5.413592 0.001421 0.609526
v -5.413592 0.198457 0.609526
v -5.429193 0.186954 0.609526
v -5.413592 0.001421 0.609526
v -5.413592 0.001421 0.594206
v -5.413592 0.198457 0.594206
v -5.413592 0.198457 0.609526
v -5.413592 0.001421 0.594206
v -5.429193 0.001421 0.594206
v -5.429193 0.186954 0.594206
v -5.413592 0.198457 0.594206
v -5.429193 0.001421 0.594206
v -5.429193 0.001421 0.609526
v -5.429193 0.186954 0.609526
v -5.429193 0.186954 0.594206
v -5.666423 0.001421 0.609526
v -5.651814 0.001421 0.609526
v -5.651814 0.187447 0.609526
v -5.666423 0.198842 0.609526
v -5.651814 0.001421 0.609526
v -5.651814 0.001421 0.594206
v -5.651814 0.187447 0.594206
v -5.651814 0.187447 0.609526
v -5.651814 0.001421 0.594206
v -5.666423 0.001421 0.594206
v -5.666423 0.198842 0.594206
v -5.651814 0.187447 0.594206
v -5.666423 0.001421 0.594206
v -5.666423 0.001421 0.609526
v -5.666423 0.198842 0.609526
v -5.666423 0.198842 0.594206
v -5.538193 0.183761 0.594491
v -5.651814 0.187447 0.594206
v -5.666423 0.198842 0.594206
v -5.537929 0.195156 0.594491
v -5.413592 0.198457 0.594206
v -5.429193 0.186954 0.594206
v -5.537929 0.195156 0.594491
v -5.666423 0.198842 0.594206
v -5.666423 0.198842 0.609526
v -5.537961 0.195156 0.609811
v -5.413592 0.198457 0.609526
v -5.413592 0.198457 0.594206
v -5.537961 0.195156 0.609811
v -5.666423 0.198842 0.609526
v -5.651814 0.187447 0.609526
v -5.538225 0.183761 0.609811
v -5.429193 0.186954 0.609526
v -5.413592 0.198457 0.609526
v -5.538225 0.183761 0.609811
v -5.651814 0.187447 0.609526
v -5.651814 0.187447 0.594206
v -5.538193 0.183761 0.594491
v -5.429193 0.186954 0.594206
v -5.429193 0.186954 0.609526
v -5.597415 0.000000 0.636408
v -5.650586 0.000000 0.636408
v -5.650586 0.057089 0.636408
v -5.597415 0.057089 0.636408
v -5.597415 0.000000 0.680682
v -5.597415 0.000000 0.636408
v -5.597415 0.057089 0.636408
v -5.597415 0.030820 0.680682
v -5.650586 0.000000 0.680682
v -5.597415 0.000000 0.680682
v -5.597415 0.030820 0.680682
v -5.650586 0.030820 0.680682
v -5.650586 0.000000 0.636408
v -5.650586 0.000000 0.680682
v -5.650586 0.030820 0.680682
v -5.650586 0.057089 0.636408
v -5.597415 0.057089 0.636408
v -5.650586 0.057089 0.636408
v -5.644207 0.053938 0.641719
v -5.603793 0.053938 0.641719
v -5.603793 0.033971 0.675371
v -5.644207 0.033971 0.675371
v -5.644207 0.041336 0.641719
v -5.603793 0.041336 0.641719
v -5.603793 0.033971 0.675371
v -5.603793 0.053938 0.641719
v -5.603793 0.041336 0.641719
v -5.603793 0.021369 0.675371
v -5.644207 0.033971 0.675371
v -5.603793 0.033971 0.675371
v -5.603793 0.021369 0.675371
v -5.644207 0.021369 0.675371
v -5.644207 0.053938 0.641719
v -5.644207 0.033971 0.675371
v -5.644207 0.021369 0.675371
v -5.644207 0.041336 0.641719
v -5.644207 0.021369 0.675371
v -5.603793 0.021369 0.675371
v -5.603793 0.041336 0.641719
v -5.644207 0.041336 0.641719
v -5.538444 0.000000 0.636408
v -5.591615 0.000000 0.636408
v -5.591615 0.057089 0.636408
v -5.538444 0.057089 0.636408
v -5.538444 0.000000 0.680682
v -5.538444 0.000000 0.636408
v -5.538444 0.057089 0.636408
v -5.538444 0.030820 0.680682
v -5.591615 0.000000 0.680682
v -5.538444 0.000000 0.680682
v -5.538444 0.030820 0.680682
v -5.591615 0.030820 0.680682
v -5.591615 0.000000 0.636408
v -5.591615 0.000000 0.680682
v -5.591615 0.030820 0.680682
v -5.591615 0.057089 0.636408
v -5.538444 0.057089 0.636408
v -5.591615 0.057089 0.636408
v -5.585237 0.053938 0.641719
v -5.544822 0.053938 0.641719
v -5.544822 0.033971 0.675371
v -5.585237 0.033971 0.675371
v -5.585237 0.041336 0.641719
v -5.544822 0.041336 0.641719
v -5.544822 0.033971 0.675371
v -5.544822 0.053938 0.641719
v -5.544822 0.041336 0.641719
v -5.544822 0.021369 0.675371
v -5.585237 0.033971 0.675371
v -5.544822 0.033971 0.675371
v -5.544822 0.021369 0.675371
v -5.585237 0.021369 0.675371
v -5.585237 0.053938 0.641719
v -5.585237 0.033971 0.675371
v -5.585237 0.021369 0.675371
v -5.585237 0.041336 0.641719
v -5.585237 0.021369 0.675371
v -5.544822 0.021369 0.675371
v -5.544822 0.041336 0.641719
v -5.585237 0.041336 0.641719
v -5.423864 0.000000 0.636408
v -5.477034 0.000000 0.636408
v -5.477034 0.057089 0.636408
v -5.423864 0.057089 0.636408
v -5.423864 0.000000 0.680682
v -5.423864 0.000000 0.636408
v -5.423864 0.057089 0.636408
v -5.423864 0.030820 0.680682
v -5.477034 0.000000 0.680682
v -5.423864 0.000000 0.680682
v -5.423864 0.030820 0.680682
v -5.477034 0.030820 0.680682
v -5.477034 0.000000 0.636408
v -5.477034 0.000000 0.680682
v -5.477034 0.030820 0.680682
v -5.477034 0.057089 0.636408
v -5.423864 0.057089 0.636408
v -5.477034 0.057089 0.636408
v -5.470656 0.053938 0.641719
v -5.430242 0.053938 0.641719
v -5.430242 0.033971 0.675371
v -5.470656 0.033971 0.675371
v -5.470656 0.041336 0.641719
v -5.430242 0.041336 0.641719
v -5.430242 0.033971 0.675371
v -5.430242 0.053938 0.641719
v -5.430242 0.041336 0.641719
v -5.430242 0.021369 0.675371
v -5.470656 0.033971 0.675371
v -5.430242 0.033971 0.675371
v -5.430242 0.021369 0.675371
v -5.470656 0.021369 0.675371
v -5.470656 0.053938 0.641719
v -5.470656 0.033971 0.675371
v -5.470656 0.021369 0.675371
v -5.470656 0.041336 0.641719
v -5.470656 0.021369 0.675371
v -5.430242 0.021369 0.675371
v -5.430242 0.041336 0.641719
v -5.470656 0.041336 0.641719
v -5.445726 0.000000 0.498775
v -5.501497 0.000000 0.498775
v -5.501497 0.049834 0.498775
v -5.445726 0.049834 0.498775
v -5.445726 0.000000 0.556700
v -5.445726 0.000000 0.498775
v -5.445726 0.049834 0.498775
v -5.445726 0.049834 0.556700
v -5.501497 0.000000 0.556700
v -5.445726 0.000000 0.556700
v -5.445726 0.049834 0.556700
v -5.501497 0.049834 0.556700
v -5.501497 0.000000 0.498775
v -5.501497 0.000000 0.556700
v -5.501497 0.049834 0.556700
v -5.501497 0.049834 0.498775
v -5.501497 0.049834 0.556700
v -5.445726 0.049834 0.556700
v -5.445726 0.049834 0.498775
v -5.501497 0.049834 0.498775
v -5.867047 0.114326 1.012833
v -5.931022 0.098699 1.001770
v -5.931654 0.130867 1.001777
v -5.867357 0.130867 1.012361
v -5.805214 0.130867 1.022592
v -5.804392 0.098524 1.022610
v -6.001674 0.115753 0.990730
v -6.052478 0.098524 0.981769
v -6.053299 0.130867 0.981750
v -6.001467 0.130867 0.990284
v -5.964585 0.130581 1.199791
v -5.838311 0.130867 1.223637
v -5.823598 0.199560 1.134267
v -5.948981 0.195874 1.113336
v -6.071684 0.199560 1.093426
v -6.086397 0.130867 1.182796
v -5.945920 0.195874 1.094987
v -6.068663 0.199560 1.075070
v -5.820576 0.199560 1.115911
v -6.086269 0.012520 1.183131
v -5.964077 0.017142 1.201747
v -5.838183 0.012520 1.223973
v -5.867357 0.130867 1.012361
v -5.931654 0.130867 1.001777
v -5.931022 0.098699 1.001770
v -5.867047 0.114326 1.012833
v -5.804392 0.098524 1.022610
v -5.805214 0.130867 1.022592
v -6.001467 0.130867 0.990284
v -6.053299 0.130867 0.981750
v -6.052478 0.098524 0.981769
v -6.001674 0.115753 0.990730
v -5.948981 0.195874 1.113336
v -5.823598 0.199560 1.134267
v -5.838311 0.130867 1.223637
v -5.964585 0.130581 1.199791
v -6.086397 0.130867 1.182796
v -6.071684 0.199560 1.093426
v -6.068663 0.199560 1.075070
v -5.945920 0.195874 1.094987
v -5.820576 0.199560 1.115911
v -5.964077 0.017142 1.201747
v -6.086269 0.012520 1.183131
v -5.838183 0.012520 1.223973
v -5.836268 0.001421 1.204008
v -5.847816 0.001421 1.202108
v -5.847816 0.131710 1.202108
v -5.836268 0.131710 1.204008
v -5.847816 0.001421 1.202108
v -5.849888 0.001421 1.214698
v -5.849888 0.131710 1.214698
v -5.847816 0.131710 1.202108
v -5.849888 0.001421 1.214698
v -5.838341 0.001421 1.216599
v -5.838341 0.131710 1.216599
v -5.849888 0.131710 1.214698
v -5.838341 0.001421 1.216599
v -5.836268 0.001421 1.204008
v -5.836268 0.131710 1.204008
v -5.838341 0.131710 1.216599
v -5.808118 0.001421 1.033018
v -5.819666 0.001421 1.031116
v -5.819666 0.131710 1.031116
v -5.808118 0.131710 1.033018
v -5.819666 0.001421 1.031116
v -5.821635 0.001421 1.043079
v -5.821635 0.131710 1.043079
v -5.819666 0.131710 1.031116
v -5.821635 0.001421 1.043079
v -5.810088 0.001421 1.044979
v -5.810088 0.131710 1.044979
v -5.821635 0.131710 1.043079
v -5.810088 0.001421 1.044979
v -5.808118 0.001421 1.033018
v -5.808118 0.131710 1.033018
v -5.810088 0.131710 1.044979
v -5.823205 0.189860 1.124659
v -5.834753 0.189860 1.122758
v -5.821635 0.131710 1.043079
v -5.810088 0.131710 1.044979
v -5.836268 0.131710 1.204008
v -5.847816 0.131710 1.202108
v -5.834753 0.189860 1.122758
v -5.823205 0.189860 1.124659
v -5.824182 0.196514 1.130592
v -5.822229 0.196510 1.118732
v -5.833777 0.196510 1.116831
v -5.835730 0.196514 1.128691
v -5.808118 0.131710 1.033018
v -5.819666 0.131710 1.031116
v -5.849888 0.131710 1.214698
v -5.838341 0.131710 1.216599
v -5.824182 0.196514 1.130592
v -5.835730 0.196514 1.128691
v -5.834753 0.189860 1.122758
v -5.847816 0.131710 1.202108
v -5.849888 0.131710 1.214698
v -5.835730 0.196514 1.128691
v -5.819666 0.131710 1.031116
v -5.821635 0.131710 1.043079
v -5.824182 0.196514 1.130592
v -5.838341 0.131710 1.216599
v -5.836268 0.131710 1.204008
v -5.823205 0.189860 1.124659
v -5.810088 0.131710 1.044979
v -5.808118 0.131710 1.033018
v -6.068641 0.001421 1.165754
v -6.080189 0.001421 1.163853
v -6.080189 0.131710 1.163853
v -6.068641 0.131710 1.165754
v -6.080189 0.001421 1.163853
v -6.082261 0.001421 1.176444
v -6.082261 0.131710 1.176444
v -6.080189 0.131710 1.163853
v -6.082261 0.001421 1.176444
v -6.070714 0.001421 1.178345
v -6.070714 0.131710 1.178345
v -6.082261 0.131710 1.176444
v -6.070714 0.001421 1.178345
v -6.068641 0.001421 1.165754
v -6.068641 0.131710 1.165754
v -6.070714 0.131710 1.178345
v -6.040491 0.001421 0.994763
v -6.052039 0.001421 0.992862
v -6.052039 0.131710 0.992862
v -6.040491 0.131710 0.994763
v -6.052039 0.001421 0.992862
v -6.054008 0.001421 1.004824
v -6.054008 0.131710 1.004824
v -6.052039 0.131710 0.992862
v -6.054008 0.001421 1.004824
v -6.042460 0.001421 1.006725
v -6.042460 0.131710 1.006725
v -6.054008 0.131710 1.004824
v -6.042460 0.001421 1.006725
v -6.040491 0.001421 0.994763
v -6.040491 0.131710 0.994763
v -6.042460 0.131710 1.006725
v -6.055578 0.189860 1.086404
v -6.067126 0.189860 1.084503
v -6.054008 0.131710 1.004824
v -6.042460 0.131710 1.006725
v -6.068641 0.131710 1.165754
v -6.080189 0.131710 1.163853
v -6.067126 0.189860 1.084503
v -6.055578 0.189860 1.086404
v -6.056554 0.196514 1.092338
v -6.054602 0.196510 1.080478
v -6.066150 0.196510 1.078577
v -6.068102 0.196514 1.090436
v -6.040491 0.131710 0.994763
v -6.052039 0.131710 0.992862
v -6.082261 0.131710 1.176444
v -6.070714 0.131710 1.178345
v -6.056554 0.196514 1.092338
v -6.068102 0.196514 1.090436
v -6.067126 0.189860 1.084503
v -6.080189 0.131710 1.163853
v -6.082261 0.131710 1.176444
v -6.068102 0.196514 1.090436
v -6.052039 0.131710 0.992862
v -6.054008 0.131710 1.004824
v -6.056554 0.196514 1.092338
v -6.070714 0.131710 1.178345
v -6.068641 0.131710 1.165754
v -6.055578 0.189860 1.086404
v -6.042460 0.131710 1.006725
v -6.040491 0.131710 0.994763
v -6.053555 0.001421 1.079299
v -6.068949 0.001421 1.076765
v -6.068949 0.198457 1.076765
v -6.053555 0.186954 1.079299
v -6.068949 0.001421 1.076765
v -6.071437 0.001421 1.091882
v -6.071437 0.198457 1.091882
v -6.068949 0.198457 1.076765
v -6.071437 0.001421 1.091882
v -6.056044 0.001421 1.094416
v -6.056044 0.186954 1.094416
v -6.071437 0.198457 1.091882
v -6.056044 0.001421 1.094416
v -6.053555 0.001421 1.079299
v -6.053555 0.186954 1.079299
v -6.056044 0.186954 1.094416
v -5.819481 0.001421 1.117833
v -5.833895 0.001421 1.115461
v -5.833895 0.187447 1.115461
v -5.819481 0.198842 1.117833
v -5.833895 0.001421 1.115461
v -5.836384 0.001421 1.130577
v -5.836384 0.187447 1.130577
v -5.833895 0.187447 1.115461
v -5.836384 0.001421 1.130577
v -5.821970 0.001421 1.132950
v -5.821970 0.198842 1.132950
v -5.836384 0.187447 1.130577
v -5.821970 0.001421 1.132950
v -5.819481 0.001421 1.117833
v -5.819481 0.198842 1.117833
v -5.821970 0.198842 1.132950
v -5.948447 0.183761 1.111840
v -5.836384 0.187447 1.130577
v -5.821970 0.198842 1.132950
v -5.948708 0.195156 1.111797
v -6.071437 0.198457 1.091882
v -6.056044 0.186954 1.094416
v -5.948708 0.195156 1.111797
v -5.821970 0.198842 1.132950
v -5.819481 0.198842 1.117833
v -5.946187 0.195156 1.096685
v -6.068949 0.198457 1.076765
v -6.071437 0.198457 1.091882
v -5.946187 0.195156 1.096685
v -5.819481 0.198842 1.117833
v -5.833895 0.187447 1.115461
v -5.945927 0.183761 1.096728
v -6.053555 0.186954 1.079299
v -6.068949 0.198457 1.076765
v -5.945927 0.183761 1.096728
v -5.833895 0.187447 1.115461
v -5.836384 0.187447 1.130577
v -5.948447 0.183761 1.111840
v -6.056044 0.186954 1.094416
v -6.053555 0.186954 1.079299
v -5.883204 0.000000 1.080099
v -5.830740 0.000000 1.088736
v -5.830740 0.057089 1.088736
v -5.883204 0.057089 1.080099
v -5.876012 0.000000 1.036415
v -5.883204 0.000000 1.080099
v -5.883204 0.057089 1.080099
v -5.876012 0.030820 1.036415
v -5.823549 0.000000 1.045051
v -5.876012 0.000000 1.036415
v -5.876012 0.030820 1.036415
v -5.823549 0.030820 1.045051
v -5.830740 0.000000 1.088736
v -5.823549 0.000000 1.045051
v -5.823549 0.030820 1.045051
v -5.830740 0.057089 1.088736
v -5.883204 0.057089 1.080099
v -5.830740 0.057089 1.088736
v -5.836171 0.053938 1.082460
v -5.876048 0.053938 1.075896
v -5.870582 0.033971 1.042691
v -5.830705 0.033971 1.049255
v -5.836171 0.041336 1.082460
v -5.876048 0.041336 1.075896
v -5.870582 0.033971 1.042691
v -5.876048 0.053938 1.075896
v -5.876048 0.041336 1.075896
v -5.870582 0.021369 1.042691
v -5.830705 0.033971 1.049255
v -5.870582 0.033971 1.042691
v -5.870582 0.021369 1.042691
v -5.830705 0.021369 1.049255
v -5.836171 0.053938 1.082460
v -5.830705 0.033971 1.049255
v -5.830705 0.021369 1.049255
v -5.836171 0.041336 1.082460
v -5.830705 0.021369 1.049255
v -5.870582 0.021369 1.042691
v -5.876048 0.041336 1.075896
v -5.836171 0.041336 1.082460
v -5.941390 0.000000 1.070521
v -5.888927 0.000000 1.079157
v -5.888927 0.057089 1.079157
v -5.941390 0.057089 1.070521
v -5.934198 0.000000 1.026836
v -5.941390 0.000000 1.070521
v -5.941390 0.057089 1.070521
v -5.934198 0.030820 1.026836
v -5.881735 0.000000 1.035473
v -5.934198 0.000000 1.026836
v -5.934198 0.030820 1.026836
v -5.881735 0.030820 1.035473
v -5.888927 0.000000 1.079157
v -5.881735 0.000000 1.035473
v -5.881735 0.030820 1.035473
v -5.888927 0.057089 1.079157
v -5.941390 0.057089 1.070521
v -5.888927 0.057089 1.079157
v -5.894357 0.053938 1.072881
v -5.934234 0.053938 1.066316
v -5.928768 0.033971 1.033112
v -5.888891 0.033971 1.039677
v -5.894357 0.041336 1.072881
v -5.934234 0.041336 1.066316
v -5.928768 0.033971 1.033112
v -5.934234 0.053938 1.066316
v -5.934234 0.041336 1.066316
v -5.928768 0.021369 1.033112
v -5.888891 0.033971 1.039677
v -5.928768 0.033971 1.033112
v -5.928768 0.021369 1.033112
v -5.888891 0.021369 1.039677
v -5.894357 0.053938 1.072881
v -5.888891 0.033971 1.039677
v -5.888891 0.021369 1.039677
v -5.894357 0.041336 1.072881
v -5.888891 0.021369 1.039677
v -5.928768 0.021369 1.033112
v -5.934234 0.041336 1.066316
v -5.894357 0.041336 1.072881
v -6.054447 0.000000 1.051909
v -6.001983 0.000000 1.060546
v -6.001983 0.057089 1.060546
v -6.054447 0.057089 1.051909
v -6.047255 0.000000 1.008224
v -6.054447 0.000000 1.051909
v -6.054447 0.057089 1.051909
v -6.047255 0.030820 1.008224
v -5.994792 0.000000 1.016860
v -6.047255 0.000000 1.008224
v -6.047255 0.030820 1.008224
v -5.994792 0.030820 1.016860
v -6.001983 0.000000 1.060546
v -5.994792 0.000000 1.016860
v -5.994792 0.030820 1.016860
v -6.001983 0.057089 1.060546
v -6.054447 0.057089 1.051909
v -6.001983 0.057089 1.060546
v -6.007414 0.053938 1.054270
v -6.047291 0.053938 1.047705
v -6.041824 0.033971 1.014500
v -6.001947 0.033971 1.021065
v -6.007414 0.041336 1.054270
v -6.047291 0.041336 1.047705
v -6.041824 0.033971 1.014500
v -6.047291 0.053938 1.047705
v -6.047291 0.041336 1.047705
v -6.041824 0.021369 1.014500
v -6.001947 0.033971 1.021065
v -6.041824 0.033971 1.014500
v -6.041824 0.021369 1.014500
v -6.001947 0.021369 1.021065
v -6.007414 0.053938 1.054270
v -6.001947 0.033971 1.021065
v -6.001947 0.021369 1.021065
v -6.007414 0.041336 1.054270
v -6.001947 0.021369 1.021065
v -6.041824 0.021369 1.014500
v -6.047291 0.041336 1.047705
v -6.007414 0.041336 1.054270
v -6.055231 0.000000 1.191262
v -6.000203 0.000000 1.200321
v -6.000203 0.049834 1.200321
v -6.055231 0.049834 1.191262
v -6.045822 0.000000 1.134108
v -6.055231 0.000000 1.191262
v -6.055231 0.049834 1.191262
v -6.045822 0.049834 1.134108
v -5.990793 0.000000 1.143167
v -6.045822 0.000000 1.134108
v -6.045822 0.049834 1.134108
v -5.990793 0.049834 1.143167
v -6.000203 0.000000 1.200321
v -5.990793 0.000000 1.143167
v -5.990793 0.049834 1.143167
v -6.000203 0.049834 1.200321
v -5.990793 0.049834 1.143167
v -6.045822 0.049834 1.134108
v -6.055231 0.049834 1.191262
v -6.000203 0.049834 1.200321
v -6.717008 0.513802 1.356132
v -6.717008 0.000000 1.356132
v -6.717008 0.000000 1.487221
v -6.717008 0.513802 1.487221
v -6.131888 0.000000 1.356132
v -6.131888 0.513802 1.356132
v -6.131888 0.513802 1.487220
v -6.131888 0.000000 1.487220
v -6.717008 0.580922 1.326399
v -6.717008 0.580922 1.516954
v -6.131888 0.580922 1.326399
v -6.131888 0.580922 1.516953
v -6.717008 0.580922 1.326399
v -6.717008 0.665666 1.326399
v -6.131888 0.665666 1.326399
v -6.131888 0.580922 1.326399
v -6.717008 0.513802 1.356132
v -6.131888 0.513802 1.356132
v -6.717008 0.580922 1.516954
v -6.717008 0.513802 1.487221
v -6.131888 0.513802 1.487220
v -6.131888 0.580922 1.516953
v -6.717008 0.665666 1.516954
v -6.131888 0.665666 1.516953
v -6.278168 0.716756 1.516954
v -6.205027 0.716756 1.516954
v -6.205027 0.768073 1.516954
v -6.278168 0.768073 1.516954
v -6.424448 0.716756 1.516954
v -6.351308 0.716756 1.516953
v -6.351308 0.768073 1.516953
v -6.424448 0.768073 1.516954
v -6.570727 0.716756 1.516954
v -6.497588 0.716756 1.516953
v -6.497588 0.768073 1.516953
v -6.570727 0.768073 1.516954
v -6.717008 0.716756 1.516954
v -6.643867 0.716756 1.516953
v -6.643867 0.768073 1.516953
v -6.717008 0.768073 1.516954
v -6.717008 0.000000 1.487221
v -6.131888 0.000000 1.487220
v -6.131888 0.000000 1.356132
v -6.717008 0.000000 1.356132
v -6.131888 0.665666 1.484371
v -6.131888 0.665666 1.326399
v -6.717008 0.665666 1.326399
v -6.717008 0.665666 1.484371
v -6.131888 0.665666 1.516953
v -6.131888 0.665666 1.484371
v -6.131888 0.716756 1.484371
v -6.131888 0.716756 1.516953
v -6.717008 0.665666 1.484371
v -6.717008 0.665666 1.516954
v -6.717008 0.716756 1.516954
v -6.717008 0.716756 1.484371
v -6.131888 0.716756 1.484371
v -6.205028 0.716756 1.484371
v -6.205027 0.716756 1.516954
v -6.131888 0.716756 1.516953
v -6.278168 0.716756 1.484371
v -6.351307 0.716756 1.484371
v -6.351308 0.716756 1.516953
v -6.278168 0.716756 1.516954
v -6.424448 0.716756 1.484371
v -6.497588 0.716756 1.484371
v -6.497588 0.716756 1.516953
v -6.424448 0.716756 1.516954
v -6.570727 0.716756 1.484371
v -6.643867 0.716756 1.484371
v -6.643867 0.716756 1.516953
v -6.570727 0.716756 1.516954
v -6.278168 0.716756 1.484371
v -6.278168 0.716756 1.516954
v -6.278168 0.768073 1.516954
v -6.278168 0.768073 1.484371
v -6.205028 0.716756 1.484371
v -6.278168 0.716756 1.484371
v -6.278168 0.768073 1.484371
v -6.205028 0.768073 1.484371
v -6.205027 0.716756 1.516954
v -6.205028 0.716756 1.484371
v -6.205028 0.768073 1.484371
v -6.205027 0.768073 1.516954
v -6.205028 0.768073 1.484371
v -6.278168 0.768073 1.484371
v -6.278168 0.768073 1.516954
v -6.205027 0.768073 1.516954
v -6.424448 0.716756 1.484371
v -6.424448 0.716756 1.516954
v -6.424448 0.768073 1.516954
v -6.424448 0.768073 1.484371
v -6.351307 0.716756 1.484371
v -6.424448 0.716756 1.484371
v -6.424448 0.768073 1.484371
v -6.351307 0.768073 1.484371
v -6.351308 0.716756 1.516953
v -6.351307 0.716756 1.484371
v -6.351307 0.768073 1.484371
v -6.351308 0.768073 1.516953
v -6.351307 0.768073 1.484371
v -6.424448 0.768073 1.484371
v -6.424448 0.768073 1.516954
v -6.351308 0.768073 1.516953
v -6.570727 0.716756 1.484371
v -6.570727 0.716756 1.516954
v -6.570727 0.768073 1.516954
v -6.570727 0.768073 1.484371
v -6.497588 0.716756 1.484371
v -6.570727 0.716756 1.484371
v -6.570727 0.768073 1.484371
v -6.497588 0.768073 1.484371
v -6.497588 0.716756 1.516953
v -6.497588 0.716756 1.484371
v -6.497588 0.768073 1.484371
v -6.497588 0.768073 1.516953
v -6.497588 0.768073 1.484371
v -6.570727 0.768073 1.484371
v -6.570727 0.768073 1.516954
v -6.497588 0.768073 1.516953
v -6.717008 0.768073 1.516954
v -6.717008 0.768073 1.484371
v -6.643867 0.716756 1.484371
v -6.717008 0.716756 1.484371
v -6.717008 0.768073 1.484371
v -6.643867 0.768073 1.484371
v -6.643867 0.716756 1.516953
v -6.643867 0.716756 1.484371
v -6.643867 0.768073 1.484371
v -6.643867 0.768073 1.516953
v -6.643867 0.768073 1.484371
v -6.717008 0.768073 1.484371
v -6.717008 0.768073 1.516954
v -6.643867 0.768073 1.516953
v -4.454284 0.665666 -0.608259
v -4.601442 0.665666 -0.550812
v -4.423930 0.665666 -0.620108
v -4.292391 0.665666 0.240873
v -4.145231 0.665666 0.183426
v -4.114879 0.665666 0.171578
v -4.423930 0.716756 -0.620108
v -4.454284 0.665666 -0.608259
v -4.145231 0.665666 0.183426
v -4.454284 0.716756 -0.608259
v -5.406143 0.665666 -0.993888
v -5.333128 0.665666 -1.169903
v -5.345613 0.665666 -1.139805
v -4.548120 0.665666 -0.844262
v -4.621136 0.665666 -0.668247
v -4.560605 0.665666 -0.814166
v -5.333128 0.716756 -1.169903
v -4.560605 0.665666 -0.814166
v -5.345613 0.716756 -1.139805
v -5.345613 0.665666 -1.139805
v -6.380604 0.665666 -0.975241
v -6.380921 0.665666 -1.165801
v -6.380867 0.665666 -1.133217
v -5.531043 0.665666 -1.167215
v -5.530726 0.665666 -0.976655
v -5.530989 0.665666 -1.134631
v -6.380921 0.716756 -1.165801
v -5.530989 0.665666 -1.134631
v -6.380867 0.716756 -1.133217
v -6.380867 0.665666 -1.133217
v -7.221951 0.665666 -0.975241
v -7.222269 0.665666 -1.165801
v -7.222216 0.665666 -1.133217
v -6.372391 0.665666 -1.167215
v -6.372075 0.665666 -0.976655
v -6.372337 0.665666 -1.134631
v -7.222269 0.716756 -1.165801
v -6.372337 0.665666 -1.134631
v -7.222216 0.716756 -1.133217
v -7.222216 0.665666 -1.133217
v -6.266161 0.389367 -0.467500
v -6.715302 0.211530 -0.467499
v -6.715302 0.389367 -0.467499
v -6.668152 0.211530 -0.244466
v -6.668152 0.045832 -0.244466
v -6.668151 0.045832 -0.467499
v -6.668151 0.211530 -0.467499
v -6.715303 0.389367 -0.244465
v -6.715303 0.211530 -0.244465
v -6.266160 0.389367 -0.244466
v -6.851500 0.665666 1.308592
v -6.818917 0.665666 1.308592
v -6.660945 0.665666 1.308592
v -6.818917 0.665666 0.458741
v -6.851499 0.665666 0.458741
v -6.660945 0.665666 0.458741
v -6.690679 0.000000 0.804036
v -6.690679 0.000000 0.458741
v -6.690679 0.222744 0.804036
v -6.690679 0.259037 0.842661
v -6.690679 0.279237 0.892540
v -6.690679 0.222744 0.981045
v -6.690679 0.000000 1.308592
v -6.690679 0.000000 0.981045
v -6.690679 0.259037 0.942419
v -6.821766 0.000000 0.981045
v -6.821766 0.000000 1.308592
v -6.821766 0.222744 0.981045
v -6.821766 0.259037 0.942419
v -6.821766 0.279237 0.892540
v -6.821766 0.222744 0.804036
v -6.821766 0.000000 0.458741
v -6.821766 0.000000 0.804036
v -6.821766 0.259037 0.842661
v -6.851500 0.716756 1.308592
v -6.818917 0.665666 1.308592
v -6.818917 0.665666 0.458741
v -6.818917 0.716756 1.308592
v -6.688354 0.222744 0.981045
v -6.688354 0.000000 0.892540
v -6.688354 0.000000 0.981045
v -6.688354 0.279237 0.892540
v -6.688354 0.259037 0.942419
v -6.688354 0.279237 0.892540
v -6.688354 0.000000 0.804036
v -6.688354 0.000000 0.892540
v -6.688354 0.222744 0.804036
v -6.688354 0.259037 0.842661
v -6.676371 0.279237 0.892540
v -6.676371 0.000000 0.981045
v -6.676371 0.000000 0.892540
v -6.676371 0.222744 0.981045
v -6.676371 0.259037 0.942420
v -6.676371 0.222744 0.804036
v -6.676371 0.000000 0.892540
v -6.676371 0.000000 0.804036
v -6.676371 0.279237 0.892540
v -6.676371 0.259037 0.842661
v -4.318146 0.665666 1.886131
v -4.318146 0.665666 2.076686
v -4.318146 0.665666 2.044104
v -5.168004 0.665666 2.076686
v -5.168004 0.665666 1.886131
v -5.168004 0.665666 2.044103
v -4.318146 0.716756 2.076686
v -5.168004 0.665666 2.044103
v -4.318146 0.665666 2.044104
v -4.318146 0.716756 2.044104
v -5.126181 0.665666 1.886131
v -5.126181 0.665666 2.076686
v -5.126181 0.665666 2.044104
v -6.041703 0.665666 2.076686
v -6.041703 0.665666 1.886131
v -6.041704 0.665666 2.044103
v -5.126181 0.716756 2.076686
v -6.041704 0.665666 2.044103
v -5.126181 0.665666 2.044104
v -5.126181 0.716756 2.044104
v -6.261349 0.665666 1.970944
v -6.228767 0.665666 1.970944
v -6.070796 0.665666 1.970944
v -6.228767 0.665666 1.381920
v -6.261350 0.665666 1.381920
v -6.070796 0.665666 1.381920
v -6.261349 0.716756 1.970944
v -6.228767 0.665666 1.970944
v -6.228767 0.665666 1.381920
v -6.228767 0.716756 1.970944
v -6.854571 0.665666 0.241962
v -6.854265 0.665666 0.432521
v -6.854317 0.665666 0.399938
v -7.671836 0.665666 0.433936
v -7.672140 0.665666 0.243377
v -7.671888 0.665666 0.401352
v -6.854265 0.716756 0.432521
v -7.671888 0.665666 0.401352
v -6.854317 0.665666 0.399938
v -6.854317 0.716756 0.399938
v -7.699227 0.665666 -0.975241
v -7.699414 0.665666 -1.165801
v -7.699384 0.665666 -1.133217
v -7.196079 0.665666 -1.167215
v -7.195892 0.665666 -0.976655
v -7.196049 0.665666 -1.134631
v -7.699414 0.716756 -1.165801
v -7.196049 0.665666 -1.134631
v -7.699384 0.716756 -1.133217
v -7.699384 0.665666 -1.133217
v -7.801413 0.665666 -0.279003
v -7.768828 0.665666 -0.279045
v -7.610852 0.665666 -0.279248
v -7.770243 0.665666 -0.934024
v -7.802827 0.665666 -0.933982
v -7.612267 0.665666 -0.934226
v -7.801413 0.716756 -0.279003
v -7.768828 0.665666 -0.279045
v -7.770243 0.665666 -0.934024
v -7.768828 0.716756 -0.279045
v -7.801413 0.665666 0.369462
v -7.768828 0.665666 0.369420
v -7.610852 0.665666 0.369217
v -7.770243 0.665666 -0.285559
v -7.802827 0.665666 -0.285517
v -7.612267 0.665666 -0.285761
v -7.801413 0.716756 0.369462
v -7.768828 0.665666 0.369420
v -7.770243 0.665666 -0.285559
v -7.768828 0.716756 0.369420
v -6.131888 0.665666 1.326399
v -6.131888 0.665666 1.516953
v -6.131888 0.665666 1.484371
v -6.717008 0.665666 1.516954
v -6.717008 0.665666 1.326399
v -6.131888 0.716756 1.516953
v -6.717008 0.665666 1.484371
v -6.131888 0.665666 1.484371
v -6.131888 0.716756 1.484371
vn -0.0000 -1.0000 -0.0000
vn -0.0000 1.0000 -0.0000
vn 1.0000 -0.0000 -0.0000
vn -0.0000 -0.9962 0.0869
vn -0.0000 -0.9847 -0.1740
vn -0.0000 -0.9505 -0.3108
vn -0.0000 -0.9505 0.3108
vn -0.0000 -0.9847 0.1740
vn -0.0000 -0.9962 -0.0869
vn -1.0000 -0.0000 -0.0000
vn -0.0000 -0.0000 -1.0000
vn -0.0000 -0.9848 0.1739
vn -0.0000 0.7524 -0.6587
vn -0.0000 -0.0000 1.0000
vn -0.0000 -0.9848 -0.1739
vn -0.0000 0.7524 0.6587
vn -0.0000 -0.7524 0.6587
vn -0.0000 -0.7525 -0.6586
vn -0.0000 -0.7525 0.6586
vn 0.1481 -0.9890 -0.0000
vn 0.3923 -0.9198 0.0001
vn 0.5139 -0.8579 -0.0000
vn -0.5024 -0.8647 -0.0000
vn -0.3803 -0.9249 -0.0000
vn -0.1357 -0.9907 -0.0000
vn 0.3923 -0.9198 -0.0000
vn 0.3923 -0.9199 -0.0000
vn -0.7935 0.6085 -0.0000
vn -0.7935 -0.6086 -0.0000
vn 0.8021 -0.5972 -0.0000
vn -0.3802 -0.9249 -0.0000
vn -0.1357 -0.9908 -0.0000
vn 0.7848 0.6197 -0.0000
vn -0.0000 0.4746 0.8802
vn 0.8840 0.4674 -0.0000
vn -0.8840 0.4674 -0.0000
vn -0.0000 0.4746 -0.8802
vn -0.0000 -0.1857 0.9826
vn -0.9832 -0.1824 -0.0000
vn -0.0000 -0.1857 -0.9826
vn 0.9832 -0.1824 -0.0000
vn 0.2246 -0.8637 0.4511
vn -0.2246 -0.8638 0.4511
vn 0.4562 -0.8624 -0.2194
vn 0.9444 -0.3289 -0.0000
vn -0.9444 -0.3289 -0.0000
vn -0.4562 -0.8624 -0.2193
vn -0.0000 -0.3354 -0.9421
vn -0.2245 -0.8637 0.4512
vn 0.2245 -0.8637 0.4511
vn 0.2627 -0.9280 0.2642
vn -0.2628 -0.9280 0.2643
vn 0.2245 -0.8637 0.4512
vn 0.4562 -0.8624 -0.2193
vn 0.2627 -0.9280 -0.2642
vn 0.2628 -0.9280 0.2642
vn -0.2246 -0.8637 0.4512
vn -0.2628 -0.9280 0.2642
vn -0.2628 -0.9280 -0.2642
vn -0.2627 -0.9280 -0.2642
vn 0.2628 -0.9280 -0.2643
vn -0.9999 0.0124 -0.0000
vn 0.4710 -0.8821 -0.0000
vn 0.2778 -0.9606 0.0055
vn 0.0388 -0.9992 0.0068
vn -0.0475 -0.9989 0.0048
vn -0.2848 -0.9586 0.0039
vn -0.4710 -0.8821 -0.0000
vn -0.0000 -0.8573 -0.5149
vn 0.0044 -0.9461 -0.3237
vn 0.0055 -0.9967 -0.0807
vn 0.0083 -0.9974 0.0712
vn 0.0067 -0.9487 0.3162
vn -0.0000 -0.8573 0.5149
vn -0.9999 0.0096 -0.0129
vn -0.9999 0.0097 -0.0129
vn 0.2777 -0.9606 0.0056
vn -0.0129 -0.9999 -0.0020
vn -0.0139 -0.9999 -0.0014
vn -0.7302 0.6832 -0.0000
vn -0.7301 0.6833 -0.0001
vn -0.9998 0.0193 -0.0000
vn -0.0000 -0.6415 0.7671
vn -0.0000 -0.6415 -0.7671
vn 0.7301 -0.6833 -0.0000
vn -0.7301 -0.6833 -0.0000
vn 0.0012 0.0017 1.0000
vn 0.0013 0.0018 1.0000
vn 0.0044 -0.9462 -0.3236
vn 0.0172 -0.9998 0.0026
vn 0.0168 -0.9999 0.0024
vn 0.0055 -0.9967 -0.0808
vn 0.0022 0.6449 0.7643
vn -0.2847 -0.9586 0.0039
vn 0.7301 0.6833 -0.0000
vn 0.7302 0.6832 -0.0001
vn -0.0000 -0.0034 -1.0000
vn -0.0128 -0.9999 -0.0020
vn 0.0067 -0.9487 0.3161
vn -0.0139 -0.9999 -0.0015
vn 0.0021 0.6436 -0.7654
vn 0.0022 0.6436 -0.7654
vn 0.0021 0.6435 -0.7655
vn 0.6044 -0.7967 -0.0000
vn 0.4930 -0.8700 -0.0000
vn 0.2630 -0.9648 -0.0000
vn 0.4931 -0.8700 -0.0000
vn -0.6044 -0.7967 -0.0000
vn -0.4930 -0.8700 -0.0000
vn -0.2630 -0.9648 -0.0000
vn -0.4931 -0.8700 -0.0000
vn 0.4929 -0.8701 -0.0000
vn -0.8583 0.5132 -0.0000
vn -0.8583 -0.5132 -0.0000
vn 0.8583 -0.5132 -0.0000
vn -0.4929 -0.8701 -0.0000
vn 0.8583 0.5132 -0.0000
vn -0.4931 -0.8700 -0.0001
vn -0.0000 -0.9216 0.3883
vn -0.0002 -0.9668 0.2555
vn -0.0003 -1.0000 -0.0001
vn 0.0003 -1.0000 -0.0001
vn 0.0003 -0.9668 0.2556
vn -0.0000 -0.9215 0.3883
vn -0.0000 -0.9190 -0.3942
vn -0.0000 -0.9653 -0.2610
vn -0.0000 -1.0000 -0.0024
vn -0.0000 -0.9653 -0.2611
vn 0.0026 -1.0000 0.0001
vn -0.2408 -0.9706 0.0001
vn -0.3676 -0.9300 -0.0000
vn 0.3676 -0.9300 -0.0000
vn 0.2408 -0.9706 0.0001
vn -0.0026 -1.0000 0.0001
vn 0.1814 0.7824 0.5958
vn -0.0003 0.7102 0.7040
vn 0.0003 0.7102 0.7040
vn -0.0004 0.7104 0.7038
vn 0.0004 0.7104 0.7038
vn 0.0012 -1.0000 -0.0009
vn -0.2407 -0.9706 0.0001
vn 0.0025 -1.0000 0.0001
vn 0.0023 -1.0000 -0.0005
vn 0.7029 0.7112 0.0080
vn 0.7029 0.7113 0.0081
vn -0.0000 -0.7002 0.7139
vn -0.0000 -0.6910 -0.7229
vn 0.6842 -0.7293 -0.0000
vn -0.6842 -0.7293 -0.0000
vn -0.0012 -1.0000 -0.0009
vn 0.0002 -0.9668 0.2554
vn -0.0023 -1.0000 -0.0005
vn 0.0178 0.7091 -0.7048
vn 0.0178 0.7091 -0.7049
vn 0.0004 0.7093 -0.7050
vn -0.0002 -0.9668 0.2554
vn 0.0012 -1.0000 -0.0008
vn -0.0170 0.7091 -0.7049
vn 0.0004 0.7092 -0.7050
vn -0.0170 0.7092 -0.7048
vn 0.2407 -0.9706 0.0001
vn -0.0025 -1.0000 0.0001
vn -0.7029 0.7112 0.0080
vn -0.0000 -0.9400 0.3412
vn -0.0000 -0.9758 0.2185
vn -0.0000 -0.9998 -0.0200
vn -0.0000 -0.9998 0.0200
vn -0.0000 -0.9758 -0.2185
vn -0.0000 -0.9400 -0.3412
vn -0.0001 -0.9758 0.2185
vn -0.0000 -0.9758 -0.2184
vn -0.0000 0.7542 0.6566
vn -0.0000 -0.7542 -0.6566
vn 1.0000 -0.0000 0.0001
vn -0.0000 -0.7542 0.6566
vn -0.0000 -0.9758 0.2184
vn -0.0000 0.7542 -0.6566
vn -0.0000 -0.9525 -0.3047
vn -0.0000 -0.9852 -0.1711
vn -0.0000 -0.9964 0.0842
vn 0.0001 -0.9853 -0.1711
vn -0.0000 -0.9525 -0.3046
vn -0.0000 -0.9525 0.3047
vn -0.0000 -0.9853 0.1711
vn -0.0000 -0.9964 -0.0842
vn -0.0000 -0.9525 0.3046
vn -0.0000 -0.9853 -0.1710
vn -0.0000 0.7626 0.6469
vn -0.0000 -0.7626 0.6468
vn -0.0000 -0.7626 0.6469
vn -0.0000 -0.7626 -0.6469
vn -0.0000 -0.9853 0.1710
vn -0.0000 0.7626 -0.6469
vn -0.6405 0.7679 -0.0000
vn -0.3406 0.9402 -0.0000
vn -0.9417 -0.3366 -0.0000
vn -0.3366 0.9417 -0.0000
vn 0.3366 -0.9417 -0.0000
vn 0.3546 -0.9350 -0.0000
vn 0.1928 -0.9812 -0.0000
vn -0.1093 -0.9940 -0.0000
vn 0.1093 -0.9940 -0.0000
vn -0.1927 -0.9813 -0.0001
vn -0.3546 -0.9350 -0.0000
vn -0.1927 -0.9813 -0.0000
vn 0.7410 0.6715 -0.0000
vn -0.7410 -0.6715 -0.0000
vn 0.7410 -0.6715 -0.0000
vn 0.1927 -0.9813 -0.0000
vn -0.7410 0.6715 -0.0000
vn -0.0000 -0.7985 0.6020
vn -0.0000 -0.8657 0.5005
vn -0.0000 -0.9798 0.1999
vn -0.0000 -0.9798 -0.1999
vn -0.0000 -0.8657 -0.5005
vn -0.0000 -0.7985 -0.6020
vn -0.2556 -0.9668 -0.0000
vn 0.7691 0.6392 -0.0000
vn 0.2556 -0.9668 -0.0000
vn -0.7691 0.6392 -0.0000
vn -0.0000 -0.3970 -0.9178
vn -0.0000 -0.3970 0.9178
vn -0.0000 -0.8422 0.5392
vn -0.0000 -0.8422 -0.5392
vn -0.9783 -0.2070 -0.0000
vn 0.9783 -0.2070 -0.0000
vn -0.0000 0.8422 -0.5392
vn -0.0000 0.3970 -0.9178
vn -0.0000 0.3970 0.9178
vn -0.0000 0.8422 0.5392
vn -0.0000 0.8421 0.5392
vn -0.0000 0.5970 -0.8023
vn -0.8232 0.5677 -0.0000
vn 0.8232 0.5677 -0.0000
vn -0.0000 0.5970 0.8023
vn -0.0000 -0.2511 -0.9680
vn 0.9716 -0.2365 -0.0000
vn -0.0000 -0.2511 0.9680
vn -0.9716 -0.2365 -0.0000
vn -0.0000 -0.2511 -0.9679
vn -0.1807 -0.9127 -0.3666
vn 0.1806 -0.9127 -0.3666
vn -0.9716 -0.2366 -0.0000
vn -0.3826 -0.9091 0.1649
vn -0.9105 -0.4136 -0.0000
vn 0.9105 -0.4136 -0.0000
vn 0.3826 -0.9091 0.1649
vn -0.0000 -0.4409 0.8975
vn -0.2004 -0.9581 -0.2047
vn 0.2004 -0.9581 -0.2047
vn -0.3826 -0.9091 0.1648
vn -0.2005 -0.9581 0.2046
vn -0.2005 -0.9581 -0.2046
vn 0.3827 -0.9091 0.1648
vn 0.1807 -0.9127 -0.3666
vn 0.2005 -0.9581 -0.2046
vn 0.2005 -0.9581 0.2046
vn 0.2004 -0.9581 0.2047
vn -0.2004 -0.9581 0.2047
vn -1.0000 -0.0000 0.0001
vn 0.0001 -0.0108 0.9999
vn -0.0000 -0.0124 0.9999
vn -0.0001 0.4539 0.8910
vn 0.0063 0.4546 0.8907
vn 0.0084 0.4509 0.8925
vn 0.0038 -0.0109 0.9999
vn -0.0008 -0.0139 0.9999
vn -0.0051 -0.0138 0.9999
vn -0.0094 0.4570 0.8894
vn -0.0069 0.4532 0.8914
vn -0.0005 0.4534 -0.8913
vn 0.0210 0.4488 -0.8934
vn 0.0259 0.9488 -0.3149
vn -0.0003 0.9481 -0.3178
vn -0.0267 0.9487 -0.3151
vn -0.0218 0.4490 -0.8933
vn -0.0003 0.9524 0.3049
vn -0.0217 0.9534 0.3011
vn 0.0211 0.9534 0.3011
vn -0.0182 0.0098 -0.9998
vn -0.0003 0.0095 -1.0000
vn 0.0175 0.0094 -0.9998
vn -0.0063 -0.4547 -0.8906
vn 0.0001 -0.4539 -0.8910
vn -0.0000 0.0124 -0.9999
vn -0.0001 0.0108 -0.9999
vn -0.0038 0.0108 -0.9999
vn -0.0084 -0.4509 -0.8925
vn 0.0069 -0.4532 -0.8914
vn 0.0094 -0.4570 -0.8894
vn 0.0051 0.0137 -0.9999
vn 0.0008 0.0139 -0.9999
vn 0.0003 -0.9481 0.3178
vn -0.0259 -0.9487 0.3150
vn -0.0210 -0.4487 0.8934
vn 0.0006 -0.4534 0.8913
vn 0.0218 -0.4490 0.8933
vn 0.0265 -0.9486 0.3153
vn 0.0216 -0.9534 -0.3011
vn 0.0003 -0.9524 -0.3049
vn -0.0211 -0.9534 -0.3011
vn 0.0003 -0.0095 1.0000
vn 0.0182 -0.0096 0.9998
vn -0.0175 -0.0093 0.9998
vn -0.0000 -0.4550 0.8905
vn -0.0000 0.4491 -0.8935
vn -0.0000 0.4484 0.8938
vn -0.0000 -0.4559 -0.8900
vn -0.0000 -0.8115 -0.5844
vn -0.0000 -0.8103 0.5860
vn -0.0000 0.9494 -0.3141
vn -0.0000 0.9490 0.3151
vn -0.0000 0.4484 0.8939
vn -0.0000 0.9494 -0.3142
vn 0.0010 -0.0006 1.0000
vn 0.0013 -0.0009 1.0000
vn -0.0013 0.0008 -1.0000
vn -0.0010 0.0006 -1.0000
vn -0.0013 -0.0008 1.0000
vn -0.0010 -0.0006 1.0000
vn 0.0009 0.0006 -1.0000
vn 0.0013 0.0008 -1.0000
vn -0.0000 0.0015 -1.0000
vn 0.0010 0.0006 -1.0000
vn -0.0001 0.0016 -1.0000
vn -0.0014 0.0009 -1.0000
vn 0.0010 1.0000 -0.0000
vn 0.0287 0.9996 -0.0000
vn 0.0011 1.0000 -0.0000
vn -0.0265 0.9996 -0.0000
vn 0.0001 -0.0015 1.0000
vn -0.0013 -0.0007 1.0000
vn -0.0000 -0.0014 1.0000
vn -0.0016 -1.0000 -0.0000
vn -0.0324 -0.9995 -0.0000
vn -0.0015 -1.0000 -0.0000
vn 0.0293 -0.9996 -0.0000
vn -0.0000 0.4949 0.8690
vn -0.0000 0.4948 0.8690
vn -0.0000 0.8600 0.5103
vn -0.0000 0.7139 0.7003
vn -0.0000 0.8600 0.5102
vn -0.0093 0.4571 0.8894
vn 0.0094 -0.4571 -0.8894
vn -0.0105 -0.4509 -0.8925
vn -0.9983 -0.0000 0.0581
vn 0.9983 -0.0000 -0.0581
vn -0.0225 -0.9216 -0.3876
vn -0.0146 -0.9668 -0.2551
vn 0.0003 -1.0000 0.0001
vn -0.0003 -1.0000 0.0001
vn -0.0151 -0.9668 -0.2551
vn -0.0226 -0.9215 -0.3876
vn 0.0229 -0.9190 0.3935
vn 0.0152 -0.9653 0.2607
vn 0.0001 -1.0000 0.0024
vn 0.0151 -0.9653 0.2606
vn 0.0581 -0.0000 0.9983
vn -0.0026 -1.0000 -0.0000
vn 0.2404 -0.9706 -0.0141
vn 0.3670 -0.9300 -0.0213
vn -0.3670 -0.9300 0.0213
vn -0.2404 -0.9706 0.0138
vn 0.0025 -1.0000 -0.0003
vn -0.2157 0.7824 -0.5843
vn -0.0406 0.7102 -0.7028
vn -0.0411 0.7102 -0.7028
vn -0.0404 0.7104 -0.7027
vn -0.0413 0.7104 -0.7026
vn -0.4891 0.5969 -0.6359
vn -0.6525 0.5677 0.5019
vn 0.6525 0.5677 -0.5019
vn 0.4891 0.5969 0.6359
vn -0.8021 0.5970 -0.0172
vn -0.0176 0.5677 0.8230
vn 0.0176 0.5677 -0.8230
vn 0.8021 0.5970 0.0172
vn 0.9578 -0.0000 0.2875
vn -0.9578 -0.0000 -0.2875
vn 0.0876 -0.9525 -0.2918
vn 0.0492 -0.9853 -0.1639
vn -0.0242 -0.9964 0.0807
vn 0.0491 -0.9853 -0.1639
vn -0.0876 -0.9525 0.2918
vn -0.0492 -0.9852 0.1639
vn 0.0242 -0.9964 -0.0807
vn -0.0492 -0.9853 0.1639
vn -0.0000 -0.7966 0.6044
vn -0.0000 -0.8700 0.4931
vn -0.0000 -0.9648 0.2630
vn -0.0000 -0.7967 0.6044
vn -0.0000 -0.7967 -0.6044
vn -0.0000 -0.8700 -0.4931
vn -0.0000 -0.9648 -0.2630
vn -0.0001 -0.8700 -0.4931
vn -0.9867 -0.0000 -0.1625
vn 0.9867 0.0001 0.1626
vn -0.9867 -0.0000 -0.1624
vn 0.9867 -0.0001 0.1624
vn -0.0012 -1.0000 0.0009
vn 0.2403 -0.9706 -0.0141
vn -0.0023 -1.0000 0.0006
vn -0.7022 0.7112 0.0328
vn -0.0415 -0.7002 -0.7127
vn 0.9983 -0.0000 -0.0580
vn -0.0414 -0.7002 -0.7127
vn 0.0420 -0.6910 0.7216
vn -0.9983 -0.0000 0.0580
vn -0.6831 -0.7293 0.0397
vn 0.6831 -0.7293 -0.0398
vn 0.6831 -0.7293 -0.0397
vn 0.0580 -0.0000 0.9983
vn -0.0581 -0.0000 -0.9983
vn 0.0152 -0.9653 0.2606
vn 0.0012 -1.0000 0.0008
vn -0.0151 -0.9668 -0.2550
vn 0.0023 -1.0000 0.0004
vn 0.0232 0.7091 0.7047
vn 0.0405 0.7093 0.7038
vn -0.0146 -0.9668 -0.2550
vn -0.0011 -1.0000 0.0010
vn 0.0579 0.7091 0.7027
vn 0.0579 0.7092 0.7027
vn -0.2403 -0.9706 0.0138
vn 0.7012 0.7112 -0.0488
vn 0.7013 0.7112 -0.0488
vn 0.3636 -0.0000 0.9315
vn -0.3636 -0.0000 -0.9315
vn -0.9114 -0.2070 0.3558
vn -0.9315 -0.0000 0.3636
vn 0.9114 -0.2070 -0.3558
vn 0.9315 -0.0000 -0.3636
vn 0.9315 -0.0000 -0.3637
vn -0.3637 -0.0000 -0.9315
vn 0.3637 -0.0000 0.9315
vn -0.6097 -0.0000 -0.7926
vn -0.5902 -0.2510 -0.7673
vn 0.7926 -0.0000 -0.6097
vn 0.7702 -0.2364 -0.5924
vn 0.6097 -0.0000 0.7927
vn 0.5902 -0.2510 0.7673
vn -0.7927 -0.0000 0.6097
vn -0.7702 -0.2365 0.5924
vn -0.5901 -0.2511 -0.7673
vn -0.5902 -0.2511 -0.7672
vn -0.3667 -0.9127 -0.1805
vn -0.0803 -0.9127 -0.4007
vn -0.2027 -0.9091 0.3640
vn -0.7217 -0.4136 0.5551
vn 0.7702 -0.2365 -0.5924
vn 0.7217 -0.4136 -0.5551
vn 0.4039 -0.9091 -0.1025
vn 0.5901 -0.2511 0.7673
vn 0.5901 -0.2511 0.7672
vn 0.5472 -0.4409 0.7114
vn -0.2837 -0.9581 -0.0401
vn 0.0340 -0.9581 -0.2845
vn -0.3667 -0.9127 -0.1804
vn -0.2028 -0.9091 0.3640
vn -0.0342 -0.9581 0.2844
vn -0.2837 -0.9581 -0.0400
vn 0.4038 -0.9091 -0.1026
vn 0.0342 -0.9581 -0.2844
vn 0.2837 -0.9581 0.0400
vn 0.2837 -0.9581 0.0401
vn -0.0341 -0.9581 0.2845
vn 0.9237 -0.0000 0.3832
vn -0.9237 -0.0000 -0.3832
vn -0.3749 -0.2070 0.9037
vn -0.3832 -0.0000 0.9237
vn 0.3749 -0.2070 -0.9037
vn 0.3832 -0.0000 -0.9237
vn -0.9237 -0.0000 -0.3831
vn 0.9237 -0.0000 0.3831
vn 1.0000 -0.0000 -0.0017
vn -1.0000 -0.0000 0.0017
vn 0.0016 -0.2070 0.9783
vn 0.0017 -0.0000 1.0000
vn -0.0016 -0.2070 -0.9783
vn -0.0017 -0.0000 -1.0000
vn -1.0000 -0.0000 0.0016
vn 1.0000 -0.0000 -0.0016
vn -0.9998 -0.0000 -0.0214
vn -0.9677 -0.2511 -0.0207
vn 0.0214 -0.0000 -0.9998
vn 0.0208 -0.2365 -0.9714
vn 0.9998 -0.0000 0.0214
vn 0.9677 -0.2511 0.0207
vn -0.0214 -0.0000 0.9998
vn -0.0208 -0.2365 0.9714
vn -0.9677 -0.2512 -0.0207
vn -0.3704 -0.9127 0.1728
vn -0.3627 -0.9127 -0.1884
vn -0.0208 -0.2366 0.9714
vn 0.1567 -0.9091 0.3860
vn -0.0195 -0.4136 0.9102
vn 0.0208 -0.2366 -0.9714
vn 0.0195 -0.4136 -0.9102
vn 0.1731 -0.9091 -0.3790
vn 0.9677 -0.2512 0.0207
vn 0.8973 -0.4409 0.0192
vn 0.8973 -0.4410 0.0192
vn -0.2089 -0.9581 0.1960
vn -0.2004 -0.9581 -0.2048
vn -0.3703 -0.9127 0.1728
vn 0.1566 -0.9091 0.3861
vn 0.2003 -0.9581 0.2048
vn -0.2089 -0.9581 0.1961
vn 0.1730 -0.9091 -0.3790
vn -0.3626 -0.9127 -0.1885
vn -0.2003 -0.9581 -0.2048
vn 0.2089 -0.9581 -0.1961
vn 0.1567 -0.9091 0.3861
vn 0.2089 -0.9581 -0.1960
vn 0.2004 -0.9581 0.2048
vn -0.2875 -0.0000 0.9578
vn 0.0492 -0.9853 -0.1638
vn -0.1860 0.7626 0.6195
vn -0.1860 -0.7626 0.6195
vn -0.9578 -0.0000 -0.2876
vn 0.1860 -0.7626 -0.6196
vn 0.2875 -0.0000 -0.9578
vn -0.0492 -0.9853 0.1638
vn 0.1860 0.7626 -0.6195
vn -0.0000 -0.8700 0.4930
vn -0.0000 0.5131 -0.8583
vn -0.0000 -0.5131 -0.8583
vn 1.0000 -0.0000 -0.0001
vn -0.0000 -0.5131 0.8583
vn -0.0000 -0.8700 -0.4930
vn -0.0000 0.5131 0.8583
vn -0.0000 -0.8421 0.5392
vn -0.0000 0.8421 -0.5392
vn -0.0000 -0.2070 -0.9783
vn -0.0000 -0.2070 0.9783
vn -0.0017 -0.2070 -0.9783
vn 0.0017 -0.2070 0.9783
vn 1.0000 -0.0000 -0.0010
vn -1.0000 -0.0000 0.0010
vn -1.0000 -0.0001 0.0010
vn 0.0028 -0.2070 0.9783
vn 0.0028 -0.0000 1.0000
vn 0.0028 -0.2069 0.9783
vn -0.0027 -0.2070 -0.9783
vn -0.0027 -0.2069 -0.9783
vn -0.0027 -0.2071 -0.9783
vn -0.0028 -0.0000 -1.0000
vn -1.0000 -0.0000 0.0009
vn 1.0000 -0.0000 -0.0009
vn 0.3826 -0.9091 0.1648
vn -0.0013 -0.0000 -1.0000
vn 0.0013 -0.0000 1.0000
vn 0.9783 -0.2070 -0.0021
vn 1.0000 -0.0000 -0.0022
vn -0.9783 -0.2070 0.0021
vn -1.0000 -0.0000 0.0022
vn -0.0012 -0.0000 -1.0000
vn 1.0000 -0.0000 -0.0021
vn 0.1623 -0.0108 -0.9867
vn 0.1624 -0.0124 -0.9866
vn 0.1448 0.4539 -0.8792
vn 0.1385 0.4547 -0.8798
vn 0.1367 0.4509 -0.8820
vn 0.1587 -0.0109 -0.9873
vn 0.1632 -0.0139 -0.9865
vn 0.1674 -0.0138 -0.9858
vn 0.1537 0.4570 -0.8761
vn 0.1516 0.4532 -0.8784
vn -0.1442 0.4534 0.8795
vn -0.1658 0.4487 0.8782
vn -0.0766 0.9487 0.3069
vn -0.0513 0.9481 0.3137
vn -0.0249 0.9487 0.3153
vn -0.1236 0.4490 0.8849
vn 0.0498 0.9523 -0.3011
vn 0.0701 0.9533 -0.2938
vn 0.0281 0.9534 -0.3005
vn -0.1444 0.0095 0.9895
vn -0.1622 0.0095 0.9867
vn -0.1797 0.0094 0.9837
vn -0.1385 -0.4547 0.8798
vn -0.1448 -0.4539 0.8792
vn -0.1624 0.0124 0.9866
vn -0.1623 0.0108 0.9867
vn -0.1587 0.0108 0.9873
vn -0.1367 -0.4509 0.8820
vn -0.1516 -0.4532 0.8784
vn -0.1537 -0.4570 0.8761
vn -0.1674 0.0138 0.9858
vn -0.1632 0.0139 0.9865
vn 0.0513 -0.9481 -0.3137
vn 0.0768 -0.9487 -0.3066
vn 0.1658 -0.4487 -0.8781
vn 0.1442 -0.4534 -0.8796
vn 0.1236 -0.4490 -0.8849
vn 0.0248 -0.9487 -0.3152
vn -0.0701 -0.9533 0.2938
vn -0.0498 -0.9523 0.3011
vn -0.0281 -0.9534 0.3005
vn 0.1621 -0.0095 -0.9867
vn 0.1444 -0.0096 -0.9895
vn 0.1797 -0.0094 -0.9837
vn 0.1624 -0.0000 -0.9867
vn 0.1446 -0.4550 -0.8787
vn -0.1624 -0.0000 0.9867
vn -0.1625 -0.0000 0.9867
vn -0.1451 0.4491 0.8816
vn 0.9867 -0.0000 0.1624
vn 0.9867 -0.0000 0.1625
vn 0.1625 -0.0000 -0.9867
vn 0.1452 0.4483 -0.8820
vn 0.1452 0.4484 -0.8820
vn -0.1446 -0.4559 0.8782
vn -0.0949 -0.8115 0.5766
vn 0.1446 -0.4550 -0.8786
vn 0.0952 -0.8103 -0.5782
vn -0.0510 0.9494 0.3099
vn 0.0512 0.9491 -0.3109
vn -0.1452 0.4491 0.8816
vn -0.9867 -0.0000 -0.1623
vn 0.9867 -0.0001 0.1625
vn 0.9867 0.0001 0.1624
vn 0.1451 0.4483 -0.8820
vn 0.9867 -0.0000 0.1623
vn 0.1446 -0.4551 -0.8786
vn 0.1451 0.4484 -0.8820
vn -0.0511 0.9494 0.3100
vn -0.0510 0.9494 0.3100
vn 0.9867 0.0001 0.1623
vn 0.1615 -0.0006 -0.9869
vn 0.1611 -0.0009 -0.9869
vn -0.1611 0.0009 0.9869
vn -0.1615 0.0007 0.9869
vn 0.1637 -0.0007 -0.9865
vn 0.1634 -0.0006 -0.9866
vn -0.1634 0.0006 0.9866
vn -0.1637 0.0008 0.9865
vn -0.1624 0.0015 0.9867
vn -0.1624 0.0016 0.9867
vn -0.1614 0.0007 0.9869
vn -0.0010 1.0000 -0.0002
vn -0.0283 0.9996 -0.0047
vn -0.0011 1.0000 -0.0002
vn 0.0262 0.9996 0.0043
vn 0.1624 -0.0016 -0.9867
vn 0.1624 -0.0015 -0.9867
vn 0.1611 -0.0008 -0.9869
vn 0.1614 -0.0007 -0.9869
vn 0.0016 -1.0000 0.0003
vn 0.0320 -0.9995 0.0053
vn 0.0015 -1.0000 0.0003
vn -0.0289 -0.9996 -0.0048
vn 0.1412 0.4948 -0.8574
vn 0.0829 0.8600 -0.5035
vn 0.1138 0.7139 -0.6910
vn 0.1411 0.4949 -0.8574
vn 0.1411 0.4948 -0.8574
vn 0.1137 0.7139 -0.6909
vn 0.1412 0.4949 -0.8574
vn 0.1137 0.7139 -0.6910
vn 0.7772 0.5171 -0.3586
vn 0.9248 0.1433 -0.3524
vn 0.9132 0.2022 -0.3539
vn 0.9018 -0.1976 -0.3844
vn 0.8972 0.2283 -0.3780
vn 0.9119 -0.1838 -0.3670
vn -0.5027 -0.8342 0.2268
vn 0.9226 0.1288 -0.3637
vn -0.8694 0.4166 0.2657
vn 0.5323 0.8435 -0.0713
vn -0.0309 0.8224 0.5681
vn 0.0610 0.8820 0.4672
vn -0.5489 -0.7912 0.2695
vn -0.8977 0.2738 0.3452
vn 0.5801 -0.7689 -0.2690
vn -0.9302 -0.0649 0.3613
vn -0.9241 0.1530 0.3503
vn -0.9136 0.1810 0.3642
vn -0.9203 0.0615 -0.3864
vn -0.9129 0.1402 -0.3834
vn -0.9172 0.1020 -0.3851
vn 0.9237 0.0008 0.3832
vn 0.8760 -0.2847 0.3893
vn 0.3832 0.0001 -0.9237
vn -0.3832 0.0002 0.9237
vn -0.3832 -0.0001 0.9237
vn -0.9989 0.0476 0.0016
vn -0.9989 0.0475 0.0017
vn 0.9500 0.3121 -0.0018
vn 0.9503 0.3114 -0.0019
vn 0.9502 0.3118 -0.0019
vn -0.0017 0.0001 -1.0000
vn -0.0017 -0.0001 -1.0000
vn 0.0017 0.0001 1.0000
vn -0.9972 0.0745 0.0016
vn -0.9972 0.0742 0.0017
vn -0.9972 0.0744 0.0017
vn -0.3873 -0.9219 0.0003
vn -0.3880 -0.9217 0.0004
vn -0.3877 -0.9218 0.0003
vn 0.2719 0.9623 -0.0000
vn -0.7608 0.6490 -0.0000
vn -0.9996 -0.0286 0.0001
vn -0.9996 -0.0286 -0.0000
vn -0.9344 -0.3563 -0.0000
vn 0.9956 -0.0932 -0.0000
vn 0.8362 -0.5484 -0.0000
vn -0.5208 0.8537 -0.0000
vn 0.9471 -0.3210 -0.0000
vn 0.7013 0.7129 -0.0000
vn 0.9888 0.1495 -0.0000
vn 0.7217 0.6922 -0.0000
vn 0.2727 -0.9621 -0.0000
vn -0.0000 0.0001 1.0000
vn -0.0000 -0.0001 1.0000
vn -0.9366 -0.3504 -0.0000
vn -0.9366 -0.3504 0.0001
vn -0.9772 -0.2123 0.0001
vn -0.9772 -0.2123 -0.0000
vn 0.6860 -0.7276 -0.0000
vn -0.9999 0.0104 -0.0000
vn -0.9727 0.2322 -0.0000
vn -0.9769 0.2137 -0.0000
vn -0.9868 0.1619 -0.0000
vn 0.9981 0.0622 -0.0001
vn 0.9981 0.0622 -0.0000
vn 0.9569 -0.2904 -0.0000
vn 0.9702 -0.2424 -0.0000
vn 0.9876 0.1572 -0.0000
vn -0.5914 0.8064 -0.0000
vn 0.9944 -0.1055 -0.0000
vn 0.9650 -0.2621 -0.0015
vn 0.9653 -0.2613 -0.0016
vn 0.9652 -0.2617 -0.0016
vn -0.9900 0.1413 0.0015
vn -0.9900 0.1409 0.0016
vn -0.9900 0.1410 0.0016
vn 0.0017 -0.0001 1.0000
vn -0.9998 0.0213 0.0009
vn -0.9998 0.0213 0.0010
vn -0.9998 0.0212 0.0010
vn 0.9997 0.0234 -0.0009
vn 0.9997 0.0233 -0.0010
vn 0.9997 0.0233 -0.0009
vn -0.0028 0.0001 -1.0000
vn -0.0028 -0.0001 -1.0000
vn 0.0028 0.0001 1.0000
vn 0.0028 -0.0001 1.0000
vn -0.1082 -0.9941 0.0007
vn -0.6796 0.7336 0.0027
vn -0.6795 0.7337 0.0026
vn -0.9819 0.1893 0.0021
vn 0.0216 -0.9998 0.0002
vn -0.9857 -0.1684 0.0021
vn -0.9792 -0.2028 0.0022
vn -0.9995 -0.0315 0.0022
vn 0.3211 -0.9470 0.0002
vn 0.9991 0.0415 -0.0021
vn 0.9783 -0.2072 -0.0022
vn 0.9783 -0.2074 -0.0022
vn 0.3350 0.9422 -0.0010
vn 0.9660 -0.2584 -0.0022
vn -0.9919 0.1274 0.0021
vn 0.9966 0.0820 -0.0021
vn 0.9998 0.0187 -0.0022
vn 0.9705 0.2412 -0.0022
vn -0.1623 -0.9867 0.0009
vn -0.2370 0.9715 0.0027
vn -0.2367 0.9716 0.0026
vn -0.9944 -0.1052 0.0022
vn -0.9967 -0.0816 0.0022
vn -0.9975 -0.0713 0.0022
vn -0.9910 -0.1339 0.0022
vn -0.9999 -0.0109 0.0022
vn 0.3160 -0.9488 0.0002
vn 0.9910 0.1337 -0.0023
vn 0.9927 -0.1203 -0.0022
vn 0.9927 -0.1205 -0.0022
vn 0.8120 0.5836 -0.0019
vn 0.9951 -0.0986 -0.0022
vn -0.0124 -0.9999 -0.0021
vn 0.9948 -0.1015 -0.0022
vn 0.9980 0.0635 -0.0022
vn 0.9076 -0.4199 -0.0022
vt 0.000000 1.000000
vt 1.000000 1.000000
vt 1.000000 0.000000
vt 0.000000 0.000000
vt 0.117503 0.369259
vt 0.188549 0.369259
vt 0.189750 0.367455
vt 0.116302 0.367455
vt 0.070213 0.369259
vt 0.104955 0.369259
vt 0.106131 0.367455
vt 0.069038 0.367455
vt 0.021498 0.369259
vt 0.034739 0.369259
vt 0.033329 0.367455
vt 0.020312 0.367455
vt 0.045456 0.369259
vt 0.055186 0.369259
vt 0.056423 0.367455
vt 0.046920 0.367371
vt 0.196660 0.369259
vt 0.267706 0.369259
vt 0.268907 0.367455
vt 0.195459 0.367455
vt 0.664333 0.642806
vt 0.684869 0.642806
vt 0.682830 0.640876
vt 0.666515 0.640876
vt 0.640710 0.642806
vt 0.661375 0.642806
vt 0.659037 0.640876
vt 0.642747 0.640876
vt 0.453456 0.793840
vt 0.453456 0.783119
vt 0.442321 0.783119
vt 0.442321 0.793840
vt 0.154100 0.992591
vt 0.282473 0.992591
vt 0.282473 0.864666
vt 0.154100 0.864666
vt 0.066656 0.065259
vt 0.113159 0.065259
vt 0.089959 0.044748
vt 0.062680 0.063107
vt 0.065369 0.063416
vt 0.114452 0.063529
vt 0.117140 0.063235
vt 0.032503 0.045169
vt 0.009304 0.065259
vt 0.055807 0.065259
vt 0.057094 0.063837
vt 0.059782 0.063528
vt 0.005323 0.063656
vt 0.008010 0.063950
vt 0.197067 0.086251
vt 0.258799 0.086251
vt 0.258857 0.065259
vt 0.197125 0.065259
vt 0.199896 0.088659
vt 0.255942 0.088659
vt 0.260944 0.062497
vt 0.195149 0.062497
vt 0.260944 0.027228
vt 0.195149 0.027228
vt 0.255942 0.102515
vt 0.199857 0.102515
vt 0.198355 0.104378
vt 0.257415 0.104378
vt 0.257395 0.111318
vt 0.198335 0.111318
vt 0.124477 0.086251
vt 0.186966 0.086251
vt 0.186997 0.065259
vt 0.124505 0.065259
vt 0.127345 0.088659
vt 0.184095 0.088659
vt 0.189083 0.062497
vt 0.122474 0.062497
vt 0.189083 0.027228
vt 0.122474 0.027228
vt 0.139512 0.111318
vt 0.148777 0.111318
vt 0.148777 0.102515
vt 0.139512 0.102515
vt 0.184075 0.102515
vt 0.150553 0.104378
vt 0.185573 0.104378
vt 0.150557 0.111318
vt 0.185545 0.111318
vt 0.127328 0.102515
vt 0.126053 0.104378
vt 0.137489 0.104378
vt 0.137459 0.111318
vt 0.126218 0.111318
vt 0.066592 0.086251
vt 0.113125 0.086251
vt 0.068124 0.088659
vt 0.111575 0.088659
vt 0.089970 0.043223
vt 0.089985 0.040602
vt 0.111560 0.102515
vt 0.068087 0.102515
vt 0.066605 0.104378
vt 0.113032 0.104378
vt 0.113028 0.111318
vt 0.066592 0.111318
vt 0.009337 0.086251
vt 0.055871 0.086251
vt 0.010887 0.088659
vt 0.054338 0.088659
vt 0.032492 0.043644
vt 0.032478 0.041023
vt 0.010902 0.102515
vt 0.054374 0.102515
vt 0.009430 0.104378
vt 0.055857 0.104378
vt 0.009434 0.111318
vt 0.055870 0.111318
vt 0.296728 0.036275
vt 0.275803 0.063268
vt 0.318406 0.063268
vt 0.332991 0.063268
vt 0.375597 0.063268
vt 0.354670 0.036338
vt 0.275706 0.085986
vt 0.285024 0.085986
vt 0.366375 0.085986
vt 0.375694 0.085986
vt 0.269844 0.063268
vt 0.273455 0.063268
vt 0.320646 0.063268
vt 0.324210 0.063268
vt 0.327187 0.063268
vt 0.330751 0.063268
vt 0.377944 0.063268
vt 0.381556 0.063268
vt 0.388846 0.085986
vt 0.479682 0.085986
vt 0.479682 0.076617
vt 0.388846 0.076773
vt 0.388846 0.053697
vt 0.479682 0.053541
vt 0.482762 0.049864
vt 0.385639 0.050030
vt 0.482690 0.008125
vt 0.385639 0.008291
vt 0.283406 0.028012
vt 0.286197 0.028012
vt 0.286175 0.006175
vt 0.283385 0.006175
vt 0.275036 0.028012
vt 0.277826 0.028012
vt 0.277805 0.006175
vt 0.275015 0.006175
vt 0.280616 0.028012
vt 0.280595 0.006175
vt 0.468697 0.098935
vt 0.457751 0.098935
vt 0.457751 0.108472
vt 0.468697 0.108472
vt 0.388846 0.098935
vt 0.387702 0.100836
vt 0.456182 0.100836
vt 0.456190 0.108472
vt 0.387719 0.108472
vt 0.479682 0.098935
vt 0.470093 0.100836
vt 0.480752 0.100836
vt 0.470093 0.108472
vt 0.480752 0.108472
vt 0.328886 0.028012
vt 0.331677 0.028012
vt 0.331655 0.006175
vt 0.328865 0.006175
vt 0.320516 0.028012
vt 0.323306 0.028012
vt 0.323285 0.006175
vt 0.320495 0.006175
vt 0.326096 0.028012
vt 0.326075 0.006175
vt 0.299213 0.028012
vt 0.302003 0.028012
vt 0.301982 0.006175
vt 0.299192 0.006175
vt 0.290843 0.028012
vt 0.293633 0.028012
vt 0.293611 0.006175
vt 0.290821 0.006175
vt 0.296423 0.028012
vt 0.296402 0.006175
vt 0.313814 0.028012
vt 0.316604 0.028012
vt 0.316583 0.006175
vt 0.313793 0.006175
vt 0.305444 0.028012
vt 0.308234 0.028012
vt 0.308213 0.006175
vt 0.305423 0.006175
vt 0.311024 0.028012
vt 0.311003 0.006175
vt 0.318406 0.085986
vt 0.332991 0.085986
vt 0.318406 0.098935
vt 0.285024 0.098935
vt 0.332991 0.098935
vt 0.366375 0.098935
vt 0.283769 0.100836
vt 0.319719 0.100836
vt 0.319687 0.108472
vt 0.283670 0.108472
vt 0.331683 0.100836
vt 0.367633 0.100836
vt 0.331713 0.108472
vt 0.367730 0.108472
vt 0.354679 0.034447
vt 0.354751 0.031140
vt 0.296720 0.034385
vt 0.296647 0.031078
vt 0.579143 0.085986
vt 0.579127 0.062553
vt 0.488986 0.062611
vt 0.489001 0.085986
vt 0.582225 0.058965
vt 0.485884 0.059027
vt 0.582198 0.017154
vt 0.485856 0.017217
vt 0.579151 0.098935
vt 0.489010 0.098935
vt 0.487830 0.100836
vt 0.580332 0.100836
vt 0.580338 0.108472
vt 0.487835 0.108472
vt 0.129246 0.164931
vt 0.165479 0.164931
vt 0.147460 0.126124
vt 0.068507 0.126124
vt 0.049941 0.164931
vt 0.086888 0.164931
vt 0.011430 0.164931
vt 0.048376 0.164931
vt 0.029811 0.126124
vt 0.107898 0.126124
vt 0.089879 0.164931
vt 0.126112 0.164931
vt 0.076901 0.195528
vt 0.107631 0.195528
vt 0.107631 0.181812
vt 0.076901 0.181812
vt 0.045725 0.195528
vt 0.045725 0.181812
vt 0.014223 0.195528
vt 0.014223 0.181812
vt 0.140675 0.195528
vt 0.140675 0.181812
vt 0.107631 0.173808
vt 0.076901 0.173808
vt 0.140675 0.173808
vt 0.045725 0.173808
vt 0.014223 0.173808
vt 0.076901 0.247004
vt 0.107631 0.247004
vt 0.045725 0.247004
vt 0.014223 0.247004
vt 0.140675 0.247004
vt 0.131705 0.167775
vt 0.163005 0.167775
vt 0.052455 0.167775
vt 0.084361 0.167775
vt 0.013956 0.167775
vt 0.045863 0.167775
vt 0.092353 0.167775
vt 0.123653 0.167775
vt 0.238534 0.188218
vt 0.279237 0.188218
vt 0.258829 0.166767
vt 0.186234 0.188218
vt 0.222558 0.188218
vt 0.204325 0.167189
vt 0.280921 0.186611
vt 0.284437 0.187044
vt 0.233334 0.187163
vt 0.236844 0.186711
vt 0.224373 0.186997
vt 0.228077 0.187596
vt 0.180715 0.187737
vt 0.184410 0.187111
vt 0.484953 0.246568
vt 0.528902 0.246568
vt 0.528902 0.188218
vt 0.484953 0.188218
vt 0.525592 0.184778
vt 0.482474 0.184778
vt 0.547903 0.150732
vt 0.482474 0.150732
vt 0.238649 0.246568
vt 0.279372 0.246568
vt 0.186574 0.246568
vt 0.222923 0.246568
vt 0.204311 0.165560
vt 0.204290 0.161894
vt 0.258817 0.165104
vt 0.258800 0.161901
vt 0.377971 0.246568
vt 0.377971 0.188218
vt 0.294762 0.188218
vt 0.294762 0.246568
vt 0.380131 0.184778
vt 0.292996 0.184778
vt 0.357776 0.150732
vt 0.292996 0.150732
vt 0.386897 0.246568
vt 0.467857 0.246568
vt 0.467857 0.188218
vt 0.386897 0.188218
vt 0.470070 0.184778
vt 0.384573 0.184778
vt 0.470070 0.150732
vt 0.404853 0.150732
vt 0.575215 0.188218
vt 0.575215 0.246568
vt 0.616315 0.246568
vt 0.616315 0.188218
vt 0.618276 0.184778
vt 0.577807 0.184778
vt 0.618276 0.150732
vt 0.553199 0.150732
vt 0.038196 0.275625
vt 0.020854 0.304954
vt 0.055574 0.304954
vt 0.070354 0.304954
vt 0.104962 0.304954
vt 0.087671 0.276299
vt 0.106855 0.302770
vt 0.110728 0.303672
vt 0.015074 0.302953
vt 0.018956 0.302045
vt 0.057473 0.302170
vt 0.061360 0.303072
vt 0.064595 0.303638
vt 0.068464 0.302737
vt 0.117509 0.304954
vt 0.188556 0.304954
vt 0.190887 0.301313
vt 0.115179 0.301313
vt 0.190891 0.259454
vt 0.115184 0.259454
vt 0.117504 0.358889
vt 0.188550 0.358889
vt 0.116302 0.360581
vt 0.189751 0.360581
vt 0.087664 0.273455
vt 0.087660 0.269623
vt 0.038188 0.272774
vt 0.038178 0.268921
vt 0.104932 0.358889
vt 0.070273 0.358889
vt 0.045456 0.358889
vt 0.034739 0.358889
vt 0.069074 0.360581
vt 0.106140 0.360581
vt 0.020833 0.358889
vt 0.019962 0.360581
vt 0.033233 0.360581
vt 0.055629 0.358889
vt 0.046920 0.360581
vt 0.056949 0.360581
vt 0.196666 0.304954
vt 0.267713 0.304954
vt 0.270044 0.301313
vt 0.194336 0.301313
vt 0.270048 0.259454
vt 0.194341 0.259454
vt 0.267707 0.358889
vt 0.196661 0.358889
vt 0.195459 0.360581
vt 0.268908 0.360581
vt 0.298934 0.275241
vt 0.282634 0.302537
vt 0.315380 0.302466
vt 0.328404 0.308486
vt 0.360988 0.308486
vt 0.344722 0.282339
vt 0.362768 0.306868
vt 0.366410 0.307721
vt 0.277185 0.300791
vt 0.280843 0.299929
vt 0.317167 0.299846
vt 0.320833 0.300687
vt 0.322976 0.307692
vt 0.326623 0.306848
vt 0.453119 0.308486
vt 0.520153 0.308486
vt 0.522358 0.303848
vt 0.450926 0.303739
vt 0.522418 0.264354
vt 0.450986 0.264245
vt 0.513038 0.359591
vt 0.453041 0.359591
vt 0.451906 0.360938
vt 0.514169 0.360938
vt 0.451896 0.367960
vt 0.514159 0.367960
vt 0.453079 0.334866
vt 0.513076 0.334866
vt 0.344731 0.281172
vt 0.344742 0.276053
vt 0.298925 0.274070
vt 0.298905 0.268927
vt 0.305350 0.359591
vt 0.295642 0.359591
vt 0.295642 0.367960
vt 0.305350 0.367960
vt 0.361089 0.359591
vt 0.328314 0.359591
vt 0.327174 0.360938
vt 0.362223 0.360938
vt 0.362256 0.367960
vt 0.327184 0.367960
vt 0.282551 0.359591
vt 0.281589 0.360938
vt 0.294317 0.360938
vt 0.294317 0.367960
vt 0.281589 0.367960
vt 0.315707 0.359591
vt 0.306458 0.360938
vt 0.316922 0.360938
vt 0.306458 0.367960
vt 0.316922 0.367960
vt 0.328332 0.334866
vt 0.361043 0.334866
vt 0.315501 0.328668
vt 0.282623 0.328719
vt 0.282551 0.334866
vt 0.315583 0.334866
vt 0.374369 0.308486
vt 0.441403 0.308486
vt 0.443596 0.303991
vt 0.372164 0.304099
vt 0.443536 0.264496
vt 0.372104 0.264605
vt 0.441481 0.359591
vt 0.381484 0.359591
vt 0.380353 0.360938
vt 0.442616 0.360938
vt 0.442626 0.367960
vt 0.380363 0.367960
vt 0.381447 0.334866
vt 0.441443 0.334866
vt 0.520113 0.334866
vt 0.374410 0.334866
vt 0.035600 0.397627
vt 0.016515 0.416586
vt 0.055059 0.416586
vt 0.360008 0.416586
vt 0.398570 0.416586
vt 0.379443 0.396487
vt 0.056802 0.415532
vt 0.061320 0.415390
vt 0.353723 0.414250
vt 0.358241 0.414392
vt 0.400285 0.414314
vt 0.404820 0.414130
vt 0.010223 0.415270
vt 0.014757 0.415453
vt 0.184057 0.416586
vt 0.226637 0.416586
vt 0.205359 0.398860
vt 0.179706 0.416636
vt 0.182348 0.416727
vt 0.228363 0.416770
vt 0.231011 0.416678
vt 0.458080 0.378499
vt 0.410476 0.412868
vt 0.506740 0.412868
vt 0.410497 0.378499
vt 0.506761 0.378499
vt 0.140229 0.450411
vt 0.170414 0.450411
vt 0.170414 0.416586
vt 0.140229 0.416586
vt 0.173042 0.412868
vt 0.143896 0.412868
vt 0.173042 0.378499
vt 0.119680 0.378499
vt 0.360008 0.450411
vt 0.398570 0.450411
vt 0.016429 0.450411
vt 0.055010 0.450411
vt 0.379409 0.394648
vt 0.379365 0.391199
vt 0.035634 0.395787
vt 0.035678 0.392338
vt 0.184003 0.450411
vt 0.226637 0.450411
vt 0.205343 0.396936
vt 0.205327 0.393511
vt 0.413078 0.450411
vt 0.504089 0.450411
vt 0.504111 0.416586
vt 0.413099 0.416586
vt 0.321515 0.416586
vt 0.321515 0.450411
vt 0.344572 0.450411
vt 0.344572 0.416586
vt 0.093983 0.450411
vt 0.093983 0.416586
vt 0.069826 0.416586
vt 0.069826 0.450411
vt 0.347230 0.412868
vt 0.324252 0.412868
vt 0.347230 0.378499
vt 0.298867 0.378499
vt 0.091325 0.412868
vt 0.067251 0.412868
vt 0.116710 0.378499
vt 0.067251 0.378499
vt 0.271361 0.416586
vt 0.241176 0.416586
vt 0.241176 0.450411
vt 0.271361 0.450411
vt 0.267694 0.412868
vt 0.238548 0.412868
vt 0.291909 0.378499
vt 0.238548 0.378499
vt 0.122549 0.480720
vt 0.091756 0.507319
vt 0.153343 0.507319
vt 0.017556 0.507319
vt 0.079143 0.507319
vt 0.048349 0.480831
vt 0.080616 0.505794
vt 0.083079 0.505691
vt 0.013616 0.505711
vt 0.016081 0.505814
vt 0.154817 0.505683
vt 0.157279 0.505580
vt 0.087816 0.505599
vt 0.090281 0.505703
vt 0.273827 0.554089
vt 0.374553 0.554089
vt 0.374553 0.507319
vt 0.273827 0.507319
vt 0.376857 0.504757
vt 0.271523 0.504757
vt 0.376857 0.459957
vt 0.271523 0.459957
vt 0.017564 0.554089
vt 0.079167 0.554089
vt 0.091764 0.554089
vt 0.153367 0.554089
vt 0.048358 0.479096
vt 0.048368 0.476873
vt 0.122559 0.478984
vt 0.122569 0.476761
vt 0.164643 0.554089
vt 0.265369 0.554089
vt 0.265369 0.507319
vt 0.164643 0.507319
vt 0.267674 0.504757
vt 0.162339 0.504757
vt 0.267674 0.459957
vt 0.162339 0.459957
vt 0.392524 0.530649
vt 0.442634 0.530649
vt 0.417579 0.509790
vt 0.479837 0.509582
vt 0.454782 0.530649
vt 0.504891 0.530649
vt 0.506339 0.529026
vt 0.509299 0.528704
vt 0.388117 0.528912
vt 0.391077 0.529234
vt 0.444081 0.529234
vt 0.447041 0.528912
vt 0.450375 0.528704
vt 0.453335 0.529026
vt 0.515179 0.554164
vt 0.582891 0.554164
vt 0.582891 0.530649
vt 0.515179 0.530649
vt 0.585120 0.527508
vt 0.512950 0.527508
vt 0.585120 0.489944
vt 0.512950 0.489944
vt 0.392524 0.554164
vt 0.442634 0.554164
vt 0.454782 0.554164
vt 0.504891 0.554164
vt 0.417579 0.508122
vt 0.417579 0.505400
vt 0.479837 0.507914
vt 0.479837 0.505192
vt 0.592782 0.554164
vt 0.660494 0.554164
vt 0.660494 0.530649
vt 0.592782 0.530649
vt 0.662723 0.527508
vt 0.590553 0.527508
vt 0.662723 0.489944
vt 0.590553 0.489944
vt 0.681895 0.473876
vt 0.642244 0.440772
vt 0.642229 0.473859
vt 0.560793 0.473889
vt 0.560779 0.440802
vt 0.521127 0.473906
vt 0.562995 0.435737
vt 0.614649 0.435737
vt 0.614649 0.412182
vt 0.562995 0.412182
vt 0.641246 0.435737
vt 0.641246 0.412182
vt 0.615632 0.473848
vt 0.615646 0.440761
vt 0.587390 0.473877
vt 0.587376 0.440790
vt 0.589979 0.473660
vt 0.613534 0.473642
vt 0.613509 0.440555
vt 0.589954 0.440573
vt 0.543560 0.287824
vt 0.543531 0.323144
vt 0.546374 0.323146
vt 0.546402 0.287826
vt 0.604754 0.323193
vt 0.604782 0.287873
vt 0.601940 0.287871
vt 0.601912 0.323190
vt 0.546371 0.325988
vt 0.601910 0.326033
vt 0.546404 0.396673
vt 0.549501 0.396673
vt 0.549501 0.363151
vt 0.546404 0.363151
vt 0.602848 0.396673
vt 0.653098 0.396673
vt 0.653098 0.363151
vt 0.602848 0.363151
vt 0.599751 0.396673
vt 0.599751 0.363151
vt 0.601881 0.361352
vt 0.546343 0.361308
vt 0.608080 0.072252
vt 0.593320 0.088416
vt 0.622802 0.088485
vt 0.624124 0.087163
vt 0.625834 0.086913
vt 0.590301 0.086845
vt 0.592005 0.087096
vt 0.666114 0.106870
vt 0.695512 0.106912
vt 0.695539 0.087747
vt 0.666141 0.087706
vt 0.697411 0.086025
vt 0.666143 0.085981
vt 0.697446 0.060837
vt 0.666178 0.060793
vt 0.593261 0.107024
vt 0.622776 0.107118
vt 0.608066 0.070984
vt 0.608054 0.068855
vt 0.631141 0.106909
vt 0.660539 0.106867
vt 0.660512 0.087702
vt 0.631114 0.087743
vt 0.660510 0.085977
vt 0.629242 0.086021
vt 0.660474 0.060789
vt 0.629206 0.060833
vt 0.715136 0.292294
vt 0.706246 0.314789
vt 0.715143 0.321494
vt 0.697350 0.311005
vt 0.670666 0.321504
vt 0.679560 0.314796
vt 0.670660 0.292305
vt 0.688455 0.311007
vt 0.619301 0.321752
vt 0.628198 0.315048
vt 0.619308 0.292553
vt 0.637095 0.311263
vt 0.663785 0.292563
vt 0.654884 0.315054
vt 0.663778 0.321763
vt 0.645990 0.311265
vt 0.619468 0.350243
vt 0.630608 0.350243
vt 0.630608 0.324561
vt 0.619468 0.324561
vt 0.640275 0.350243
vt 0.640275 0.324561
vt 0.649170 0.350243
vt 0.649170 0.324561
vt 0.658837 0.350243
vt 0.658837 0.324561
vt 0.669977 0.350243
vt 0.669977 0.324561
vt 0.715135 0.289133
vt 0.670659 0.289143
vt 0.670653 0.264271
vt 0.715130 0.264261
vt 0.663786 0.289402
vt 0.619309 0.289391
vt 0.619315 0.264519
vt 0.663791 0.264529
vt 0.364428 0.632610
vt 0.364265 0.700984
vt 0.381709 0.700984
vt 0.381872 0.632610
vt 0.350690 0.700984
vt 0.350527 0.632610
vt 0.333083 0.632610
vt 0.333246 0.700984
vt 0.360492 0.623111
vt 0.385850 0.623111
vt 0.354463 0.623111
vt 0.329105 0.623111
vt 0.479943 0.574758
vt 0.450301 0.574758
vt 0.450301 0.592203
vt 0.479943 0.592203
vt 0.392231 0.592203
vt 0.421872 0.592203
vt 0.421872 0.574758
vt 0.392231 0.574758
vt 0.428925 0.592203
vt 0.436087 0.592203
vt 0.436087 0.574758
vt 0.428925 0.574758
vt 0.443248 0.574758
vt 0.443248 0.592203
vt 0.626155 0.623111
vt 0.626148 0.611834
vt 0.513053 0.611834
vt 0.513060 0.623111
vt 0.626162 0.632610
vt 0.513067 0.632610
vt 0.391840 0.623111
vt 0.391819 0.632610
vt 0.504914 0.632610
vt 0.504934 0.623111
vt 0.391863 0.611834
vt 0.504958 0.611834
vt 0.476699 0.604988
vt 0.490836 0.605018
vt 0.490850 0.598189
vt 0.476713 0.598159
vt 0.448425 0.604928
vt 0.462562 0.604958
vt 0.462576 0.598129
vt 0.448440 0.598100
vt 0.420151 0.604869
vt 0.434288 0.604899
vt 0.434303 0.598070
vt 0.420166 0.598040
vt 0.391878 0.604809
vt 0.406015 0.604839
vt 0.406029 0.598010
vt 0.391892 0.597980
vt 0.512933 0.582580
vt 0.512976 0.604938
vt 0.633249 0.604646
vt 0.633195 0.582290
vt 0.508320 0.579816
vt 0.513586 0.576067
vt 0.512654 0.572583
vt 0.638418 0.581897
vt 0.637803 0.573706
vt 0.633174 0.575058
vt 0.528083 0.575329
vt 0.526810 0.571118
vt 0.542923 0.575284
vt 0.558038 0.575239
vt 0.557117 0.571205
vt 0.543816 0.571255
vt 0.573027 0.575199
vt 0.588087 0.575160
vt 0.587169 0.571138
vt 0.573923 0.571174
vt 0.603101 0.575121
vt 0.618147 0.575082
vt 0.617122 0.570970
vt 0.603970 0.571116
vt 0.541776 0.566561
vt 0.541620 0.569556
vt 0.529366 0.569557
vt 0.529209 0.566518
vt 0.571837 0.566421
vt 0.571692 0.569434
vt 0.559345 0.569465
vt 0.559186 0.566451
vt 0.601909 0.566338
vt 0.601763 0.569351
vt 0.589397 0.569379
vt 0.589238 0.566363
vt 0.634198 0.565449
vt 0.632972 0.568966
vt 0.619587 0.568676
vt 0.619455 0.565205
vt 0.333414 0.611834
vt 0.354436 0.611834
vt 0.329078 0.611834
vt 0.360519 0.611834
vt 0.381541 0.611834
vt 0.385877 0.611834
vt 0.626207 0.700984
vt 0.580237 0.671640
vt 0.580256 0.700984
vt 0.575094 0.666814
vt 0.568454 0.664130
vt 0.556681 0.671656
vt 0.513112 0.700984
vt 0.556701 0.700984
vt 0.561818 0.666823
vt 0.504770 0.700984
vt 0.461244 0.671534
vt 0.461181 0.700984
vt 0.456114 0.666693
vt 0.449481 0.663991
vt 0.437688 0.671484
vt 0.391675 0.700984
vt 0.437626 0.700984
vt 0.442838 0.666665
vt 0.504973 0.605048
vt 0.054876 0.632733
vt 0.054713 0.701015
vt 0.072135 0.701015
vt 0.072298 0.632733
vt 0.038851 0.701015
vt 0.038689 0.632733
vt 0.021267 0.632733
vt 0.021430 0.701015
vt 0.050946 0.623390
vt 0.076270 0.623390
vt 0.042619 0.623390
vt 0.017295 0.623390
vt 0.316728 0.623390
vt 0.316754 0.612127
vt 0.203810 0.612127
vt 0.203784 0.623390
vt 0.316705 0.632733
vt 0.203761 0.632733
vt 0.082566 0.623390
vt 0.082574 0.632733
vt 0.195519 0.632733
vt 0.195511 0.623390
vt 0.082556 0.612127
vt 0.195501 0.612127
vt 0.167259 0.605015
vt 0.181378 0.605003
vt 0.181372 0.598183
vt 0.167254 0.598195
vt 0.139023 0.605039
vt 0.153141 0.605027
vt 0.153136 0.598207
vt 0.139018 0.598219
vt 0.110787 0.605062
vt 0.124905 0.605051
vt 0.124900 0.598231
vt 0.110782 0.598243
vt 0.082551 0.605086
vt 0.096669 0.605075
vt 0.096664 0.598255
vt 0.082545 0.598266
vt 0.082632 0.701015
vt 0.195577 0.701015
vt 0.203601 0.701015
vt 0.316545 0.701015
vt 0.203803 0.583146
vt 0.203803 0.604208
vt 0.316975 0.604208
vt 0.316924 0.583146
vt 0.199281 0.580679
vt 0.203803 0.576672
vt 0.203803 0.573105
vt 0.321845 0.582639
vt 0.321266 0.574923
vt 0.316904 0.576672
vt 0.217900 0.576672
vt 0.216701 0.573105
vt 0.231881 0.576672
vt 0.246121 0.576672
vt 0.245252 0.573105
vt 0.232721 0.573105
vt 0.260241 0.576672
vt 0.274429 0.576672
vt 0.273564 0.573105
vt 0.261085 0.573105
vt 0.288573 0.576672
vt 0.302748 0.576672
vt 0.301782 0.573105
vt 0.289392 0.573105
vt 0.230800 0.568191
vt 0.230653 0.571013
vt 0.219108 0.571014
vt 0.218960 0.568151
vt 0.259120 0.568059
vt 0.258984 0.570898
vt 0.247352 0.570927
vt 0.247202 0.568088
vt 0.287450 0.567981
vt 0.287313 0.570820
vt 0.275663 0.570847
vt 0.275513 0.568004
vt 0.317869 0.567144
vt 0.316714 0.570457
vt 0.304105 0.570184
vt 0.303980 0.566914
vt 0.021598 0.612127
vt 0.042592 0.612127
vt 0.017268 0.612127
vt 0.050973 0.612127
vt 0.071967 0.612127
vt 0.076297 0.612127
vt 0.195496 0.604991
vt 0.677300 0.594669
vt 0.664590 0.590394
vt 0.666515 0.592853
vt 0.675843 0.596063
vt 0.684869 0.602954
vt 0.682830 0.602954
vt 0.640710 0.602954
vt 0.642747 0.602954
vt 0.648481 0.593936
vt 0.649582 0.596063
vt 0.660807 0.590394
vt 0.659037 0.592853
vt 0.659314 0.650177
vt 0.643458 0.699904
vt 0.659219 0.699904
vt 0.643458 0.660232
vt 0.650403 0.653766
vt 0.677864 0.660023
vt 0.662140 0.699904
vt 0.677939 0.699904
vt 0.662046 0.649968
vt 0.670956 0.653557
vt 0.227233 0.829921
vt 0.274951 0.829921
vt 0.251092 0.786797
vt 0.195794 0.787833
vt 0.170051 0.829860
vt 0.221537 0.829860
vt 0.168133 0.768037
vt 0.219620 0.768037
vt 0.193877 0.726010
vt 0.248224 0.725019
vt 0.224365 0.768143
vt 0.272083 0.768143
vt 0.129537 0.747047
vt 0.164312 0.747124
vt 0.164364 0.723407
vt 0.129589 0.723330
vt 0.092047 0.746964
vt 0.092099 0.723247
vt 0.057272 0.746887
vt 0.057324 0.723170
vt 0.019781 0.746804
vt 0.019834 0.723087
vt 0.129298 0.854813
vt 0.164073 0.854890
vt 0.091808 0.854730
vt 0.057033 0.854653
vt 0.019543 0.854570
vt 0.233704 0.841619
vt 0.268479 0.841619
vt 0.271703 0.833713
vt 0.230481 0.833713
vt 0.177048 0.841202
vt 0.214539 0.841202
vt 0.218025 0.833408
vt 0.173562 0.833408
vt 0.175131 0.779379
vt 0.212622 0.779379
vt 0.216108 0.771585
vt 0.171645 0.771586
vt 0.230837 0.779841
vt 0.265612 0.779841
vt 0.268835 0.771935
vt 0.227613 0.771935
vt 0.431489 0.725543
vt 0.431235 0.724220
vt 0.430148 0.725663
vt 0.428389 0.725654
vt 0.427317 0.724200
vt 0.427049 0.725522
vt 0.437588 0.725498
vt 0.437320 0.724177
vt 0.436248 0.725631
vt 0.434489 0.725639
vt 0.433402 0.724196
vt 0.433147 0.725520
vt 0.331603 0.727690
vt 0.317713 0.724422
vt 0.317567 0.731328
vt 0.331551 0.731241
vt 0.345170 0.731043
vt 0.345234 0.724060
vt 0.302366 0.727942
vt 0.291320 0.724007
vt 0.291006 0.730974
vt 0.302354 0.731184
vt 0.317407 0.784570
vt 0.345470 0.784911
vt 0.345475 0.760236
vt 0.317743 0.760547
vt 0.290632 0.760153
vt 0.290553 0.784810
vt 0.317758 0.756280
vt 0.290663 0.756316
vt 0.345449 0.756386
vt 0.290722 0.810485
vt 0.317532 0.809345
vt 0.345278 0.810606
vt 0.364412 0.732935
vt 0.378530 0.733103
vt 0.378426 0.726168
vt 0.364378 0.729363
vt 0.350684 0.725749
vt 0.350763 0.732760
vt 0.393725 0.733074
vt 0.405064 0.732944
vt 0.404802 0.725986
vt 0.393746 0.729832
vt 0.378121 0.762334
vt 0.350399 0.761918
vt 0.350301 0.786573
vt 0.378347 0.786354
vt 0.405180 0.786724
vt 0.405224 0.762088
vt 0.405217 0.758273
vt 0.378125 0.758047
vt 0.350437 0.758089
vt 0.378107 0.811111
vt 0.404890 0.812377
vt 0.350379 0.812248
vt 0.423254 0.764307
vt 0.425016 0.764306
vt 0.425003 0.744684
vt 0.423241 0.744685
vt 0.417647 0.764310
vt 0.419569 0.764309
vt 0.419556 0.744687
vt 0.417635 0.744688
vt 0.421332 0.764308
vt 0.421319 0.744686
vt 0.438670 0.764790
vt 0.440469 0.764791
vt 0.440476 0.744769
vt 0.438677 0.744768
vt 0.442332 0.764792
vt 0.442339 0.744770
vt 0.435009 0.764789
vt 0.436807 0.764790
vt 0.436814 0.744767
vt 0.435016 0.744767
vt 0.425290 0.725542
vt 0.425469 0.740497
vt 0.427227 0.740475
vt 0.422049 0.741163
vt 0.424012 0.741183
vt 0.424178 0.724541
vt 0.422216 0.724521
vt 0.428398 0.723848
vt 0.430156 0.723856
vt 0.428310 0.741942
vt 0.430068 0.741950
vt 0.418815 0.742891
vt 0.420778 0.742885
vt 0.420719 0.724670
vt 0.418756 0.724676
vt 0.417259 0.724537
vt 0.417533 0.741178
vt 0.431165 0.740495
vt 0.426304 0.764272
vt 0.428067 0.764270
vt 0.428055 0.744649
vt 0.426292 0.744650
vt 0.429989 0.764269
vt 0.429976 0.744648
vt 0.431752 0.764268
vt 0.431739 0.744646
vt 0.433673 0.764267
vt 0.433661 0.744645
vt 0.410699 0.764392
vt 0.412477 0.764392
vt 0.412484 0.744604
vt 0.410706 0.744604
vt 0.414318 0.764393
vt 0.414325 0.744605
vt 0.416096 0.764394
vt 0.416103 0.744605
vt 0.408858 0.764391
vt 0.408865 0.744603
vt 0.439346 0.725519
vt 0.437409 0.740452
vt 0.439168 0.740473
vt 0.409222 0.741072
vt 0.411185 0.741052
vt 0.411019 0.724410
vt 0.409056 0.724430
vt 0.434480 0.723833
vt 0.436239 0.723824
vt 0.434568 0.741926
vt 0.436327 0.741918
vt 0.412456 0.742774
vt 0.414419 0.742780
vt 0.414478 0.724565
vt 0.412515 0.724558
vt 0.415702 0.741067
vt 0.415976 0.724426
vt 0.433472 0.740471
vt 0.459910 0.764934
vt 0.462378 0.764939
vt 0.462447 0.733775
vt 0.459976 0.735589
vt 0.464801 0.764945
vt 0.464871 0.733780
vt 0.467269 0.764951
vt 0.467334 0.735605
vt 0.457487 0.764929
vt 0.457553 0.735583
vt 0.474606 0.764686
vt 0.476903 0.764691
vt 0.476972 0.735455
vt 0.474680 0.733659
vt 0.479310 0.764696
vt 0.479379 0.735461
vt 0.469903 0.764674
vt 0.472198 0.764680
vt 0.472272 0.733653
vt 0.469972 0.735439
vt 0.455025 0.744220
vt 0.455054 0.725240
vt 0.453235 0.722732
vt 0.453118 0.744248
vt 0.452962 0.765067
vt 0.454833 0.762420
vt 0.450674 0.722723
vt 0.450551 0.744226
vt 0.450402 0.765043
vt 0.448826 0.725211
vt 0.448647 0.744174
vt 0.448569 0.762369
vt 0.446268 0.725181
vt 0.446092 0.744161
vt 0.446012 0.762365
vt 0.418930 0.800739
vt 0.431484 0.800733
vt 0.431477 0.787254
vt 0.418924 0.787260
vt 0.412659 0.771396
vt 0.407329 0.780388
vt 0.418918 0.775106
vt 0.431468 0.767824
vt 0.418915 0.767830
vt 0.431471 0.775100
vt 0.443065 0.780371
vt 0.437727 0.771385
vt 0.429971 0.785797
vt 0.420429 0.785802
vt 0.420425 0.776563
vt 0.429967 0.776559
vt 0.428332 0.784342
vt 0.422251 0.784405
vt 0.422369 0.778235
vt 0.428328 0.778233
vt 0.409870 0.815657
vt 0.423360 0.815657
vt 0.423360 0.802595
vt 0.409870 0.802595
vt 0.426262 0.815657
vt 0.439753 0.815657
vt 0.439753 0.802595
vt 0.426262 0.802595
vt 0.442453 0.815682
vt 0.455943 0.815682
vt 0.455943 0.802620
vt 0.442453 0.802620
vt 0.463035 0.793840
vt 0.463035 0.783119
vt 0.474170 0.773540
vt 0.463035 0.773540
vt 0.474170 0.783119
vt 0.483749 0.793840
vt 0.483749 0.783119
vt 0.474170 0.793840
vt 0.463035 0.803419
vt 0.474170 0.803419
s 0
usemtl mat1
f 1/1/1 2/2/1 3/3/1
f 1/1/1 3/3/1 4/4/1
f 5/5/1 6/6/1 7/7/1
f 5/5/1 7/7/1 8/8/1
f 9/9/1 10/10/1 11/11/1
f 9/9/1 11/11/1 12/12/1
f 13/13/1 14/14/1 15/15/1
f 13/13/1 15/15/1 16/16/1
f 17/17/1 18/18/1 19/19/1
f 17/17/1 19/19/1 20/20/1
f 21/21/1 22/22/1 23/23/1
f 21/21/1 23/23/1 24/24/1
f 25/25/1 26/26/1 27/27/1
f 25/25/1 27/27/1 28/28/1
f 29/29/1 30/30/1 31/31/1
f 29/29/1 31/31/1 32/32/1
f 33/33/1 34/34/1 35/35/1
f 33/33/1 35/35/1 36/36/1
f 37/37/2 38/38/2 39/39/2
f 37/37/2 39/39/2 40/40/2
f 41/37/2 42/38/2 43/39/2
f 41/37/2 43/39/2 44/40/2
f 45/37/2 46/38/2 47/39/2
f 45/37/2 47/39/2 48/40/2
f 49/37/2 50/38/2 51/39/2
f 49/37/2 51/39/2 52/40/2
f 53/37/2 54/38/2 55/39/2
f 53/37/2 55/39/2 56/40/2
f 57/37/2 58/38/2 59/39/2
f 57/37/2 59/39/2 60/40/2
f 61/37/2 62/38/2 63/39/2
f 61/37/2 63/39/2 64/40/2
f 65/37/2 66/38/2 67/39/2
f 65/37/2 67/39/2 68/40/2
f 69/37/2 70/38/2 71/39/2
f 69/37/2 71/39/2 72/40/2
f 73/37/2 74/38/2 75/39/2
f 73/37/2 75/39/2 76/40/2
f 77/37/2 78/38/2 79/39/2
f 77/37/2 79/39/2 80/40/2
f 81/37/2 82/38/2 83/39/2
f 81/37/2 83/39/2 84/40/2
f 85/37/2 86/38/2 87/39/2
f 85/37/2 87/39/2 88/40/2
f 89/37/2 90/38/2 91/39/2
f 89/37/2 91/39/2 92/40/2
f 93/37/2 94/38/2 95/39/2
f 93/37/2 95/39/2 96/40/2
f 97/37/2 98/38/2 99/39/2
f 97/37/2 99/39/2 100/40/2
f 101/37/2 102/38/2 103/39/2
f 101/37/2 103/39/2 104/40/2
f 105/37/2 106/38/2 107/39/2
f 105/37/2 107/39/2 108/40/2
f 109/37/2 110/38/2 111/39/2
f 109/37/2 111/39/2 112/40/2
f 113/37/2 114/38/2 115/39/2
f 113/37/2 115/39/2 116/40/2
f 117/37/2 118/38/2 119/39/2
f 117/37/2 119/39/2 120/40/2
f 121/37/2 122/38/2 123/39/2
f 121/37/2 123/39/2 124/40/2
f 125/37/2 126/38/2 127/39/2
f 125/37/2 127/39/2 128/40/2
f 129/37/2 130/38/2 131/39/2
f 129/37/2 131/39/2 132/40/2
f 133/37/2 134/38/2 135/39/2
f 133/37/2 135/39/2 136/40/2
f 137/37/2 138/38/2 139/39/2
f 137/37/2 139/39/2 140/40/2
f 141/37/2 142/38/2 143/39/2
f 141/37/2 143/39/2 144/40/2
f 145/37/2 146/38/2 147/39/2
f 145/37/2 147/39/2 148/40/2
f 149/37/2 150/38/2 151/39/2
f 149/37/2 151/39/2 152/40/2
f 153/37/2 154/38/2 155/39/2
f 153/37/2 155/39/2 156/40/2
f 157/37/2 158/38/2 159/39/2
f 157/37/2 159/39/2 160/40/2
f 161/37/2 162/38/2 163/39/2
f 161/37/2 163/39/2 164/40/2
f 165/37/2 166/38/2 167/39/2
f 165/37/2 167/39/2 168/40/2
f 169/37/2 170/38/2 171/39/2
f 169/37/2 171/39/2 172/40/2
f 173/37/2 174/38/2 175/39/2
f 173/37/2 175/39/2 176/40/2
f 177/37/2 178/38/2 179/39/2
f 177/37/2 179/39/2 180/40/2
f 181/37/2 182/38/2 183/39/2
f 181/37/2 183/39/2 184/40/2
f 185/25/1 186/26/1 187/27/1
f 185/25/1 187/27/1 188/28/1
f 189/29/1 190/30/1 191/31/1
f 189/29/1 191/31/1 192/32/1
f 193/37/2 194/38/2 195/39/2
f 193/37/2 195/39/2 196/40/2
f 197/37/2 198/38/2 199/39/2
f 197/37/2 199/39/2 200/40/2
f 201/37/2 202/38/2 203/39/2
f 201/37/2 203/39/2 204/40/2
f 205/33/1 206/34/1 207/35/1
f 205/33/1 207/35/1 208/36/1
f 209/41/3 210/42/3 211/43/3
s 1
f 212/44/4 213/41/5 214/45/6
f 215/46/7 216/42/8 217/47/9
s 0
f 218/48/10 219/49/10 220/50/10
s 1
f 221/51/6 222/50/5 223/52/4
f 224/53/9 225/49/8 226/54/7
s 0
f 227/55/11 228/56/11 229/57/11
f 227/55/11 229/57/11 230/58/11
f 231/56/1 232/55/1 233/59/1
f 231/56/1 233/59/1 234/60/1
s 1
f 235/58/12 236/57/12 237/61/9
f 235/58/12 237/61/9 238/62/9
s 0
f 239/63/13 240/64/13 241/62/13
f 239/63/13 241/62/13 242/61/13
f 243/65/11 244/60/11 245/59/11
f 243/65/11 245/59/11 246/66/11
f 247/65/2 248/66/2 249/67/2
f 247/65/2 249/67/2 250/68/2
f 251/69/11 252/68/11 253/67/11
f 251/69/11 253/67/11 254/70/11
f 255/71/14 256/72/14 257/73/14
f 255/71/14 257/73/14 258/74/14
f 259/72/1 260/71/1 261/75/1
f 259/72/1 261/75/1 262/76/1
s 1
f 263/74/15 264/73/15 265/77/4
f 263/74/15 265/77/4 266/78/4
s 0
f 267/79/16 268/80/16 269/78/16
f 267/79/16 269/78/16 270/77/16
f 271/81/14 272/82/14 273/83/14
f 271/81/14 273/83/14 274/84/14
f 275/85/2 276/83/2 277/86/2
f 275/85/2 277/86/2 278/87/2
f 279/83/10 280/82/10 281/88/10
f 279/83/10 281/88/10 282/86/10
f 283/88/14 284/89/14 285/87/14
f 283/88/14 285/87/14 286/86/14
f 287/84/2 288/90/2 289/91/2
f 287/84/2 289/91/2 290/92/2
f 291/81/3 292/84/3 293/92/3
f 291/81/3 293/92/3 294/93/3
f 295/92/14 296/91/14 297/94/14
f 295/92/14 297/94/14 298/93/14
f 299/95/3 300/96/3 210/42/3
f 299/95/3 210/42/3 209/41/3
f 301/96/1 302/95/1 303/97/1
f 301/96/1 303/97/1 304/98/1
s 1
f 305/43/17 216/42/8 215/46/7
f 305/43/17 215/46/7 306/99/17
s 0
f 307/99/3 308/46/3 309/47/3
f 307/99/3 309/47/3 310/100/3
s 1
f 213/41/5 311/43/18 312/99/18
f 213/41/5 312/99/18 214/45/6
s 0
f 313/45/3 307/99/3 310/100/3
f 313/45/3 310/100/3 314/44/3
f 315/101/3 316/98/3 317/97/3
f 315/101/3 317/97/3 318/102/3
f 319/101/2 320/102/2 321/103/2
f 319/101/2 321/103/2 322/104/2
f 323/105/3 324/104/3 325/103/3
f 323/105/3 325/103/3 326/106/3
f 327/107/10 328/108/10 220/50/10
f 327/107/10 220/50/10 219/49/10
f 329/108/1 330/107/1 331/109/1
f 329/108/1 331/109/1 332/110/1
s 1
f 225/49/8 333/48/19 334/111/19
f 225/49/8 334/111/19 226/54/7
s 0
f 335/54/10 336/111/10 337/112/10
f 335/54/10 337/112/10 338/53/10
s 1
f 339/48/18 222/50/5 221/51/6
f 339/48/18 221/51/6 340/111/18
s 0
f 336/111/10 341/51/10 342/52/10
f 336/111/10 342/52/10 337/112/10
f 343/109/10 344/113/10 345/114/10
f 343/109/10 345/114/10 346/110/10
f 347/114/2 348/113/2 349/115/2
f 347/114/2 349/115/2 350/116/2
f 351/115/10 352/117/10 353/118/10
f 351/115/10 353/118/10 354/116/10
f 274/84/14 355/75/14 356/90/14
f 355/75/14 274/84/14 358/76/14
f 358/76/14 274/84/14 273/83/14
f 358/76/14 273/83/14 357/85/14
f 359/119/14 360/120/14 361/121/14
f 362/122/11 363/123/11 364/124/11
f 365/125/14 366/126/14 360/120/14
f 363/123/11 367/127/11 368/128/11
s 1
f 369/129/20 370/120/21 371/130/22
f 372/131/23 373/121/24 374/132/25
f 375/133/25 376/122/24 377/134/23
f 378/135/22 379/123/26 380/136/20
s 0
f 381/137/1 382/138/1 383/139/1
f 381/137/1 383/139/1 384/140/1
f 385/141/10 386/140/10 387/139/10
f 385/141/10 387/139/10 388/142/10
s 1
f 389/141/27 390/142/27 391/143/20
f 389/141/27 391/143/20 392/144/20
s 0
f 393/144/28 394/143/28 395/145/28
f 393/144/28 395/145/28 396/146/28
f 397/147/14 398/148/14 399/149/14
f 397/147/14 399/149/14 400/150/14
f 401/151/3 402/152/3 403/153/3
f 401/151/3 403/153/3 404/154/3
f 405/152/11 406/155/11 407/156/11
f 405/152/11 407/156/11 408/153/11
f 409/155/10 410/147/10 411/150/10
f 409/155/10 411/150/10 412/156/10
f 413/157/10 414/158/10 415/159/10
f 413/157/10 415/159/10 416/160/10
f 417/158/2 418/161/2 419/162/2
f 417/158/2 419/162/2 420/163/2
f 421/159/14 422/158/14 423/163/14
f 421/159/14 423/163/14 424/164/14
f 425/163/10 426/162/10 427/165/10
f 425/163/10 427/165/10 428/164/10
f 429/166/2 430/157/2 431/167/2
f 429/166/2 431/167/2 432/168/2
f 433/157/11 434/160/11 435/169/11
f 433/157/11 435/169/11 436/167/11
f 437/169/10 438/170/10 439/168/10
f 437/169/10 439/168/10 440/167/10
f 441/171/14 442/172/14 443/173/14
f 441/171/14 443/173/14 444/174/14
f 445/175/3 446/176/3 447/177/3
f 445/175/3 447/177/3 448/178/3
f 449/176/11 450/179/11 451/180/11
f 449/176/11 451/180/11 452/177/11
f 453/179/10 454/171/10 455/174/10
f 453/179/10 455/174/10 456/180/10
f 457/181/14 458/182/14 459/183/14
f 457/181/14 459/183/14 460/184/14
f 461/185/3 462/186/3 463/187/3
f 461/185/3 463/187/3 464/188/3
f 465/186/11 466/189/11 467/190/11
f 465/186/11 467/190/11 468/187/11
f 469/189/10 470/181/10 471/184/10
f 469/189/10 471/184/10 472/190/10
f 473/191/14 474/192/14 475/193/14
f 473/191/14 475/193/14 476/194/14
f 477/195/3 478/196/3 479/197/3
f 477/195/3 479/197/3 480/198/3
f 481/196/11 482/199/11 483/200/11
f 481/196/11 483/200/11 484/197/11
f 485/199/10 486/191/10 487/194/10
f 485/199/10 487/194/10 488/200/10
f 489/201/14 361/121/14 360/120/14
f 489/201/14 360/120/14 366/126/14
f 362/122/11 490/202/11 367/127/11
f 362/122/11 367/127/11 363/123/11
f 491/203/14 489/201/14 366/126/14
f 491/203/14 366/126/14 492/204/14
f 490/202/11 493/205/11 494/206/11
f 490/202/11 494/206/11 367/127/11
f 495/203/2 496/204/2 497/207/2
f 495/203/2 497/207/2 498/208/2
f 499/209/14 500/208/14 501/207/14
f 499/209/14 501/207/14 502/210/14
f 503/206/2 504/205/2 505/211/2
f 503/206/2 505/211/2 506/212/2
f 507/211/11 508/213/11 509/214/11
f 507/211/11 509/214/11 510/212/11
s 1
f 376/122/24 511/124/29 512/215/29
f 376/122/24 512/215/29 377/134/23
s 0
f 513/134/11 514/215/11 515/216/11
f 513/134/11 515/216/11 516/133/11
s 1
f 517/119/29 373/121/24 372/131/23
f 517/119/29 372/131/23 518/217/29
s 0
f 519/217/14 520/131/14 521/132/14
f 519/217/14 521/132/14 522/218/14
s 1
f 370/120/21 523/119/30 524/217/30
f 370/120/21 524/217/30 371/130/22
s 0
f 525/130/14 519/217/14 522/218/14
f 525/130/14 522/218/14 526/129/14
s 1
f 527/124/30 379/123/26 378/135/22
f 527/124/30 378/135/22 528/215/30
s 0
f 514/215/11 529/135/11 530/136/11
f 514/215/11 530/136/11 515/216/11
f 531/219/3 532/220/3 533/221/3
f 531/219/3 533/221/3 534/222/3
s 1
f 535/221/31 536/220/31 537/223/32
f 535/221/31 537/223/32 538/224/25
s 0
f 539/224/33 540/223/33 541/225/33
f 539/224/33 541/225/33 542/226/33
f 543/227/3 531/219/3 534/222/3
f 543/227/3 534/222/3 544/228/3
f 545/227/2 546/228/2 547/229/2
f 545/227/2 547/229/2 548/230/2
f 549/231/3 550/230/3 551/229/3
f 549/231/3 551/229/3 552/232/3
f 556/138/10 413/157/10 555/166/10
f 413/157/10 556/138/10 414/158/10
f 414/158/10 556/138/10 554/161/10
f 554/161/10 556/138/10 553/137/10
f 557/233/34 558/234/34 559/235/34
f 560/236/35 561/237/35 562/238/35
f 563/239/36 564/240/36 565/241/36
f 566/242/37 567/243/37 568/244/37
s 1
f 569/245/14 570/246/14 571/247/38
f 569/245/14 571/247/38 572/248/38
f 573/249/10 574/245/10 575/248/39
f 573/249/10 575/248/39 576/250/39
f 577/251/11 578/249/11 579/250/40
f 577/251/11 579/250/40 580/252/40
f 581/246/3 582/253/3 583/254/41
f 581/246/3 583/254/41 584/247/41
f 572/248/38 571/247/38 585/255/42
f 572/248/38 585/255/42 586/256/43
f 584/247/41 583/254/41 587/257/44
f 584/247/41 587/257/44 588/255/45
f 576/250/39 575/248/39 589/256/46
f 576/250/39 589/256/46 590/258/47
f 580/252/40 579/250/40 591/258/48
f 580/252/40 591/258/48 592/259/48
s 0
f 570/246/14 569/245/14 593/260/14
f 570/246/14 593/260/14 594/261/14
f 574/245/10 573/249/10 595/262/10
f 574/245/10 595/262/10 596/260/10
f 578/249/11 577/251/11 597/263/11
f 578/249/11 597/263/11 598/262/11
f 582/253/3 581/246/3 599/261/3
f 582/253/3 599/261/3 600/264/3
s 1
f 601/265/49 602/266/50 603/234/51
f 601/265/49 603/234/51 604/233/52
f 605/267/53 606/268/54 607/238/55
f 605/267/53 607/238/55 608/237/56
f 609/269/47 610/270/57 611/240/58
f 609/269/47 611/240/58 612/239/59
f 613/271/54 614/272/47 615/244/60
f 613/271/54 615/244/60 616/243/61
s 0
f 617/273/11 618/274/11 619/275/11
s 1
f 620/276/62 621/277/62 622/278/10
f 623/279/63 624/274/64 625/280/65
f 626/281/66 627/273/67 628/282/68
f 629/283/69 630/277/70 631/284/71
f 632/285/72 633/276/73 634/286/74
f 635/287/75 636/288/76 637/289/75
f 635/287/75 637/289/75 638/290/76
f 639/290/77 640/289/78 641/291/79
f 639/290/77 641/291/79 642/292/65
s 0
f 643/292/80 644/291/80 645/293/80
f 643/292/81 645/293/81 646/294/81
f 647/295/11 648/296/11 618/274/11
f 647/295/11 618/274/11 617/273/11
s 1
f 649/297/82 650/298/82 621/277/62
f 649/297/82 621/277/62 620/276/62
f 633/276/73 651/278/83 652/299/83
f 633/276/73 652/299/83 634/286/74
s 0
f 653/286/10 654/299/10 655/300/10
f 653/286/10 655/300/10 656/285/10
s 1
f 657/278/84 630/277/70 629/283/69
f 657/278/84 629/283/69 658/299/84
s 0
f 654/299/10 659/283/10 660/284/10
f 654/299/10 660/284/10 655/300/10
s 1
f 661/275/85 624/274/64 623/279/63
f 661/275/85 623/279/63 662/301/85
s 0
f 663/301/11 664/279/11 665/280/11
f 663/301/11 665/280/11 666/302/11
s 1
f 627/273/67 667/275/86 668/301/86
f 627/273/67 668/301/86 628/282/68
s 0
f 669/282/11 663/301/11 666/302/11
f 669/282/11 666/302/11 670/281/11
s 1
f 671/303/87 672/304/87 673/305/88
f 671/303/87 673/305/88 674/306/87
f 675/305/89 676/304/90 677/307/91
f 675/305/89 677/307/91 678/308/92
f 679/308/93 680/307/93 681/309/93
f 679/308/93 681/309/93 682/310/93
s 0
f 683/311/3 684/312/3 685/313/3
f 683/311/3 685/313/3 686/314/3
s 1
f 687/314/90 688/313/94 689/315/66
f 687/314/90 689/315/66 690/316/91
s 0
f 691/316/95 692/315/95 693/317/95
f 691/316/96 693/317/96 694/318/96
f 695/319/97 696/320/97 697/321/97
f 695/319/97 697/321/97 698/322/97
s 1
f 699/319/98 700/322/99 701/323/72
f 699/319/98 701/323/72 702/324/100
f 703/324/101 704/323/102 705/325/103
f 703/324/101 705/325/103 706/326/101
s 0
f 707/327/14 708/328/14 709/329/14
f 710/330/11 711/331/11 712/332/11
s 1
f 713/333/104 714/331/105 715/334/106
f 716/335/106 717/328/107 718/336/104
f 719/337/108 720/329/109 721/338/110
f 722/339/110 723/330/111 724/340/108
f 725/341/112 726/342/112 727/343/106
f 725/341/112 727/343/106 728/344/106
s 0
f 729/344/113 730/343/113 731/345/113
f 729/344/113 731/345/113 732/346/113
f 733/341/10 734/347/10 735/348/10
f 733/341/10 735/348/10 736/342/10
f 737/348/2 738/347/2 739/349/2
f 737/348/2 739/349/2 740/350/2
f 741/349/10 742/8/10 743/7/10
f 741/349/10 743/7/10 744/350/10
s 1
f 723/330/111 745/332/114 746/351/114
f 723/330/111 746/351/114 724/340/108
s 0
f 747/340/11 748/351/11 749/352/11
f 747/340/11 749/352/11 750/339/11
s 1
f 751/327/114 720/329/109 719/337/108
f 751/327/114 719/337/108 752/353/114
s 0
f 753/353/14 754/337/14 755/338/14
f 753/353/14 755/338/14 756/354/14
s 1
f 717/328/107 757/327/115 758/353/115
f 717/328/107 758/353/115 718/336/104
s 0
f 759/336/14 753/353/14 756/354/14
f 759/336/14 756/354/14 760/335/14
s 1
f 761/332/115 714/331/105 713/333/104
f 761/332/115 713/333/104 762/351/115
s 0
f 748/351/11 763/333/11 764/334/11
f 748/351/11 764/334/11 749/352/11
f 765/355/11 711/331/11 710/330/11
f 765/355/11 710/330/11 766/356/11
f 767/357/14 768/358/14 769/14/14
f 767/357/14 769/14/14 770/17/14
f 771/355/2 772/356/2 773/359/2
f 771/355/2 773/359/2 774/360/2
f 775/11/11 776/360/11 777/359/11
f 775/11/11 777/359/11 778/12/11
f 779/358/2 780/361/2 781/362/2
f 779/358/2 781/362/2 782/363/2
f 783/14/3 784/358/3 785/363/3
f 783/14/3 785/363/3 786/15/3
f 787/363/14 788/362/14 789/16/14
f 787/363/14 789/16/14 790/15/14
f 791/364/2 792/357/2 793/365/2
f 791/364/2 793/365/2 794/366/2
f 795/357/10 796/17/10 797/20/10
f 795/357/10 797/20/10 798/365/10
f 799/20/14 800/19/14 801/366/14
f 799/20/14 801/366/14 802/365/14
s 1
f 803/367/116 804/368/116 805/369/110
f 803/367/116 805/369/110 806/370/110
s 0
f 807/370/117 808/369/117 809/371/117
f 807/370/117 809/371/117 810/372/117
f 811/373/3 812/368/3 813/367/3
f 811/373/3 813/367/3 814/374/3
f 815/373/2 816/374/2 817/375/2
f 815/373/2 817/375/2 818/376/2
f 819/23/3 820/376/3 821/375/3
f 819/23/3 821/375/3 822/24/3
f 768/358/14 708/328/14 823/361/14
f 708/328/14 768/358/14 709/329/14
f 709/329/14 768/358/14 767/357/14
f 709/329/14 767/357/14 824/364/14
f 825/377/14 826/378/14 827/379/14
f 828/380/11 829/381/11 830/382/11
s 1
f 831/383/104 832/381/105 833/384/106
f 834/385/106 835/378/107 836/386/104
f 837/387/108 838/379/109 839/388/110
f 840/389/110 841/380/118 842/390/108
f 843/391/112 844/392/112 845/393/106
f 843/391/112 845/393/106 846/394/106
s 0
f 847/394/113 848/393/113 849/395/113
f 847/394/113 849/395/113 850/396/113
f 851/397/2 852/398/2 853/399/2
f 851/397/2 853/399/2 854/400/2
f 855/399/10 856/401/10 857/402/10
f 855/399/10 857/402/10 858/400/10
f 859/403/10 860/398/10 861/397/10
f 859/403/10 861/397/10 862/404/10
s 1
f 841/380/118 863/382/114 864/405/114
f 841/380/118 864/405/114 842/390/108
s 0
f 865/390/11 866/405/11 867/406/11
f 865/390/11 867/406/11 868/389/11
s 1
f 869/377/114 838/379/109 837/387/108
f 869/377/114 837/387/108 870/407/114
s 0
f 871/407/14 872/387/14 873/388/14
f 871/407/14 873/388/14 874/408/14
s 1
f 835/378/107 875/377/115 876/407/115
f 835/378/107 876/407/115 836/386/104
s 0
f 877/386/14 871/407/14 874/408/14
f 877/386/14 874/408/14 878/385/14
s 1
f 879/382/115 832/381/105 831/383/104
f 879/382/115 831/383/104 880/405/115
s 0
f 866/405/11 881/383/11 882/384/11
f 866/405/11 882/384/11 867/406/11
f 883/409/14 884/410/14 885/411/14
f 883/409/14 885/411/14 886/412/14
f 887/413/2 888/414/2 889/415/2
f 887/413/2 889/415/2 890/416/2
f 891/417/11 892/416/11 893/415/11
f 891/417/11 893/415/11 894/418/11
f 895/410/2 896/419/2 897/420/2
f 895/410/2 897/420/2 898/421/2
f 899/411/3 900/410/3 901/421/3
f 899/411/3 901/421/3 902/422/3
f 903/421/14 904/420/14 905/423/14
f 903/421/14 905/423/14 906/422/14
f 907/424/2 908/409/2 909/425/2
f 907/424/2 909/425/2 910/426/2
f 911/409/10 912/412/10 913/427/10
f 911/409/10 913/427/10 914/425/10
f 915/427/14 916/428/14 917/426/14
f 915/427/14 917/426/14 918/425/14
f 828/380/11 919/429/11 920/430/11
f 828/380/11 920/430/11 829/381/11
f 919/429/11 921/414/11 922/413/11
f 919/429/11 922/413/11 920/430/11
f 923/431/14 827/379/14 826/378/14
f 923/431/14 826/378/14 924/432/14
f 925/431/1 926/432/1 927/433/1
f 925/431/1 927/433/1 928/434/1
s 1
f 929/435/116 930/436/116 931/437/110
f 929/435/116 931/437/110 932/438/110
s 0
f 933/438/117 934/437/117 935/439/117
f 933/438/117 935/439/117 936/440/117
f 937/441/2 938/442/2 939/443/2
f 937/441/2 939/443/2 940/444/2
f 941/445/3 942/444/3 943/443/3
f 941/445/3 943/443/3 944/446/3
f 945/447/3 946/442/3 947/441/3
f 945/447/3 947/441/3 948/448/3
f 950/392/10 862/404/10 949/449/10
f 862/404/10 950/392/10 859/403/10
f 859/403/10 950/392/10 951/391/10
f 884/410/14 952/433/14 953/419/14
f 952/433/14 884/410/14 955/434/14
f 955/434/14 884/410/14 883/409/14
f 955/434/14 883/409/14 954/424/14
f 956/436/3 945/447/3 948/448/3
f 945/447/3 956/436/3 958/450/3
f 958/450/3 956/436/3 957/435/3
f 959/451/3 960/452/3 961/453/3
f 962/454/10 963/455/10 964/456/10
s 1
f 965/457/119 966/453/120 967/458/121
f 968/459/122 969/454/123 970/460/124
f 971/461/125 972/455/126 973/462/127
f 974/463/127 975/452/128 976/464/125
s 0
f 977/465/11 978/466/11 979/467/11
s 1
f 980/468/129 981/465/130 982/469/131
f 983/470/132 984/466/133 985/471/134
f 986/472/135 987/473/136 988/474/137
f 987/473/136 986/472/135 989/475/138
f 990/476/139 986/472/135 988/474/137
s 0
f 991/477/3 992/478/3 993/479/3
f 991/477/3 993/479/3 994/480/3
s 1
f 995/480/140 996/479/141 997/481/142
f 995/480/140 997/481/142 998/482/143
f 999/482/144 1000/481/145 1001/483/144
f 999/482/144 1001/483/144 1002/484/135
s 0
f 963/455/10 962/454/10 1003/485/10
f 963/455/10 1003/485/10 1004/486/10
f 1005/487/3 1006/488/3 961/453/3
f 1005/487/3 961/453/3 960/452/3
s 1
f 969/454/123 1007/456/146 1008/489/146
f 969/454/123 1008/489/146 970/460/124
s 0
f 1009/460/10 1010/489/10 1011/490/10
f 1009/460/10 1011/490/10 1012/459/10
s 1
f 1013/451/146 966/453/120 965/457/119
f 1013/451/146 965/457/119 1014/491/146
s 0
f 1015/491/3 1016/457/3 1017/458/3
f 1015/491/3 1017/458/3 1018/492/3
s 1
f 1019/456/147 972/455/126 971/461/125
f 1019/456/147 971/461/125 1020/489/147
s 0
f 1010/489/10 1021/461/10 1022/462/10
f 1010/489/10 1022/462/10 1011/490/10
s 1
f 975/452/128 1023/451/147 1024/491/147
f 975/452/128 1024/491/147 976/464/125
s 0
f 1025/464/3 1015/491/3 1018/492/3
f 1025/464/3 1018/492/3 1026/463/3
f 1027/493/11 1028/494/11 978/466/11
f 1027/493/11 978/466/11 977/465/11
s 1
f 1029/467/148 984/466/133 983/470/132
f 1029/467/148 983/470/132 1030/495/148
s 0
f 1031/495/11 1032/470/11 1033/471/11
f 1031/495/11 1033/471/11 1034/496/11
s 1
f 981/465/130 1035/467/149 1036/495/149
f 981/465/130 1036/495/149 982/469/131
s 0
f 1037/469/11 1031/495/11 1034/496/11
f 1037/469/11 1034/496/11 1038/468/11
f 1039/497/14 1040/498/14 1041/499/14
f 1039/497/14 1041/499/14 1042/500/14
s 1
f 1043/500/126 1044/499/126 1045/474/127
f 1043/500/126 1045/474/127 1046/473/127
s 0
f 1047/501/11 1048/502/11 1049/503/11
f 1047/501/11 1049/503/11 1050/504/11
f 1051/505/11 1052/506/11 1053/507/11
f 1051/505/11 1053/507/11 1054/508/11
s 1
f 1055/501/150 1056/504/151 1057/509/122
f 1055/501/150 1057/509/122 1058/510/152
f 1059/510/153 1060/509/153 1061/511/154
f 1059/510/153 1061/511/154 1062/512/155
f 1063/507/156 1064/506/157 1065/513/143
f 1063/507/156 1065/513/143 1066/514/121
f 1067/514/158 1068/513/158 1069/515/159
f 1067/514/158 1069/515/159 1070/516/160
s 0
f 1071/517/10 1072/518/10 1073/519/10
f 1071/517/10 1073/519/10 1074/520/10
s 1
f 1075/518/161 1076/517/150 1077/521/152
f 1075/518/161 1077/521/152 1078/522/162
f 1079/522/163 1080/521/163 1081/523/163
f 1079/522/163 1081/523/163 1082/524/163
s 0
f 1083/525/10 1084/526/10 1085/527/10
f 1086/528/3 1087/529/3 1088/530/3
s 1
f 1089/531/164 1090/529/165 1091/532/166
f 1092/533/167 1093/528/168 1094/534/169
f 1095/535/169 1096/527/168 1097/536/167
f 1098/537/166 1099/526/170 1100/538/164
s 0
f 1101/539/14 1102/540/14 1103/541/14
f 1101/539/14 1103/541/14 1104/542/14
s 1
f 1105/542/171 1106/541/171 1107/543/167
f 1105/542/171 1107/543/167 1108/544/167
s 0
f 1109/544/172 1110/543/172 1111/545/172
f 1109/544/172 1111/545/172 1112/546/172
f 1113/547/3 1114/548/3 1087/529/3
f 1113/547/3 1087/529/3 1086/528/3
f 1115/549/10 1116/550/10 1085/527/10
f 1115/549/10 1085/527/10 1084/526/10
s 1
f 1093/528/168 1117/530/173 1118/551/173
f 1093/528/168 1118/551/173 1094/534/169
s 0
f 1119/534/3 1120/551/3 1121/552/3
f 1119/534/174 1121/552/174 1122/533/174
s 1
f 1123/525/173 1096/527/168 1095/535/169
f 1123/525/173 1095/535/169 1124/553/173
s 0
f 1125/553/10 1126/535/10 1127/536/10
f 1125/553/10 1127/536/10 1128/554/10
s 1
f 1099/526/170 1129/525/175 1130/553/175
f 1099/526/170 1130/553/175 1100/538/164
s 0
f 1131/538/10 1125/553/10 1128/554/10
f 1131/538/10 1128/554/10 1132/537/10
s 1
f 1133/530/175 1090/529/165 1089/531/164
f 1133/530/175 1089/531/164 1134/551/175
s 0
f 1120/551/3 1135/531/3 1136/532/3
f 1120/551/3 1136/532/3 1121/552/3
f 1137/555/11 1138/556/11 1139/557/11
f 1137/555/11 1139/557/11 1140/558/11
s 1
f 1141/558/176 1142/557/176 1143/559/166
f 1141/558/176 1143/559/166 1144/560/166
s 0
f 1145/560/177 1146/559/177 1147/561/177
f 1145/560/177 1147/561/177 1148/562/177
f 1149/563/3 1150/564/3 1151/565/3
f 1152/566/10 1153/567/10 1154/568/10
s 1
f 1155/569/178 1156/568/179 1157/570/180
f 1158/571/180 1159/563/181 1160/572/182
f 1161/573/183 1162/564/184 1163/574/185
f 1164/575/185 1165/567/184 1166/576/186
s 0
f 1167/577/14 1168/578/14 1169/579/14
f 1167/577/14 1169/579/14 1170/580/14
s 1
f 1171/580/187 1172/579/187 1173/581/180
f 1171/580/187 1173/581/180 1174/582/180
s 0
f 1175/583/188 1176/584/188 1177/582/188
f 1175/583/188 1177/582/188 1178/581/188
f 1179/585/3 1180/586/3 1150/564/3
f 1179/585/3 1150/564/3 1149/563/3
f 1181/587/10 1182/588/10 1154/568/10
f 1181/587/10 1154/568/10 1153/567/10
s 1
f 1183/565/189 1162/564/184 1161/573/183
f 1183/565/189 1161/573/183 1184/589/189
s 0
f 1185/589/3 1186/573/3 1187/574/3
f 1185/589/3 1187/574/3 1188/590/3
s 1
f 1165/567/184 1189/566/190 1190/591/190
f 1165/567/184 1190/591/190 1166/576/186
s 0
f 1191/576/10 1192/591/10 1193/592/10
f 1191/576/10 1193/592/10 1194/575/10
s 1
f 1195/566/191 1156/568/179 1155/569/178
f 1195/566/191 1155/569/178 1196/591/191
s 0
f 1192/591/10 1197/569/10 1198/570/10
f 1192/591/10 1198/570/10 1193/592/10
s 1
f 1159/563/181 1199/565/191 1200/589/191
f 1159/563/181 1200/589/191 1160/572/182
s 0
f 1201/572/3 1185/589/3 1188/590/3
f 1201/572/3 1188/590/3 1202/571/3
f 1203/593/11 1204/594/11 1205/595/11
f 1203/593/11 1205/595/11 1206/596/11
s 1
f 1207/596/192 1208/595/192 1209/597/185
f 1207/596/192 1209/597/185 1210/598/185
s 0
f 1211/599/193 1212/600/193 1213/598/193
f 1211/599/193 1213/598/193 1214/597/193
f 1215/601/11 1216/602/11 1217/603/11
f 1218/604/14 1219/605/14 1220/606/14
s 1
f 1221/607/194 1222/608/195 1223/609/195
f 1221/607/194 1223/609/195 1224/610/194
f 1222/608/195 1225/611/2 1226/612/2
f 1222/608/195 1226/612/2 1223/609/195
s 0
f 1227/613/11 1217/603/11 1216/602/11
f 1227/613/11 1216/602/11 1228/614/11
f 1218/604/14 1229/615/14 1230/616/14
f 1218/604/14 1230/616/14 1219/605/14
f 1231/617/3 1232/618/3 1233/619/3
f 1231/617/3 1233/619/3 1234/620/3
f 1235/621/11 1236/622/11 1237/623/11
f 1235/621/11 1237/623/11 1238/624/11
f 1239/625/14 1240/626/14 1241/627/14
f 1239/625/14 1241/627/14 1242/628/14
f 1243/629/196 1244/630/196 1245/628/196
f 1243/629/196 1245/628/196 1246/623/196
f 1247/628/197 1248/627/197 1249/624/197
f 1247/628/197 1249/624/197 1250/623/197
f 1251/631/11 1252/632/11 1253/633/11
f 1251/631/11 1253/633/11 1254/634/11
f 1255/635/3 1256/636/3 1257/637/3
f 1255/635/3 1257/637/3 1258/638/3
f 1259/639/14 1260/635/14 1261/638/14
f 1259/639/14 1261/638/14 1262/640/14
f 1263/632/10 1264/639/10 1265/640/10
f 1263/632/10 1265/640/10 1266/633/10
f 1267/641/198 1268/630/198 1269/629/198
f 1267/641/198 1269/629/198 1270/642/198
f 1271/643/11 1272/644/11 1273/645/11
s 1
f 1274/646/199 1275/645/200 1276/647/201
f 1277/648/202 1278/644/203 1279/649/204
s 0
f 1280/650/3 1281/651/3 1282/652/3
f 1280/650/3 1282/652/3 1283/653/3
s 1
f 1284/653/202 1285/652/205 1286/654/202
s 0
f 1284/653/202 1286/654/202 1287/655/202
f 1288/656/206 1289/657/206 1290/655/206
f 1288/656/206 1290/655/206 1291/654/206
f 1292/658/11 1293/659/11 1273/645/11
f 1292/658/11 1273/645/11 1272/644/11
s 1
f 1278/644/203 1294/643/207 1295/660/207
f 1278/644/203 1295/660/207 1279/649/204
s 0
f 1296/649/11 1297/660/11 1298/661/11
f 1296/649/11 1298/661/11 1299/648/11
s 1
f 1300/643/208 1275/645/200 1274/646/199
f 1300/643/208 1274/646/199 1301/660/208
s 0
f 1297/660/11 1302/646/11 1303/647/11
f 1297/660/11 1303/647/11 1298/661/11
f 1304/662/10 1305/663/10 1306/664/10
f 1304/662/10 1306/664/10 1307/665/10
s 1
f 1308/665/209 1309/664/201 1310/666/201
f 1308/665/209 1310/666/201 1311/667/201
s 0
f 1312/668/210 1313/669/210 1314/667/210
f 1312/668/210 1314/667/210 1315/666/210
f 1316/670/3 1317/671/3 1318/672/3
f 1316/670/3 1319/673/3 1317/671/3
f 1320/674/3 1321/675/3 1322/676/3
f 1321/675/3 1323/677/3 1322/676/3
f 1324/678/10 1325/679/10 1326/680/10
f 1325/679/10 1327/681/10 1326/680/10
f 1328/682/10 1329/683/10 1330/684/10
f 1328/682/10 1331/685/10 1329/683/10
s 1
f 1332/686/211 1333/687/212 1334/688/212
f 1332/686/211 1334/688/212 1335/689/211
f 1333/687/212 1336/690/213 1337/691/213
f 1333/687/212 1337/691/213 1334/688/212
f 1336/690/213 1338/692/214 1339/693/214
f 1336/690/213 1339/693/214 1337/691/213
f 1338/692/214 1340/694/215 1341/695/215
f 1338/692/214 1341/695/215 1339/693/214
f 1340/694/215 1342/696/216 1343/697/216
f 1340/694/215 1343/697/216 1341/695/215
s 0
f 1316/670/3 1322/676/3 1323/677/3
f 1316/670/3 1323/677/3 1319/673/3
f 1344/676/217 1345/670/217 1346/698/217
f 1344/676/217 1346/698/217 1347/699/217
f 1348/700/218 1349/699/218 1350/698/218
f 1348/700/218 1350/698/218 1351/701/218
f 1328/682/10 1326/680/10 1327/681/10
f 1328/682/10 1327/681/10 1331/685/10
f 1352/680/219 1353/682/219 1354/702/219
f 1352/680/219 1354/702/219 1355/703/219
s 1
f 1356/704/220 1357/703/220 1358/702/220
s 0
f 1356/704/220 1358/702/220 1359/705/220
f 1360/706/14 1361/707/14 1362/708/14
f 1360/706/14 1362/708/14 1363/709/14
f 1364/710/11 1365/711/11 1366/712/11
f 1364/710/11 1366/712/11 1367/713/11
f 1368/714/14 1360/706/14 1363/709/14
f 1368/714/14 1363/709/14 1369/715/14
f 1365/711/11 1370/716/11 1371/717/11
f 1365/711/11 1371/717/11 1366/712/11
s 1
f 1372/718/11 1373/719/221 1374/720/221
f 1372/718/11 1374/720/221 1375/721/11
f 1376/722/14 1377/723/222 1378/724/222
f 1376/722/14 1378/724/222 1379/725/14
f 1380/726/223 1381/727/1 1382/728/1
f 1380/726/223 1382/728/1 1383/729/223
f 1383/729/223 1378/724/222 1377/723/222
f 1383/729/223 1377/723/222 1380/726/223
f 1384/730/224 1382/728/1 1381/727/1
f 1384/730/224 1381/727/1 1385/731/224
f 1385/731/224 1374/720/221 1373/719/221
f 1385/731/224 1373/719/221 1384/730/224
f 1386/732/225 1387/733/10 1388/734/10
f 1386/732/225 1388/734/10 1389/735/225
f 1390/736/225 1386/732/225 1389/735/225
f 1390/736/225 1389/735/225 1391/737/225
f 1392/738/226 1393/739/226 1394/740/226
f 1392/738/226 1394/740/226 1395/741/226
f 1396/742/3 1392/738/226 1395/741/226
f 1396/742/3 1395/741/226 1397/743/3
s 0
f 1398/744/3 1399/745/3 1400/746/3
f 1398/744/3 1400/746/3 1401/747/3
f 1402/748/3 1403/749/3 1404/750/3
f 1402/748/3 1404/750/3 1405/751/3
f 1406/752/3 1407/753/3 1408/754/3
f 1406/752/3 1408/754/3 1409/755/3
f 1410/756/3 1411/757/3 1412/758/3
f 1410/756/3 1412/758/3 1413/759/3
f 1414/760/2 1415/761/2 1416/762/2
f 1414/760/2 1416/762/2 1417/763/2
f 1418/764/11 1419/760/11 1420/765/11
f 1418/764/11 1420/765/11 1421/766/11
f 1422/763/14 1423/767/14 1424/768/14
f 1422/763/14 1424/768/14 1425/769/14
f 1426/765/2 1427/770/2 1428/771/2
f 1426/765/2 1428/771/2 1429/766/2
f 1430/772/2 1431/773/2 1432/774/2
f 1430/772/2 1432/774/2 1433/775/2
f 1434/776/2 1435/777/2 1436/778/2
f 1434/776/2 1436/778/2 1437/779/2
f 1438/780/2 1439/781/2 1440/782/2
f 1438/780/2 1440/782/2 1441/783/2
f 1442/772/14 1443/775/14 1444/784/14
f 1442/772/14 1444/784/14 1445/785/14
f 1446/770/10 1447/772/10 1448/785/10
f 1446/770/10 1448/785/10 1449/786/10
f 1450/771/11 1451/770/11 1452/786/11
f 1450/771/11 1452/786/11 1453/787/11
f 1454/786/2 1455/785/2 1456/784/2
f 1454/786/2 1456/784/2 1457/787/2
f 1458/776/14 1459/779/14 1460/788/14
f 1458/776/14 1460/788/14 1461/789/14
f 1462/773/10 1463/776/10 1464/789/10
f 1462/773/10 1464/789/10 1465/790/10
f 1466/774/11 1467/773/11 1468/790/11
f 1466/774/11 1468/790/11 1469/791/11
f 1470/790/2 1471/789/2 1472/788/2
f 1470/790/2 1472/788/2 1473/791/2
f 1474/780/14 1475/783/14 1476/792/14
f 1474/780/14 1476/792/14 1477/793/14
f 1478/777/10 1479/780/10 1480/793/10
f 1478/777/10 1480/793/10 1481/794/10
f 1482/778/11 1483/777/11 1484/794/11
f 1482/778/11 1484/794/11 1485/795/11
f 1486/794/2 1487/793/2 1488/792/2
f 1486/794/2 1488/792/2 1489/795/2
f 1425/769/14 1424/768/14 1490/796/14
f 1425/769/14 1490/796/14 1491/797/14
f 1492/781/10 1493/769/10 1494/797/10
f 1492/781/10 1494/797/10 1495/798/10
f 1496/782/11 1497/781/11 1498/798/11
f 1496/782/11 1498/798/11 1499/799/11
f 1500/798/2 1501/797/2 1502/796/2
f 1500/798/2 1502/796/2 1503/799/2
f 1504/800/11 1370/716/11 1505/801/11
f 1370/716/11 1504/800/11 1371/717/11
f 1371/717/11 1504/800/11 1506/802/11
f 1369/715/14 1507/803/14 1368/714/14
f 1507/803/14 1369/715/14 1508/804/14
f 1508/804/14 1369/715/14 1509/805/14
f 1510/806/10 1511/807/10 1512/808/10
s 1
f 1511/807/10 1510/806/10 1390/736/225
f 1511/807/10 1390/736/225 1513/809/10
f 1513/809/10 1390/736/225 1514/810/10
s 0
f 1515/811/10 1516/812/10 1517/813/10
s 1
f 1516/812/10 1515/811/10 1391/737/225
f 1391/737/225 1515/811/10 1518/814/10
f 1391/737/225 1518/814/10 1514/810/10
f 1391/737/225 1514/810/10 1390/736/225
s 0
f 1519/815/3 1520/816/3 1521/817/3
s 1
f 1520/816/3 1519/815/3 1394/740/226
f 1520/816/3 1394/740/226 1522/818/3
f 1522/818/3 1394/740/226 1523/819/3
s 0
f 1524/820/3 1525/821/3 1526/822/3
s 1
f 1525/821/3 1524/820/3 1393/739/226
f 1393/739/226 1524/820/3 1527/823/3
f 1393/739/226 1527/823/3 1523/819/3
f 1393/739/226 1523/819/3 1394/740/226
s 0
f 1528/824/3 1396/742/3 1397/743/3
f 1396/742/3 1528/824/3 1410/756/3
f 1493/769/10 1529/760/10 1530/763/10
f 1529/760/10 1493/769/10 1531/765/10
f 1532/825/14 1533/826/14 1534/827/14
f 1532/825/14 1534/827/14 1535/828/14
f 1536/829/11 1537/830/11 1538/831/11
f 1536/829/11 1538/831/11 1539/832/11
f 1540/833/14 1532/825/14 1535/828/14
f 1540/833/14 1535/828/14 1541/834/14
f 1537/830/11 1542/835/11 1543/836/11
f 1537/830/11 1543/836/11 1538/831/11
s 1
f 1544/837/225 1545/838/10 1546/839/10
f 1544/837/225 1546/839/10 1547/840/225
f 1548/841/225 1544/837/225 1547/840/225
f 1548/841/225 1547/840/225 1549/842/225
f 1550/843/226 1551/844/226 1552/845/226
f 1550/843/226 1552/845/226 1553/846/226
f 1554/847/3 1550/843/226 1553/846/226
f 1554/847/3 1553/846/226 1555/848/3
s 0
f 1556/849/3 1557/850/3 1558/851/3
f 1556/849/3 1558/851/3 1559/852/3
f 1560/853/3 1561/854/3 1562/855/3
f 1560/853/3 1562/855/3 1563/856/3
f 1564/857/3 1565/858/3 1566/859/3
f 1564/857/3 1566/859/3 1567/860/3
f 1568/861/3 1569/862/3 1570/863/3
f 1568/861/3 1570/863/3 1571/864/3
s 1
f 1572/865/3 1573/866/3 1552/845/226
f 1572/865/3 1552/845/226 1551/844/226
f 1574/867/10 1575/868/10 1548/841/225
f 1574/867/10 1548/841/225 1549/842/225
s 0
f 1576/869/2 1577/870/2 1578/871/2
f 1576/869/2 1578/871/2 1579/872/2
f 1580/873/11 1581/869/11 1582/874/11
f 1580/873/11 1582/874/11 1583/875/11
f 1584/872/14 1585/876/14 1586/877/14
f 1584/872/14 1586/877/14 1587/878/14
f 1588/874/2 1589/879/2 1590/880/2
f 1588/874/2 1590/880/2 1591/875/2
f 1592/881/2 1593/882/2 1594/883/2
f 1592/881/2 1594/883/2 1595/884/2
f 1596/885/2 1597/886/2 1598/887/2
f 1596/885/2 1598/887/2 1599/888/2
f 1600/889/2 1601/890/2 1602/891/2
f 1600/889/2 1602/891/2 1603/892/2
f 1604/881/14 1605/884/14 1606/893/14
f 1604/881/14 1606/893/14 1607/894/14
f 1608/879/10 1609/881/10 1610/894/10
f 1608/879/10 1610/894/10 1611/895/10
f 1612/880/11 1613/879/11 1614/895/11
f 1612/880/11 1614/895/11 1615/896/11
f 1616/895/2 1617/894/2 1618/893/2
f 1616/895/2 1618/893/2 1619/896/2
f 1620/885/14 1621/888/14 1622/897/14
f 1620/885/14 1622/897/14 1623/898/14
f 1624/882/10 1625/885/10 1626/898/10
f 1624/882/10 1626/898/10 1627/899/10
f 1628/883/11 1629/882/11 1630/899/11
f 1628/883/11 1630/899/11 1631/900/11
f 1632/899/2 1633/898/2 1634/897/2
f 1632/899/2 1634/897/2 1635/900/2
f 1636/889/14 1637/892/14 1638/901/14
f 1636/889/14 1638/901/14 1639/902/14
f 1640/886/10 1641/889/10 1642/902/10
f 1640/886/10 1642/902/10 1643/903/10
f 1644/887/11 1645/886/11 1646/903/11
f 1644/887/11 1646/903/11 1647/904/11
f 1648/903/2 1649/902/2 1650/901/2
f 1648/903/2 1650/901/2 1651/904/2
f 1587/878/14 1586/877/14 1652/905/14
f 1587/878/14 1652/905/14 1653/906/14
f 1654/890/10 1655/878/10 1656/906/10
f 1654/890/10 1656/906/10 1657/907/10
f 1658/891/11 1659/890/11 1660/907/11
f 1658/891/11 1660/907/11 1661/908/11
f 1662/907/2 1663/906/2 1664/905/2
f 1662/907/2 1664/905/2 1665/908/2
f 1666/909/11 1542/835/11 1667/910/11
f 1542/835/11 1666/909/11 1543/836/11
f 1543/836/11 1666/909/11 1668/911/11
f 1541/834/14 1669/912/14 1540/833/14
f 1669/912/14 1541/834/14 1670/913/14
f 1670/913/14 1541/834/14 1671/914/14
f 1672/915/3 1554/847/3 1555/848/3
f 1554/847/3 1672/915/3 1568/861/3
f 1655/878/10 1673/869/10 1674/872/10
f 1673/869/10 1655/878/10 1675/874/10
s 1
f 1676/916/227 1677/917/2 1678/918/2
f 1676/916/227 1678/918/2 1679/919/227
f 1680/920/228 1676/916/227 1679/919/227
f 1680/920/228 1679/919/227 1681/921/228
f 1682/26/11 1680/920/228 1681/921/228
f 1682/26/11 1681/921/228 1683/27/11
s 0
f 1684/28/14 1685/918/14 1686/917/14
f 1684/28/14 1686/917/14 1687/25/14
s 1
f 1688/922/229 1689/29/14 1690/32/14
f 1688/922/229 1690/32/14 1691/923/229
f 1692/924/230 1688/922/229 1691/923/229
f 1692/924/230 1691/923/229 1693/925/231
f 1694/926/2 1692/924/230 1693/925/231
f 1694/926/2 1693/925/231 1695/927/2
s 0
f 1696/30/11 1697/926/11 1698/927/11
f 1696/30/11 1698/927/11 1699/31/11
f 1702/921/3 1700/28/3 1701/27/3
f 1700/28/3 1702/921/3 1704/918/3
f 1704/918/3 1702/921/3 1703/919/3
f 1705/927/3 1708/32/3 1709/31/3
f 1708/32/3 1705/927/3 1707/923/3
f 1707/923/3 1705/927/3 1706/925/3
f 1710/928/10 1713/929/10 1714/930/10
f 1713/929/10 1710/928/10 1712/931/10
f 1712/931/10 1710/928/10 1711/932/10
f 1717/933/10 1715/934/10 1716/935/10
f 1715/934/10 1717/933/10 1719/936/10
f 1719/936/10 1717/933/10 1718/937/10
f 1720/938/232 1721/939/232 1722/940/232
f 1723/941/233 1724/942/233 1725/943/233
f 1726/944/234 1727/945/234 1728/946/234
f 1729/947/235 1730/948/235 1731/949/235
s 1
f 1732/950/11 1733/951/11 1734/952/236
f 1732/950/11 1734/952/236 1735/953/236
f 1736/954/3 1737/950/3 1738/953/237
f 1736/954/3 1738/953/237 1739/955/237
f 1740/956/14 1741/954/14 1742/955/238
f 1740/956/14 1742/955/238 1743/957/238
f 1744/958/10 1745/956/10 1746/957/239
f 1744/958/10 1746/957/239 1747/959/239
s 0
f 1733/951/11 1732/950/11 1748/960/11
f 1733/951/11 1748/960/11 1749/961/11
f 1737/950/3 1736/954/3 1750/962/3
f 1737/950/3 1750/962/3 1751/960/3
f 1741/954/14 1740/956/14 1752/963/14
f 1741/954/14 1752/963/14 1753/962/14
f 1745/956/10 1744/958/10 1754/964/10
f 1745/956/10 1754/964/10 1755/963/10
s 1
f 1756/965/240 1757/966/236 1758/967/241
f 1756/965/240 1758/967/241 1759/968/242
f 1760/969/243 1761/970/243 1762/971/244
f 1760/969/243 1762/971/244 1763/972/245
f 1764/973/237 1765/974/237 1766/975/246
f 1764/973/237 1766/975/246 1767/976/247
f 1768/977/238 1769/978/238 1770/979/248
f 1768/977/238 1770/979/248 1771/980/248
f 1759/968/242 1758/967/241 1772/939/249
f 1759/968/242 1772/939/249 1773/938/250
f 1774/972/241 1762/971/251 1775/943/252
f 1774/972/241 1775/943/252 1776/942/253
f 1767/976/254 1777/975/255 1778/945/256
f 1767/976/254 1778/945/256 1779/944/257
f 1780/980/244 1781/979/247 1782/949/258
f 1780/980/244 1782/949/258 1783/948/259
s 0
f 1784/981/3 1785/982/3 1786/983/3
f 1787/984/10 1788/985/10 1789/986/10
f 1790/987/174 1791/988/174 1792/989/174
f 1793/990/260 1794/991/260 1795/992/260
s 1
f 1796/993/261 1797/994/262 1798/995/263
f 1796/993/261 1798/995/263 1799/996/264
f 1799/996/264 1800/997/265 1801/998/266
f 1799/996/264 1801/998/266 1796/993/261
f 1802/999/267 1803/1000/268 1804/1001/269
f 1802/999/267 1804/1001/269 1805/1002/270
f 1806/1003/271 1807/1004/272 1808/1005/273
f 1806/1003/271 1808/1005/273 1809/1006/274
f 1809/1006/274 1810/1007/275 1811/1008/276
f 1809/1006/274 1811/1008/276 1806/1003/271
f 1812/1009/277 1813/1010/278 1810/1007/275
f 1812/1009/277 1810/1007/275 1809/1006/274
f 1809/1006/274 1808/1005/273 1814/1011/279
f 1809/1006/274 1814/1011/279 1812/1009/277
f 1806/1003/271 1811/1008/276 1815/1012/280
f 1806/1003/271 1815/1012/280 1816/1013/281
f 1816/1013/281 1817/1014/282 1807/1004/272
f 1816/1013/281 1807/1004/272 1806/1003/271
f 1797/994/262 1802/999/267 1805/1002/270
f 1797/994/262 1805/1002/270 1798/995/263
f 1818/1015/283 1819/1016/284 1820/1017/285
f 1818/1015/283 1820/1017/285 1821/1018/286
f 1821/1018/286 1822/1019/287 1823/1020/288
f 1821/1018/286 1823/1020/288 1818/1015/283
f 1824/1021/289 1825/1022/290 1826/1023/291
f 1824/1021/289 1826/1023/291 1827/1024/292
f 1828/1025/293 1829/1026/294 1830/1027/295
f 1828/1025/293 1830/1027/295 1831/1028/296
f 1831/1028/296 1832/1029/297 1833/1030/298
f 1831/1028/296 1833/1030/298 1828/1025/293
f 1828/1025/293 1833/1030/298 1834/1031/299
f 1828/1025/293 1834/1031/299 1835/1032/300
f 1835/1032/300 1836/1033/301 1829/1026/294
f 1835/1032/300 1829/1026/294 1828/1025/293
f 1837/1034/302 1838/1035/303 1832/1029/297
f 1837/1034/302 1832/1029/297 1831/1028/296
f 1831/1028/296 1830/1027/295 1839/1036/304
f 1831/1028/296 1839/1036/304 1837/1034/302
f 1819/1016/284 1824/1021/289 1827/1024/292
f 1819/1016/284 1827/1024/292 1820/1017/285
f 1840/1037/14 1841/1038/14 1842/1039/305
f 1840/1037/14 1842/1039/305 1843/1040/305
s 0
f 1844/1041/3 1845/1042/3 1846/1043/3
f 1844/1041/3 1846/1043/3 1847/1044/3
s 1
f 1848/1042/11 1849/1045/11 1850/1046/306
f 1848/1042/11 1850/1046/306 1851/1043/306
s 0
f 1852/1045/10 1853/1037/10 1854/1040/10
f 1852/1045/10 1854/1040/10 1855/1046/10
s 1
f 1856/1047/14 1857/1048/14 1858/1049/307
f 1856/1047/14 1858/1049/307 1859/1050/307
s 0
f 1860/1048/3 1861/1051/3 1862/1052/3
f 1860/1048/3 1862/1052/3 1863/1049/3
s 1
f 1864/1053/11 1865/1054/11 1866/1055/308
f 1864/1053/11 1866/1055/308 1867/1056/308
s 0
f 1868/1054/10 1869/1047/10 1870/1050/10
f 1868/1054/10 1870/1050/10 1871/1055/10
s 1
f 1872/986/309 1873/1057/309 1874/1058/308
f 1872/986/309 1874/1058/308 1875/1059/308
f 1876/1060/305 1877/1061/305 1878/1062/310
f 1876/1060/305 1878/1062/310 1879/1063/310
f 1880/1064/311 1881/984/312 1882/983/312
f 1880/1064/311 1882/983/312 1883/1065/311
f 1882/983/312 1881/984/312 1884/1066/313
f 1882/983/312 1884/1066/313 1885/1067/313
f 1886/1068/306 1887/1069/306 1888/1070/311
f 1886/1068/306 1888/1070/311 1889/1071/311
s 0
f 1890/1072/3 1891/1073/3 1892/1068/3
f 1890/1072/3 1892/1068/3 1893/1071/3
f 1786/983/3 1894/1067/3 1895/1074/3
f 1786/983/3 1895/1074/3 1784/981/3
f 1896/1070/10 1897/1069/10 1898/1060/10
f 1896/1070/10 1898/1060/10 1899/1063/10
f 1789/986/10 1900/1059/10 1901/1066/10
f 1789/986/10 1901/1066/10 1787/984/10
s 1
f 1902/1075/14 1903/1076/14 1904/1077/305
f 1902/1075/14 1904/1077/305 1905/1078/305
s 0
f 1906/1076/3 1907/1079/3 1908/1080/3
f 1906/1076/3 1908/1080/3 1909/1077/3
s 1
f 1910/1079/11 1911/1081/11 1912/1082/306
f 1910/1079/11 1912/1082/306 1913/1080/306
s 0
f 1914/1081/10 1915/1083/10 1916/1084/10
f 1914/1081/10 1916/1084/10 1917/1082/10
s 1
f 1918/1085/14 1919/1086/14 1920/1087/307
f 1918/1085/14 1920/1087/307 1921/1088/307
s 0
f 1922/1086/3 1923/1089/3 1924/1090/3
f 1922/1086/3 1924/1090/3 1925/1087/3
s 1
f 1926/1089/11 1927/1091/11 1928/1092/308
f 1926/1089/11 1928/1092/308 1929/1090/308
s 0
f 1930/1093/10 1931/1085/10 1932/1088/10
f 1930/1093/10 1932/1088/10 1933/1094/10
s 1
f 1934/1095/309 1935/987/309 1936/1096/308
f 1934/1095/309 1936/1096/308 1937/1097/308
f 1938/1098/305 1939/1099/305 1940/1100/310
f 1938/1098/305 1940/1100/310 1941/1101/310
f 1942/1102/311 1943/990/312 1944/989/312
f 1942/1102/311 1944/989/312 1945/1103/311
f 1944/989/312 1943/990/312 1946/1104/313
f 1944/989/312 1946/1104/313 1947/1105/313
f 1948/1106/306 1949/1107/306 1950/1108/314
f 1948/1106/306 1950/1108/314 1951/1109/314
s 0
f 1952/1100/3 1953/1099/3 1954/1106/3
f 1952/1100/3 1954/1106/3 1955/1109/3
f 1792/989/3 1956/1105/3 1957/1096/3
f 1792/989/3 1957/1096/3 1790/987/3
f 1958/1108/10 1959/1107/10 1960/1110/10
f 1958/1108/10 1960/1110/10 1961/1111/10
f 1795/992/10 1962/1112/10 1963/1104/10
f 1795/992/10 1963/1104/10 1793/990/10
s 1
f 1964/1113/14 1965/1114/14 1966/1115/315
f 1964/1113/14 1966/1115/315 1967/1116/316
s 0
f 1968/1114/3 1969/1117/3 1970/1118/3
f 1968/1114/3 1970/1118/3 1971/1115/3
s 1
f 1972/1117/11 1973/1119/11 1974/1120/317
f 1972/1117/11 1974/1120/317 1975/1118/318
s 0
f 1976/1121/10 1977/1113/10 1978/1116/10
f 1976/1121/10 1978/1116/10 1979/1122/10
s 1
f 1980/1123/14 1981/1124/14 1982/1125/319
f 1980/1123/14 1982/1125/319 1983/1126/320
s 0
f 1984/1124/3 1985/1127/3 1986/1128/3
f 1984/1124/3 1986/1128/3 1987/1125/3
s 1
f 1988/1129/11 1989/1130/11 1990/1131/321
f 1988/1129/11 1990/1131/321 1991/1132/322
s 0
f 1992/1130/10 1993/1123/10 1994/1126/10
f 1992/1130/10 1994/1126/10 1995/1131/10
s 1
f 1996/1133/323 1997/1134/322 1998/1135/324
f 1996/1133/323 1998/1135/324 1999/1136/325
f 1999/1136/325 2000/1137/318 2001/1138/326
f 1999/1136/325 2001/1138/326 1996/1133/323
f 2002/1136/327 2003/1135/328 2004/1139/328
f 2002/1136/327 2004/1139/328 2005/1140/329
f 2005/1140/329 2006/1141/330 2007/1137/330
f 2005/1140/329 2007/1137/330 2002/1136/327
f 2008/1140/331 2009/1139/320 2010/1142/332
f 2008/1140/331 2010/1142/332 2011/1143/333
f 2011/1143/333 2012/1144/316 2013/1141/315
f 2011/1143/333 2013/1141/315 2008/1140/331
f 2014/1143/334 2015/1142/335 2016/1145/335
f 2014/1143/334 2016/1145/335 2017/1146/336
f 2017/1146/336 2018/1147/337 2019/1144/337
f 2017/1146/336 2019/1144/337 2014/1143/334
s 0
f 2020/1148/11 2021/1149/11 2022/1150/11
f 2020/1148/11 2022/1150/11 2023/1151/11
f 2024/1152/3 2025/1153/3 2026/1151/3
f 2024/1152/3 2026/1151/3 2027/1154/3
s 1
f 2028/1155/14 2029/1156/14 2030/1154/338
f 2028/1155/14 2030/1154/338 2031/1157/339
s 0
f 2032/1158/10 2033/1159/10 2034/1157/10
f 2032/1158/10 2034/1157/10 2035/1150/10
s 1
f 2036/1151/340 2037/1150/340 2038/1160/341
f 2036/1151/340 2038/1160/341 2039/1161/341
f 2030/1154/338 2036/1151/340 2039/1161/341
f 2030/1154/338 2039/1161/341 2040/1162/342
f 2031/1157/339 2030/1154/338 2040/1162/342
f 2031/1157/339 2040/1162/342 2041/1163/340
f 2037/1150/340 2031/1157/339 2041/1163/340
f 2037/1150/340 2041/1163/340 2038/1160/341
f 2039/1161/341 2038/1160/341 2042/1164/339
f 2039/1161/341 2042/1164/339 2043/1165/339
s 0
f 2044/1162/10 2045/1161/10 2046/1165/10
f 2044/1162/10 2046/1165/10 2047/1166/10
f 2048/1163/11 2049/1162/11 2050/1166/11
f 2048/1163/11 2050/1166/11 2051/1167/11
f 2052/1160/3 2053/1163/3 2054/1167/3
f 2052/1160/3 2054/1167/3 2055/1164/3
s 1
f 2056/1168/340 2057/1169/340 2058/1170/339
f 2056/1168/340 2058/1170/339 2059/1171/339
s 0
f 2060/1148/11 2061/1149/11 2062/1150/11
f 2060/1148/11 2062/1150/11 2063/1151/11
f 2064/1152/3 2065/1153/3 2066/1151/3
f 2064/1152/3 2066/1151/3 2067/1154/3
s 1
f 2068/1155/14 2069/1156/14 2070/1154/338
f 2068/1155/14 2070/1154/338 2071/1157/339
s 0
f 2072/1158/10 2073/1159/10 2074/1157/10
f 2072/1158/10 2074/1157/10 2075/1150/10
s 1
f 2076/1151/340 2077/1150/340 2078/1160/341
f 2076/1151/340 2078/1160/341 2079/1161/341
f 2070/1154/338 2076/1151/340 2079/1161/341
f 2070/1154/338 2079/1161/341 2080/1162/340
f 2071/1157/339 2070/1154/338 2080/1162/340
f 2071/1157/339 2080/1162/340 2081/1163/340
f 2077/1150/340 2071/1157/339 2081/1163/340
f 2077/1150/340 2081/1163/340 2078/1160/341
f 2079/1161/341 2078/1160/341 2082/1164/339
f 2079/1161/341 2082/1164/339 2083/1165/339
s 0
f 2084/1162/10 2085/1161/10 2086/1165/10
f 2084/1162/10 2086/1165/10 2087/1166/10
f 2088/1163/11 2089/1162/11 2090/1166/11
f 2088/1163/11 2090/1166/11 2091/1167/11
f 2092/1160/3 2093/1163/3 2094/1167/3
f 2092/1160/3 2094/1167/3 2095/1164/3
s 1
f 2096/1172/340 2097/1173/340 2098/1174/339
f 2096/1172/340 2098/1174/339 2099/1175/339
s 0
f 2100/1148/11 2101/1149/11 2102/1150/11
f 2100/1148/11 2102/1150/11 2103/1151/11
f 2104/1152/3 2105/1153/3 2106/1151/3
f 2104/1152/3 2106/1151/3 2107/1154/3
s 1
f 2108/1155/14 2109/1156/14 2110/1154/339
f 2108/1155/14 2110/1154/339 2111/1157/339
s 0
f 2112/1158/10 2113/1159/10 2114/1157/10
f 2112/1158/10 2114/1157/10 2115/1150/10
s 1
f 2116/1151/340 2117/1150/340 2118/1160/341
f 2116/1151/340 2118/1160/341 2119/1161/341
f 2110/1154/339 2116/1151/340 2119/1161/341
f 2110/1154/339 2119/1161/341 2120/1162/340
f 2111/1157/339 2110/1154/339 2120/1162/340
f 2111/1157/339 2120/1162/340 2121/1163/340
f 2117/1150/340 2111/1157/339 2121/1163/340
f 2117/1150/340 2121/1163/340 2118/1160/341
f 2119/1161/341 2118/1160/341 2122/1164/339
f 2119/1161/341 2122/1164/339 2123/1165/339
s 0
f 2124/1162/10 2125/1161/10 2126/1165/10
f 2124/1162/10 2126/1165/10 2127/1166/10
f 2128/1163/11 2129/1162/11 2130/1166/11
f 2128/1163/11 2130/1166/11 2131/1167/11
f 2132/1160/3 2133/1163/3 2134/1167/3
f 2132/1160/3 2134/1167/3 2135/1164/3
s 1
f 2136/1176/340 2137/1177/340 2138/1178/339
f 2136/1176/340 2138/1178/339 2139/1179/339
s 0
f 2140/34/11 2141/33/11 2142/1180/11
f 2140/34/11 2142/1180/11 2143/1181/11
f 2144/1182/3 2145/1183/3 2146/1181/3
f 2144/1182/3 2146/1181/3 2147/1184/3
f 2148/1185/14 2149/1186/14 2150/1184/14
f 2148/1185/14 2150/1184/14 2151/1187/14
f 2152/1188/10 2153/1189/10 2154/1187/10
f 2152/1188/10 2154/1187/10 2155/1180/10
f 2156/1187/2 2157/1184/2 2158/1181/2
f 2156/1187/2 2158/1181/2 2159/1180/2
s 1
f 1812/1009/277 1804/1001/343 1813/1010/278
f 1804/1001/343 1812/1009/277 1798/995/263
f 1800/997/265 1812/1009/277 1814/1011/279
f 1812/1009/277 1800/997/265 1798/995/263
f 1825/1022/344 1835/1032/300 1834/1031/299
f 1835/1032/300 1825/1022/344 1819/1016/284
f 1835/1032/300 1823/1020/345 1836/1033/301
f 1823/1020/345 1835/1032/300 1819/1016/284
s 0
f 2160/451/346 2161/452/346 2162/453/346
f 2163/454/347 2164/455/347 2165/456/347
s 1
f 2166/457/348 2167/453/349 2168/458/350
f 2169/459/351 2170/454/352 2171/460/353
f 2172/461/354 2173/455/355 2174/462/356
f 2175/463/356 2176/452/357 2177/464/354
s 0
f 2178/465/358 2179/466/358 2180/467/358
s 1
f 2181/468/359 2182/465/360 2183/469/361
f 2184/470/362 2185/466/363 2186/471/364
f 2187/472/365 2188/473/366 2189/474/367
f 2188/473/366 2187/472/365 2190/475/368
f 2191/476/369 2187/472/365 2189/474/367
s 0
f 2192/938/370 2193/939/370 2194/940/370
f 2195/941/371 2196/942/371 2197/943/371
f 2198/944/372 2199/945/372 2200/946/372
f 2201/947/373 2202/948/373 2203/949/373
f 2204/938/374 2205/939/374 2206/940/374
f 2207/941/375 2208/942/375 2209/943/375
f 2210/944/376 2211/945/376 2212/946/376
f 2213/947/377 2214/948/377 2215/949/377
f 2216/563/378 2217/564/378 2218/565/378
f 2219/566/379 2220/567/379 2221/568/379
s 1
f 2222/569/380 2223/568/381 2224/570/382
f 2225/571/382 2226/563/383 2227/572/380
f 2228/573/384 2229/564/385 2230/574/386
f 2231/575/386 2232/567/387 2233/576/384
s 0
f 2234/233/34 2235/234/34 2236/235/34
f 2237/236/35 2238/237/35 2239/238/35
f 2240/239/36 2241/240/36 2242/241/36
f 2243/242/37 2244/243/37 2245/244/37
f 2246/670/3 2247/671/3 2248/672/3
f 2246/670/3 2249/673/3 2247/671/3
f 2250/674/3 2251/675/3 2252/676/3
f 2251/675/3 2253/677/3 2252/676/3
f 2254/678/10 2255/679/10 2256/680/10
f 2255/679/10 2257/681/10 2256/680/10
f 2258/682/10 2259/683/10 2260/684/10
f 2258/682/10 2261/685/10 2259/683/10
f 2262/377/10 2263/378/10 2264/379/10
f 2265/380/3 2266/381/3 2267/382/3
s 1
f 2268/383/388 2269/381/389 2270/384/390
f 2271/385/390 2272/378/389 2273/386/391
f 2274/387/392 2275/379/393 2276/388/394
f 2277/389/394 2278/380/395 2279/390/392
s 0
f 2280/938/232 2281/939/232 2282/940/232
f 2283/941/233 2284/942/233 2285/943/233
f 2286/944/234 2287/945/234 2288/946/234
f 2289/947/235 2290/948/235 2291/949/235
f 2292/938/232 2293/939/232 2294/940/232
f 2295/941/233 2296/942/233 2297/943/233
f 2298/944/234 2299/945/234 2300/946/234
f 2301/947/235 2302/948/235 2303/949/235
f 2304/938/232 2305/939/232 2306/940/232
f 2307/941/233 2308/942/233 2309/943/233
f 2310/944/234 2311/945/234 2312/946/234
f 2313/947/235 2314/948/235 2315/949/235
f 2316/938/232 2317/939/232 2318/940/232
f 2319/941/233 2320/942/233 2321/943/233
f 2322/944/234 2323/945/234 2324/946/234
f 2325/947/235 2326/948/235 2327/949/235
f 2328/938/232 2329/939/232 2330/940/232
f 2331/941/233 2332/942/233 2333/943/233
f 2334/944/234 2335/945/234 2336/946/234
f 2337/947/235 2338/948/235 2339/949/235
s 1
f 2340/938/232 2341/939/232 2342/940/232
s 0
f 2343/941/233 2344/942/233 2345/943/233
f 2346/944/234 2347/945/234 2348/946/234
f 2349/947/235 2350/948/235 2351/949/235
f 2352/938/232 2353/939/232 2354/940/232
f 2355/941/233 2356/942/233 2357/943/233
f 2358/944/234 2359/945/234 2360/946/234
s 1
f 2361/947/235 2362/948/235 2363/949/235
s 0
f 2364/981/3 2365/982/3 2366/983/3
f 2367/984/10 2368/985/10 2369/986/10
f 2370/987/174 2371/988/174 2372/989/174
f 2373/990/260 2374/991/260 2375/992/260
f 2376/981/396 2377/982/396 2378/983/396
f 2379/984/397 2380/985/397 2381/986/397
f 2382/987/398 2383/988/398 2384/989/398
f 2385/990/399 2386/991/399 2387/992/399
f 2388/477/346 2389/478/346 2390/479/346
f 2388/477/346 2390/479/346 2391/480/346
s 1
f 2392/480/400 2393/479/401 2394/481/359
f 2392/480/400 2394/481/359 2395/482/402
f 2396/482/403 2397/481/403 2398/483/403
f 2396/482/403 2398/483/403 2399/484/365
s 0
f 2164/455/347 2163/454/347 2400/485/347
f 2164/455/347 2400/485/347 2401/486/347
f 2402/487/346 2403/488/346 2162/453/346
f 2402/487/346 2162/453/346 2161/452/346
s 1
f 2170/454/352 2404/456/404 2405/489/404
f 2170/454/352 2405/489/404 2171/460/353
s 0
f 2406/460/405 2407/489/405 2408/490/405
f 2406/460/347 2408/490/347 2409/459/347
s 1
f 2410/451/406 2167/453/349 2166/457/348
f 2410/451/406 2166/457/348 2411/491/406
s 0
f 2412/491/346 2413/457/346 2414/458/346
f 2412/491/346 2414/458/346 2415/492/346
s 1
f 2416/456/407 2173/455/355 2172/461/354
f 2416/456/407 2172/461/354 2417/489/407
s 0
f 2407/489/347 2418/461/347 2419/462/347
f 2407/489/405 2419/462/405 2408/490/405
s 1
f 2176/452/357 2420/451/407 2421/491/407
f 2176/452/357 2421/491/407 2177/464/354
s 0
f 2422/464/346 2412/491/346 2415/492/346
f 2422/464/408 2415/492/408 2423/463/408
f 2424/493/358 2425/494/358 2179/466/358
f 2424/493/358 2179/466/358 2178/465/358
s 1
f 2426/467/409 2185/466/363 2184/470/362
f 2426/467/409 2184/470/362 2427/495/409
s 0
f 2428/495/358 2429/470/358 2430/471/358
f 2428/495/358 2430/471/358 2431/496/358
s 1
f 2182/465/360 2432/467/410 2433/495/411
f 2182/465/360 2433/495/411 2183/469/361
s 0
f 2434/469/358 2428/495/358 2431/496/358
f 2434/469/412 2431/496/412 2435/468/412
f 2436/497/413 2437/498/413 2438/499/413
f 2436/497/413 2438/499/413 2439/500/413
s 1
f 2440/500/414 2441/499/357 2442/474/356
f 2440/500/414 2442/474/356 2443/473/356
s 0
f 2444/501/358 2445/502/358 2446/503/358
f 2444/501/358 2446/503/358 2447/504/358
f 2448/505/358 2449/506/358 2450/507/358
f 2448/505/358 2450/507/358 2451/508/358
s 1
f 2452/501/415 2453/504/416 2454/509/351
f 2452/501/415 2454/509/351 2455/510/417
f 2456/510/418 2457/509/418 2458/511/418
f 2456/510/418 2458/511/418 2459/512/419
f 2460/507/420 2461/506/421 2462/513/402
f 2460/507/420 2462/513/402 2463/514/350
f 2464/514/422 2465/513/423 2466/515/419
f 2464/514/422 2466/515/419 2467/516/423
s 0
f 2468/517/347 2469/518/347 2470/519/347
f 2468/517/347 2470/519/347 2471/520/347
s 1
f 2472/518/424 2473/517/415 2474/521/417
f 2472/518/424 2474/521/417 2475/522/364
f 2476/522/425 2477/521/426 2478/523/426
f 2476/522/425 2478/523/426 2479/524/426
s 0
f 2480/825/427 2481/826/427 2482/827/427
f 2480/825/427 2482/827/427 2483/828/427
f 2484/829/428 2485/830/428 2486/831/428
f 2484/829/428 2486/831/428 2487/832/428
f 2488/833/427 2480/825/427 2483/828/427
s 1
f 2488/833/427 2483/828/427 2489/834/427
s 0
f 2485/830/428 2490/835/428 2491/836/428
f 2485/830/428 2491/836/428 2486/831/428
s 1
f 2492/837/429 2493/838/430 2494/839/430
f 2492/837/429 2494/839/430 2495/840/429
f 2496/841/429 2492/837/429 2495/840/429
f 2496/841/429 2495/840/429 2497/842/429
f 2498/843/431 2499/844/431 2500/845/431
f 2498/843/431 2500/845/431 2501/846/431
f 2502/847/432 2498/843/431 2501/846/431
f 2502/847/432 2501/846/431 2503/848/432
s 0
f 2504/849/432 2505/850/432 2506/851/432
f 2504/849/432 2506/851/432 2507/852/432
f 2508/853/432 2509/854/432 2510/855/432
f 2508/853/433 2510/855/433 2511/856/433
f 2512/857/433 2513/858/433 2514/859/433
f 2512/857/432 2514/859/432 2515/860/432
f 2516/861/432 2517/862/432 2518/863/432
f 2516/861/432 2518/863/432 2519/864/432
s 1
f 2520/865/432 2521/866/432 2500/845/431
f 2520/865/432 2500/845/431 2499/844/431
f 2522/867/430 2523/868/430 2496/841/429
f 2522/867/430 2496/841/429 2497/842/429
s 0
f 2524/869/2 2525/870/2 2526/871/2
f 2524/869/2 2526/871/2 2527/872/2
f 2528/873/428 2529/869/428 2530/874/428
f 2528/873/428 2530/874/428 2531/875/428
f 2532/872/427 2533/876/427 2534/877/427
f 2532/872/427 2534/877/427 2535/878/427
f 2536/874/2 2537/879/2 2538/880/2
f 2536/874/2 2538/880/2 2539/875/2
f 2540/881/2 2541/882/2 2542/883/2
f 2540/881/2 2542/883/2 2543/884/2
f 2544/885/2 2545/886/2 2546/887/2
f 2544/885/2 2546/887/2 2547/888/2
f 2548/889/2 2549/890/2 2550/891/2
f 2548/889/2 2550/891/2 2551/892/2
f 2552/881/427 2553/884/427 2554/893/427
f 2552/881/427 2554/893/427 2555/894/427
f 2556/879/430 2557/881/430 2558/894/430
f 2556/879/430 2558/894/430 2559/895/430
f 2560/880/434 2561/879/434 2562/895/434
f 2560/880/434 2562/895/434 2563/896/434
f 2564/895/2 2565/894/2 2566/893/2
f 2564/895/2 2566/893/2 2567/896/2
f 2568/885/427 2569/888/427 2570/897/427
f 2568/885/435 2570/897/435 2571/898/435
f 2572/882/430 2573/885/430 2574/898/430
f 2572/882/430 2574/898/430 2575/899/430
f 2576/883/428 2577/882/428 2578/899/428
f 2576/883/434 2578/899/434 2579/900/434
f 2580/899/2 2581/898/2 2582/897/2
f 2580/899/2 2582/897/2 2583/900/2
f 2584/889/435 2585/892/435 2586/901/435
f 2584/889/427 2586/901/427 2587/902/427
f 2588/886/430 2589/889/430 2590/902/430
f 2588/886/430 2590/902/430 2591/903/430
f 2592/887/428 2593/886/428 2594/903/428
f 2592/887/428 2594/903/428 2595/904/428
f 2596/903/2 2597/902/2 2598/901/2
f 2596/903/2 2598/901/2 2599/904/2
f 2535/878/427 2534/877/427 2600/905/427
f 2535/878/435 2600/905/435 2601/906/435
f 2602/890/430 2603/878/430 2604/906/430
f 2602/890/430 2604/906/430 2605/907/430
f 2606/891/428 2607/890/428 2608/907/428
f 2606/891/428 2608/907/428 2609/908/428
f 2610/907/2 2611/906/2 2612/905/2
f 2610/907/2 2612/905/2 2613/908/2
s 1
f 2614/950/436 2615/951/436 2616/952/437
f 2614/950/436 2616/952/437 2617/953/437
f 2618/954/438 2619/950/438 2620/953/439
f 2618/954/438 2620/953/439 2621/955/439
f 2622/956/440 2623/954/440 2624/955/441
f 2622/956/440 2624/955/441 2625/957/441
f 2626/958/442 2627/956/442 2628/957/443
f 2626/958/442 2628/957/443 2629/959/443
s 0
f 2615/951/436 2614/950/436 2630/960/436
f 2615/951/436 2630/960/436 2631/961/436
s 1
f 2619/950/438 2618/954/438 2632/962/438
s 0
f 2619/950/438 2632/962/438 2633/960/438
f 2623/954/440 2622/956/440 2634/963/440
f 2623/954/440 2634/963/440 2635/962/440
f 2627/956/442 2626/958/442 2636/964/442
f 2627/956/442 2636/964/442 2637/963/442
s 1
f 2638/965/444 2639/966/445 2640/967/446
f 2638/965/444 2640/967/446 2641/968/447
f 2642/969/443 2643/970/443 2644/971/448
f 2642/969/443 2644/971/448 2645/972/449
f 2646/973/450 2647/974/450 2648/975/451
f 2646/973/450 2648/975/451 2649/976/452
f 2650/977/453 2651/978/454 2652/979/455
f 2650/977/453 2652/979/455 2653/980/455
f 2641/968/447 2640/967/446 2654/939/456
f 2641/968/447 2654/939/456 2655/938/457
f 2656/972/458 2644/971/459 2657/943/460
f 2656/972/458 2657/943/460 2658/942/461
f 2649/976/462 2659/975/447 2660/945/463
f 2649/976/462 2660/945/463 2661/944/464
f 2662/980/459 2663/979/462 2664/949/465
f 2662/980/459 2664/949/465 2665/948/466
s 0
f 2666/825/467 2667/826/467 2668/827/467
f 2666/825/467 2668/827/467 2669/828/467
f 2670/829/468 2671/830/468 2672/831/468
f 2670/829/468 2672/831/468 2673/832/468
f 2674/833/467 2666/825/467 2669/828/467
f 2674/833/467 2669/828/467 2675/834/467
s 1
f 2671/830/468 2676/835/468 2677/836/468
s 0
f 2671/830/468 2677/836/468 2672/831/468
s 1
f 2678/837/469 2679/838/470 2680/839/470
f 2678/837/469 2680/839/470 2681/840/469
f 2682/841/469 2678/837/469 2681/840/469
f 2682/841/469 2681/840/469 2683/842/469
f 2684/843/471 2685/844/471 2686/845/471
f 2684/843/471 2686/845/471 2687/846/471
f 2688/847/472 2684/843/471 2687/846/471
f 2688/847/472 2687/846/471 2689/848/472
s 0
f 2690/849/472 2691/850/472 2692/851/472
f 2690/849/472 2692/851/472 2693/852/472
f 2694/853/472 2695/854/472 2696/855/472
f 2694/853/472 2696/855/472 2697/856/472
f 2698/857/472 2699/858/472 2700/859/472
f 2698/857/472 2700/859/472 2701/860/472
f 2702/861/472 2703/862/472 2704/863/472
f 2702/861/472 2704/863/472 2705/864/472
s 1
f 2706/865/472 2707/866/472 2686/845/471
f 2706/865/472 2686/845/471 2685/844/471
f 2708/867/470 2709/868/470 2682/841/469
f 2708/867/470 2682/841/469 2683/842/469
s 0
f 2710/869/2 2711/870/2 2712/871/2
f 2710/869/2 2712/871/2 2713/872/2
f 2714/873/473 2715/869/473 2716/874/473
f 2714/873/468 2716/874/468 2717/875/468
f 2718/872/467 2719/876/467 2720/877/467
f 2718/872/467 2720/877/467 2721/878/467
f 2722/874/2 2723/879/2 2724/880/2
f 2722/874/2 2724/880/2 2725/875/2
f 2726/881/2 2727/882/2 2728/883/2
f 2726/881/2 2728/883/2 2729/884/2
f 2730/885/2 2731/886/2 2732/887/2
f 2730/885/2 2732/887/2 2733/888/2
f 2734/889/2 2735/890/2 2736/891/2
f 2734/889/2 2736/891/2 2737/892/2
f 2738/881/467 2739/884/467 2740/893/467
f 2738/881/467 2740/893/467 2741/894/467
f 2742/879/470 2743/881/470 2744/894/470
f 2742/879/470 2744/894/470 2745/895/470
f 2746/880/468 2747/879/468 2748/895/468
f 2746/880/473 2748/895/473 2749/896/473
f 2750/895/2 2751/894/2 2752/893/2
f 2750/895/2 2752/893/2 2753/896/2
f 2754/885/467 2755/888/467 2756/897/467
s 1
f 2754/885/474 2756/897/474 2757/898/474
s 0
f 2758/882/470 2759/885/470 2760/898/470
f 2758/882/470 2760/898/470 2761/899/470
f 2762/883/468 2763/882/468 2764/899/468
f 2762/883/473 2764/899/473 2765/900/473
f 2766/899/2 2767/898/2 2768/897/2
f 2766/899/2 2768/897/2 2769/900/2
f 2770/889/467 2771/892/467 2772/901/467
f 2770/889/474 2772/901/474 2773/902/474
f 2774/886/470 2775/889/470 2776/902/470
f 2774/886/470 2776/902/470 2777/903/470
f 2778/887/468 2779/886/468 2780/903/468
f 2778/887/468 2780/903/468 2781/904/468
f 2782/903/2 2783/902/2 2784/901/2
f 2782/903/2 2784/901/2 2785/904/2
f 2721/878/467 2720/877/467 2786/905/467
f 2721/878/467 2786/905/467 2787/906/467
f 2788/890/470 2789/878/470 2790/906/470
f 2788/890/470 2790/906/470 2791/907/470
f 2792/891/468 2793/890/468 2794/907/468
f 2792/891/468 2794/907/468 2795/908/468
f 2796/907/2 2797/906/2 2798/905/2
f 2796/907/2 2798/905/2 2799/908/2
f 2800/825/475 2801/826/475 2802/827/475
f 2800/825/475 2802/827/475 2803/828/475
f 2804/829/476 2805/830/476 2806/831/476
f 2804/829/476 2806/831/476 2807/832/476
f 2808/833/475 2800/825/475 2803/828/475
f 2808/833/475 2803/828/475 2809/834/475
f 2805/830/476 2810/835/476 2811/836/476
f 2805/830/476 2811/836/476 2806/831/476
s 1
f 2812/837/477 2813/838/478 2814/839/478
f 2812/837/477 2814/839/478 2815/840/477
f 2816/841/477 2812/837/477 2815/840/477
f 2816/841/477 2815/840/477 2817/842/477
f 2818/843/479 2819/844/479 2820/845/479
f 2818/843/479 2820/845/479 2821/846/479
f 2822/847/480 2818/843/479 2821/846/479
f 2822/847/480 2821/846/479 2823/848/480
s 0
f 2824/849/480 2825/850/480 2826/851/480
f 2824/849/480 2826/851/480 2827/852/480
f 2828/853/480 2829/854/480 2830/855/480
f 2828/853/480 2830/855/480 2831/856/480
f 2832/857/480 2833/858/480 2834/859/480
f 2832/857/480 2834/859/480 2835/860/480
f 2836/861/480 2837/862/480 2838/863/480
f 2836/861/480 2838/863/480 2839/864/480
s 1
f 2840/865/480 2841/866/480 2820/845/479
f 2840/865/480 2820/845/479 2819/844/479
f 2842/867/478 2843/868/478 2816/841/477
f 2842/867/478 2816/841/477 2817/842/477
s 0
f 2844/869/2 2845/870/2 2846/871/2
f 2844/869/2 2846/871/2 2847/872/2
f 2848/873/481 2849/869/481 2850/874/481
f 2848/873/481 2850/874/481 2851/875/481
f 2852/872/475 2853/876/475 2854/877/475
f 2852/872/482 2854/877/482 2855/878/482
f 2856/874/2 2857/879/2 2858/880/2
f 2856/874/2 2858/880/2 2859/875/2
f 2860/881/2 2861/882/2 2862/883/2
f 2860/881/2 2862/883/2 2863/884/2
f 2864/885/2 2865/886/2 2866/887/2
f 2864/885/2 2866/887/2 2867/888/2
f 2868/889/2 2869/890/2 2870/891/2
f 2868/889/2 2870/891/2 2871/892/2
f 2872/881/475 2873/884/475 2874/893/475
f 2872/881/482 2874/893/482 2875/894/482
f 2876/879/478 2877/881/478 2878/894/478
f 2876/879/478 2878/894/478 2879/895/478
f 2880/880/476 2881/879/476 2882/895/476
f 2880/880/476 2882/895/476 2883/896/476
f 2884/895/2 2885/894/2 2886/893/2
f 2884/895/2 2886/893/2 2887/896/2
f 2888/885/482 2889/888/482 2890/897/482
f 2888/885/475 2890/897/475 2891/898/475
f 2892/882/478 2893/885/478 2894/898/478
f 2892/882/478 2894/898/478 2895/899/478
f 2896/883/476 2897/882/476 2898/899/476
f 2896/883/481 2898/899/481 2899/900/481
f 2900/899/2 2901/898/2 2902/897/2
f 2900/899/2 2902/897/2 2903/900/2
f 2904/889/482 2905/892/482 2906/901/482
f 2904/889/475 2906/901/475 2907/902/475
f 2908/886/478 2909/889/478 2910/902/478
f 2908/886/478 2910/902/478 2911/903/478
f 2912/887/476 2913/886/476 2914/903/476
f 2912/887/476 2914/903/476 2915/904/476
f 2916/903/2 2917/902/2 2918/901/2
f 2916/903/2 2918/901/2 2919/904/2
f 2855/878/482 2854/877/482 2920/905/482
f 2855/878/475 2920/905/475 2921/906/475
f 2922/890/478 2923/878/478 2924/906/478
f 2922/890/478 2924/906/478 2925/907/478
f 2926/891/481 2927/890/481 2928/907/481
f 2926/891/476 2928/907/476 2929/908/476
f 2930/907/2 2931/906/2 2932/905/2
f 2930/907/2 2932/905/2 2933/908/2
s 1
f 2934/950/483 2935/951/483 2936/952/484
f 2934/950/483 2936/952/484 2937/953/484
f 2938/954/485 2939/950/485 2940/953/486
f 2938/954/485 2940/953/486 2941/955/486
f 2942/956/487 2943/954/487 2944/955/488
f 2942/956/487 2944/955/488 2945/957/488
f 2946/958/489 2947/956/489 2948/957/490
f 2946/958/489 2948/957/490 2949/959/490
s 0
f 2935/951/483 2934/950/483 2950/960/483
f 2935/951/483 2950/960/483 2951/961/483
f 2939/950/485 2938/954/485 2952/962/485
f 2939/950/485 2952/962/485 2953/960/485
f 2943/954/487 2942/956/487 2954/963/487
f 2943/954/487 2954/963/487 2955/962/487
f 2947/956/489 2946/958/489 2956/964/489
f 2947/956/489 2956/964/489 2957/963/489
s 1
f 2958/965/491 2959/966/484 2960/967/492
f 2958/965/491 2960/967/492 2961/968/493
f 2962/969/494 2963/970/490 2964/971/495
f 2962/969/494 2964/971/495 2965/972/496
f 2966/973/497 2967/974/486 2968/975/498
f 2966/973/497 2968/975/498 2969/976/499
f 2970/977/500 2971/978/488 2972/979/501
f 2970/977/500 2972/979/501 2973/980/502
f 2961/968/493 2960/967/492 2974/939/503
f 2961/968/493 2974/939/503 2975/938/504
f 2976/972/505 2964/971/506 2977/943/507
f 2976/972/505 2977/943/507 2978/942/508
f 2969/976/509 2979/975/510 2980/945/511
f 2969/976/509 2980/945/511 2981/944/512
f 2982/980/513 2983/979/509 2984/949/514
f 2982/980/513 2984/949/514 2985/948/515
s 0
f 2986/825/475 2987/826/475 2988/827/475
f 2986/825/475 2988/827/475 2989/828/475
f 2990/829/476 2991/830/476 2992/831/476
f 2990/829/476 2992/831/476 2993/832/476
f 2994/833/475 2986/825/475 2989/828/475
f 2994/833/475 2989/828/475 2995/834/475
f 2991/830/476 2996/835/476 2997/836/476
f 2991/830/476 2997/836/476 2992/831/476
s 1
f 2998/837/477 2999/838/478 3000/839/478
f 2998/837/477 3000/839/478 3001/840/477
f 3002/841/477 2998/837/477 3001/840/477
f 3002/841/477 3001/840/477 3003/842/477
f 3004/843/479 3005/844/479 3006/845/479
f 3004/843/479 3006/845/479 3007/846/479
f 3008/847/480 3004/843/479 3007/846/479
f 3008/847/480 3007/846/479 3009/848/480
s 0
f 3010/849/480 3011/850/480 3012/851/480
f 3010/849/480 3012/851/480 3013/852/480
f 3014/853/480 3015/854/480 3016/855/480
f 3014/853/480 3016/855/480 3017/856/480
f 3018/857/480 3019/858/480 3020/859/480
f 3018/857/480 3020/859/480 3021/860/480
f 3022/861/480 3023/862/480 3024/863/480
f 3022/861/480 3024/863/480 3025/864/480
s 1
f 3026/865/480 3027/866/480 3006/845/479
f 3026/865/480 3006/845/479 3005/844/479
f 3028/867/478 3029/868/478 3002/841/477
f 3028/867/478 3002/841/477 3003/842/477
s 0
f 3030/869/2 3031/870/2 3032/871/2
f 3030/869/2 3032/871/2 3033/872/2
f 3034/873/481 3035/869/481 3036/874/481
f 3034/873/481 3036/874/481 3037/875/481
f 3038/872/482 3039/876/482 3040/877/482
f 3038/872/482 3040/877/482 3041/878/482
f 3042/874/2 3043/879/2 3044/880/2
f 3042/874/2 3044/880/2 3045/875/2
f 3046/881/2 3047/882/2 3048/883/2
f 3046/881/2 3048/883/2 3049/884/2
f 3050/885/2 3051/886/2 3052/887/2
f 3050/885/2 3052/887/2 3053/888/2
f 3054/889/2 3055/890/2 3056/891/2
f 3054/889/2 3056/891/2 3057/892/2
f 3058/881/482 3059/884/482 3060/893/482
f 3058/881/482 3060/893/482 3061/894/482
f 3062/879/478 3063/881/478 3064/894/478
f 3062/879/478 3064/894/478 3065/895/478
f 3066/880/476 3067/879/476 3068/895/476
f 3066/880/476 3068/895/476 3069/896/476
f 3070/895/2 3071/894/2 3072/893/2
f 3070/895/2 3072/893/2 3073/896/2
f 3074/885/475 3075/888/475 3076/897/475
f 3074/885/482 3076/897/482 3077/898/482
f 3078/882/478 3079/885/478 3080/898/478
f 3078/882/478 3080/898/478 3081/899/478
f 3082/883/476 3083/882/476 3084/899/476
f 3082/883/481 3084/899/481 3085/900/481
f 3086/899/2 3087/898/2 3088/897/2
f 3086/899/2 3088/897/2 3089/900/2
f 3090/889/475 3091/892/475 3092/901/475
f 3090/889/475 3092/901/475 3093/902/475
f 3094/886/478 3095/889/478 3096/902/478
f 3094/886/478 3096/902/478 3097/903/478
f 3098/887/476 3099/886/476 3100/903/476
f 3098/887/481 3100/903/481 3101/904/481
f 3102/903/2 3103/902/2 3104/901/2
f 3102/903/2 3104/901/2 3105/904/2
f 3041/878/475 3040/877/475 3106/905/475
f 3041/878/482 3106/905/482 3107/906/482
f 3108/890/478 3109/878/478 3110/906/478
f 3108/890/478 3110/906/478 3111/907/478
f 3112/891/481 3113/890/481 3114/907/481
f 3112/891/481 3114/907/481 3115/908/481
f 3116/907/2 3117/906/2 3118/905/2
f 3116/907/2 3118/905/2 3119/908/2
f 3120/577/516 3121/578/516 3122/579/516
f 3120/577/516 3122/579/516 3123/580/516
s 1
f 3124/580/517 3125/579/517 3126/581/382
f 3124/580/517 3126/581/382 3127/582/382
s 0
f 3128/583/518 3129/584/518 3130/582/518
f 3128/583/518 3130/582/518 3131/581/518
f 3132/585/378 3133/586/378 2217/564/378
f 3132/585/378 2217/564/378 2216/563/378
f 3134/587/379 3135/588/379 2221/568/379
f 3134/587/379 2221/568/379 2220/567/379
s 1
f 3136/565/519 2229/564/385 2228/573/384
f 3136/565/519 2228/573/384 3137/589/519
s 0
f 3138/589/378 3139/573/378 3140/574/378
f 3138/589/378 3140/574/378 3141/590/378
s 1
f 2232/567/387 3142/566/519 3143/591/519
f 2232/567/387 3143/591/519 2233/576/384
s 0
f 3144/576/520 3145/591/520 3146/592/520
f 3144/576/379 3146/592/379 3147/575/379
s 1
f 3148/566/521 2223/568/381 2222/569/380
f 3148/566/521 2222/569/380 3149/591/521
s 0
f 3145/591/379 3150/569/379 3151/570/379
f 3145/591/520 3151/570/520 3146/592/520
s 1
f 2226/563/383 3152/565/521 3153/589/521
f 2226/563/383 3153/589/521 2227/572/380
f 3154/572/378 3138/589/378 3141/590/378
s 0
f 3154/572/378 3141/590/378 3155/571/378
f 3156/593/522 3157/594/522 3158/595/522
f 3156/593/522 3158/595/522 3159/596/522
s 1
f 3160/596/523 3161/595/523 3162/597/386
f 3160/596/523 3162/597/386 3163/598/386
s 0
f 3164/599/524 3165/600/524 3166/598/524
f 3164/599/524 3166/598/524 3167/597/524
s 1
f 3168/245/14 3169/246/14 3170/247/38
f 3168/245/14 3170/247/38 3171/248/38
f 3172/249/10 3173/245/10 3174/248/39
f 3172/249/10 3174/248/39 3175/250/39
f 3176/251/11 3177/249/11 3178/250/40
f 3176/251/11 3178/250/40 3179/252/40
f 3180/246/3 3181/253/3 3182/254/41
f 3180/246/3 3182/254/41 3183/247/41
f 3171/248/38 3170/247/38 3184/255/42
f 3171/248/38 3184/255/42 3185/256/43
f 3183/247/41 3182/254/41 3186/257/44
f 3183/247/41 3186/257/44 3187/255/45
f 3175/250/39 3174/248/39 3188/256/46
f 3175/250/39 3188/256/46 3189/258/47
f 3179/252/40 3178/250/40 3190/258/48
f 3179/252/40 3190/258/48 3191/259/48
s 0
f 3169/246/14 3168/245/14 3192/260/14
f 3169/246/14 3192/260/14 3193/261/14
f 3173/245/10 3172/249/10 3194/262/10
f 3173/245/10 3194/262/10 3195/260/10
f 3177/249/11 3176/251/11 3196/263/11
f 3177/249/11 3196/263/11 3197/262/11
f 3181/253/3 3180/246/3 3198/261/3
f 3181/253/3 3198/261/3 3199/264/3
s 1
f 3200/265/49 3201/266/50 3202/234/51
f 3200/265/49 3202/234/51 3203/233/52
f 3204/267/53 3205/268/54 3206/238/55
f 3204/267/53 3206/238/55 3207/237/56
f 3208/269/47 3209/270/57 3210/240/58
f 3208/269/47 3210/240/58 3211/239/59
f 3212/271/54 3213/272/47 3214/244/60
f 3212/271/54 3214/244/60 3215/243/61
f 3216/686/211 3217/687/212 3218/688/212
f 3216/686/211 3218/688/212 3219/689/211
f 3217/687/212 3220/690/213 3221/691/213
f 3217/687/212 3221/691/213 3218/688/212
f 3220/690/213 3222/692/214 3223/693/214
f 3220/690/213 3223/693/214 3221/691/213
f 3222/692/214 3224/694/215 3225/695/215
f 3222/692/214 3225/695/215 3223/693/214
f 3224/694/215 3226/696/216 3227/697/216
f 3224/694/215 3227/697/216 3225/695/215
s 0
f 2246/670/3 2252/676/3 2253/677/3
f 2246/670/3 2253/677/3 2249/673/3
f 3228/676/217 3229/670/217 3230/698/217
f 3228/676/217 3230/698/217 3231/699/217
f 3232/700/218 3233/699/218 3234/698/218
f 3232/700/218 3234/698/218 3235/701/218
f 2258/682/10 2256/680/10 2257/681/10
f 2258/682/10 2257/681/10 2261/685/10
f 3236/680/219 3237/682/219 3238/702/219
f 3236/680/219 3238/702/219 3239/703/219
f 3240/704/220 3241/703/220 3242/702/220
f 3240/704/220 3242/702/220 3243/705/220
s 1
f 3244/391/525 3245/392/525 3246/393/390
f 3244/391/525 3246/393/390 3247/394/390
s 0
f 3248/394/526 3249/393/526 3250/395/526
f 3248/394/526 3250/395/526 3251/396/526
f 3252/397/2 3253/398/2 3254/399/2
f 3252/397/2 3254/399/2 3255/400/2
f 3256/399/11 3257/401/11 3258/402/11
f 3256/399/11 3258/402/11 3259/400/11
f 3260/403/11 3261/398/11 3262/397/11
f 3260/403/11 3262/397/11 3263/404/11
s 1
f 2278/380/395 3264/382/527 3265/405/527
f 2278/380/395 3265/405/527 2279/390/392
s 0
f 3266/390/3 3267/405/3 3268/406/3
f 3266/390/528 3268/406/528 3269/389/528
s 1
f 3270/377/527 2275/379/393 2274/387/392
f 3270/377/527 2274/387/392 3271/407/527
s 0
f 3272/407/10 3273/387/10 3274/388/10
f 3272/407/10 3274/388/10 3275/408/10
s 1
f 2272/378/389 3276/377/529 3277/407/529
f 2272/378/389 3277/407/529 2273/386/391
s 0
f 3278/386/10 3272/407/10 3275/408/10
f 3278/386/10 3275/408/10 3279/385/10
s 1
f 3280/382/529 2269/381/389 2268/383/388
f 3280/382/529 2268/383/388 3281/405/529
s 0
f 3267/405/3 3282/383/3 3283/384/3
f 3267/405/174 3283/384/174 3268/406/174
f 3284/409/10 3285/410/10 3286/411/10
f 3284/409/10 3286/411/10 3287/412/10
f 3288/413/2 3289/414/2 3290/415/2
f 3288/413/2 3290/415/2 3291/416/2
f 3292/417/3 3293/416/3 3294/415/3
f 3292/417/3 3294/415/3 3295/418/3
f 3296/410/2 3297/419/2 3298/420/2
f 3296/410/2 3298/420/2 3299/421/2
f 3300/411/14 3301/410/14 3302/421/14
f 3300/411/14 3302/421/14 3303/422/14
f 3304/421/10 3305/420/10 3306/423/10
f 3304/421/10 3306/423/10 3307/422/10
f 3308/424/2 3309/409/2 3310/425/2
f 3308/424/2 3310/425/2 3311/426/2
f 3312/409/11 3313/412/11 3314/427/11
f 3312/409/11 3314/427/11 3315/425/11
f 3316/427/10 3317/428/10 3318/426/10
f 3316/427/10 3318/426/10 3319/425/10
f 2265/380/3 3320/429/3 3321/430/3
f 2265/380/3 3321/430/3 2266/381/3
f 3320/429/3 3322/414/3 3323/413/3
f 3320/429/3 3323/413/3 3321/430/3
f 3324/431/10 2264/379/10 2263/378/10
f 3324/431/10 2263/378/10 3325/432/10
f 3326/431/1 3327/432/1 3328/433/1
f 3326/431/1 3328/433/1 3329/434/1
s 1
f 3330/435/530 3331/436/530 3332/437/394
f 3330/435/530 3332/437/394 3333/438/394
s 0
f 3334/438/531 3335/437/531 3336/439/531
f 3334/438/531 3336/439/531 3337/440/531
f 3338/441/2 3339/442/2 3340/443/2
f 3338/441/2 3340/443/2 3341/444/2
f 3342/445/14 3343/444/14 3344/443/14
f 3342/445/14 3344/443/14 3345/446/14
f 3346/447/14 3347/442/14 3348/441/14
f 3346/447/14 3348/441/14 3349/448/14
f 3350/706/11 3351/707/11 3352/708/11
f 3350/706/11 3352/708/11 3353/709/11
f 3354/710/14 3355/711/14 3356/712/14
f 3354/710/14 3356/712/14 3357/713/14
f 3358/714/11 3350/706/11 3353/709/11
f 3358/714/11 3353/709/11 3359/715/11
f 3355/711/14 3360/716/14 3361/717/14
f 3355/711/14 3361/717/14 3356/712/14
s 1
f 3362/718/14 3363/719/222 3364/720/222
f 3362/718/14 3364/720/222 3365/721/14
f 3366/722/11 3367/723/221 3368/724/221
f 3366/722/11 3368/724/221 3369/725/11
f 3370/726/224 3371/727/1 3372/728/1
f 3370/726/224 3372/728/1 3373/729/224
f 3373/729/224 3368/724/221 3367/723/221
f 3373/729/224 3367/723/221 3370/726/224
f 3374/730/532 3372/728/1 3371/727/1
f 3374/730/532 3371/727/1 3375/731/223
f 3375/731/223 3364/720/222 3363/719/222
f 3375/731/223 3363/719/222 3374/730/532
f 3376/732/226 3377/733/3 3378/734/3
f 3376/732/226 3378/734/3 3379/735/226
f 3380/736/226 3376/732/226 3379/735/226
f 3380/736/226 3379/735/226 3381/737/226
f 3382/738/225 3383/739/225 3384/740/225
f 3382/738/225 3384/740/225 3385/741/225
f 3386/742/10 3382/738/225 3385/741/225
f 3386/742/10 3385/741/225 3387/743/10
s 0
f 3388/744/10 3389/745/10 3390/746/10
f 3388/744/10 3390/746/10 3391/747/10
f 3392/748/10 3393/749/10 3394/750/10
f 3392/748/10 3394/750/10 3395/751/10
f 3396/752/10 3397/753/10 3398/754/10
f 3396/752/10 3398/754/10 3399/755/10
f 3400/756/10 3401/757/10 3402/758/10
f 3400/756/10 3402/758/10 3403/759/10
f 3404/760/2 3405/761/2 3406/762/2
f 3404/760/2 3406/762/2 3407/763/2
f 3408/764/14 3409/760/14 3410/765/14
f 3408/764/14 3410/765/14 3411/766/14
f 3412/763/11 3413/767/11 3414/768/11
f 3412/763/11 3414/768/11 3415/769/11
f 3416/765/2 3417/770/2 3418/771/2
f 3416/765/2 3418/771/2 3419/766/2
f 3420/772/2 3421/773/2 3422/774/2
f 3420/772/2 3422/774/2 3423/775/2
f 3424/776/2 3425/777/2 3426/778/2
f 3424/776/2 3426/778/2 3427/779/2
f 3428/780/2 3429/781/2 3430/782/2
f 3428/780/2 3430/782/2 3431/783/2
f 3432/772/11 3433/775/11 3434/784/11
f 3432/772/11 3434/784/11 3435/785/11
f 3436/770/3 3437/772/3 3438/785/3
f 3436/770/3 3438/785/3 3439/786/3
f 3440/771/14 3441/770/14 3442/786/14
f 3440/771/14 3442/786/14 3443/787/14
f 3444/786/2 3445/785/2 3446/784/2
f 3444/786/2 3446/784/2 3447/787/2
f 3448/776/11 3449/779/11 3450/788/11
f 3448/776/11 3450/788/11 3451/789/11
f 3452/773/3 3453/776/3 3454/789/3
f 3452/773/3 3454/789/3 3455/790/3
f 3456/774/14 3457/773/14 3458/790/14
f 3456/774/14 3458/790/14 3459/791/14
f 3460/790/2 3461/789/2 3462/788/2
f 3460/790/2 3462/788/2 3463/791/2
f 3464/780/11 3465/783/11 3466/792/11
f 3464/780/11 3466/792/11 3467/793/11
f 3468/777/3 3469/780/3 3470/793/3
f 3468/777/3 3470/793/3 3471/794/3
f 3472/778/14 3473/777/14 3474/794/14
f 3472/778/14 3474/794/14 3475/795/14
f 3476/794/2 3477/793/2 3478/792/2
f 3476/794/2 3478/792/2 3479/795/2
f 3415/769/11 3414/768/11 3480/796/11
f 3415/769/11 3480/796/11 3481/797/11
f 3482/781/3 3483/769/3 3484/797/3
f 3482/781/3 3484/797/3 3485/798/3
f 3486/782/14 3487/781/14 3488/798/14
f 3486/782/14 3488/798/14 3489/799/14
f 3490/798/2 3491/797/2 3492/796/2
f 3490/798/2 3492/796/2 3493/799/2
s 1
f 3494/916/231 3495/917/2 3496/918/2
f 3494/916/231 3496/918/2 3497/919/230
f 3498/920/229 3494/916/231 3497/919/230
f 3498/920/229 3497/919/230 3499/921/229
f 3500/26/14 3498/920/229 3499/921/229
f 3500/26/14 3499/921/229 3501/27/14
s 0
f 3502/28/11 3503/918/11 3504/917/11
f 3502/28/11 3504/917/11 3505/25/11
s 1
f 3506/922/228 3507/29/11 3508/32/11
f 3506/922/228 3508/32/11 3509/923/228
f 3510/924/227 3506/922/228 3509/923/228
f 3510/924/227 3509/923/228 3511/925/533
f 3512/926/2 3510/924/227 3511/925/533
f 3512/926/2 3511/925/533 3513/927/2
s 0
f 3514/30/14 3515/926/14 3516/927/14
f 3514/30/14 3516/927/14 3517/31/14
s 1
f 3518/950/11 3519/951/11 3520/952/236
f 3518/950/11 3520/952/236 3521/953/236
f 3522/954/3 3523/950/3 3524/953/237
f 3522/954/3 3524/953/237 3525/955/237
f 3526/956/14 3527/954/14 3528/955/238
f 3526/956/14 3528/955/238 3529/957/238
f 3530/958/10 3531/956/10 3532/957/239
f 3530/958/10 3532/957/239 3533/959/239
s 0
f 3519/951/11 3518/950/11 3534/960/11
f 3519/951/11 3534/960/11 3535/961/11
f 3523/950/3 3522/954/3 3536/962/3
f 3523/950/3 3536/962/3 3537/960/3
f 3527/954/14 3526/956/14 3538/963/14
f 3527/954/14 3538/963/14 3539/962/14
f 3531/956/10 3530/958/10 3540/964/10
f 3531/956/10 3540/964/10 3541/963/10
s 1
f 3542/965/240 3543/966/240 3544/967/241
f 3542/965/240 3544/967/241 3545/968/242
f 3546/969/243 3547/970/243 3548/971/244
f 3546/969/243 3548/971/244 3549/972/245
f 3550/973/237 3551/974/237 3552/975/246
f 3550/973/237 3552/975/246 3553/976/247
f 3554/977/238 3555/978/238 3556/979/248
f 3554/977/238 3556/979/248 3557/980/248
f 3545/968/242 3544/967/241 3558/939/249
f 3545/968/242 3558/939/249 3559/938/250
f 3560/972/241 3548/971/251 3561/943/252
f 3560/972/241 3561/943/252 3562/942/253
f 3553/976/254 3563/975/255 3564/945/256
f 3553/976/254 3564/945/256 3565/944/257
f 3566/980/244 3567/979/247 3568/949/258
f 3566/980/244 3568/949/258 3569/948/259
f 3570/950/11 3571/951/11 3572/952/236
f 3570/950/11 3572/952/236 3573/953/236
f 3574/954/3 3575/950/3 3576/953/237
f 3574/954/3 3576/953/237 3577/955/237
f 3578/956/14 3579/954/14 3580/955/238
f 3578/956/14 3580/955/238 3581/957/238
f 3582/958/10 3583/956/10 3584/957/239
f 3582/958/10 3584/957/239 3585/959/239
s 0
f 3571/951/11 3570/950/11 3586/960/11
f 3571/951/11 3586/960/11 3587/961/11
f 3575/950/3 3574/954/3 3588/962/3
f 3575/950/3 3588/962/3 3589/960/3
f 3579/954/14 3578/956/14 3590/963/14
f 3579/954/14 3590/963/14 3591/962/14
f 3583/956/10 3582/958/10 3592/964/10
f 3583/956/10 3592/964/10 3593/963/10
s 1
f 3594/965/236 3595/966/240 3596/967/241
f 3594/965/236 3596/967/241 3597/968/242
f 3598/969/239 3599/970/239 3600/971/244
f 3598/969/239 3600/971/244 3601/972/245
f 3602/973/237 3603/974/237 3604/975/246
f 3602/973/237 3604/975/246 3605/976/247
f 3606/977/238 3607/978/238 3608/979/248
f 3606/977/238 3608/979/248 3609/980/248
f 3597/968/242 3596/967/241 3610/939/249
f 3597/968/242 3610/939/249 3611/938/250
f 3612/972/241 3600/971/251 3613/943/252
f 3612/972/241 3613/943/252 3614/942/253
f 3605/976/254 3615/975/255 3616/945/256
f 3605/976/254 3616/945/256 3617/944/257
f 3618/980/244 3619/979/247 3620/949/258
f 3618/980/244 3620/949/258 3621/948/259
f 3622/950/11 3623/951/11 3624/952/236
f 3622/950/11 3624/952/236 3625/953/236
f 3626/954/3 3627/950/3 3628/953/237
f 3626/954/3 3628/953/237 3629/955/237
f 3630/956/14 3631/954/14 3632/955/238
f 3630/956/14 3632/955/238 3633/957/238
f 3634/958/10 3635/956/10 3636/957/239
f 3634/958/10 3636/957/239 3637/959/239
s 0
f 3623/951/11 3622/950/11 3638/960/11
f 3623/951/11 3638/960/11 3639/961/11
f 3627/950/3 3626/954/3 3640/962/3
f 3627/950/3 3640/962/3 3641/960/3
f 3631/954/14 3630/956/14 3642/963/14
f 3631/954/14 3642/963/14 3643/962/14
f 3635/956/10 3634/958/10 3644/964/10
f 3635/956/10 3644/964/10 3645/963/10
s 1
f 3646/965/240 3647/966/240 3648/967/241
f 3646/965/240 3648/967/241 3649/968/242
f 3650/969/243 3651/970/243 3652/971/244
f 3650/969/243 3652/971/244 3653/972/245
f 3654/973/237 3655/974/237 3656/975/246
f 3654/973/237 3656/975/246 3657/976/247
f 3658/977/238 3659/978/238 3660/979/248
f 3658/977/238 3660/979/248 3661/980/248
f 3649/968/242 3648/967/241 3662/939/249
f 3649/968/242 3662/939/249 3663/938/250
f 3664/972/241 3652/971/251 3665/943/252
f 3664/972/241 3665/943/252 3666/942/253
f 3657/976/254 3667/975/255 3668/945/256
f 3657/976/254 3668/945/256 3669/944/257
f 3670/980/244 3671/979/247 3672/949/258
f 3670/980/244 3672/949/258 3673/948/259
f 3674/950/11 3675/951/11 3676/952/236
f 3674/950/11 3676/952/236 3677/953/236
f 3678/954/3 3679/950/3 3680/953/237
f 3678/954/3 3680/953/237 3681/955/237
f 3682/956/14 3683/954/14 3684/955/238
f 3682/956/14 3684/955/238 3685/957/238
f 3686/958/10 3687/956/10 3688/957/239
f 3686/958/10 3688/957/239 3689/959/239
s 0
f 3675/951/11 3674/950/11 3690/960/11
f 3675/951/11 3690/960/11 3691/961/11
f 3679/950/3 3678/954/3 3692/962/3
f 3679/950/3 3692/962/3 3693/960/3
f 3683/954/14 3682/956/14 3694/963/14
f 3683/954/14 3694/963/14 3695/962/14
f 3687/956/10 3686/958/10 3696/964/10
f 3687/956/10 3696/964/10 3697/963/10
s 1
f 3698/965/236 3699/966/236 3700/967/241
f 3698/965/236 3700/967/241 3701/968/242
f 3702/969/243 3703/970/243 3704/971/244
f 3702/969/243 3704/971/244 3705/972/245
f 3706/973/237 3707/974/237 3708/975/246
f 3706/973/237 3708/975/246 3709/976/247
f 3710/977/238 3711/978/238 3712/979/248
f 3710/977/238 3712/979/248 3713/980/248
f 3701/968/242 3700/967/241 3714/939/249
f 3701/968/242 3714/939/249 3715/938/250
f 3716/972/241 3704/971/251 3717/943/252
f 3716/972/241 3717/943/252 3718/942/253
f 3709/976/254 3719/975/255 3720/945/256
f 3709/976/254 3720/945/256 3721/944/257
f 3722/980/244 3723/979/247 3724/949/258
f 3722/980/244 3724/949/258 3725/948/259
f 3726/950/11 3727/951/11 3728/952/236
f 3726/950/11 3728/952/236 3729/953/236
f 3730/954/3 3731/950/3 3732/953/237
f 3730/954/3 3732/953/237 3733/955/237
f 3734/956/14 3735/954/14 3736/955/238
f 3734/956/14 3736/955/238 3737/957/238
f 3738/958/10 3739/956/10 3740/957/239
f 3738/958/10 3740/957/239 3741/959/239
s 0
f 3727/951/11 3726/950/11 3742/960/11
f 3727/951/11 3742/960/11 3743/961/11
f 3731/950/3 3730/954/3 3744/962/3
f 3731/950/3 3744/962/3 3745/960/3
f 3735/954/14 3734/956/14 3746/963/14
f 3735/954/14 3746/963/14 3747/962/14
f 3739/956/10 3738/958/10 3748/964/10
f 3739/956/10 3748/964/10 3749/963/10
s 1
f 3750/965/240 3751/966/240 3752/967/241
f 3750/965/240 3752/967/241 3753/968/255
f 3754/969/243 3755/970/243 3756/971/244
f 3754/969/243 3756/971/244 3757/972/245
f 3758/973/237 3759/974/237 3760/975/246
f 3758/973/237 3760/975/246 3761/976/247
f 3762/977/238 3763/978/238 3764/979/248
f 3762/977/238 3764/979/248 3765/980/248
f 3753/968/255 3752/967/241 3766/939/249
f 3753/968/255 3766/939/249 3767/938/250
f 3768/972/241 3756/971/251 3769/943/252
f 3768/972/241 3769/943/252 3770/942/253
f 3761/976/254 3771/975/255 3772/945/256
f 3761/976/254 3772/945/256 3773/944/257
f 3774/980/244 3775/979/247 3776/949/258
f 3774/980/244 3776/949/258 3777/948/259
s 0
f 3778/825/10 3779/826/10 3780/827/10
f 3778/825/10 3780/827/10 3781/828/10
f 3782/829/3 3783/830/3 3784/831/3
f 3782/829/3 3784/831/3 3785/832/3
f 3786/833/10 3778/825/10 3781/828/10
f 3786/833/10 3781/828/10 3787/834/10
f 3783/830/3 3788/835/3 3789/836/3
f 3783/830/3 3789/836/3 3784/831/3
s 1
f 3790/837/534 3791/838/11 3792/839/11
f 3790/837/534 3792/839/11 3793/840/534
f 3794/841/534 3790/837/534 3793/840/534
f 3794/841/534 3793/840/534 3795/842/534
f 3796/843/535 3797/844/535 3798/845/535
f 3796/843/535 3798/845/535 3799/846/535
f 3800/847/14 3796/843/535 3799/846/535
f 3800/847/14 3799/846/535 3801/848/14
s 0
f 3802/849/14 3803/850/14 3804/851/14
f 3802/849/14 3804/851/14 3805/852/14
f 3806/853/14 3807/854/14 3808/855/14
f 3806/853/14 3808/855/14 3809/856/14
f 3810/857/14 3811/858/14 3812/859/14
f 3810/857/14 3812/859/14 3813/860/14
f 3814/861/14 3815/862/14 3816/863/14
f 3814/861/14 3816/863/14 3817/864/14
s 1
f 3818/865/14 3819/866/14 3798/845/535
f 3818/865/14 3798/845/535 3797/844/535
f 3820/867/11 3821/868/11 3794/841/534
f 3820/867/11 3794/841/534 3795/842/534
s 0
f 3822/869/2 3823/870/2 3824/871/2
f 3822/869/2 3824/871/2 3825/872/2
f 3826/873/3 3827/869/3 3828/874/3
f 3826/873/3 3828/874/3 3829/875/3
f 3830/872/10 3831/876/10 3832/877/10
f 3830/872/10 3832/877/10 3833/878/10
f 3834/874/2 3835/879/2 3836/880/2
f 3834/874/2 3836/880/2 3837/875/2
f 3838/881/2 3839/882/2 3840/883/2
f 3838/881/2 3840/883/2 3841/884/2
f 3842/885/2 3843/886/2 3844/887/2
f 3842/885/2 3844/887/2 3845/888/2
f 3846/889/2 3847/890/2 3848/891/2
f 3846/889/2 3848/891/2 3849/892/2
f 3850/881/10 3851/884/10 3852/893/10
f 3850/881/10 3852/893/10 3853/894/10
f 3854/879/11 3855/881/11 3856/894/11
f 3854/879/11 3856/894/11 3857/895/11
f 3858/880/3 3859/879/3 3860/895/3
f 3858/880/3 3860/895/3 3861/896/3
f 3862/895/2 3863/894/2 3864/893/2
f 3862/895/2 3864/893/2 3865/896/2
f 3866/885/10 3867/888/10 3868/897/10
f 3866/885/10 3868/897/10 3869/898/10
f 3870/882/11 3871/885/11 3872/898/11
f 3870/882/11 3872/898/11 3873/899/11
f 3874/883/3 3875/882/3 3876/899/3
f 3874/883/3 3876/899/3 3877/900/3
f 3878/899/2 3879/898/2 3880/897/2
f 3878/899/2 3880/897/2 3881/900/2
f 3882/889/10 3883/892/10 3884/901/10
f 3882/889/10 3884/901/10 3885/902/10
f 3886/886/11 3887/889/11 3888/902/11
f 3886/886/11 3888/902/11 3889/903/11
f 3890/887/3 3891/886/3 3892/903/3
f 3890/887/3 3892/903/3 3893/904/3
f 3894/903/2 3895/902/2 3896/901/2
f 3894/903/2 3896/901/2 3897/904/2
f 3833/878/10 3832/877/10 3898/905/10
f 3833/878/10 3898/905/10 3899/906/10
f 3900/890/11 3901/878/11 3902/906/11
f 3900/890/11 3902/906/11 3903/907/11
f 3904/891/3 3905/890/3 3906/907/3
f 3904/891/3 3906/907/3 3907/908/3
f 3908/907/2 3909/906/2 3910/905/2
f 3908/907/2 3910/905/2 3911/908/2
f 3912/825/10 3913/826/10 3914/827/10
f 3912/825/10 3914/827/10 3915/828/10
f 3916/829/3 3917/830/3 3918/831/3
f 3916/829/3 3918/831/3 3919/832/3
f 3920/833/10 3912/825/10 3915/828/10
f 3920/833/10 3915/828/10 3921/834/10
f 3917/830/3 3922/835/3 3923/836/3
f 3917/830/3 3923/836/3 3918/831/3
s 1
f 3924/837/534 3925/838/11 3926/839/11
f 3924/837/534 3926/839/11 3927/840/534
f 3928/841/534 3924/837/534 3927/840/534
f 3928/841/534 3927/840/534 3929/842/534
f 3930/843/535 3931/844/535 3932/845/535
f 3930/843/535 3932/845/535 3933/846/535
f 3934/847/14 3930/843/535 3933/846/535
f 3934/847/14 3933/846/535 3935/848/14
s 0
f 3936/849/14 3937/850/14 3938/851/14
f 3936/849/14 3938/851/14 3939/852/14
f 3940/853/14 3941/854/14 3942/855/14
f 3940/853/14 3942/855/14 3943/856/14
f 3944/857/14 3945/858/14 3946/859/14
f 3944/857/14 3946/859/14 3947/860/14
f 3948/861/14 3949/862/14 3950/863/14
f 3948/861/14 3950/863/14 3951/864/14
s 1
f 3952/865/14 3953/866/14 3932/845/535
f 3952/865/14 3932/845/535 3931/844/535
f 3954/867/11 3955/868/11 3928/841/534
f 3954/867/11 3928/841/534 3929/842/534
s 0
f 3956/869/2 3957/870/2 3958/871/2
f 3956/869/2 3958/871/2 3959/872/2
f 3960/873/3 3961/869/3 3962/874/3
f 3960/873/3 3962/874/3 3963/875/3
f 3964/872/10 3965/876/10 3966/877/10
f 3964/872/10 3966/877/10 3967/878/10
f 3968/874/2 3969/879/2 3970/880/2
f 3968/874/2 3970/880/2 3971/875/2
f 3972/881/2 3973/882/2 3974/883/2
f 3972/881/2 3974/883/2 3975/884/2
f 3976/885/2 3977/886/2 3978/887/2
f 3976/885/2 3978/887/2 3979/888/2
f 3980/889/2 3981/890/2 3982/891/2
f 3980/889/2 3982/891/2 3983/892/2
f 3984/881/10 3985/884/10 3986/893/10
f 3984/881/10 3986/893/10 3987/894/10
f 3988/879/11 3989/881/11 3990/894/11
f 3988/879/11 3990/894/11 3991/895/11
f 3992/880/3 3993/879/3 3994/895/3
f 3992/880/3 3994/895/3 3995/896/3
f 3996/895/2 3997/894/2 3998/893/2
f 3996/895/2 3998/893/2 3999/896/2
f 4000/885/10 4001/888/10 4002/897/10
f 4000/885/10 4002/897/10 4003/898/10
f 4004/882/11 4005/885/11 4006/898/11
f 4004/882/11 4006/898/11 4007/899/11
f 4008/883/3 4009/882/3 4010/899/3
f 4008/883/3 4010/899/3 4011/900/3
f 4012/899/2 4013/898/2 4014/897/2
f 4012/899/2 4014/897/2 4015/900/2
f 4016/889/10 4017/892/10 4018/901/10
f 4016/889/10 4018/901/10 4019/902/10
f 4020/886/11 4021/889/11 4022/902/11
f 4020/886/11 4022/902/11 4023/903/11
f 4024/887/3 4025/886/3 4026/903/3
f 4024/887/3 4026/903/3 4027/904/3
f 4028/903/2 4029/902/2 4030/901/2
f 4028/903/2 4030/901/2 4031/904/2
f 3967/878/10 3966/877/10 4032/905/10
f 3967/878/10 4032/905/10 4033/906/10
f 4034/890/11 4035/878/11 4036/906/11
f 4034/890/11 4036/906/11 4037/907/11
f 4038/891/3 4039/890/3 4040/907/3
f 4038/891/3 4040/907/3 4041/908/3
f 4042/907/2 4043/906/2 4044/905/2
f 4042/907/2 4044/905/2 4045/908/2
f 4046/825/11 4047/826/11 4048/827/11
f 4046/825/11 4048/827/11 4049/828/11
f 4050/829/14 4051/830/14 4052/831/14
f 4050/829/14 4052/831/14 4053/832/14
f 4054/833/11 4046/825/11 4049/828/11
f 4054/833/11 4049/828/11 4055/834/11
f 4051/830/14 4056/835/14 4057/836/14
f 4051/830/14 4057/836/14 4052/831/14
s 1
f 4058/837/226 4059/838/3 4060/839/3
f 4058/837/226 4060/839/3 4061/840/226
f 4062/841/226 4058/837/226 4061/840/226
f 4062/841/226 4061/840/226 4063/842/226
f 4064/843/225 4065/844/225 4066/845/225
f 4064/843/225 4066/845/225 4067/846/225
f 4068/847/10 4064/843/225 4067/846/225
f 4068/847/10 4067/846/225 4069/848/10
s 0
f 4070/849/10 4071/850/10 4072/851/10
f 4070/849/10 4072/851/10 4073/852/10
f 4074/853/10 4075/854/10 4076/855/10
f 4074/853/10 4076/855/10 4077/856/10
f 4078/857/10 4079/858/10 4080/859/10
f 4078/857/10 4080/859/10 4081/860/10
f 4082/861/10 4083/862/10 4084/863/10
f 4082/861/10 4084/863/10 4085/864/10
s 1
f 4086/865/10 4087/866/10 4066/845/225
f 4086/865/10 4066/845/225 4065/844/225
f 4088/867/3 4089/868/3 4062/841/226
f 4088/867/3 4062/841/226 4063/842/226
s 0
f 4090/869/2 4091/870/2 4092/871/2
f 4090/869/2 4092/871/2 4093/872/2
f 4094/873/14 4095/869/14 4096/874/14
f 4094/873/14 4096/874/14 4097/875/14
f 4098/872/11 4099/876/11 4100/877/11
f 4098/872/11 4100/877/11 4101/878/11
f 4102/874/2 4103/879/2 4104/880/2
f 4102/874/2 4104/880/2 4105/875/2
f 4106/881/2 4107/882/2 4108/883/2
f 4106/881/2 4108/883/2 4109/884/2
f 4110/885/2 4111/886/2 4112/887/2
f 4110/885/2 4112/887/2 4113/888/2
f 4114/889/2 4115/890/2 4116/891/2
f 4114/889/2 4116/891/2 4117/892/2
f 4118/881/11 4119/884/11 4120/893/11
f 4118/881/11 4120/893/11 4121/894/11
f 4122/879/3 4123/881/3 4124/894/3
f 4122/879/3 4124/894/3 4125/895/3
f 4126/880/14 4127/879/14 4128/895/14
f 4126/880/14 4128/895/14 4129/896/14
f 4130/895/2 4131/894/2 4132/893/2
f 4130/895/2 4132/893/2 4133/896/2
f 4134/885/11 4135/888/11 4136/897/11
f 4134/885/11 4136/897/11 4137/898/11
f 4138/882/3 4139/885/3 4140/898/3
f 4138/882/3 4140/898/3 4141/899/3
f 4142/883/14 4143/882/14 4144/899/14
f 4142/883/14 4144/899/14 4145/900/14
f 4146/899/2 4147/898/2 4148/897/2
f 4146/899/2 4148/897/2 4149/900/2
f 4150/889/11 4151/892/11 4152/901/11
f 4150/889/11 4152/901/11 4153/902/11
f 4154/886/3 4155/889/3 4156/902/3
f 4154/886/3 4156/902/3 4157/903/3
f 4158/887/14 4159/886/14 4160/903/14
f 4158/887/14 4160/903/14 4161/904/14
f 4162/903/2 4163/902/2 4164/901/2
f 4162/903/2 4164/901/2 4165/904/2
f 4101/878/11 4100/877/11 4166/905/11
f 4101/878/11 4166/905/11 4167/906/11
f 4168/890/3 4169/878/3 4170/906/3
f 4168/890/3 4170/906/3 4171/907/3
f 4172/891/14 4173/890/14 4174/907/14
f 4172/891/14 4174/907/14 4175/908/14
f 4176/907/2 4177/906/2 4178/905/2
f 4176/907/2 4178/905/2 4179/908/2
f 4180/825/481 4181/826/481 4182/827/481
f 4180/825/481 4182/827/481 4183/828/481
f 4184/829/482 4185/830/482 4186/831/482
f 4184/829/482 4186/831/482 4187/832/482
f 4188/833/481 4180/825/481 4183/828/481
f 4188/833/481 4183/828/481 4189/834/481
f 4185/830/482 4190/835/482 4191/836/482
f 4185/830/482 4191/836/482 4186/831/482
s 1
f 4192/837/536 4193/838/480 4194/839/480
f 4192/837/536 4194/839/480 4195/840/536
f 4196/841/536 4192/837/536 4195/840/536
f 4196/841/536 4195/840/536 4197/842/536
f 4198/843/537 4199/844/537 4200/845/537
f 4198/843/537 4200/845/537 4201/846/537
f 4202/847/478 4198/843/537 4201/846/537
f 4202/847/478 4201/846/537 4203/848/478
s 0
f 4204/849/478 4205/850/478 4206/851/478
f 4204/849/478 4206/851/478 4207/852/478
f 4208/853/478 4209/854/478 4210/855/478
f 4208/853/478 4210/855/478 4211/856/478
f 4212/857/478 4213/858/478 4214/859/478
f 4212/857/478 4214/859/478 4215/860/478
f 4216/861/478 4217/862/478 4218/863/478
f 4216/861/478 4218/863/478 4219/864/478
s 1
f 4220/865/478 4221/866/478 4200/845/537
f 4220/865/478 4200/845/537 4199/844/537
f 4222/867/480 4223/868/480 4196/841/536
f 4222/867/480 4196/841/536 4197/842/536
s 0
f 4224/869/2 4225/870/2 4226/871/2
f 4224/869/2 4226/871/2 4227/872/2
f 4228/873/482 4229/869/482 4230/874/482
f 4228/873/482 4230/874/482 4231/875/482
f 4232/872/481 4233/876/481 4234/877/481
f 4232/872/481 4234/877/481 4235/878/481
f 4236/874/2 4237/879/2 4238/880/2
f 4236/874/2 4238/880/2 4239/875/2
f 4240/881/2 4241/882/2 4242/883/2
f 4240/881/2 4242/883/2 4243/884/2
f 4244/885/2 4245/886/2 4246/887/2
f 4244/885/2 4246/887/2 4247/888/2
f 4248/889/2 4249/890/2 4250/891/2
f 4248/889/2 4250/891/2 4251/892/2
f 4252/881/481 4253/884/481 4254/893/481
f 4252/881/481 4254/893/481 4255/894/481
f 4256/879/480 4257/881/480 4258/894/480
f 4256/879/480 4258/894/480 4259/895/480
f 4260/880/482 4261/879/482 4262/895/482
f 4260/880/482 4262/895/482 4263/896/482
f 4264/895/2 4265/894/2 4266/893/2
f 4264/895/2 4266/893/2 4267/896/2
f 4268/885/481 4269/888/481 4270/897/481
f 4268/885/481 4270/897/481 4271/898/481
f 4272/882/480 4273/885/480 4274/898/480
f 4272/882/480 4274/898/480 4275/899/480
f 4276/883/482 4277/882/482 4278/899/482
f 4276/883/482 4278/899/482 4279/900/482
f 4280/899/2 4281/898/2 4282/897/2
f 4280/899/2 4282/897/2 4283/900/2
f 4284/889/481 4285/892/481 4286/901/481
f 4284/889/481 4286/901/481 4287/902/481
f 4288/886/480 4289/889/480 4290/902/480
f 4288/886/480 4290/902/480 4291/903/480
f 4292/887/482 4293/886/482 4294/903/482
f 4292/887/482 4294/903/482 4295/904/482
f 4296/903/2 4297/902/2 4298/901/2
f 4296/903/2 4298/901/2 4299/904/2
f 4235/878/481 4234/877/481 4300/905/481
f 4235/878/481 4300/905/481 4301/906/481
f 4302/890/480 4303/878/480 4304/906/480
f 4302/890/480 4304/906/480 4305/907/480
f 4306/891/482 4307/890/482 4308/907/482
f 4306/891/482 4308/907/482 4309/908/482
f 4310/907/2 4311/906/2 4312/905/2
f 4310/907/2 4312/905/2 4313/908/2
f 4314/825/538 4315/826/538 4316/827/538
f 4314/825/538 4316/827/538 4317/828/538
f 4318/829/539 4319/830/539 4320/831/539
f 4318/829/539 4320/831/539 4321/832/539
f 4322/833/538 4314/825/538 4317/828/538
f 4322/833/538 4317/828/538 4323/834/538
f 4319/830/540 4324/835/540 4325/836/540
f 4319/830/539 4325/836/539 4320/831/539
s 1
f 4326/837/541 4327/838/542 4328/839/542
f 4326/837/541 4328/839/542 4329/840/543
f 4330/841/543 4326/837/541 4329/840/543
f 4330/841/543 4329/840/543 4331/842/541
f 4332/843/544 4333/844/544 4334/845/545
f 4332/843/544 4334/845/545 4335/846/546
f 4336/847/547 4332/843/544 4335/846/546
f 4336/847/547 4335/846/546 4337/848/547
s 0
f 4338/849/547 4339/850/547 4340/851/547
f 4338/849/547 4340/851/547 4341/852/547
f 4342/853/547 4343/854/547 4344/855/547
f 4342/853/547 4344/855/547 4345/856/547
f 4346/857/547 4347/858/547 4348/859/547
f 4346/857/547 4348/859/547 4349/860/547
f 4350/861/547 4351/862/547 4352/863/547
f 4350/861/547 4352/863/547 4353/864/547
s 1
f 4354/865/547 4355/866/547 4334/845/545
f 4354/865/547 4334/845/545 4333/844/544
f 4356/867/542 4357/868/542 4330/841/543
f 4356/867/542 4330/841/543 4331/842/541
s 0
f 4358/869/2 4359/870/2 4360/871/2
f 4358/869/2 4360/871/2 4361/872/2
f 4362/873/548 4363/869/548 4364/874/548
f 4362/873/548 4364/874/548 4365/875/548
f 4366/872/549 4367/876/549 4368/877/549
f 4366/872/549 4368/877/549 4369/878/549
f 4370/874/2 4371/879/2 4372/880/2
f 4370/874/2 4372/880/2 4373/875/2
f 4374/881/2 4375/882/2 4376/883/2
f 4374/881/2 4376/883/2 4377/884/2
f 4378/885/2 4379/886/2 4380/887/2
f 4378/885/2 4380/887/2 4381/888/2
f 4382/889/2 4383/890/2 4384/891/2
f 4382/889/2 4384/891/2 4385/892/2
f 4386/881/538 4387/884/538 4388/893/538
f 4386/881/538 4388/893/538 4389/894/538
f 4390/879/542 4391/881/542 4392/894/542
f 4390/879/542 4392/894/542 4393/895/542
f 4394/880/548 4395/879/548 4396/895/548
f 4394/880/548 4396/895/548 4397/896/548
f 4398/895/2 4399/894/2 4400/893/2
f 4398/895/2 4400/893/2 4401/896/2
f 4402/885/538 4403/888/538 4404/897/538
f 4402/885/538 4404/897/538 4405/898/538
f 4406/882/542 4407/885/542 4408/898/542
f 4406/882/542 4408/898/542 4409/899/542
f 4410/883/539 4411/882/539 4412/899/539
f 4410/883/539 4412/899/539 4413/900/539
f 4414/899/2 4415/898/2 4416/897/2
f 4414/899/2 4416/897/2 4417/900/2
f 4418/889/538 4419/892/538 4420/901/538
f 4418/889/538 4420/901/538 4421/902/538
f 4422/886/542 4423/889/542 4424/902/542
f 4422/886/542 4424/902/542 4425/903/542
f 4426/887/539 4427/886/539 4428/903/539
f 4426/887/539 4428/903/539 4429/904/539
f 4430/903/2 4431/902/2 4432/901/2
f 4430/903/2 4432/901/2 4433/904/2
f 4369/878/549 4368/877/549 4434/905/549
f 4369/878/549 4434/905/549 4435/906/549
f 4436/890/542 4437/878/542 4438/906/542
f 4436/890/542 4438/906/542 4439/907/542
f 4440/891/539 4441/890/539 4442/907/539
f 4440/891/539 4442/907/539 4443/908/539
f 4444/907/2 4445/906/2 4446/905/2
f 4444/907/2 4446/905/2 4447/908/2
s 1
f 4448/950/11 4449/951/11 4450/952/236
f 4448/950/11 4450/952/236 4451/953/236
f 4452/954/3 4453/950/3 4454/953/237
f 4452/954/3 4454/953/237 4455/955/237
f 4456/956/14 4457/954/14 4458/955/238
f 4456/956/14 4458/955/238 4459/957/238
f 4460/958/10 4461/956/10 4462/957/239
f 4460/958/10 4462/957/239 4463/959/239
s 0
f 4449/951/11 4448/950/11 4464/960/11
f 4449/951/11 4464/960/11 4465/961/11
f 4453/950/3 4452/954/3 4466/962/3
f 4453/950/3 4466/962/3 4467/960/3
f 4457/954/14 4456/956/14 4468/963/14
f 4457/954/14 4468/963/14 4469/962/14
f 4461/956/10 4460/958/10 4470/964/10
f 4461/956/10 4470/964/10 4471/963/10
s 1
f 4472/965/240 4473/966/240 4474/967/241
f 4472/965/240 4474/967/241 4475/968/242
f 4476/969/239 4477/970/239 4478/971/244
f 4476/969/239 4478/971/244 4479/972/245
f 4480/973/237 4481/974/237 4482/975/246
f 4480/973/237 4482/975/246 4483/976/247
f 4484/977/238 4485/978/238 4486/979/248
f 4484/977/238 4486/979/248 4487/980/248
f 4475/968/242 4474/967/241 4488/939/249
f 4475/968/242 4488/939/249 4489/938/250
f 4490/972/241 4478/971/251 4491/943/252
f 4490/972/241 4491/943/252 4492/942/253
f 4483/976/254 4493/975/255 4494/945/256
f 4483/976/254 4494/945/256 4495/944/257
f 4496/980/244 4497/979/247 4498/949/258
f 4496/980/244 4498/949/258 4499/948/259
f 4500/950/11 4501/951/11 4502/952/236
f 4500/950/11 4502/952/236 4503/953/236
f 4504/954/3 4505/950/3 4506/953/237
f 4504/954/3 4506/953/237 4507/955/237
f 4508/956/14 4509/954/14 4510/955/238
f 4508/956/14 4510/955/238 4511/957/238
f 4512/958/10 4513/956/10 4514/957/239
f 4512/958/10 4514/957/239 4515/959/239
s 0
f 4501/951/11 4500/950/11 4516/960/11
f 4501/951/11 4516/960/11 4517/961/11
f 4505/950/3 4504/954/3 4518/962/3
f 4505/950/3 4518/962/3 4519/960/3
f 4509/954/14 4508/956/14 4520/963/14
f 4509/954/14 4520/963/14 4521/962/14
f 4513/956/10 4512/958/10 4522/964/10
f 4513/956/10 4522/964/10 4523/963/10
s 1
f 4524/965/240 4525/966/236 4526/967/241
f 4524/965/240 4526/967/241 4527/968/242
f 4528/969/243 4529/970/243 4530/971/244
f 4528/969/243 4530/971/244 4531/972/245
f 4532/973/237 4533/974/237 4534/975/246
f 4532/973/237 4534/975/246 4535/976/247
f 4536/977/238 4537/978/238 4538/979/248
f 4536/977/238 4538/979/248 4539/980/248
f 4527/968/242 4526/967/241 4540/939/249
f 4527/968/242 4540/939/249 4541/938/250
f 4542/972/241 4530/971/251 4543/943/252
f 4542/972/241 4543/943/252 4544/942/253
f 4535/976/550 4545/975/255 4546/945/256
f 4535/976/550 4546/945/256 4547/944/257
f 4548/980/244 4549/979/247 4550/949/258
f 4548/980/244 4550/949/258 4551/948/259
s 0
f 4552/825/551 4553/826/551 4554/827/551
f 4552/825/551 4554/827/551 4555/828/551
f 4556/829/552 4557/830/552 4558/831/552
f 4556/829/552 4558/831/552 4559/832/552
f 4560/833/551 4552/825/551 4555/828/551
f 4560/833/551 4555/828/551 4561/834/551
f 4557/830/552 4562/835/552 4563/836/552
f 4557/830/552 4563/836/552 4558/831/552
s 1
f 4564/837/553 4565/838/554 4566/839/554
f 4564/837/553 4566/839/554 4567/840/553
f 4568/841/553 4564/837/553 4567/840/553
f 4568/841/553 4567/840/553 4569/842/553
f 4570/843/555 4571/844/555 4572/845/555
f 4570/843/555 4572/845/555 4573/846/555
f 4574/847/556 4570/843/555 4573/846/555
f 4574/847/556 4573/846/555 4575/848/556
s 0
f 4576/849/556 4577/850/556 4578/851/556
f 4576/849/556 4578/851/556 4579/852/556
f 4580/853/556 4581/854/556 4582/855/556
f 4580/853/556 4582/855/556 4583/856/556
f 4584/857/556 4585/858/556 4586/859/556
f 4584/857/556 4586/859/556 4587/860/556
f 4588/861/556 4589/862/556 4590/863/556
f 4588/861/556 4590/863/556 4591/864/556
s 1
f 4592/865/556 4593/866/556 4572/845/555
f 4592/865/556 4572/845/555 4571/844/555
f 4594/867/554 4595/868/554 4568/841/553
f 4594/867/554 4568/841/553 4569/842/553
s 0
f 4596/869/2 4597/870/2 4598/871/2
f 4596/869/2 4598/871/2 4599/872/2
f 4600/873/552 4601/869/552 4602/874/552
f 4600/873/552 4602/874/552 4603/875/552
f 4604/872/551 4605/876/551 4606/877/551
f 4604/872/551 4606/877/551 4607/878/551
f 4608/874/2 4609/879/2 4610/880/2
f 4608/874/2 4610/880/2 4611/875/2
f 4612/881/2 4613/882/2 4614/883/2
f 4612/881/2 4614/883/2 4615/884/2
f 4616/885/2 4617/886/2 4618/887/2
f 4616/885/2 4618/887/2 4619/888/2
f 4620/889/2 4621/890/2 4622/891/2
f 4620/889/2 4622/891/2 4623/892/2
f 4624/881/557 4625/884/557 4626/893/557
f 4624/881/557 4626/893/557 4627/894/557
f 4628/879/554 4629/881/554 4630/894/554
f 4628/879/554 4630/894/554 4631/895/554
f 4632/880/552 4633/879/552 4634/895/552
f 4632/880/552 4634/895/552 4635/896/552
f 4636/895/2 4637/894/2 4638/893/2
f 4636/895/2 4638/893/2 4639/896/2
f 4640/885/551 4641/888/551 4642/897/551
f 4640/885/551 4642/897/551 4643/898/551
f 4644/882/558 4645/885/558 4646/898/558
f 4644/882/554 4646/898/554 4647/899/554
f 4648/883/552 4649/882/552 4650/899/552
f 4648/883/552 4650/899/552 4651/900/552
f 4652/899/2 4653/898/2 4654/897/2
f 4652/899/2 4654/897/2 4655/900/2
f 4656/889/551 4657/892/551 4658/901/551
f 4656/889/551 4658/901/551 4659/902/551
f 4660/886/554 4661/889/554 4662/902/554
f 4660/886/554 4662/902/554 4663/903/554
f 4664/887/552 4665/886/552 4666/903/552
f 4664/887/552 4666/903/552 4667/904/552
f 4668/903/2 4669/902/2 4670/901/2
f 4668/903/2 4670/901/2 4671/904/2
f 4607/878/551 4606/877/551 4672/905/551
f 4607/878/551 4672/905/551 4673/906/551
f 4674/890/558 4675/878/558 4676/906/558
f 4674/890/554 4676/906/554 4677/907/554
f 4678/891/552 4679/890/552 4680/907/552
f 4678/891/552 4680/907/552 4681/908/552
f 4682/907/2 4683/906/2 4684/905/2
f 4682/907/2 4684/905/2 4685/908/2
f 4686/825/551 4687/826/551 4688/827/551
f 4686/825/551 4688/827/551 4689/828/551
f 4690/829/552 4691/830/552 4692/831/552
f 4690/829/552 4692/831/552 4693/832/552
f 4694/833/551 4686/825/551 4689/828/551
f 4694/833/551 4689/828/551 4695/834/551
f 4691/830/552 4696/835/552 4697/836/552
f 4691/830/552 4697/836/552 4692/831/552
s 1
f 4698/837/553 4699/838/554 4700/839/554
f 4698/837/553 4700/839/554 4701/840/553
f 4702/841/553 4698/837/553 4701/840/553
f 4702/841/553 4701/840/553 4703/842/553
f 4704/843/555 4705/844/555 4706/845/555
f 4704/843/555 4706/845/555 4707/846/555
f 4708/847/556 4704/843/555 4707/846/555
f 4708/847/556 4707/846/555 4709/848/556
s 0
f 4710/849/556 4711/850/556 4712/851/556
f 4710/849/556 4712/851/556 4713/852/556
f 4714/853/556 4715/854/556 4716/855/556
f 4714/853/556 4716/855/556 4717/856/556
f 4718/857/556 4719/858/556 4720/859/556
f 4718/857/556 4720/859/556 4721/860/556
f 4722/861/556 4723/862/556 4724/863/556
f 4722/861/556 4724/863/556 4725/864/556
s 1
f 4726/865/556 4727/866/556 4706/845/555
f 4726/865/556 4706/845/555 4705/844/555
f 4728/867/554 4729/868/554 4702/841/553
f 4728/867/554 4702/841/553 4703/842/553
s 0
f 4730/869/2 4731/870/2 4732/871/2
f 4730/869/2 4732/871/2 4733/872/2
f 4734/873/552 4735/869/552 4736/874/552
f 4734/873/552 4736/874/552 4737/875/552
f 4738/872/551 4739/876/551 4740/877/551
f 4738/872/551 4740/877/551 4741/878/551
f 4742/874/2 4743/879/2 4744/880/2
f 4742/874/2 4744/880/2 4745/875/2
f 4746/881/2 4747/882/2 4748/883/2
f 4746/881/2 4748/883/2 4749/884/2
f 4750/885/2 4751/886/2 4752/887/2
f 4750/885/2 4752/887/2 4753/888/2
f 4754/889/2 4755/890/2 4756/891/2
f 4754/889/2 4756/891/2 4757/892/2
f 4758/881/557 4759/884/557 4760/893/557
f 4758/881/557 4760/893/557 4761/894/557
f 4762/879/554 4763/881/554 4764/894/554
f 4762/879/554 4764/894/554 4765/895/554
f 4766/880/552 4767/879/552 4768/895/552
f 4766/880/552 4768/895/552 4769/896/552
f 4770/895/2 4771/894/2 4772/893/2
f 4770/895/2 4772/893/2 4773/896/2
f 4774/885/551 4775/888/551 4776/897/551
f 4774/885/551 4776/897/551 4777/898/551
f 4778/882/558 4779/885/558 4780/898/558
f 4778/882/554 4780/898/554 4781/899/554
f 4782/883/552 4783/882/552 4784/899/552
f 4782/883/552 4784/899/552 4785/900/552
f 4786/899/2 4787/898/2 4788/897/2
f 4786/899/2 4788/897/2 4789/900/2
f 4790/889/551 4791/892/551 4792/901/551
f 4790/889/551 4792/901/551 4793/902/551
f 4794/886/554 4795/889/554 4796/902/554
f 4794/886/554 4796/902/554 4797/903/554
f 4798/887/552 4799/886/552 4800/903/552
f 4798/887/552 4800/903/552 4801/904/552
f 4802/903/2 4803/902/2 4804/901/2
f 4802/903/2 4804/901/2 4805/904/2
f 4741/878/551 4740/877/551 4806/905/551
f 4741/878/551 4806/905/551 4807/906/551
f 4808/890/558 4809/878/558 4810/906/558
f 4808/890/554 4810/906/554 4811/907/554
f 4812/891/552 4813/890/552 4814/907/552
f 4812/891/552 4814/907/552 4815/908/552
f 4816/907/2 4817/906/2 4818/905/2
f 4816/907/2 4818/905/2 4819/908/2
s 1
f 4820/993/261 4821/994/262 4822/995/263
f 4820/993/261 4822/995/263 4823/996/264
f 4823/996/264 4824/997/265 4825/998/266
f 4823/996/264 4825/998/266 4820/993/261
f 4826/999/267 4827/1000/268 4828/1001/269
f 4826/999/267 4828/1001/269 4829/1002/270
f 4830/1003/271 4831/1004/272 4832/1005/273
f 4830/1003/271 4832/1005/273 4833/1006/274
f 4833/1006/274 4834/1007/275 4835/1008/276
f 4833/1006/274 4835/1008/276 4830/1003/271
f 4836/1009/277 4837/1010/278 4834/1007/275
f 4836/1009/277 4834/1007/275 4833/1006/274
f 4833/1006/274 4832/1005/273 4838/1011/279
f 4833/1006/274 4838/1011/279 4836/1009/277
f 4830/1003/271 4835/1008/276 4839/1012/280
f 4830/1003/271 4839/1012/280 4840/1013/281
f 4840/1013/281 4841/1014/282 4831/1004/272
f 4840/1013/281 4831/1004/272 4830/1003/271
f 4821/994/262 4826/999/267 4829/1002/270
f 4821/994/262 4829/1002/270 4822/995/263
f 4842/1015/283 4843/1016/284 4844/1017/285
f 4842/1015/283 4844/1017/285 4845/1018/286
f 4845/1018/286 4846/1019/287 4847/1020/288
f 4845/1018/286 4847/1020/288 4842/1015/283
f 4848/1021/289 4849/1022/290 4850/1023/291
f 4848/1021/289 4850/1023/291 4851/1024/292
f 4852/1025/293 4853/1026/294 4854/1027/295
f 4852/1025/293 4854/1027/295 4855/1028/296
f 4855/1028/296 4856/1029/297 4857/1030/298
f 4855/1028/296 4857/1030/298 4852/1025/293
f 4852/1025/293 4857/1030/298 4858/1031/299
f 4852/1025/293 4858/1031/299 4859/1032/300
f 4859/1032/300 4860/1033/301 4853/1026/294
f 4859/1032/300 4853/1026/294 4852/1025/293
f 4861/1034/302 4862/1035/303 4856/1029/297
f 4861/1034/302 4856/1029/297 4855/1028/296
f 4855/1028/296 4854/1027/295 4863/1036/304
f 4855/1028/296 4863/1036/304 4861/1034/302
f 4843/1016/284 4848/1021/289 4851/1024/292
f 4843/1016/284 4851/1024/292 4844/1017/285
f 4864/1037/14 4865/1038/14 4866/1039/305
f 4864/1037/14 4866/1039/305 4867/1040/305
s 0
f 4868/1041/3 4869/1042/3 4870/1043/3
f 4868/1041/3 4870/1043/3 4871/1044/3
s 1
f 4872/1042/11 4873/1045/11 4874/1046/306
f 4872/1042/11 4874/1046/306 4875/1043/306
s 0
f 4876/1045/10 4877/1037/10 4878/1040/10
f 4876/1045/10 4878/1040/10 4879/1046/10
s 1
f 4880/1047/14 4881/1048/14 4882/1049/307
f 4880/1047/14 4882/1049/307 4883/1050/307
s 0
f 4884/1048/3 4885/1051/3 4886/1052/3
f 4884/1048/3 4886/1052/3 4887/1049/3
s 1
f 4888/1053/11 4889/1054/11 4890/1055/308
f 4888/1053/11 4890/1055/308 4891/1056/308
s 0
f 4892/1054/10 4893/1047/10 4894/1050/10
f 4892/1054/10 4894/1050/10 4895/1055/10
s 1
f 4896/986/309 4897/1057/309 4898/1058/308
f 4896/986/309 4898/1058/308 4899/1059/308
f 4900/1060/305 4901/1061/305 4902/1062/310
f 4900/1060/305 4902/1062/310 4903/1063/310
f 4904/1064/311 4905/984/312 4906/983/312
f 4904/1064/311 4906/983/312 4907/1065/311
f 4906/983/312 4905/984/312 4908/1066/313
f 4906/983/312 4908/1066/313 4909/1067/313
f 4910/1068/306 4911/1069/306 4912/1070/311
f 4910/1068/306 4912/1070/311 4913/1071/311
s 0
f 4914/1072/3 4915/1073/3 4916/1068/3
f 4914/1072/3 4916/1068/3 4917/1071/3
f 2366/983/3 4918/1067/3 4919/1074/3
f 2366/983/3 4919/1074/3 2364/981/3
f 4920/1070/10 4921/1069/10 4922/1060/10
f 4920/1070/10 4922/1060/10 4923/1063/10
f 2369/986/10 4924/1059/10 4925/1066/10
f 2369/986/10 4925/1066/10 2367/984/10
s 1
f 4926/1075/14 4927/1076/14 4928/1077/305
f 4926/1075/14 4928/1077/305 4929/1078/305
s 0
f 4930/1076/3 4931/1079/3 4932/1080/3
f 4930/1076/3 4932/1080/3 4933/1077/3
s 1
f 4934/1079/11 4935/1081/11 4936/1082/306
f 4934/1079/11 4936/1082/306 4937/1080/306
s 0
f 4938/1081/10 4939/1083/10 4940/1084/10
f 4938/1081/10 4940/1084/10 4941/1082/10
s 1
f 4942/1085/14 4943/1086/14 4944/1087/307
f 4942/1085/14 4944/1087/307 4945/1088/307
s 0
f 4946/1086/3 4947/1089/3 4948/1090/3
f 4946/1086/3 4948/1090/3 4949/1087/3
s 1
f 4950/1089/11 4951/1091/11 4952/1092/308
f 4950/1089/11 4952/1092/308 4953/1090/308
s 0
f 4954/1093/10 4955/1085/10 4956/1088/10
f 4954/1093/10 4956/1088/10 4957/1094/10
s 1
f 4958/1095/309 4959/987/309 4960/1096/308
f 4958/1095/309 4960/1096/308 4961/1097/308
f 4962/1098/305 4963/1099/305 4964/1100/310
f 4962/1098/305 4964/1100/310 4965/1101/310
f 4966/1102/311 4967/990/312 4968/989/312
f 4966/1102/311 4968/989/312 4969/1103/311
f 4968/989/312 4967/990/312 4970/1104/313
f 4968/989/312 4970/1104/313 4971/1105/313
f 4972/1106/306 4973/1107/306 4974/1108/314
f 4972/1106/306 4974/1108/314 4975/1109/314
s 0
f 4976/1100/3 4977/1099/3 4978/1106/3
f 4976/1100/3 4978/1106/3 4979/1109/3
f 2372/989/3 4980/1105/3 4981/1096/3
f 2372/989/3 4981/1096/3 2370/987/3
f 4982/1108/10 4983/1107/10 4984/1110/10
f 4982/1108/10 4984/1110/10 4985/1111/10
f 2375/992/10 4986/1112/10 4987/1104/10
f 2375/992/10 4987/1104/10 2373/990/10
s 1
f 4988/1113/14 4989/1114/14 4990/1115/315
f 4988/1113/14 4990/1115/315 4991/1116/316
s 0
f 4992/1114/3 4993/1117/3 4994/1118/3
f 4992/1114/3 4994/1118/3 4995/1115/3
s 1
f 4996/1117/11 4997/1119/11 4998/1120/317
f 4996/1117/11 4998/1120/317 4999/1118/318
s 0
f 5000/1121/10 5001/1113/10 5002/1116/10
f 5000/1121/10 5002/1116/10 5003/1122/10
s 1
f 5004/1123/14 5005/1124/14 5006/1125/319
f 5004/1123/14 5006/1125/319 5007/1126/320
s 0
f 5008/1124/3 5009/1127/3 5010/1128/3
f 5008/1124/3 5010/1128/3 5011/1125/3
s 1
f 5012/1129/11 5013/1130/11 5014/1131/321
f 5012/1129/11 5014/1131/321 5015/1132/322
s 0
f 5016/1130/10 5017/1123/10 5018/1126/10
f 5016/1130/10 5018/1126/10 5019/1131/10
s 1
f 5020/1133/323 5021/1134/322 5022/1135/324
f 5020/1133/323 5022/1135/324 5023/1136/325
f 5023/1136/325 5024/1137/318 5025/1138/326
f 5023/1136/325 5025/1138/326 5020/1133/323
f 5026/1136/327 5027/1135/328 5028/1139/328
f 5026/1136/327 5028/1139/328 5029/1140/329
f 5029/1140/329 5030/1141/330 5031/1137/330
f 5029/1140/329 5031/1137/330 5026/1136/327
f 5032/1140/331 5033/1139/320 5034/1142/332
f 5032/1140/331 5034/1142/332 5035/1143/333
f 5035/1143/333 5036/1144/316 5037/1141/315
f 5035/1143/333 5037/1141/315 5032/1140/331
f 5038/1143/334 5039/1142/335 5040/1145/335
f 5038/1143/334 5040/1145/335 5041/1146/336
f 5041/1146/336 5042/1147/337 5043/1144/337
f 5041/1146/336 5043/1144/337 5038/1143/334
s 0
f 5044/1148/11 5045/1149/11 5046/1150/11
f 5044/1148/11 5046/1150/11 5047/1151/11
f 5048/1152/3 5049/1153/3 5050/1151/3
f 5048/1152/3 5050/1151/3 5051/1154/3
s 1
f 5052/1155/14 5053/1156/14 5054/1154/338
f 5052/1155/14 5054/1154/338 5055/1157/339
s 0
f 5056/1158/10 5057/1159/10 5058/1157/10
f 5056/1158/10 5058/1157/10 5059/1150/10
s 1
f 5060/1151/340 5061/1150/340 5062/1160/341
f 5060/1151/340 5062/1160/341 5063/1161/341
f 5054/1154/338 5060/1151/340 5063/1161/341
f 5054/1154/338 5063/1161/341 5064/1162/342
f 5055/1157/339 5054/1154/338 5064/1162/342
f 5055/1157/339 5064/1162/342 5065/1163/340
f 5061/1150/340 5055/1157/339 5065/1163/340
f 5061/1150/340 5065/1163/340 5062/1160/341
f 5063/1161/341 5062/1160/341 5066/1164/339
f 5063/1161/341 5066/1164/339 5067/1165/339
s 0
f 5068/1162/10 5069/1161/10 5070/1165/10
f 5068/1162/10 5070/1165/10 5071/1166/10
f 5072/1163/11 5073/1162/11 5074/1166/11
f 5072/1163/11 5074/1166/11 5075/1167/11
f 5076/1160/3 5077/1163/3 5078/1167/3
f 5076/1160/3 5078/1167/3 5079/1164/3
s 1
f 5080/1168/340 5081/1169/340 5082/1170/339
f 5080/1168/340 5082/1170/339 5083/1171/339
s 0
f 5084/1148/11 5085/1149/11 5086/1150/11
f 5084/1148/11 5086/1150/11 5087/1151/11
f 5088/1152/3 5089/1153/3 5090/1151/3
f 5088/1152/3 5090/1151/3 5091/1154/3
s 1
f 5092/1155/14 5093/1156/14 5094/1154/338
f 5092/1155/14 5094/1154/338 5095/1157/339
s 0
f 5096/1158/10 5097/1159/10 5098/1157/10
f 5096/1158/10 5098/1157/10 5099/1150/10
s 1
f 5100/1151/340 5101/1150/340 5102/1160/341
f 5100/1151/340 5102/1160/341 5103/1161/341
f 5094/1154/338 5100/1151/340 5103/1161/341
f 5094/1154/338 5103/1161/341 5104/1162/340
f 5095/1157/339 5094/1154/338 5104/1162/340
f 5095/1157/339 5104/1162/340 5105/1163/340
f 5101/1150/340 5095/1157/339 5105/1163/340
f 5101/1150/340 5105/1163/340 5102/1160/341
f 5103/1161/341 5102/1160/341 5106/1164/339
f 5103/1161/341 5106/1164/339 5107/1165/339
s 0
f 5108/1162/10 5109/1161/10 5110/1165/10
f 5108/1162/10 5110/1165/10 5111/1166/10
f 5112/1163/11 5113/1162/11 5114/1166/11
f 5112/1163/11 5114/1166/11 5115/1167/11
f 5116/1160/3 5117/1163/3 5118/1167/3
f 5116/1160/3 5118/1167/3 5119/1164/3
s 1
f 5120/1172/340 5121/1173/340 5122/1174/339
f 5120/1172/340 5122/1174/339 5123/1175/339
s 0
f 5124/1148/11 5125/1149/11 5126/1150/11
f 5124/1148/11 5126/1150/11 5127/1151/11
f 5128/1152/3 5129/1153/3 5130/1151/3
f 5128/1152/3 5130/1151/3 5131/1154/3
s 1
f 5132/1155/14 5133/1156/14 5134/1154/339
f 5132/1155/14 5134/1154/339 5135/1157/339
s 0
f 5136/1158/10 5137/1159/10 5138/1157/10
f 5136/1158/10 5138/1157/10 5139/1150/10
s 1
f 5140/1151/340 5141/1150/340 5142/1160/341
f 5140/1151/340 5142/1160/341 5143/1161/341
f 5134/1154/339 5140/1151/340 5143/1161/341
f 5134/1154/339 5143/1161/341 5144/1162/340
f 5135/1157/339 5134/1154/339 5144/1162/340
f 5135/1157/339 5144/1162/340 5145/1163/340
f 5141/1150/340 5135/1157/339 5145/1163/340
f 5141/1150/340 5145/1163/340 5142/1160/341
f 5143/1161/341 5142/1160/341 5146/1164/339
f 5143/1161/341 5146/1164/339 5147/1165/339
s 0
f 5148/1162/10 5149/1161/10 5150/1165/10
f 5148/1162/10 5150/1165/10 5151/1166/10
f 5152/1163/11 5153/1162/11 5154/1166/11
f 5152/1163/11 5154/1166/11 5155/1167/11
f 5156/1160/3 5157/1163/3 5158/1167/3
f 5156/1160/3 5158/1167/3 5159/1164/3
s 1
f 5160/1176/340 5161/1177/340 5162/1178/339
f 5160/1176/340 5162/1178/339 5163/1179/339
s 0
f 5164/34/11 5165/33/11 5166/1180/11
f 5164/34/11 5166/1180/11 5167/1181/11
f 5168/1182/3 5169/1183/3 5170/1181/3
f 5168/1182/3 5170/1181/3 5171/1184/3
f 5172/1185/14 5173/1186/14 5174/1184/14
f 5172/1185/14 5174/1184/14 5175/1187/14
f 5176/1188/10 5177/1189/10 5178/1187/10
f 5176/1188/10 5178/1187/10 5179/1180/10
f 5180/1187/2 5181/1184/2 5182/1181/2
f 5180/1187/2 5182/1181/2 5183/1180/2
s 1
f 5184/993/559 5185/994/560 5186/995/561
f 5184/993/559 5186/995/561 5187/996/562
f 5187/996/562 5188/997/563 5189/998/564
f 5187/996/562 5189/998/564 5184/993/559
f 5190/999/565 5191/1000/566 5192/1001/567
f 5190/999/565 5192/1001/567 5193/1002/568
f 5194/1003/569 5195/1004/570 5196/1005/571
f 5194/1003/569 5196/1005/571 5197/1006/572
f 5197/1006/572 5198/1007/573 5199/1008/574
f 5197/1006/572 5199/1008/574 5194/1003/569
f 5200/1009/575 5201/1010/576 5198/1007/573
f 5200/1009/575 5198/1007/573 5197/1006/572
f 5197/1006/572 5196/1005/571 5202/1011/577
f 5197/1006/572 5202/1011/577 5200/1009/575
f 5194/1003/569 5199/1008/574 5203/1012/578
f 5194/1003/569 5203/1012/578 5204/1013/579
f 5204/1013/579 5205/1014/580 5195/1004/570
f 5204/1013/579 5195/1004/570 5194/1003/569
f 5185/994/560 5190/999/565 5193/1002/568
f 5185/994/560 5193/1002/568 5186/995/561
f 5206/1015/581 5207/1016/582 5208/1017/583
f 5206/1015/581 5208/1017/583 5209/1018/584
f 5209/1018/584 5210/1019/585 5211/1020/586
f 5209/1018/584 5211/1020/586 5206/1015/581
f 5212/1021/587 5213/1022/588 5214/1023/589
f 5212/1021/587 5214/1023/589 5215/1024/590
f 5216/1025/591 5217/1026/592 5218/1027/593
f 5216/1025/591 5218/1027/593 5219/1028/594
f 5219/1028/594 5220/1029/595 5221/1030/596
f 5219/1028/594 5221/1030/596 5216/1025/591
f 5216/1025/591 5221/1030/596 5222/1031/597
f 5216/1025/591 5222/1031/597 5223/1032/598
f 5223/1032/598 5224/1033/599 5217/1026/592
f 5223/1032/598 5217/1026/592 5216/1025/591
f 5225/1034/600 5226/1035/601 5220/1029/595
f 5225/1034/600 5220/1029/595 5219/1028/594
f 5219/1028/594 5218/1027/593 5227/1036/602
f 5219/1028/594 5227/1036/602 5225/1034/600
f 5207/1016/582 5212/1021/587 5215/1024/590
f 5207/1016/582 5215/1024/590 5208/1017/583
f 5228/1037/603 5229/1038/603 5230/1039/604
f 5228/1037/603 5230/1039/604 5231/1040/604
s 0
f 5232/1041/398 5233/1042/398 5234/1043/398
f 5232/1041/396 5234/1043/396 5235/1044/396
s 1
f 5236/1042/605 5237/1045/606 5238/1046/607
f 5236/1042/605 5238/1046/607 5239/1043/607
s 0
f 5240/1045/608 5241/1037/608 5242/1040/608
f 5240/1045/609 5242/1040/609 5243/1046/609
s 1
f 5244/1047/610 5245/1048/610 5246/1049/611
f 5244/1047/610 5246/1049/611 5247/1050/612
s 0
f 5248/1048/396 5249/1051/396 5250/1052/396
f 5248/1048/398 5250/1052/398 5251/1049/398
s 1
f 5252/1053/605 5253/1054/605 5254/1055/613
f 5252/1053/605 5254/1055/613 5255/1056/613
s 0
f 5256/1054/609 5257/1047/609 5258/1050/609
f 5256/1054/609 5258/1050/609 5259/1055/609
s 1
f 5260/986/614 5261/1057/614 5262/1058/613
f 5260/986/614 5262/1058/613 5263/1059/613
f 5264/1060/615 5265/1061/615 5266/1062/616
f 5264/1060/615 5266/1062/616 5267/1063/616
f 5268/1064/617 5269/984/618 5270/983/618
f 5268/1064/617 5270/983/618 5271/1065/617
f 5270/983/618 5269/984/618 5272/1066/612
f 5270/983/618 5272/1066/612 5273/1067/612
f 5274/1068/607 5275/1069/619 5276/1070/617
f 5274/1068/607 5276/1070/617 5277/1071/617
s 0
f 5278/1072/396 5279/1073/396 5280/1068/396
f 5278/1072/398 5280/1068/398 5281/1071/398
f 2378/983/396 5282/1067/396 5283/1074/396
f 2378/983/620 5283/1074/620 2376/981/620
f 5284/1070/608 5285/1069/608 5286/1060/608
f 5284/1070/608 5286/1060/608 5287/1063/608
f 2381/986/621 5288/1059/621 5289/1066/621
f 2381/986/622 5289/1066/622 2379/984/622
s 1
f 5290/1075/603 5291/1076/603 5292/1077/604
f 5290/1075/603 5292/1077/604 5293/1078/604
s 0
f 5294/1076/398 5295/1079/398 5296/1080/398
f 5294/1076/620 5296/1080/620 5297/1077/620
s 1
f 5298/1079/605 5299/1081/605 5300/1082/619
f 5298/1079/605 5300/1082/619 5301/1080/607
s 0
f 5302/1081/609 5303/1083/609 5304/1084/609
s 1
f 5302/1081/608 5304/1084/608 5305/1082/608
f 5306/1085/603 5307/1086/603 5308/1087/612
f 5306/1085/603 5308/1087/612 5309/1088/623
s 0
f 5310/1086/398 5311/1089/398 5312/1090/398
f 5310/1086/620 5312/1090/620 5313/1087/620
s 1
f 5314/1089/605 5315/1091/605 5316/1092/613
f 5314/1089/605 5316/1092/613 5317/1090/613
s 0
f 5318/1093/624 5319/1085/624 5320/1088/624
f 5318/1093/609 5320/1088/609 5321/1094/609
s 1
f 5322/1095/614 5323/987/614 5324/1096/613
f 5322/1095/614 5324/1096/613 5325/1097/613
f 5326/1098/625 5327/1099/625 5328/1100/616
f 5326/1098/625 5328/1100/616 5329/1101/616
f 5330/1102/617 5331/990/618 5332/989/618
f 5330/1102/617 5332/989/618 5333/1103/617
f 5332/989/618 5331/990/618 5334/1104/626
f 5332/989/618 5334/1104/626 5335/1105/612
f 5336/1106/607 5337/1107/619 5338/1108/627
f 5336/1106/607 5338/1108/627 5339/1109/628
s 0
f 5340/1100/396 5341/1099/396 5342/1106/396
f 5340/1100/396 5342/1106/396 5343/1109/396
f 2384/989/398 5344/1105/398 5345/1096/398
f 2384/989/396 5345/1096/396 2382/987/396
f 5346/1108/609 5347/1107/609 5348/1110/609
f 5346/1108/608 5348/1110/608 5349/1111/608
f 2387/992/629 5350/1112/629 5351/1104/629
f 2387/992/609 5351/1104/609 2385/990/609
s 1
f 5352/1113/603 5353/1114/603 5354/1115/630
f 5352/1113/603 5354/1115/630 5355/1116/631
s 0
f 5356/1114/398 5357/1117/398 5358/1118/398
f 5356/1114/398 5358/1118/398 5359/1115/398
s 1
f 5360/1117/605 5361/1119/605 5362/1120/632
f 5360/1117/605 5362/1120/632 5363/1118/633
s 0
f 5364/1121/609 5365/1113/609 5366/1116/609
f 5364/1121/608 5366/1116/608 5367/1122/608
s 1
f 5368/1123/603 5369/1124/603 5370/1125/634
f 5368/1123/603 5370/1125/634 5371/1126/635
s 0
f 5372/1124/396 5373/1127/396 5374/1128/396
f 5372/1124/396 5374/1128/396 5375/1125/396
s 1
f 5376/1129/605 5377/1130/605 5378/1131/636
f 5376/1129/605 5378/1131/636 5379/1132/637
s 0
f 5380/1130/609 5381/1123/609 5382/1126/609
f 5380/1130/608 5382/1126/608 5383/1131/608
s 1
f 5384/1133/638 5385/1134/637 5386/1135/636
f 5384/1133/638 5386/1135/636 5387/1136/639
f 5387/1136/639 5388/1137/640 5389/1138/632
f 5387/1136/639 5389/1138/632 5384/1133/638
f 5390/1136/641 5391/1135/642 5392/1139/642
f 5390/1136/641 5392/1139/642 5393/1140/643
f 5393/1140/643 5394/1141/644 5395/1137/644
f 5393/1140/643 5395/1137/644 5390/1136/641
f 5396/1140/645 5397/1139/635 5398/1142/634
f 5396/1140/645 5398/1142/634 5399/1143/646
f 5399/1143/646 5400/1144/647 5401/1141/648
f 5399/1143/646 5401/1141/648 5396/1140/645
f 5402/1143/649 5403/1142/650 5404/1145/650
f 5402/1143/649 5404/1145/650 5405/1146/651
f 5405/1146/651 5406/1147/652 5407/1144/652
f 5405/1146/651 5407/1144/652 5402/1143/649
s 0
f 5408/1148/605 5409/1149/605 5410/1150/605
f 5408/1148/605 5410/1150/605 5411/1151/605
f 5412/1152/398 5413/1153/398 5414/1151/398
f 5412/1152/398 5414/1151/398 5415/1154/398
s 1
f 5416/1155/603 5417/1156/603 5418/1154/653
f 5416/1155/603 5418/1154/653 5419/1157/653
s 0
f 5420/1158/608 5421/1159/608 5422/1157/608
f 5420/1158/608 5422/1157/608 5423/1150/608
s 1
f 5424/1151/654 5425/1150/654 5426/1160/655
f 5424/1151/654 5426/1160/655 5427/1161/655
f 5418/1154/653 5424/1151/654 5427/1161/655
f 5418/1154/653 5427/1161/655 5428/1162/654
f 5419/1157/653 5418/1154/653 5428/1162/654
f 5419/1157/653 5428/1162/654 5429/1163/654
f 5425/1150/654 5419/1157/653 5429/1163/654
f 5425/1150/654 5429/1163/654 5426/1160/655
f 5427/1161/655 5426/1160/655 5430/1164/656
f 5427/1161/655 5430/1164/656 5431/1165/653
s 0
f 5432/1162/608 5433/1161/608 5434/1165/608
f 5432/1162/608 5434/1165/608 5435/1166/608
f 5436/1163/605 5437/1162/605 5438/1166/605
f 5436/1163/605 5438/1166/605 5439/1167/605
f 5440/1160/398 5441/1163/398 5442/1167/398
f 5440/1160/398 5442/1167/398 5443/1164/398
s 1
f 5444/1168/654 5445/1169/654 5446/1170/653
f 5444/1168/654 5446/1170/653 5447/1171/653
s 0
f 5448/1148/605 5449/1149/605 5450/1150/605
f 5448/1148/605 5450/1150/605 5451/1151/605
f 5452/1152/396 5453/1153/396 5454/1151/396
f 5452/1152/398 5454/1151/398 5455/1154/398
s 1
f 5456/1155/603 5457/1156/603 5458/1154/657
f 5456/1155/603 5458/1154/657 5459/1157/653
s 0
f 5460/1158/608 5461/1159/608 5462/1157/608
f 5460/1158/608 5462/1157/608 5463/1150/608
s 1
f 5464/1151/654 5465/1150/654 5466/1160/655
f 5464/1151/654 5466/1160/655 5467/1161/658
f 5458/1154/657 5464/1151/654 5467/1161/658
f 5458/1154/657 5467/1161/658 5468/1162/654
f 5459/1157/653 5458/1154/657 5468/1162/654
f 5459/1157/653 5468/1162/654 5469/1163/654
f 5465/1150/654 5459/1157/653 5469/1163/654
f 5465/1150/654 5469/1163/654 5466/1160/655
f 5467/1161/658 5466/1160/655 5470/1164/653
f 5467/1161/658 5470/1164/653 5471/1165/659
s 0
f 5472/1162/608 5473/1161/608 5474/1165/608
f 5472/1162/608 5474/1165/608 5475/1166/608
f 5476/1163/605 5477/1162/605 5478/1166/605
f 5476/1163/605 5478/1166/605 5479/1167/605
f 5480/1160/398 5481/1163/398 5482/1167/398
f 5480/1160/398 5482/1167/398 5483/1164/398
s 1
f 5484/1172/654 5485/1173/654 5486/1174/653
f 5484/1172/654 5486/1174/653 5487/1175/653
s 0
f 5488/1148/605 5489/1149/605 5490/1150/605
f 5488/1148/605 5490/1150/605 5491/1151/605
f 5492/1152/398 5493/1153/398 5494/1151/398
f 5492/1152/398 5494/1151/398 5495/1154/398
s 1
f 5496/1155/603 5497/1156/603 5498/1154/653
f 5496/1155/603 5498/1154/653 5499/1157/657
s 0
f 5500/1158/609 5501/1159/609 5502/1157/609
f 5500/1158/608 5502/1157/608 5503/1150/608
s 1
f 5504/1151/654 5505/1150/654 5506/1160/660
f 5504/1151/654 5506/1160/660 5507/1161/660
f 5498/1154/653 5504/1151/654 5507/1161/660
f 5498/1154/653 5507/1161/660 5508/1162/654
f 5499/1157/657 5498/1154/653 5508/1162/654
f 5499/1157/657 5508/1162/654 5509/1163/654
f 5505/1150/654 5499/1157/657 5509/1163/654
f 5505/1150/654 5509/1163/654 5506/1160/660
f 5507/1161/660 5506/1160/660 5510/1164/653
f 5507/1161/660 5510/1164/653 5511/1165/659
s 0
f 5512/1162/608 5513/1161/608 5514/1165/608
f 5512/1162/608 5514/1165/608 5515/1166/608
f 5516/1163/605 5517/1162/605 5518/1166/605
f 5516/1163/605 5518/1166/605 5519/1167/605
f 5520/1160/398 5521/1163/398 5522/1167/398
f 5520/1160/396 5522/1167/396 5523/1164/396
s 1
f 5524/1176/654 5525/1177/654 5526/1178/653
f 5524/1176/654 5526/1178/653 5527/1179/653
s 0
f 5528/34/605 5529/33/605 5530/1180/605
f 5528/34/605 5530/1180/605 5531/1181/605
f 5532/1182/398 5533/1183/398 5534/1181/398
f 5532/1182/396 5534/1181/396 5535/1184/396
f 5536/1185/603 5537/1186/603 5538/1184/603
f 5536/1185/603 5538/1184/603 5539/1187/603
f 5540/1188/608 5541/1189/608 5542/1187/608
f 5540/1188/609 5542/1187/609 5543/1180/609
f 5544/1187/2 5545/1184/2 5546/1181/2
f 5544/1187/2 5546/1181/2 5547/1180/2
f 5548/825/10 5549/826/10 5550/827/10
f 5548/825/10 5550/827/10 5551/828/10
f 5552/829/3 5553/830/3 5554/831/3
f 5552/829/3 5554/831/3 5555/832/3
f 5556/833/10 5548/825/10 5551/828/10
f 5556/833/10 5551/828/10 5557/834/10
f 5553/830/3 5558/835/3 5559/836/3
f 5553/830/3 5559/836/3 5554/831/3
s 1
f 5560/837/534 5561/838/11 5562/839/11
f 5560/837/534 5562/839/11 5563/840/534
f 5564/841/534 5560/837/534 5563/840/534
f 5564/841/534 5563/840/534 5565/842/534
f 5566/843/535 5567/844/535 5568/845/535
f 5566/843/535 5568/845/535 5569/846/535
f 5570/847/14 5566/843/535 5569/846/535
f 5570/847/14 5569/846/535 5571/848/14
s 0
f 5572/849/14 5573/850/14 5574/851/14
f 5572/849/14 5574/851/14 5575/852/14
f 5576/853/14 5577/854/14 5578/855/14
f 5576/853/14 5578/855/14 5579/856/14
f 5580/857/14 5581/858/14 5582/859/14
f 5580/857/14 5582/859/14 5583/860/14
f 5584/861/14 5585/862/14 5586/863/14
f 5584/861/14 5586/863/14 5587/864/14
s 1
f 5588/865/14 5589/866/14 5568/845/535
f 5588/865/14 5568/845/535 5567/844/535
f 5590/867/11 5591/868/11 5564/841/534
f 5590/867/11 5564/841/534 5565/842/534
s 0
f 5592/869/2 5593/870/2 5594/871/2
f 5592/869/2 5594/871/2 5595/872/2
f 5596/873/3 5597/869/3 5598/874/3
f 5596/873/3 5598/874/3 5599/875/3
f 5600/872/10 5601/876/10 5602/877/10
f 5600/872/10 5602/877/10 5603/878/10
f 5604/874/2 5605/879/2 5606/880/2
f 5604/874/2 5606/880/2 5607/875/2
f 5608/881/2 5609/882/2 5610/883/2
f 5608/881/2 5610/883/2 5611/884/2
f 5612/885/2 5613/886/2 5614/887/2
f 5612/885/2 5614/887/2 5615/888/2
f 5616/889/2 5617/890/2 5618/891/2
f 5616/889/2 5618/891/2 5619/892/2
f 5620/881/10 5621/884/10 5622/893/10
f 5620/881/10 5622/893/10 5623/894/10
f 5624/879/11 5625/881/11 5626/894/11
f 5624/879/11 5626/894/11 5627/895/11
f 5628/880/3 5629/879/3 5630/895/3
f 5628/880/3 5630/895/3 5631/896/3
f 5632/895/2 5633/894/2 5634/893/2
f 5632/895/2 5634/893/2 5635/896/2
f 5636/885/10 5637/888/10 5638/897/10
f 5636/885/10 5638/897/10 5639/898/10
f 5640/882/11 5641/885/11 5642/898/11
f 5640/882/11 5642/898/11 5643/899/11
f 5644/883/3 5645/882/3 5646/899/3
f 5644/883/3 5646/899/3 5647/900/3
f 5648/899/2 5649/898/2 5650/897/2
f 5648/899/2 5650/897/2 5651/900/2
f 5652/889/10 5653/892/10 5654/901/10
f 5652/889/10 5654/901/10 5655/902/10
f 5656/886/11 5657/889/11 5658/902/11
f 5656/886/11 5658/902/11 5659/903/11
f 5660/887/3 5661/886/3 5662/903/3
f 5660/887/3 5662/903/3 5663/904/3
f 5664/903/2 5665/902/2 5666/901/2
f 5664/903/2 5666/901/2 5667/904/2
f 5603/878/10 5602/877/10 5668/905/10
f 5603/878/10 5668/905/10 5669/906/10
f 5670/890/11 5671/878/11 5672/906/11
f 5670/890/11 5672/906/11 5673/907/11
f 5674/891/3 5675/890/3 5676/907/3
f 5674/891/3 5676/907/3 5677/908/3
f 5678/907/2 5679/906/2 5680/905/2
f 5678/907/2 5680/905/2 5681/908/2
f 5682/909/428 2490/835/428 5683/910/428
f 2490/835/428 5682/909/428 2491/836/428
f 2491/836/428 5682/909/428 5684/911/428
f 2489/834/427 5685/912/427 2488/833/427
f 5685/912/427 2489/834/427 5686/913/427
f 5686/913/427 2489/834/427 5687/914/427
f 5688/915/432 2502/847/432 2503/848/432
f 2502/847/432 5688/915/432 2516/861/432
s 1
f 2516/861/661 5688/915/662 2505/850/663
f 2516/861/661 2505/850/663 2504/849/664
f 2516/861/661 2504/849/664 2509/854/665
f 2516/861/661 2509/854/665 2508/853/666
f 2516/861/661 2508/853/666 2513/858/667
f 2516/861/661 2513/858/667 2512/857/668
f 2516/861/661 2512/857/668 2517/862/669
s 0
f 2603/878/430 5689/869/430 5690/872/430
f 5689/869/430 2603/878/430 5691/874/430
s 1
f 5691/874/670 2603/878/671 2602/890/672
f 5691/874/670 2602/890/672 2589/889/673
f 5691/874/670 2589/889/673 2588/886/674
f 5691/874/670 2588/886/674 2573/885/675
f 5691/874/670 2573/885/675 2572/882/676
f 5691/874/670 2572/882/676 2557/881/677
f 5691/874/670 2557/881/677 2556/879/678
s 0
f 5692/910/468 2677/836/468 2676/835/468
f 2677/836/468 5692/910/468 5693/911/468
s 1
f 5693/911/679 5692/910/680 5694/909/681
s 0
f 5695/914/467 2674/833/467 2675/834/467
s 1
f 2674/833/467 5695/914/682 5696/912/467
f 5696/912/467 5695/914/682 5697/913/683
s 0
f 2691/850/472 2689/848/472 5698/915/472
f 2689/848/472 2691/850/472 2688/847/472
f 2688/847/684 2691/850/684 2690/849/684
f 2688/847/472 2690/849/472 2695/854/472
f 2688/847/472 2695/854/472 2694/853/472
f 2688/847/472 2694/853/472 2699/858/472
f 2688/847/472 2699/858/472 2698/857/472
f 2688/847/472 2698/857/472 2703/862/472
f 2688/847/472 2703/862/472 2702/861/472
f 5699/872/470 5700/874/470 5701/869/470
f 5700/874/685 5699/872/685 2742/879/685
f 2742/879/470 5699/872/470 2743/881/470
f 2743/881/470 5699/872/470 2758/882/470
f 2758/882/686 5699/872/686 2759/885/686
f 2759/885/470 5699/872/470 2774/886/470
f 2774/886/470 5699/872/470 2775/889/470
f 2775/889/470 5699/872/470 2788/890/470
f 2788/890/470 5699/872/470 2789/878/470
f 5702/910/476 2811/836/476 2810/835/476
f 2811/836/476 5702/910/476 5703/911/476
s 1
f 5703/911/687 5702/910/688 5704/909/688
s 0
f 5705/914/475 2808/833/475 2809/834/475
f 2808/833/475 5705/914/475 5706/912/475
s 1
f 5706/912/689 5705/914/690 5707/913/691
s 0
f 2825/850/480 2823/848/480 5708/915/480
f 2823/848/480 2825/850/480 2822/847/480
f 2822/847/692 2825/850/692 2824/849/692
f 2822/847/693 2824/849/693 2829/854/693
f 2822/847/692 2829/854/692 2828/853/692
f 2822/847/480 2828/853/480 2833/858/480
f 2822/847/693 2833/858/693 2832/857/693
f 2822/847/480 2832/857/480 2837/862/480
f 2822/847/480 2837/862/480 2836/861/480
f 5709/872/478 5710/874/478 5711/869/478
f 5710/874/478 5709/872/478 2876/879/478
f 2876/879/478 5709/872/478 2877/881/478
f 2877/881/694 5709/872/694 2892/882/694
f 2892/882/478 5709/872/478 2893/885/478
f 2893/885/478 5709/872/478 2908/886/478
f 2908/886/478 5709/872/478 2909/889/478
f 2909/889/478 5709/872/478 2922/890/478
f 2922/890/478 5709/872/478 2923/878/478
f 5712/910/476 2997/836/476 2996/835/476
f 2997/836/476 5712/910/476 5713/911/476
s 1
f 5713/911/695 5712/910/696 5714/909/697
s 0
f 5715/914/475 2994/833/475 2995/834/475
f 2994/833/475 5715/914/475 5716/912/475
s 1
f 5716/912/698 5715/914/699 5717/913/700
s 0
f 3011/850/480 3009/848/480 5718/915/480
s 1
f 3009/848/480 3011/850/480 3008/847/480
s 0
f 3008/847/692 3011/850/692 3010/849/692
f 3008/847/693 3010/849/693 3015/854/693
s 1
f 3008/847/692 3015/854/692 3014/853/692
s 0
f 3008/847/480 3014/853/480 3019/858/480
f 3008/847/693 3019/858/693 3018/857/693
s 1
f 3008/847/480 3018/857/480 3023/862/480
s 0
f 3008/847/480 3023/862/480 3022/861/480
f 5719/872/478 5720/874/478 5721/869/478
f 5720/874/478 5719/872/478 3062/879/478
f 3062/879/478 5719/872/478 3063/881/478
f 3063/881/694 5719/872/694 3078/882/694
f 3078/882/478 5719/872/478 3079/885/478
f 3079/885/478 5719/872/478 3094/886/478
f 3094/886/478 5719/872/478 3095/889/478
f 3095/889/478 5719/872/478 3108/890/478
f 3108/890/478 5719/872/478 3109/878/478
f 5722/391/11 5723/449/11 5724/392/11
f 5723/449/11 5722/391/11 3263/404/11
f 3263/404/11 5722/391/11 3260/403/11
f 5725/434/10 3284/409/10 5726/424/10
f 3284/409/10 5725/434/10 3285/410/10
f 3285/410/10 5725/434/10 5727/419/10
f 5727/419/10 5725/434/10 5728/433/10
f 3346/447/14 5729/435/14 5730/450/14
f 5729/435/14 3346/447/14 5731/436/14
f 5731/436/14 3346/447/14 3349/448/14
f 3360/716/14 5732/802/14 3361/717/14
f 5732/802/14 3360/716/14 5733/800/14
f 5733/800/14 3360/716/14 5734/801/14
f 5735/804/11 3359/715/11 5736/805/11
f 3359/715/11 5735/804/11 3358/714/11
f 3358/714/11 5735/804/11 5737/803/11
s 1
f 3380/736/226 5738/808/3 5739/806/3
f 5738/808/3 3380/736/226 5740/807/3
f 5740/807/3 3380/736/226 5741/809/3
f 5741/809/3 3380/736/226 5742/810/3
s 0
f 5743/811/3 5744/812/3 5745/813/3
s 1
f 5744/812/3 5743/811/3 3381/737/226
f 3381/737/226 5743/811/3 5746/814/3
f 3381/737/226 5746/814/3 5742/810/3
f 3381/737/226 5742/810/3 3380/736/226
f 3384/740/225 5747/817/10 5748/815/10
f 5747/817/10 3384/740/225 5749/816/10
f 5749/816/10 3384/740/225 5750/818/10
f 5750/818/10 3384/740/225 5751/819/10
s 0
f 5752/820/10 5753/821/10 5754/822/10
s 1
f 5753/821/10 5752/820/10 3383/739/225
f 3383/739/225 5752/820/10 5755/823/10
f 3383/739/225 5755/823/10 5751/819/10
f 3383/739/225 5751/819/10 3384/740/225
s 0
f 5756/824/10 3386/742/10 3387/743/10
f 3386/742/10 5756/824/10 3400/756/10
s 1
f 3400/756/11 5756/824/701 3389/745/701
f 3400/756/11 3389/745/701 3388/744/702
f 3400/756/11 3397/753/703 3396/752/704
f 3400/756/11 3396/752/704 3401/757/705
s 0
f 3483/769/3 5757/760/3 5758/763/3
f 5757/760/3 3483/769/3 5759/765/3
s 1
f 5759/765/14 3483/769/706 3482/781/706
f 5759/765/14 3482/781/706 3469/780/707
f 5759/765/14 3468/777/708 3453/776/708
f 5759/765/14 3453/776/708 3452/773/709
f 5759/765/14 3452/773/709 3437/772/710
f 5759/765/14 3437/772/710 3436/770/711
s 0
f 5760/921/10 5761/28/10 5762/27/10
f 5761/28/10 5760/921/10 5763/918/10
f 5763/918/10 5760/921/10 5764/919/10
f 5765/927/10 5766/32/10 5767/31/10
f 5766/32/10 5765/927/10 5768/923/10
f 5768/923/10 5765/927/10 5769/925/10
f 5770/928/3 5771/929/3 5772/930/3
f 5771/929/3 5770/928/3 5773/931/3
f 5773/931/3 5770/928/3 5774/932/3
f 5775/933/3 5776/934/3 5777/935/3
f 5776/934/3 5775/933/3 5778/936/3
f 5778/936/3 5775/933/3 5779/937/3
f 5780/910/3 3789/836/3 3788/835/3
f 3789/836/3 5780/910/3 5781/911/3
s 1
f 5781/911/712 5780/910/712 5782/909/712
s 0
f 5783/914/10 3786/833/10 3787/834/10
f 3786/833/10 5783/914/10 5784/912/10
s 1
f 5784/912/713 5783/914/713 5785/913/713
s 0
f 3801/848/14 3814/861/14 3800/847/14
f 3814/861/714 3801/848/714 3815/862/714
f 3815/862/715 3801/848/715 3810/857/715
f 3810/857/14 3801/848/14 3811/858/14
f 3811/858/14 3801/848/14 3806/853/14
f 3806/853/14 3801/848/14 3807/854/14
f 3807/854/14 3801/848/14 3802/849/14
f 3802/849/14 3801/848/14 3803/850/14
f 3803/850/14 3801/848/14 5786/915/14
f 3900/890/11 5787/872/11 3901/878/11
f 5787/872/11 3900/890/11 5788/869/11
f 5788/869/11 3900/890/11 3887/889/11
f 5788/869/11 3887/889/11 3886/886/11
f 5788/869/11 3886/886/11 3871/885/11
f 5788/869/11 3871/885/11 3870/882/11
f 5788/869/11 3870/882/11 3855/881/11
f 5788/869/11 3855/881/11 3854/879/11
f 5788/869/11 3854/879/11 5789/874/11
f 5790/910/3 3923/836/3 3922/835/3
f 3923/836/3 5790/910/3 5791/911/3
s 1
f 5791/911/712 5790/910/712 5792/909/712
s 0
f 5793/914/10 3920/833/10 3921/834/10
f 3920/833/10 5793/914/10 5794/912/10
s 1
f 5794/912/716 5793/914/717 5795/913/716
s 0
f 3935/848/14 3948/861/14 3934/847/14
f 3948/861/14 3935/848/14 3949/862/14
f 3949/862/14 3935/848/14 3944/857/14
f 3944/857/14 3935/848/14 3945/858/14
f 3945/858/14 3935/848/14 3940/853/14
f 3940/853/14 3935/848/14 3941/854/14
f 3941/854/14 3935/848/14 3936/849/14
f 3936/849/14 3935/848/14 3937/850/14
f 3937/850/14 3935/848/14 5796/915/14
f 4034/890/11 5797/872/11 4035/878/11
f 5797/872/11 4034/890/11 5798/869/11
f 5798/869/11 4034/890/11 4021/889/11
f 5798/869/11 4021/889/11 4020/886/11
f 5798/869/11 4020/886/11 4005/885/11
f 5798/869/11 4005/885/11 4004/882/11
f 5798/869/11 4004/882/11 3989/881/11
f 5798/869/11 3989/881/11 3988/879/11
f 5798/869/11 3988/879/11 5799/874/11
f 4056/835/14 5800/911/14 4057/836/14
f 5800/911/14 4056/835/14 5801/909/14
f 5801/909/14 4056/835/14 5802/910/14
f 5803/913/11 4055/834/11 5804/914/11
f 4055/834/11 5803/913/11 4054/833/11
f 4054/833/11 5803/913/11 5805/912/11
f 5806/915/10 4068/847/10 4069/848/10
f 4068/847/10 5806/915/10 4082/861/10
s 1
f 4082/861/11 5806/915/718 4071/850/719
f 4082/861/11 4071/850/719 4070/849/720
f 4082/861/11 4070/849/720 4075/854/721
f 4082/861/11 4075/854/721 4074/853/722
f 4082/861/11 4074/853/722 4079/858/723
f 4082/861/11 4079/858/723 4078/857/724
f 4082/861/11 4078/857/724 4083/862/10
s 0
f 4169/878/3 5807/869/3 5808/872/3
f 5807/869/3 4169/878/3 5809/874/3
s 1
f 5809/874/14 4169/878/725 4168/890/726
f 5809/874/14 4168/890/726 4155/889/727
f 5809/874/14 4155/889/727 4154/886/728
f 5809/874/14 4154/886/728 4139/885/729
f 5809/874/14 4139/885/729 4138/882/730
f 5809/874/14 4138/882/730 4123/881/10
f 5809/874/14 4123/881/10 4122/879/731
s 0
f 5810/910/482 4191/836/482 4190/835/482
f 4191/836/482 5810/910/482 5811/911/482
s 1
f 5811/911/732 5810/910/733 5812/909/734
s 0
f 5813/914/481 4188/833/481 4189/834/481
f 4188/833/481 5813/914/481 5814/912/481
s 1
f 5814/912/735 5813/914/736 5815/913/737
s 0
f 4203/848/478 4216/861/478 4202/847/478
f 4216/861/478 4203/848/478 4217/862/478
f 4217/862/738 4203/848/738 4212/857/738
f 4212/857/694 4203/848/694 4213/858/694
f 4213/858/694 4203/848/694 4208/853/694
f 4208/853/478 4203/848/478 4209/854/478
f 4209/854/478 4203/848/478 4204/849/478
f 4204/849/478 4203/848/478 4205/850/478
f 4205/850/478 4203/848/478 5816/915/478
f 4302/890/480 5817/872/480 4303/878/480
f 5817/872/480 4302/890/480 5818/869/480
f 5818/869/480 4302/890/480 4289/889/480
f 5818/869/480 4289/889/480 4288/886/480
f 5818/869/480 4288/886/480 4273/885/480
f 5818/869/692 4273/885/692 4272/882/692
f 5818/869/480 4272/882/480 4257/881/480
f 5818/869/480 4257/881/480 4256/879/480
f 5818/869/480 4256/879/480 5819/874/480
f 5820/910/539 4325/836/539 4324/835/539
f 4325/836/539 5820/910/539 5821/911/539
s 1
f 5821/911/739 5820/910/740 5822/909/741
s 0
f 5823/914/538 4322/833/538 4323/834/538
f 4322/833/538 5823/914/538 5824/912/538
s 1
f 5824/912/742 5823/914/743 5825/913/744
s 0
f 4339/850/547 4337/848/547 5826/915/547
f 4337/848/547 4339/850/547 4336/847/547
f 4336/847/745 4339/850/745 4338/849/745
f 4336/847/746 4338/849/746 4343/854/746
f 4336/847/745 4343/854/745 4342/853/745
f 4336/847/547 4342/853/547 4347/858/547
f 4336/847/746 4347/858/746 4346/857/746
f 4336/847/547 4346/857/547 4351/862/547
f 4336/847/547 4351/862/547 4350/861/547
f 5827/872/542 5828/874/542 5829/869/542
f 5828/874/542 5827/872/542 4390/879/542
f 4390/879/542 5827/872/542 4391/881/542
f 4391/881/747 5827/872/747 4406/882/747
f 4406/882/748 5827/872/748 4407/885/748
f 4407/885/542 5827/872/542 4422/886/542
f 4422/886/542 5827/872/542 4423/889/542
f 4423/889/542 5827/872/542 4436/890/542
f 4436/890/542 5827/872/542 4437/878/542
f 4562/835/552 5830/911/552 4563/836/552
f 5830/911/552 4562/835/552 5831/909/552
f 5831/909/552 4562/835/552 5832/910/552
f 5833/913/551 4561/834/551 5834/914/551
f 4561/834/551 5833/913/551 4560/833/551
f 4560/833/551 5833/913/551 5835/912/551
f 5836/915/556 4574/847/556 4575/848/556
f 4574/847/556 5836/915/556 4588/861/556
s 1
f 4588/861/749 5836/915/750 4577/850/751
f 4588/861/749 4577/850/751 4576/849/752
f 4588/861/749 4576/849/752 4581/854/753
f 4588/861/749 4581/854/753 4580/853/754
f 4588/861/749 4580/853/754 4585/858/755
f 4588/861/749 4585/858/755 4584/857/756
f 4588/861/749 4584/857/756 4589/862/757
s 0
f 4675/878/554 5837/869/554 5838/872/554
f 5837/869/554 4675/878/554 5839/874/554
s 1
f 5839/874/758 4675/878/759 4674/890/760
f 5839/874/758 4674/890/760 4661/889/761
f 5839/874/758 4661/889/761 4660/886/762
f 5839/874/758 4660/886/762 4645/885/763
f 5839/874/758 4645/885/763 4644/882/764
f 5839/874/758 4644/882/764 4629/881/765
f 5839/874/758 4629/881/765 4628/879/766
s 0
f 4696/835/552 5840/911/552 4697/836/552
f 5840/911/552 4696/835/552 5841/909/552
f 5841/909/552 4696/835/552 5842/910/552
f 5843/913/551 4695/834/551 5844/914/551
s 1
f 4695/834/551 5843/913/551 4694/833/551
s 0
f 4694/833/551 5843/913/551 5845/912/551
f 5846/915/556 4708/847/556 4709/848/556
f 4708/847/556 5846/915/556 4722/861/556
s 1
f 4722/861/767 5846/915/768 4711/850/769
f 4722/861/767 4711/850/769 4710/849/770
f 4722/861/767 4710/849/770 4715/854/771
f 4722/861/767 4715/854/771 4714/853/772
f 4722/861/767 4714/853/772 4719/858/773
f 4722/861/767 4719/858/773 4718/857/774
f 4722/861/767 4718/857/774 4723/862/775
s 0
f 4809/878/554 5847/869/554 5848/872/554
f 5847/869/554 4809/878/554 5849/874/554
s 1
f 5849/874/776 4809/878/777 4808/890/778
f 5849/874/776 4808/890/778 4795/889/779
f 5849/874/776 4795/889/779 4794/886/780
f 5849/874/776 4794/886/780 4779/885/781
f 5849/874/776 4779/885/781 4778/882/782
f 5849/874/776 4778/882/782 4763/881/783
f 5849/874/776 4763/881/783 4762/879/784
f 4836/1009/277 4828/1001/343 4837/1010/278
f 4828/1001/343 4836/1009/277 4822/995/263
f 4824/997/265 4836/1009/277 4838/1011/279
f 4836/1009/277 4824/997/265 4822/995/263
f 4849/1022/344 4859/1032/300 4858/1031/299
f 4859/1032/300 4849/1022/344 4843/1016/284
f 4859/1032/300 4847/1020/345 4860/1033/301
f 4847/1020/345 4859/1032/300 4843/1016/284
f 5201/1010/576 5193/1002/568 5192/1001/567
f 5193/1002/568 5201/1010/576 5186/995/561
f 5186/995/561 5201/1010/576 5200/1009/575
f 5200/1009/575 5187/996/562 5186/995/561
f 5187/996/562 5200/1009/575 5188/997/563
f 5188/997/563 5200/1009/575 5202/1011/577
f 5212/1021/587 5222/1031/597 5213/1022/588
f 5222/1031/597 5212/1021/587 5207/1016/582
f 5222/1031/597 5207/1016/582 5223/1032/598
f 5206/1015/581 5223/1032/598 5207/1016/582
f 5223/1032/598 5206/1015/581 5211/1020/586
f 5223/1032/598 5211/1020/586 5224/1033/599
s 0
f 5850/910/3 5559/836/3 5558/835/3
f 5559/836/3 5850/910/3 5851/911/3
s 1
f 5851/911/2 5850/910/2 5852/909/2
s 0
f 5853/914/10 5556/833/10 5557/834/10
f 5556/833/10 5853/914/10 5854/912/10
f 5571/848/14 5584/861/14 5570/847/14
f 5584/861/714 5571/848/714 5585/862/714
f 5585/862/715 5571/848/715 5580/857/715
f 5580/857/14 5571/848/14 5581/858/14
f 5581/858/14 5571/848/14 5576/853/14
f 5576/853/14 5571/848/14 5577/854/14
f 5577/854/14 5571/848/14 5572/849/14
f 5572/849/14 5571/848/14 5573/850/14
f 5573/850/14 5571/848/14 5855/915/14
f 5670/890/11 5856/872/11 5671/878/11
f 5856/872/11 5670/890/11 5857/869/11
f 5857/869/11 5670/890/11 5657/889/11
f 5857/869/11 5657/889/11 5656/886/11
f 5857/869/11 5656/886/11 5641/885/11
f 5857/869/11 5641/885/11 5640/882/11
f 5857/869/11 5640/882/11 5625/881/11
f 5857/869/11 5625/881/11 5624/879/11
f 5857/869/11 5624/879/11 5858/874/11
